INSERT INTO photos (photo_id, photo_title, photo_collection, photo_location, photo_year, camera, film_stock, film_format) VALUES (1908, 'Curves of Light', 'Southwest', 'Antelope Canyon, Arizona', 1998, 'Hasselblad', 'FujiColor Professional 160', '6 x 6 cm');
INSERT INTO photos_fts (photo_idx, photo_id, photo_title, photo_collection, photo_location, photo_year, camera, film_stock, film_format, tag_names) VALUES ((SELECT photo_idx FROM photos WHERE photo_id = 1908), 1908, 'Curves of Light', 'Southwest', 'Antelope Canyon, Arizona', 1998, 'Hasselblad', 'FujiColor Professional 160', '6 x 6 cm', 'vertical,scenic,abstract,landscape,color,outdoors,black,orange,red,tan,rock,sandstone,canyon,slot canyon');
INSERT OR IGNORE INTO tags (name) VALUES ('vertical');
INSERT INTO photo_tags (photo_idx, tag_id) VALUES ((SELECT photo_idx FROM photos WHERE photo_id = 1908), (SELECT tag_id FROM tags WHERE name = 'vertical'));
INSERT OR IGNORE INTO tags (name) VALUES ('scenic');
INSERT INTO photo_tags (photo_idx, tag_id) VALUES ((SELECT photo_idx FROM photos WHERE photo_id = 1908), (SELECT tag_id FROM tags WHERE name = 'scenic'));
INSERT OR IGNORE INTO tags (name) VALUES ('abstract');
INSERT INTO photo_tags (photo_idx, tag_id) VALUES ((SELECT photo_idx FROM photos WHERE photo_id = 1908), (SELECT tag_id FROM tags WHERE name = 'abstract'));
INSERT OR IGNORE INTO tags (name) VALUES ('landscape');
INSERT INTO photo_tags (photo_idx, tag_id) VALUES ((SELECT photo_idx FROM photos WHERE photo_id = 1908), (SELECT tag_id FROM tags WHERE name = 'landscape'));
INSERT OR IGNORE INTO tags (name) VALUES ('color');
INSERT INTO photo_tags (photo_idx, tag_id) VALUES ((SELECT photo_idx FROM photos WHERE photo_id = 1908), (SELECT tag_id FROM tags WHERE name = 'color'));
INSERT OR IGNORE INTO tags (name) VALUES ('outdoors');
INSERT INTO photo_tags (photo_idx, tag_id) VALUES ((SELECT photo_idx FROM photos WHERE photo_id = 1908), (SELECT tag_id FROM tags WHERE name = 'outdoors'));
INSERT OR IGNORE INTO tags (name) VALUES ('black');
INSERT INTO photo_tags (photo_idx, tag_id) VALUES ((SELECT photo_idx FROM photos WHERE photo_id = 1908), (SELECT tag_id FROM tags WHERE name = 'black'));
INSERT OR IGNORE INTO tags (name) VALUES ('orange');
INSERT INTO photo_tags (photo_idx, tag_id) VALUES ((SELECT photo_idx FROM photos WHERE photo_id = 1908), (SELECT tag_id FROM tags WHERE name = 'orange'));
INSERT OR IGNORE INTO tags (name) VALUES ('red');
INSERT INTO photo_tags (photo_idx, tag_id) VALUES ((SELECT photo_idx FROM photos WHERE photo_id = 1908), (SELECT tag_id FROM tags WHERE name = 'red'));
INSERT OR IGNORE INTO tags (name) VALUES ('tan');
INSERT INTO photo_tags (photo_idx, tag_id) VALUES ((SELECT photo_idx FROM photos WHERE photo_id = 1908), (SELECT tag_id FROM tags WHERE name = 'tan'));
INSERT OR IGNORE INTO tags (name) VALUES ('rock');
INSERT INTO photo_tags (photo_idx, tag_id) VALUES ((SELECT photo_idx FROM photos WHERE photo_id = 1908), (SELECT tag_id FROM tags WHERE name = 'rock'));
INSERT OR IGNORE INTO tags (name) VALUES ('sandstone');
INSERT INTO photo_tags (photo_idx, tag_id) VALUES ((SELECT photo_idx FROM photos WHERE photo_id = 1908), (SELECT tag_id FROM tags WHERE name = 'sandstone'));
INSERT OR IGNORE INTO tags (name) VALUES ('canyon');
INSERT INTO photo_tags (photo_idx, tag_id) VALUES ((SELECT photo_idx FROM photos WHERE photo_id = 1908), (SELECT tag_id FROM tags WHERE name = 'canyon'));
INSERT OR IGNORE INTO tags (name) VALUES ('slot canyon');
INSERT INTO photo_tags (photo_idx, tag_id) VALUES ((SELECT photo_idx FROM photos WHERE photo_id = 1908), (SELECT tag_id FROM tags WHERE name = 'slot canyon'));

INSERT INTO photos (photo_id, photo_title, photo_collection, photo_location, photo_year, camera, film_stock, film_format) VALUES (1910, 'Firey Furnace', 'Southwest', 'Antelope Canyon, Arizona', 1998, 'Hasselblad', 'FujiColor Professional 160', '6 x 6 cm');
INSERT INTO photos_fts (photo_idx, photo_id, photo_title, photo_collection, photo_location, photo_year, camera, film_stock, film_format, tag_names) VALUES ((SELECT photo_idx FROM photos WHERE photo_id = 1910), 1910, 'Firey Furnace', 'Southwest', 'Antelope Canyon, Arizona', 1998, 'Hasselblad', 'FujiColor Professional 160', '6 x 6 cm', 'vertical,scenic,abstract,landscape,color,outdoors,black,orange,red,tan,rock,sandstone,canyon,slot canyon');
INSERT OR IGNORE INTO tags (name) VALUES ('vertical');
INSERT INTO photo_tags (photo_idx, tag_id) VALUES ((SELECT photo_idx FROM photos WHERE photo_id = 1910), (SELECT tag_id FROM tags WHERE name = 'vertical'));
INSERT OR IGNORE INTO tags (name) VALUES ('scenic');
INSERT INTO photo_tags (photo_idx, tag_id) VALUES ((SELECT photo_idx FROM photos WHERE photo_id = 1910), (SELECT tag_id FROM tags WHERE name = 'scenic'));
INSERT OR IGNORE INTO tags (name) VALUES ('abstract');
INSERT INTO photo_tags (photo_idx, tag_id) VALUES ((SELECT photo_idx FROM photos WHERE photo_id = 1910), (SELECT tag_id FROM tags WHERE name = 'abstract'));
INSERT OR IGNORE INTO tags (name) VALUES ('landscape');
INSERT INTO photo_tags (photo_idx, tag_id) VALUES ((SELECT photo_idx FROM photos WHERE photo_id = 1910), (SELECT tag_id FROM tags WHERE name = 'landscape'));
INSERT OR IGNORE INTO tags (name) VALUES ('color');
INSERT INTO photo_tags (photo_idx, tag_id) VALUES ((SELECT photo_idx FROM photos WHERE photo_id = 1910), (SELECT tag_id FROM tags WHERE name = 'color'));
INSERT OR IGNORE INTO tags (name) VALUES ('outdoors');
INSERT INTO photo_tags (photo_idx, tag_id) VALUES ((SELECT photo_idx FROM photos WHERE photo_id = 1910), (SELECT tag_id FROM tags WHERE name = 'outdoors'));
INSERT OR IGNORE INTO tags (name) VALUES ('black');
INSERT INTO photo_tags (photo_idx, tag_id) VALUES ((SELECT photo_idx FROM photos WHERE photo_id = 1910), (SELECT tag_id FROM tags WHERE name = 'black'));
INSERT OR IGNORE INTO tags (name) VALUES ('orange');
INSERT INTO photo_tags (photo_idx, tag_id) VALUES ((SELECT photo_idx FROM photos WHERE photo_id = 1910), (SELECT tag_id FROM tags WHERE name = 'orange'));
INSERT OR IGNORE INTO tags (name) VALUES ('red');
INSERT INTO photo_tags (photo_idx, tag_id) VALUES ((SELECT photo_idx FROM photos WHERE photo_id = 1910), (SELECT tag_id FROM tags WHERE name = 'red'));
INSERT OR IGNORE INTO tags (name) VALUES ('tan');
INSERT INTO photo_tags (photo_idx, tag_id) VALUES ((SELECT photo_idx FROM photos WHERE photo_id = 1910), (SELECT tag_id FROM tags WHERE name = 'tan'));
INSERT OR IGNORE INTO tags (name) VALUES ('rock');
INSERT INTO photo_tags (photo_idx, tag_id) VALUES ((SELECT photo_idx FROM photos WHERE photo_id = 1910), (SELECT tag_id FROM tags WHERE name = 'rock'));
INSERT OR IGNORE INTO tags (name) VALUES ('sandstone');
INSERT INTO photo_tags (photo_idx, tag_id) VALUES ((SELECT photo_idx FROM photos WHERE photo_id = 1910), (SELECT tag_id FROM tags WHERE name = 'sandstone'));
INSERT OR IGNORE INTO tags (name) VALUES ('canyon');
INSERT INTO photo_tags (photo_idx, tag_id) VALUES ((SELECT photo_idx FROM photos WHERE photo_id = 1910), (SELECT tag_id FROM tags WHERE name = 'canyon'));
INSERT OR IGNORE INTO tags (name) VALUES ('slot canyon');
INSERT INTO photo_tags (photo_idx, tag_id) VALUES ((SELECT photo_idx FROM photos WHERE photo_id = 1910), (SELECT tag_id FROM tags WHERE name = 'slot canyon'));

INSERT INTO photos (photo_id, photo_title, photo_collection, photo_location, photo_year, camera, film_stock, film_format) VALUES (1912, 'The Weeping Eye', 'Southwest', 'Antelope Canyon, Arizona', 1998, 'Hasselblad', 'FujiColor Professional 160', '6 x 6 cm');
INSERT INTO photos_fts (photo_idx, photo_id, photo_title, photo_collection, photo_location, photo_year, camera, film_stock, film_format, tag_names) VALUES ((SELECT photo_idx FROM photos WHERE photo_id = 1912), 1912, 'The Weeping Eye', 'Southwest', 'Antelope Canyon, Arizona', 1998, 'Hasselblad', 'FujiColor Professional 160', '6 x 6 cm', 'vertical,scenic,abstract,landscape,color,outdoors,orange,red,tan,rock,sandstone,canyon,slot canyon');
INSERT OR IGNORE INTO tags (name) VALUES ('vertical');
INSERT INTO photo_tags (photo_idx, tag_id) VALUES ((SELECT photo_idx FROM photos WHERE photo_id = 1912), (SELECT tag_id FROM tags WHERE name = 'vertical'));
INSERT OR IGNORE INTO tags (name) VALUES ('scenic');
INSERT INTO photo_tags (photo_idx, tag_id) VALUES ((SELECT photo_idx FROM photos WHERE photo_id = 1912), (SELECT tag_id FROM tags WHERE name = 'scenic'));
INSERT OR IGNORE INTO tags (name) VALUES ('abstract');
INSERT INTO photo_tags (photo_idx, tag_id) VALUES ((SELECT photo_idx FROM photos WHERE photo_id = 1912), (SELECT tag_id FROM tags WHERE name = 'abstract'));
INSERT OR IGNORE INTO tags (name) VALUES ('landscape');
INSERT INTO photo_tags (photo_idx, tag_id) VALUES ((SELECT photo_idx FROM photos WHERE photo_id = 1912), (SELECT tag_id FROM tags WHERE name = 'landscape'));
INSERT OR IGNORE INTO tags (name) VALUES ('color');
INSERT INTO photo_tags (photo_idx, tag_id) VALUES ((SELECT photo_idx FROM photos WHERE photo_id = 1912), (SELECT tag_id FROM tags WHERE name = 'color'));
INSERT OR IGNORE INTO tags (name) VALUES ('outdoors');
INSERT INTO photo_tags (photo_idx, tag_id) VALUES ((SELECT photo_idx FROM photos WHERE photo_id = 1912), (SELECT tag_id FROM tags WHERE name = 'outdoors'));
INSERT OR IGNORE INTO tags (name) VALUES ('orange');
INSERT INTO photo_tags (photo_idx, tag_id) VALUES ((SELECT photo_idx FROM photos WHERE photo_id = 1912), (SELECT tag_id FROM tags WHERE name = 'orange'));
INSERT OR IGNORE INTO tags (name) VALUES ('red');
INSERT INTO photo_tags (photo_idx, tag_id) VALUES ((SELECT photo_idx FROM photos WHERE photo_id = 1912), (SELECT tag_id FROM tags WHERE name = 'red'));
INSERT OR IGNORE INTO tags (name) VALUES ('tan');
INSERT INTO photo_tags (photo_idx, tag_id) VALUES ((SELECT photo_idx FROM photos WHERE photo_id = 1912), (SELECT tag_id FROM tags WHERE name = 'tan'));
INSERT OR IGNORE INTO tags (name) VALUES ('rock');
INSERT INTO photo_tags (photo_idx, tag_id) VALUES ((SELECT photo_idx FROM photos WHERE photo_id = 1912), (SELECT tag_id FROM tags WHERE name = 'rock'));
INSERT OR IGNORE INTO tags (name) VALUES ('sandstone');
INSERT INTO photo_tags (photo_idx, tag_id) VALUES ((SELECT photo_idx FROM photos WHERE photo_id = 1912), (SELECT tag_id FROM tags WHERE name = 'sandstone'));
INSERT OR IGNORE INTO tags (name) VALUES ('canyon');
INSERT INTO photo_tags (photo_idx, tag_id) VALUES ((SELECT photo_idx FROM photos WHERE photo_id = 1912), (SELECT tag_id FROM tags WHERE name = 'canyon'));
INSERT OR IGNORE INTO tags (name) VALUES ('slot canyon');
INSERT INTO photo_tags (photo_idx, tag_id) VALUES ((SELECT photo_idx FROM photos WHERE photo_id = 1912), (SELECT tag_id FROM tags WHERE name = 'slot canyon'));

INSERT INTO photos (photo_id, photo_title, photo_collection, photo_location, photo_year, camera, film_stock, film_format) VALUES (1914, 'Temple of Light', 'Southwest', 'Antelope Canyon, Arizona', 1998, 'Hasselblad', 'FujiColor Professional 160', '6 x 6 cm');
INSERT INTO photos_fts (photo_idx, photo_id, photo_title, photo_collection, photo_location, photo_year, camera, film_stock, film_format, tag_names) VALUES ((SELECT photo_idx FROM photos WHERE photo_id = 1914), 1914, 'Temple of Light', 'Southwest', 'Antelope Canyon, Arizona', 1998, 'Hasselblad', 'FujiColor Professional 160', '6 x 6 cm', 'vertical,popular,scenic,abstract,landscape,color,outdoors,orange,red,tan,rock,sand,sandstone,canyon,slot canyon');
INSERT OR IGNORE INTO tags (name) VALUES ('vertical');
INSERT INTO photo_tags (photo_idx, tag_id) VALUES ((SELECT photo_idx FROM photos WHERE photo_id = 1914), (SELECT tag_id FROM tags WHERE name = 'vertical'));
INSERT OR IGNORE INTO tags (name) VALUES ('popular');
INSERT INTO photo_tags (photo_idx, tag_id) VALUES ((SELECT photo_idx FROM photos WHERE photo_id = 1914), (SELECT tag_id FROM tags WHERE name = 'popular'));
INSERT OR IGNORE INTO tags (name) VALUES ('scenic');
INSERT INTO photo_tags (photo_idx, tag_id) VALUES ((SELECT photo_idx FROM photos WHERE photo_id = 1914), (SELECT tag_id FROM tags WHERE name = 'scenic'));
INSERT OR IGNORE INTO tags (name) VALUES ('abstract');
INSERT INTO photo_tags (photo_idx, tag_id) VALUES ((SELECT photo_idx FROM photos WHERE photo_id = 1914), (SELECT tag_id FROM tags WHERE name = 'abstract'));
INSERT OR IGNORE INTO tags (name) VALUES ('landscape');
INSERT INTO photo_tags (photo_idx, tag_id) VALUES ((SELECT photo_idx FROM photos WHERE photo_id = 1914), (SELECT tag_id FROM tags WHERE name = 'landscape'));
INSERT OR IGNORE INTO tags (name) VALUES ('color');
INSERT INTO photo_tags (photo_idx, tag_id) VALUES ((SELECT photo_idx FROM photos WHERE photo_id = 1914), (SELECT tag_id FROM tags WHERE name = 'color'));
INSERT OR IGNORE INTO tags (name) VALUES ('outdoors');
INSERT INTO photo_tags (photo_idx, tag_id) VALUES ((SELECT photo_idx FROM photos WHERE photo_id = 1914), (SELECT tag_id FROM tags WHERE name = 'outdoors'));
INSERT OR IGNORE INTO tags (name) VALUES ('orange');
INSERT INTO photo_tags (photo_idx, tag_id) VALUES ((SELECT photo_idx FROM photos WHERE photo_id = 1914), (SELECT tag_id FROM tags WHERE name = 'orange'));
INSERT OR IGNORE INTO tags (name) VALUES ('red');
INSERT INTO photo_tags (photo_idx, tag_id) VALUES ((SELECT photo_idx FROM photos WHERE photo_id = 1914), (SELECT tag_id FROM tags WHERE name = 'red'));
INSERT OR IGNORE INTO tags (name) VALUES ('tan');
INSERT INTO photo_tags (photo_idx, tag_id) VALUES ((SELECT photo_idx FROM photos WHERE photo_id = 1914), (SELECT tag_id FROM tags WHERE name = 'tan'));
INSERT OR IGNORE INTO tags (name) VALUES ('rock');
INSERT INTO photo_tags (photo_idx, tag_id) VALUES ((SELECT photo_idx FROM photos WHERE photo_id = 1914), (SELECT tag_id FROM tags WHERE name = 'rock'));
INSERT OR IGNORE INTO tags (name) VALUES ('sand');
INSERT INTO photo_tags (photo_idx, tag_id) VALUES ((SELECT photo_idx FROM photos WHERE photo_id = 1914), (SELECT tag_id FROM tags WHERE name = 'sand'));
INSERT OR IGNORE INTO tags (name) VALUES ('sandstone');
INSERT INTO photo_tags (photo_idx, tag_id) VALUES ((SELECT photo_idx FROM photos WHERE photo_id = 1914), (SELECT tag_id FROM tags WHERE name = 'sandstone'));
INSERT OR IGNORE INTO tags (name) VALUES ('canyon');
INSERT INTO photo_tags (photo_idx, tag_id) VALUES ((SELECT photo_idx FROM photos WHERE photo_id = 1914), (SELECT tag_id FROM tags WHERE name = 'canyon'));
INSERT OR IGNORE INTO tags (name) VALUES ('slot canyon');
INSERT INTO photo_tags (photo_idx, tag_id) VALUES ((SELECT photo_idx FROM photos WHERE photo_id = 1914), (SELECT tag_id FROM tags WHERE name = 'slot canyon'));

INSERT INTO photos (photo_id, photo_title, photo_collection, photo_location, photo_year, camera, film_stock, film_format) VALUES (1915, 'Glowing Triangle', 'Southwest', 'Antelope Canyon, Arizona', 1998, 'Hasselblad', 'FujiColor Professional 160', '6 x 6 cm');
INSERT INTO photos_fts (photo_idx, photo_id, photo_title, photo_collection, photo_location, photo_year, camera, film_stock, film_format, tag_names) VALUES ((SELECT photo_idx FROM photos WHERE photo_id = 1915), 1915, 'Glowing Triangle', 'Southwest', 'Antelope Canyon, Arizona', 1998, 'Hasselblad', 'FujiColor Professional 160', '6 x 6 cm', 'vertical,scenic,abstract,landscape,color,outdoors,black,orange,red,tan,rock,sandstone,canyon,slot canyon');
INSERT OR IGNORE INTO tags (name) VALUES ('vertical');
INSERT INTO photo_tags (photo_idx, tag_id) VALUES ((SELECT photo_idx FROM photos WHERE photo_id = 1915), (SELECT tag_id FROM tags WHERE name = 'vertical'));
INSERT OR IGNORE INTO tags (name) VALUES ('scenic');
INSERT INTO photo_tags (photo_idx, tag_id) VALUES ((SELECT photo_idx FROM photos WHERE photo_id = 1915), (SELECT tag_id FROM tags WHERE name = 'scenic'));
INSERT OR IGNORE INTO tags (name) VALUES ('abstract');
INSERT INTO photo_tags (photo_idx, tag_id) VALUES ((SELECT photo_idx FROM photos WHERE photo_id = 1915), (SELECT tag_id FROM tags WHERE name = 'abstract'));
INSERT OR IGNORE INTO tags (name) VALUES ('landscape');
INSERT INTO photo_tags (photo_idx, tag_id) VALUES ((SELECT photo_idx FROM photos WHERE photo_id = 1915), (SELECT tag_id FROM tags WHERE name = 'landscape'));
INSERT OR IGNORE INTO tags (name) VALUES ('color');
INSERT INTO photo_tags (photo_idx, tag_id) VALUES ((SELECT photo_idx FROM photos WHERE photo_id = 1915), (SELECT tag_id FROM tags WHERE name = 'color'));
INSERT OR IGNORE INTO tags (name) VALUES ('outdoors');
INSERT INTO photo_tags (photo_idx, tag_id) VALUES ((SELECT photo_idx FROM photos WHERE photo_id = 1915), (SELECT tag_id FROM tags WHERE name = 'outdoors'));
INSERT OR IGNORE INTO tags (name) VALUES ('black');
INSERT INTO photo_tags (photo_idx, tag_id) VALUES ((SELECT photo_idx FROM photos WHERE photo_id = 1915), (SELECT tag_id FROM tags WHERE name = 'black'));
INSERT OR IGNORE INTO tags (name) VALUES ('orange');
INSERT INTO photo_tags (photo_idx, tag_id) VALUES ((SELECT photo_idx FROM photos WHERE photo_id = 1915), (SELECT tag_id FROM tags WHERE name = 'orange'));
INSERT OR IGNORE INTO tags (name) VALUES ('red');
INSERT INTO photo_tags (photo_idx, tag_id) VALUES ((SELECT photo_idx FROM photos WHERE photo_id = 1915), (SELECT tag_id FROM tags WHERE name = 'red'));
INSERT OR IGNORE INTO tags (name) VALUES ('tan');
INSERT INTO photo_tags (photo_idx, tag_id) VALUES ((SELECT photo_idx FROM photos WHERE photo_id = 1915), (SELECT tag_id FROM tags WHERE name = 'tan'));
INSERT OR IGNORE INTO tags (name) VALUES ('rock');
INSERT INTO photo_tags (photo_idx, tag_id) VALUES ((SELECT photo_idx FROM photos WHERE photo_id = 1915), (SELECT tag_id FROM tags WHERE name = 'rock'));
INSERT OR IGNORE INTO tags (name) VALUES ('sandstone');
INSERT INTO photo_tags (photo_idx, tag_id) VALUES ((SELECT photo_idx FROM photos WHERE photo_id = 1915), (SELECT tag_id FROM tags WHERE name = 'sandstone'));
INSERT OR IGNORE INTO tags (name) VALUES ('canyon');
INSERT INTO photo_tags (photo_idx, tag_id) VALUES ((SELECT photo_idx FROM photos WHERE photo_id = 1915), (SELECT tag_id FROM tags WHERE name = 'canyon'));
INSERT OR IGNORE INTO tags (name) VALUES ('slot canyon');
INSERT INTO photo_tags (photo_idx, tag_id) VALUES ((SELECT photo_idx FROM photos WHERE photo_id = 1915), (SELECT tag_id FROM tags WHERE name = 'slot canyon'));

INSERT INTO photos (photo_id, photo_title, photo_collection, photo_location, photo_year, camera, film_stock, film_format) VALUES (1916, 'Sculpted Light', 'Southwest', 'Antelope Canyon, Arizona', 1998, 'Hasselblad', 'FujiColor Professional 160', '6 x 6 cm');
INSERT INTO photos_fts (photo_idx, photo_id, photo_title, photo_collection, photo_location, photo_year, camera, film_stock, film_format, tag_names) VALUES ((SELECT photo_idx FROM photos WHERE photo_id = 1916), 1916, 'Sculpted Light', 'Southwest', 'Antelope Canyon, Arizona', 1998, 'Hasselblad', 'FujiColor Professional 160', '6 x 6 cm', 'horizontal,scenic,abstract,landscape,color,outdoors,black,orange,red,tan,rock,sandstone,canyon,slot canyon');
INSERT OR IGNORE INTO tags (name) VALUES ('horizontal');
INSERT INTO photo_tags (photo_idx, tag_id) VALUES ((SELECT photo_idx FROM photos WHERE photo_id = 1916), (SELECT tag_id FROM tags WHERE name = 'horizontal'));
INSERT OR IGNORE INTO tags (name) VALUES ('scenic');
INSERT INTO photo_tags (photo_idx, tag_id) VALUES ((SELECT photo_idx FROM photos WHERE photo_id = 1916), (SELECT tag_id FROM tags WHERE name = 'scenic'));
INSERT OR IGNORE INTO tags (name) VALUES ('abstract');
INSERT INTO photo_tags (photo_idx, tag_id) VALUES ((SELECT photo_idx FROM photos WHERE photo_id = 1916), (SELECT tag_id FROM tags WHERE name = 'abstract'));
INSERT OR IGNORE INTO tags (name) VALUES ('landscape');
INSERT INTO photo_tags (photo_idx, tag_id) VALUES ((SELECT photo_idx FROM photos WHERE photo_id = 1916), (SELECT tag_id FROM tags WHERE name = 'landscape'));
INSERT OR IGNORE INTO tags (name) VALUES ('color');
INSERT INTO photo_tags (photo_idx, tag_id) VALUES ((SELECT photo_idx FROM photos WHERE photo_id = 1916), (SELECT tag_id FROM tags WHERE name = 'color'));
INSERT OR IGNORE INTO tags (name) VALUES ('outdoors');
INSERT INTO photo_tags (photo_idx, tag_id) VALUES ((SELECT photo_idx FROM photos WHERE photo_id = 1916), (SELECT tag_id FROM tags WHERE name = 'outdoors'));
INSERT OR IGNORE INTO tags (name) VALUES ('black');
INSERT INTO photo_tags (photo_idx, tag_id) VALUES ((SELECT photo_idx FROM photos WHERE photo_id = 1916), (SELECT tag_id FROM tags WHERE name = 'black'));
INSERT OR IGNORE INTO tags (name) VALUES ('orange');
INSERT INTO photo_tags (photo_idx, tag_id) VALUES ((SELECT photo_idx FROM photos WHERE photo_id = 1916), (SELECT tag_id FROM tags WHERE name = 'orange'));
INSERT OR IGNORE INTO tags (name) VALUES ('red');
INSERT INTO photo_tags (photo_idx, tag_id) VALUES ((SELECT photo_idx FROM photos WHERE photo_id = 1916), (SELECT tag_id FROM tags WHERE name = 'red'));
INSERT OR IGNORE INTO tags (name) VALUES ('tan');
INSERT INTO photo_tags (photo_idx, tag_id) VALUES ((SELECT photo_idx FROM photos WHERE photo_id = 1916), (SELECT tag_id FROM tags WHERE name = 'tan'));
INSERT OR IGNORE INTO tags (name) VALUES ('rock');
INSERT INTO photo_tags (photo_idx, tag_id) VALUES ((SELECT photo_idx FROM photos WHERE photo_id = 1916), (SELECT tag_id FROM tags WHERE name = 'rock'));
INSERT OR IGNORE INTO tags (name) VALUES ('sandstone');
INSERT INTO photo_tags (photo_idx, tag_id) VALUES ((SELECT photo_idx FROM photos WHERE photo_id = 1916), (SELECT tag_id FROM tags WHERE name = 'sandstone'));
INSERT OR IGNORE INTO tags (name) VALUES ('canyon');
INSERT INTO photo_tags (photo_idx, tag_id) VALUES ((SELECT photo_idx FROM photos WHERE photo_id = 1916), (SELECT tag_id FROM tags WHERE name = 'canyon'));
INSERT OR IGNORE INTO tags (name) VALUES ('slot canyon');
INSERT INTO photo_tags (photo_idx, tag_id) VALUES ((SELECT photo_idx FROM photos WHERE photo_id = 1916), (SELECT tag_id FROM tags WHERE name = 'slot canyon'));

INSERT INTO photos (photo_id, photo_title, photo_collection, photo_location, photo_year, camera, film_stock, film_format) VALUES (1918, 'Curves and Light', 'Southwest', 'Antelope Canyon, Arizona', 1998, 'Hasselblad', 'FujiColor Professional 160', '6 x 6 cm');
INSERT INTO photos_fts (photo_idx, photo_id, photo_title, photo_collection, photo_location, photo_year, camera, film_stock, film_format, tag_names) VALUES ((SELECT photo_idx FROM photos WHERE photo_id = 1918), 1918, 'Curves and Light', 'Southwest', 'Antelope Canyon, Arizona', 1998, 'Hasselblad', 'FujiColor Professional 160', '6 x 6 cm', 'vertical,scenic,abstract,landscape,color,outdoors,black,orange,red,tan,rock,sandstone,canyon,slot canyon');
INSERT OR IGNORE INTO tags (name) VALUES ('vertical');
INSERT INTO photo_tags (photo_idx, tag_id) VALUES ((SELECT photo_idx FROM photos WHERE photo_id = 1918), (SELECT tag_id FROM tags WHERE name = 'vertical'));
INSERT OR IGNORE INTO tags (name) VALUES ('scenic');
INSERT INTO photo_tags (photo_idx, tag_id) VALUES ((SELECT photo_idx FROM photos WHERE photo_id = 1918), (SELECT tag_id FROM tags WHERE name = 'scenic'));
INSERT OR IGNORE INTO tags (name) VALUES ('abstract');
INSERT INTO photo_tags (photo_idx, tag_id) VALUES ((SELECT photo_idx FROM photos WHERE photo_id = 1918), (SELECT tag_id FROM tags WHERE name = 'abstract'));
INSERT OR IGNORE INTO tags (name) VALUES ('landscape');
INSERT INTO photo_tags (photo_idx, tag_id) VALUES ((SELECT photo_idx FROM photos WHERE photo_id = 1918), (SELECT tag_id FROM tags WHERE name = 'landscape'));
INSERT OR IGNORE INTO tags (name) VALUES ('color');
INSERT INTO photo_tags (photo_idx, tag_id) VALUES ((SELECT photo_idx FROM photos WHERE photo_id = 1918), (SELECT tag_id FROM tags WHERE name = 'color'));
INSERT OR IGNORE INTO tags (name) VALUES ('outdoors');
INSERT INTO photo_tags (photo_idx, tag_id) VALUES ((SELECT photo_idx FROM photos WHERE photo_id = 1918), (SELECT tag_id FROM tags WHERE name = 'outdoors'));
INSERT OR IGNORE INTO tags (name) VALUES ('black');
INSERT INTO photo_tags (photo_idx, tag_id) VALUES ((SELECT photo_idx FROM photos WHERE photo_id = 1918), (SELECT tag_id FROM tags WHERE name = 'black'));
INSERT OR IGNORE INTO tags (name) VALUES ('orange');
INSERT INTO photo_tags (photo_idx, tag_id) VALUES ((SELECT photo_idx FROM photos WHERE photo_id = 1918), (SELECT tag_id FROM tags WHERE name = 'orange'));
INSERT OR IGNORE INTO tags (name) VALUES ('red');
INSERT INTO photo_tags (photo_idx, tag_id) VALUES ((SELECT photo_idx FROM photos WHERE photo_id = 1918), (SELECT tag_id FROM tags WHERE name = 'red'));
INSERT OR IGNORE INTO tags (name) VALUES ('tan');
INSERT INTO photo_tags (photo_idx, tag_id) VALUES ((SELECT photo_idx FROM photos WHERE photo_id = 1918), (SELECT tag_id FROM tags WHERE name = 'tan'));
INSERT OR IGNORE INTO tags (name) VALUES ('rock');
INSERT INTO photo_tags (photo_idx, tag_id) VALUES ((SELECT photo_idx FROM photos WHERE photo_id = 1918), (SELECT tag_id FROM tags WHERE name = 'rock'));
INSERT OR IGNORE INTO tags (name) VALUES ('sandstone');
INSERT INTO photo_tags (photo_idx, tag_id) VALUES ((SELECT photo_idx FROM photos WHERE photo_id = 1918), (SELECT tag_id FROM tags WHERE name = 'sandstone'));
INSERT OR IGNORE INTO tags (name) VALUES ('canyon');
INSERT INTO photo_tags (photo_idx, tag_id) VALUES ((SELECT photo_idx FROM photos WHERE photo_id = 1918), (SELECT tag_id FROM tags WHERE name = 'canyon'));
INSERT OR IGNORE INTO tags (name) VALUES ('slot canyon');
INSERT INTO photo_tags (photo_idx, tag_id) VALUES ((SELECT photo_idx FROM photos WHERE photo_id = 1918), (SELECT tag_id FROM tags WHERE name = 'slot canyon'));

INSERT INTO photos (photo_id, photo_title, photo_collection, photo_location, photo_year, camera, film_stock, film_format) VALUES (1920, 'Reflections of Sandstone', 'Southwest', 'Lake Powell, Arizona', 1998, 'Hasselblad', 'FujiColor Professional 160', '6 x 6 cm');
INSERT INTO photos_fts (photo_idx, photo_id, photo_title, photo_collection, photo_location, photo_year, camera, film_stock, film_format, tag_names) VALUES ((SELECT photo_idx FROM photos WHERE photo_id = 1920), 1920, 'Reflections of Sandstone', 'Southwest', 'Lake Powell, Arizona', 1998, 'Hasselblad', 'FujiColor Professional 160', '6 x 6 cm', 'vertical,abstract,color,outdoors,landscape,blue,water');
INSERT OR IGNORE INTO tags (name) VALUES ('vertical');
INSERT INTO photo_tags (photo_idx, tag_id) VALUES ((SELECT photo_idx FROM photos WHERE photo_id = 1920), (SELECT tag_id FROM tags WHERE name = 'vertical'));
INSERT OR IGNORE INTO tags (name) VALUES ('abstract');
INSERT INTO photo_tags (photo_idx, tag_id) VALUES ((SELECT photo_idx FROM photos WHERE photo_id = 1920), (SELECT tag_id FROM tags WHERE name = 'abstract'));
INSERT OR IGNORE INTO tags (name) VALUES ('color');
INSERT INTO photo_tags (photo_idx, tag_id) VALUES ((SELECT photo_idx FROM photos WHERE photo_id = 1920), (SELECT tag_id FROM tags WHERE name = 'color'));
INSERT OR IGNORE INTO tags (name) VALUES ('outdoors');
INSERT INTO photo_tags (photo_idx, tag_id) VALUES ((SELECT photo_idx FROM photos WHERE photo_id = 1920), (SELECT tag_id FROM tags WHERE name = 'outdoors'));
INSERT OR IGNORE INTO tags (name) VALUES ('landscape');
INSERT INTO photo_tags (photo_idx, tag_id) VALUES ((SELECT photo_idx FROM photos WHERE photo_id = 1920), (SELECT tag_id FROM tags WHERE name = 'landscape'));
INSERT OR IGNORE INTO tags (name) VALUES ('blue');
INSERT INTO photo_tags (photo_idx, tag_id) VALUES ((SELECT photo_idx FROM photos WHERE photo_id = 1920), (SELECT tag_id FROM tags WHERE name = 'blue'));
INSERT OR IGNORE INTO tags (name) VALUES ('water');
INSERT INTO photo_tags (photo_idx, tag_id) VALUES ((SELECT photo_idx FROM photos WHERE photo_id = 1920), (SELECT tag_id FROM tags WHERE name = 'water'));

INSERT INTO photos (photo_id, photo_title, photo_collection, photo_location, photo_year, camera, film_stock, film_format) VALUES (1921, 'Reflections of Sandstone', 'Southwest', 'Lake Powell, Arizona', 1998, 'Hasselblad', 'FujiColor Professional 160', '6 x 6 cm');
INSERT INTO photos_fts (photo_idx, photo_id, photo_title, photo_collection, photo_location, photo_year, camera, film_stock, film_format, tag_names) VALUES ((SELECT photo_idx FROM photos WHERE photo_id = 1921), 1921, 'Reflections of Sandstone', 'Southwest', 'Lake Powell, Arizona', 1998, 'Hasselblad', 'FujiColor Professional 160', '6 x 6 cm', 'vertical,abstract,color,outdoors,landscape,blue,water');
INSERT OR IGNORE INTO tags (name) VALUES ('vertical');
INSERT INTO photo_tags (photo_idx, tag_id) VALUES ((SELECT photo_idx FROM photos WHERE photo_id = 1921), (SELECT tag_id FROM tags WHERE name = 'vertical'));
INSERT OR IGNORE INTO tags (name) VALUES ('abstract');
INSERT INTO photo_tags (photo_idx, tag_id) VALUES ((SELECT photo_idx FROM photos WHERE photo_id = 1921), (SELECT tag_id FROM tags WHERE name = 'abstract'));
INSERT OR IGNORE INTO tags (name) VALUES ('color');
INSERT INTO photo_tags (photo_idx, tag_id) VALUES ((SELECT photo_idx FROM photos WHERE photo_id = 1921), (SELECT tag_id FROM tags WHERE name = 'color'));
INSERT OR IGNORE INTO tags (name) VALUES ('outdoors');
INSERT INTO photo_tags (photo_idx, tag_id) VALUES ((SELECT photo_idx FROM photos WHERE photo_id = 1921), (SELECT tag_id FROM tags WHERE name = 'outdoors'));
INSERT OR IGNORE INTO tags (name) VALUES ('landscape');
INSERT INTO photo_tags (photo_idx, tag_id) VALUES ((SELECT photo_idx FROM photos WHERE photo_id = 1921), (SELECT tag_id FROM tags WHERE name = 'landscape'));
INSERT OR IGNORE INTO tags (name) VALUES ('blue');
INSERT INTO photo_tags (photo_idx, tag_id) VALUES ((SELECT photo_idx FROM photos WHERE photo_id = 1921), (SELECT tag_id FROM tags WHERE name = 'blue'));
INSERT OR IGNORE INTO tags (name) VALUES ('water');
INSERT INTO photo_tags (photo_idx, tag_id) VALUES ((SELECT photo_idx FROM photos WHERE photo_id = 1921), (SELECT tag_id FROM tags WHERE name = 'water'));

INSERT INTO photos (photo_id, photo_title, photo_collection, photo_location, photo_year, camera, film_stock, film_format) VALUES (1926, 'Glowing from Behind', 'Southwest', 'Antelope Canyon, Arizona', 1998, 'Hasselblad', 'FujiColor Professional 160', '6 x 6 cm');
INSERT INTO photos_fts (photo_idx, photo_id, photo_title, photo_collection, photo_location, photo_year, camera, film_stock, film_format, tag_names) VALUES ((SELECT photo_idx FROM photos WHERE photo_id = 1926), 1926, 'Glowing from Behind', 'Southwest', 'Antelope Canyon, Arizona', 1998, 'Hasselblad', 'FujiColor Professional 160', '6 x 6 cm', 'horizontal,scenic,abstract,landscape,color,outdoors,black,orange,red,rock,sandstone,canyon,slot canyon');
INSERT OR IGNORE INTO tags (name) VALUES ('horizontal');
INSERT INTO photo_tags (photo_idx, tag_id) VALUES ((SELECT photo_idx FROM photos WHERE photo_id = 1926), (SELECT tag_id FROM tags WHERE name = 'horizontal'));
INSERT OR IGNORE INTO tags (name) VALUES ('scenic');
INSERT INTO photo_tags (photo_idx, tag_id) VALUES ((SELECT photo_idx FROM photos WHERE photo_id = 1926), (SELECT tag_id FROM tags WHERE name = 'scenic'));
INSERT OR IGNORE INTO tags (name) VALUES ('abstract');
INSERT INTO photo_tags (photo_idx, tag_id) VALUES ((SELECT photo_idx FROM photos WHERE photo_id = 1926), (SELECT tag_id FROM tags WHERE name = 'abstract'));
INSERT OR IGNORE INTO tags (name) VALUES ('landscape');
INSERT INTO photo_tags (photo_idx, tag_id) VALUES ((SELECT photo_idx FROM photos WHERE photo_id = 1926), (SELECT tag_id FROM tags WHERE name = 'landscape'));
INSERT OR IGNORE INTO tags (name) VALUES ('color');
INSERT INTO photo_tags (photo_idx, tag_id) VALUES ((SELECT photo_idx FROM photos WHERE photo_id = 1926), (SELECT tag_id FROM tags WHERE name = 'color'));
INSERT OR IGNORE INTO tags (name) VALUES ('outdoors');
INSERT INTO photo_tags (photo_idx, tag_id) VALUES ((SELECT photo_idx FROM photos WHERE photo_id = 1926), (SELECT tag_id FROM tags WHERE name = 'outdoors'));
INSERT OR IGNORE INTO tags (name) VALUES ('black');
INSERT INTO photo_tags (photo_idx, tag_id) VALUES ((SELECT photo_idx FROM photos WHERE photo_id = 1926), (SELECT tag_id FROM tags WHERE name = 'black'));
INSERT OR IGNORE INTO tags (name) VALUES ('orange');
INSERT INTO photo_tags (photo_idx, tag_id) VALUES ((SELECT photo_idx FROM photos WHERE photo_id = 1926), (SELECT tag_id FROM tags WHERE name = 'orange'));
INSERT OR IGNORE INTO tags (name) VALUES ('red');
INSERT INTO photo_tags (photo_idx, tag_id) VALUES ((SELECT photo_idx FROM photos WHERE photo_id = 1926), (SELECT tag_id FROM tags WHERE name = 'red'));
INSERT OR IGNORE INTO tags (name) VALUES ('rock');
INSERT INTO photo_tags (photo_idx, tag_id) VALUES ((SELECT photo_idx FROM photos WHERE photo_id = 1926), (SELECT tag_id FROM tags WHERE name = 'rock'));
INSERT OR IGNORE INTO tags (name) VALUES ('sandstone');
INSERT INTO photo_tags (photo_idx, tag_id) VALUES ((SELECT photo_idx FROM photos WHERE photo_id = 1926), (SELECT tag_id FROM tags WHERE name = 'sandstone'));
INSERT OR IGNORE INTO tags (name) VALUES ('canyon');
INSERT INTO photo_tags (photo_idx, tag_id) VALUES ((SELECT photo_idx FROM photos WHERE photo_id = 1926), (SELECT tag_id FROM tags WHERE name = 'canyon'));
INSERT OR IGNORE INTO tags (name) VALUES ('slot canyon');
INSERT INTO photo_tags (photo_idx, tag_id) VALUES ((SELECT photo_idx FROM photos WHERE photo_id = 1926), (SELECT tag_id FROM tags WHERE name = 'slot canyon'));

INSERT INTO photos (photo_id, photo_title, photo_collection, photo_location, photo_year, camera, film_stock, film_format) VALUES (1932, 'Curled Stargazer Lily', 'Flower Portraits', 'Portola Valley, California', 1996, 'Linhof', 'Fujichrome Velvia', '4 x 5 inch');
INSERT INTO photos_fts (photo_idx, photo_id, photo_title, photo_collection, photo_location, photo_year, camera, film_stock, film_format, tag_names) VALUES ((SELECT photo_idx FROM photos WHERE photo_id = 1932), 1932, 'Curled Stargazer Lily', 'Flower Portraits', 'Portola Valley, California', 1996, 'Linhof', 'Fujichrome Velvia', '4 x 5 inch', 'horizontal,closeup,color,studio,black,pink,purple,red,flowers,lily');
INSERT OR IGNORE INTO tags (name) VALUES ('horizontal');
INSERT INTO photo_tags (photo_idx, tag_id) VALUES ((SELECT photo_idx FROM photos WHERE photo_id = 1932), (SELECT tag_id FROM tags WHERE name = 'horizontal'));
INSERT OR IGNORE INTO tags (name) VALUES ('closeup');
INSERT INTO photo_tags (photo_idx, tag_id) VALUES ((SELECT photo_idx FROM photos WHERE photo_id = 1932), (SELECT tag_id FROM tags WHERE name = 'closeup'));
INSERT OR IGNORE INTO tags (name) VALUES ('color');
INSERT INTO photo_tags (photo_idx, tag_id) VALUES ((SELECT photo_idx FROM photos WHERE photo_id = 1932), (SELECT tag_id FROM tags WHERE name = 'color'));
INSERT OR IGNORE INTO tags (name) VALUES ('studio');
INSERT INTO photo_tags (photo_idx, tag_id) VALUES ((SELECT photo_idx FROM photos WHERE photo_id = 1932), (SELECT tag_id FROM tags WHERE name = 'studio'));
INSERT OR IGNORE INTO tags (name) VALUES ('black');
INSERT INTO photo_tags (photo_idx, tag_id) VALUES ((SELECT photo_idx FROM photos WHERE photo_id = 1932), (SELECT tag_id FROM tags WHERE name = 'black'));
INSERT OR IGNORE INTO tags (name) VALUES ('pink');
INSERT INTO photo_tags (photo_idx, tag_id) VALUES ((SELECT photo_idx FROM photos WHERE photo_id = 1932), (SELECT tag_id FROM tags WHERE name = 'pink'));
INSERT OR IGNORE INTO tags (name) VALUES ('purple');
INSERT INTO photo_tags (photo_idx, tag_id) VALUES ((SELECT photo_idx FROM photos WHERE photo_id = 1932), (SELECT tag_id FROM tags WHERE name = 'purple'));
INSERT OR IGNORE INTO tags (name) VALUES ('red');
INSERT INTO photo_tags (photo_idx, tag_id) VALUES ((SELECT photo_idx FROM photos WHERE photo_id = 1932), (SELECT tag_id FROM tags WHERE name = 'red'));
INSERT OR IGNORE INTO tags (name) VALUES ('flowers');
INSERT INTO photo_tags (photo_idx, tag_id) VALUES ((SELECT photo_idx FROM photos WHERE photo_id = 1932), (SELECT tag_id FROM tags WHERE name = 'flowers'));
INSERT OR IGNORE INTO tags (name) VALUES ('lily');
INSERT INTO photo_tags (photo_idx, tag_id) VALUES ((SELECT photo_idx FROM photos WHERE photo_id = 1932), (SELECT tag_id FROM tags WHERE name = 'lily'));

INSERT INTO photos (photo_id, photo_title, photo_collection, photo_location, photo_year, camera, film_stock, film_format) VALUES (1933, 'Field of Wildflowers', 'California', 'Half Moon Bay, California', 1996, 'Linhof', 'Fujichrome Provia', '4 x 5 inch');
INSERT INTO photos_fts (photo_idx, photo_id, photo_title, photo_collection, photo_location, photo_year, camera, film_stock, film_format, tag_names) VALUES ((SELECT photo_idx FROM photos WHERE photo_id = 1933), 1933, 'Field of Wildflowers', 'California', 'Half Moon Bay, California', 1996, 'Linhof', 'Fujichrome Provia', '4 x 5 inch', 'horizontal,spring,scenic,landscape,color,outdoors,green,wildflowers');
INSERT OR IGNORE INTO tags (name) VALUES ('horizontal');
INSERT INTO photo_tags (photo_idx, tag_id) VALUES ((SELECT photo_idx FROM photos WHERE photo_id = 1933), (SELECT tag_id FROM tags WHERE name = 'horizontal'));
INSERT OR IGNORE INTO tags (name) VALUES ('spring');
INSERT INTO photo_tags (photo_idx, tag_id) VALUES ((SELECT photo_idx FROM photos WHERE photo_id = 1933), (SELECT tag_id FROM tags WHERE name = 'spring'));
INSERT OR IGNORE INTO tags (name) VALUES ('scenic');
INSERT INTO photo_tags (photo_idx, tag_id) VALUES ((SELECT photo_idx FROM photos WHERE photo_id = 1933), (SELECT tag_id FROM tags WHERE name = 'scenic'));
INSERT OR IGNORE INTO tags (name) VALUES ('landscape');
INSERT INTO photo_tags (photo_idx, tag_id) VALUES ((SELECT photo_idx FROM photos WHERE photo_id = 1933), (SELECT tag_id FROM tags WHERE name = 'landscape'));
INSERT OR IGNORE INTO tags (name) VALUES ('color');
INSERT INTO photo_tags (photo_idx, tag_id) VALUES ((SELECT photo_idx FROM photos WHERE photo_id = 1933), (SELECT tag_id FROM tags WHERE name = 'color'));
INSERT OR IGNORE INTO tags (name) VALUES ('outdoors');
INSERT INTO photo_tags (photo_idx, tag_id) VALUES ((SELECT photo_idx FROM photos WHERE photo_id = 1933), (SELECT tag_id FROM tags WHERE name = 'outdoors'));
INSERT OR IGNORE INTO tags (name) VALUES ('green');
INSERT INTO photo_tags (photo_idx, tag_id) VALUES ((SELECT photo_idx FROM photos WHERE photo_id = 1933), (SELECT tag_id FROM tags WHERE name = 'green'));
INSERT OR IGNORE INTO tags (name) VALUES ('wildflowers');
INSERT INTO photo_tags (photo_idx, tag_id) VALUES ((SELECT photo_idx FROM photos WHERE photo_id = 1933), (SELECT tag_id FROM tags WHERE name = 'wildflowers'));

INSERT INTO photos (photo_id, photo_title, photo_collection, photo_location, photo_year, camera, film_stock, film_format) VALUES (1934, 'Growing by the Trunk', 'Smoky Mountains', 'Smoky Mountains, Tennessee', 1996, 'Linhof', 'Fujichrome Provia', '4 x 5 inch');
INSERT INTO photos_fts (photo_idx, photo_id, photo_title, photo_collection, photo_location, photo_year, camera, film_stock, film_format, tag_names) VALUES ((SELECT photo_idx FROM photos WHERE photo_id = 1934), 1934, 'Growing by the Trunk', 'Smoky Mountains', 'Smoky Mountains, Tennessee', 1996, 'Linhof', 'Fujichrome Provia', '4 x 5 inch', 'horizontal,spring,closeup,color,outdoors,green,ferns,moss,trees');
INSERT OR IGNORE INTO tags (name) VALUES ('horizontal');
INSERT INTO photo_tags (photo_idx, tag_id) VALUES ((SELECT photo_idx FROM photos WHERE photo_id = 1934), (SELECT tag_id FROM tags WHERE name = 'horizontal'));
INSERT OR IGNORE INTO tags (name) VALUES ('spring');
INSERT INTO photo_tags (photo_idx, tag_id) VALUES ((SELECT photo_idx FROM photos WHERE photo_id = 1934), (SELECT tag_id FROM tags WHERE name = 'spring'));
INSERT OR IGNORE INTO tags (name) VALUES ('closeup');
INSERT INTO photo_tags (photo_idx, tag_id) VALUES ((SELECT photo_idx FROM photos WHERE photo_id = 1934), (SELECT tag_id FROM tags WHERE name = 'closeup'));
INSERT OR IGNORE INTO tags (name) VALUES ('color');
INSERT INTO photo_tags (photo_idx, tag_id) VALUES ((SELECT photo_idx FROM photos WHERE photo_id = 1934), (SELECT tag_id FROM tags WHERE name = 'color'));
INSERT OR IGNORE INTO tags (name) VALUES ('outdoors');
INSERT INTO photo_tags (photo_idx, tag_id) VALUES ((SELECT photo_idx FROM photos WHERE photo_id = 1934), (SELECT tag_id FROM tags WHERE name = 'outdoors'));
INSERT OR IGNORE INTO tags (name) VALUES ('green');
INSERT INTO photo_tags (photo_idx, tag_id) VALUES ((SELECT photo_idx FROM photos WHERE photo_id = 1934), (SELECT tag_id FROM tags WHERE name = 'green'));
INSERT OR IGNORE INTO tags (name) VALUES ('ferns');
INSERT INTO photo_tags (photo_idx, tag_id) VALUES ((SELECT photo_idx FROM photos WHERE photo_id = 1934), (SELECT tag_id FROM tags WHERE name = 'ferns'));
INSERT OR IGNORE INTO tags (name) VALUES ('moss');
INSERT INTO photo_tags (photo_idx, tag_id) VALUES ((SELECT photo_idx FROM photos WHERE photo_id = 1934), (SELECT tag_id FROM tags WHERE name = 'moss'));
INSERT OR IGNORE INTO tags (name) VALUES ('trees');
INSERT INTO photo_tags (photo_idx, tag_id) VALUES ((SELECT photo_idx FROM photos WHERE photo_id = 1934), (SELECT tag_id FROM tags WHERE name = 'trees'));

INSERT INTO photos (photo_id, photo_title, photo_collection, photo_location, photo_year, camera, film_stock, film_format) VALUES (1937, 'Charoite', 'Rocks', 'Maly Murun Massif, Sakha Republic, Russia', 2002, 'Hasselblad', 'Fujichrome Velvia', '6 x 6 cm');
INSERT INTO photos_fts (photo_idx, photo_id, photo_title, photo_collection, photo_location, photo_year, camera, film_stock, film_format, tag_names) VALUES ((SELECT photo_idx FROM photos WHERE photo_id = 1937), 1937, 'Charoite', 'Rocks', 'Maly Murun Massif, Sakha Republic, Russia', 2002, 'Hasselblad', 'Fujichrome Velvia', '6 x 6 cm', 'vertical,popular,closeup,abstract,color,studio,purple,rock');
INSERT OR IGNORE INTO tags (name) VALUES ('vertical');
INSERT INTO photo_tags (photo_idx, tag_id) VALUES ((SELECT photo_idx FROM photos WHERE photo_id = 1937), (SELECT tag_id FROM tags WHERE name = 'vertical'));
INSERT OR IGNORE INTO tags (name) VALUES ('popular');
INSERT INTO photo_tags (photo_idx, tag_id) VALUES ((SELECT photo_idx FROM photos WHERE photo_id = 1937), (SELECT tag_id FROM tags WHERE name = 'popular'));
INSERT OR IGNORE INTO tags (name) VALUES ('closeup');
INSERT INTO photo_tags (photo_idx, tag_id) VALUES ((SELECT photo_idx FROM photos WHERE photo_id = 1937), (SELECT tag_id FROM tags WHERE name = 'closeup'));
INSERT OR IGNORE INTO tags (name) VALUES ('abstract');
INSERT INTO photo_tags (photo_idx, tag_id) VALUES ((SELECT photo_idx FROM photos WHERE photo_id = 1937), (SELECT tag_id FROM tags WHERE name = 'abstract'));
INSERT OR IGNORE INTO tags (name) VALUES ('color');
INSERT INTO photo_tags (photo_idx, tag_id) VALUES ((SELECT photo_idx FROM photos WHERE photo_id = 1937), (SELECT tag_id FROM tags WHERE name = 'color'));
INSERT OR IGNORE INTO tags (name) VALUES ('studio');
INSERT INTO photo_tags (photo_idx, tag_id) VALUES ((SELECT photo_idx FROM photos WHERE photo_id = 1937), (SELECT tag_id FROM tags WHERE name = 'studio'));
INSERT OR IGNORE INTO tags (name) VALUES ('purple');
INSERT INTO photo_tags (photo_idx, tag_id) VALUES ((SELECT photo_idx FROM photos WHERE photo_id = 1937), (SELECT tag_id FROM tags WHERE name = 'purple'));
INSERT OR IGNORE INTO tags (name) VALUES ('rock');
INSERT INTO photo_tags (photo_idx, tag_id) VALUES ((SELECT photo_idx FROM photos WHERE photo_id = 1937), (SELECT tag_id FROM tags WHERE name = 'rock'));

INSERT INTO photos (photo_id, photo_title, photo_collection, photo_location, photo_year, camera, film_stock, film_format) VALUES (1938, 'Charoite', 'Rocks', 'Maly Murun Massif, Sakha Republic, Russia', 2002, 'Hasselblad', 'Fujichrome Velvia', '6 x 6 cm');
INSERT INTO photos_fts (photo_idx, photo_id, photo_title, photo_collection, photo_location, photo_year, camera, film_stock, film_format, tag_names) VALUES ((SELECT photo_idx FROM photos WHERE photo_id = 1938), 1938, 'Charoite', 'Rocks', 'Maly Murun Massif, Sakha Republic, Russia', 2002, 'Hasselblad', 'Fujichrome Velvia', '6 x 6 cm', 'horizontal,closeup,abstract,color,studio,pink,purple,rock');
INSERT OR IGNORE INTO tags (name) VALUES ('horizontal');
INSERT INTO photo_tags (photo_idx, tag_id) VALUES ((SELECT photo_idx FROM photos WHERE photo_id = 1938), (SELECT tag_id FROM tags WHERE name = 'horizontal'));
INSERT OR IGNORE INTO tags (name) VALUES ('closeup');
INSERT INTO photo_tags (photo_idx, tag_id) VALUES ((SELECT photo_idx FROM photos WHERE photo_id = 1938), (SELECT tag_id FROM tags WHERE name = 'closeup'));
INSERT OR IGNORE INTO tags (name) VALUES ('abstract');
INSERT INTO photo_tags (photo_idx, tag_id) VALUES ((SELECT photo_idx FROM photos WHERE photo_id = 1938), (SELECT tag_id FROM tags WHERE name = 'abstract'));
INSERT OR IGNORE INTO tags (name) VALUES ('color');
INSERT INTO photo_tags (photo_idx, tag_id) VALUES ((SELECT photo_idx FROM photos WHERE photo_id = 1938), (SELECT tag_id FROM tags WHERE name = 'color'));
INSERT OR IGNORE INTO tags (name) VALUES ('studio');
INSERT INTO photo_tags (photo_idx, tag_id) VALUES ((SELECT photo_idx FROM photos WHERE photo_id = 1938), (SELECT tag_id FROM tags WHERE name = 'studio'));
INSERT OR IGNORE INTO tags (name) VALUES ('pink');
INSERT INTO photo_tags (photo_idx, tag_id) VALUES ((SELECT photo_idx FROM photos WHERE photo_id = 1938), (SELECT tag_id FROM tags WHERE name = 'pink'));
INSERT OR IGNORE INTO tags (name) VALUES ('purple');
INSERT INTO photo_tags (photo_idx, tag_id) VALUES ((SELECT photo_idx FROM photos WHERE photo_id = 1938), (SELECT tag_id FROM tags WHERE name = 'purple'));
INSERT OR IGNORE INTO tags (name) VALUES ('rock');
INSERT INTO photo_tags (photo_idx, tag_id) VALUES ((SELECT photo_idx FROM photos WHERE photo_id = 1938), (SELECT tag_id FROM tags WHERE name = 'rock'));

INSERT INTO photos (photo_id, photo_title, photo_collection, photo_location, photo_year, camera, film_stock, film_format) VALUES (1939, 'Charoite', 'Rocks', 'Maly Murun Massif, Sakha Republic, Russia', 2002, 'Hasselblad', 'Fujichrome Velvia', '6 x 6 cm');
INSERT INTO photos_fts (photo_idx, photo_id, photo_title, photo_collection, photo_location, photo_year, camera, film_stock, film_format, tag_names) VALUES ((SELECT photo_idx FROM photos WHERE photo_id = 1939), 1939, 'Charoite', 'Rocks', 'Maly Murun Massif, Sakha Republic, Russia', 2002, 'Hasselblad', 'Fujichrome Velvia', '6 x 6 cm', 'horizontal,closeup,abstract,color,studio,purple,rock');
INSERT OR IGNORE INTO tags (name) VALUES ('horizontal');
INSERT INTO photo_tags (photo_idx, tag_id) VALUES ((SELECT photo_idx FROM photos WHERE photo_id = 1939), (SELECT tag_id FROM tags WHERE name = 'horizontal'));
INSERT OR IGNORE INTO tags (name) VALUES ('closeup');
INSERT INTO photo_tags (photo_idx, tag_id) VALUES ((SELECT photo_idx FROM photos WHERE photo_id = 1939), (SELECT tag_id FROM tags WHERE name = 'closeup'));
INSERT OR IGNORE INTO tags (name) VALUES ('abstract');
INSERT INTO photo_tags (photo_idx, tag_id) VALUES ((SELECT photo_idx FROM photos WHERE photo_id = 1939), (SELECT tag_id FROM tags WHERE name = 'abstract'));
INSERT OR IGNORE INTO tags (name) VALUES ('color');
INSERT INTO photo_tags (photo_idx, tag_id) VALUES ((SELECT photo_idx FROM photos WHERE photo_id = 1939), (SELECT tag_id FROM tags WHERE name = 'color'));
INSERT OR IGNORE INTO tags (name) VALUES ('studio');
INSERT INTO photo_tags (photo_idx, tag_id) VALUES ((SELECT photo_idx FROM photos WHERE photo_id = 1939), (SELECT tag_id FROM tags WHERE name = 'studio'));
INSERT OR IGNORE INTO tags (name) VALUES ('purple');
INSERT INTO photo_tags (photo_idx, tag_id) VALUES ((SELECT photo_idx FROM photos WHERE photo_id = 1939), (SELECT tag_id FROM tags WHERE name = 'purple'));
INSERT OR IGNORE INTO tags (name) VALUES ('rock');
INSERT INTO photo_tags (photo_idx, tag_id) VALUES ((SELECT photo_idx FROM photos WHERE photo_id = 1939), (SELECT tag_id FROM tags WHERE name = 'rock'));

INSERT INTO photos (photo_id, photo_title, photo_collection, photo_location, photo_year, camera, film_stock, film_format) VALUES (1940, 'Charoite', 'Rocks', 'Maly Murun Massif, Sakha Republic, Russia', 2002, 'Hasselblad', 'Fujichrome Velvia', '6 x 6 cm');
INSERT INTO photos_fts (photo_idx, photo_id, photo_title, photo_collection, photo_location, photo_year, camera, film_stock, film_format, tag_names) VALUES ((SELECT photo_idx FROM photos WHERE photo_id = 1940), 1940, 'Charoite', 'Rocks', 'Maly Murun Massif, Sakha Republic, Russia', 2002, 'Hasselblad', 'Fujichrome Velvia', '6 x 6 cm', 'vertical,popular,closeup,abstract,color,studio,purple,rock');
INSERT OR IGNORE INTO tags (name) VALUES ('vertical');
INSERT INTO photo_tags (photo_idx, tag_id) VALUES ((SELECT photo_idx FROM photos WHERE photo_id = 1940), (SELECT tag_id FROM tags WHERE name = 'vertical'));
INSERT OR IGNORE INTO tags (name) VALUES ('popular');
INSERT INTO photo_tags (photo_idx, tag_id) VALUES ((SELECT photo_idx FROM photos WHERE photo_id = 1940), (SELECT tag_id FROM tags WHERE name = 'popular'));
INSERT OR IGNORE INTO tags (name) VALUES ('closeup');
INSERT INTO photo_tags (photo_idx, tag_id) VALUES ((SELECT photo_idx FROM photos WHERE photo_id = 1940), (SELECT tag_id FROM tags WHERE name = 'closeup'));
INSERT OR IGNORE INTO tags (name) VALUES ('abstract');
INSERT INTO photo_tags (photo_idx, tag_id) VALUES ((SELECT photo_idx FROM photos WHERE photo_id = 1940), (SELECT tag_id FROM tags WHERE name = 'abstract'));
INSERT OR IGNORE INTO tags (name) VALUES ('color');
INSERT INTO photo_tags (photo_idx, tag_id) VALUES ((SELECT photo_idx FROM photos WHERE photo_id = 1940), (SELECT tag_id FROM tags WHERE name = 'color'));
INSERT OR IGNORE INTO tags (name) VALUES ('studio');
INSERT INTO photo_tags (photo_idx, tag_id) VALUES ((SELECT photo_idx FROM photos WHERE photo_id = 1940), (SELECT tag_id FROM tags WHERE name = 'studio'));
INSERT OR IGNORE INTO tags (name) VALUES ('purple');
INSERT INTO photo_tags (photo_idx, tag_id) VALUES ((SELECT photo_idx FROM photos WHERE photo_id = 1940), (SELECT tag_id FROM tags WHERE name = 'purple'));
INSERT OR IGNORE INTO tags (name) VALUES ('rock');
INSERT INTO photo_tags (photo_idx, tag_id) VALUES ((SELECT photo_idx FROM photos WHERE photo_id = 1940), (SELECT tag_id FROM tags WHERE name = 'rock'));

INSERT INTO photos (photo_id, photo_title, photo_collection, photo_location, photo_year, camera, film_stock, film_format) VALUES (1942, 'Chrysocolla', 'Rocks', 'Inspiration Mine, Claypool, Arizona', 2002, 'Hasselblad', 'Fujichrome Velvia', '6 x 6 cm');
INSERT INTO photos_fts (photo_idx, photo_id, photo_title, photo_collection, photo_location, photo_year, camera, film_stock, film_format, tag_names) VALUES ((SELECT photo_idx FROM photos WHERE photo_id = 1942), 1942, 'Chrysocolla', 'Rocks', 'Inspiration Mine, Claypool, Arizona', 2002, 'Hasselblad', 'Fujichrome Velvia', '6 x 6 cm', 'horizontal,closeup,abstract,color,studio,blue,rock');
INSERT OR IGNORE INTO tags (name) VALUES ('horizontal');
INSERT INTO photo_tags (photo_idx, tag_id) VALUES ((SELECT photo_idx FROM photos WHERE photo_id = 1942), (SELECT tag_id FROM tags WHERE name = 'horizontal'));
INSERT OR IGNORE INTO tags (name) VALUES ('closeup');
INSERT INTO photo_tags (photo_idx, tag_id) VALUES ((SELECT photo_idx FROM photos WHERE photo_id = 1942), (SELECT tag_id FROM tags WHERE name = 'closeup'));
INSERT OR IGNORE INTO tags (name) VALUES ('abstract');
INSERT INTO photo_tags (photo_idx, tag_id) VALUES ((SELECT photo_idx FROM photos WHERE photo_id = 1942), (SELECT tag_id FROM tags WHERE name = 'abstract'));
INSERT OR IGNORE INTO tags (name) VALUES ('color');
INSERT INTO photo_tags (photo_idx, tag_id) VALUES ((SELECT photo_idx FROM photos WHERE photo_id = 1942), (SELECT tag_id FROM tags WHERE name = 'color'));
INSERT OR IGNORE INTO tags (name) VALUES ('studio');
INSERT INTO photo_tags (photo_idx, tag_id) VALUES ((SELECT photo_idx FROM photos WHERE photo_id = 1942), (SELECT tag_id FROM tags WHERE name = 'studio'));
INSERT OR IGNORE INTO tags (name) VALUES ('blue');
INSERT INTO photo_tags (photo_idx, tag_id) VALUES ((SELECT photo_idx FROM photos WHERE photo_id = 1942), (SELECT tag_id FROM tags WHERE name = 'blue'));
INSERT OR IGNORE INTO tags (name) VALUES ('rock');
INSERT INTO photo_tags (photo_idx, tag_id) VALUES ((SELECT photo_idx FROM photos WHERE photo_id = 1942), (SELECT tag_id FROM tags WHERE name = 'rock'));

INSERT INTO photos (photo_id, photo_title, photo_collection, photo_location, photo_year, camera, film_stock, film_format) VALUES (1945, 'Ocean Jasper', 'Rocks', 'Near Marovato, Mahajanga Province, Madagascar', 2002, 'Hasselblad', 'Fujichrome Velvia', '6 x 6 cm');
INSERT INTO photos_fts (photo_idx, photo_id, photo_title, photo_collection, photo_location, photo_year, camera, film_stock, film_format, tag_names) VALUES ((SELECT photo_idx FROM photos WHERE photo_id = 1945), 1945, 'Ocean Jasper', 'Rocks', 'Near Marovato, Mahajanga Province, Madagascar', 2002, 'Hasselblad', 'Fujichrome Velvia', '6 x 6 cm', 'horizontal,closeup,abstract,color,studio,black,rock');
INSERT OR IGNORE INTO tags (name) VALUES ('horizontal');
INSERT INTO photo_tags (photo_idx, tag_id) VALUES ((SELECT photo_idx FROM photos WHERE photo_id = 1945), (SELECT tag_id FROM tags WHERE name = 'horizontal'));
INSERT OR IGNORE INTO tags (name) VALUES ('closeup');
INSERT INTO photo_tags (photo_idx, tag_id) VALUES ((SELECT photo_idx FROM photos WHERE photo_id = 1945), (SELECT tag_id FROM tags WHERE name = 'closeup'));
INSERT OR IGNORE INTO tags (name) VALUES ('abstract');
INSERT INTO photo_tags (photo_idx, tag_id) VALUES ((SELECT photo_idx FROM photos WHERE photo_id = 1945), (SELECT tag_id FROM tags WHERE name = 'abstract'));
INSERT OR IGNORE INTO tags (name) VALUES ('color');
INSERT INTO photo_tags (photo_idx, tag_id) VALUES ((SELECT photo_idx FROM photos WHERE photo_id = 1945), (SELECT tag_id FROM tags WHERE name = 'color'));
INSERT OR IGNORE INTO tags (name) VALUES ('studio');
INSERT INTO photo_tags (photo_idx, tag_id) VALUES ((SELECT photo_idx FROM photos WHERE photo_id = 1945), (SELECT tag_id FROM tags WHERE name = 'studio'));
INSERT OR IGNORE INTO tags (name) VALUES ('black');
INSERT INTO photo_tags (photo_idx, tag_id) VALUES ((SELECT photo_idx FROM photos WHERE photo_id = 1945), (SELECT tag_id FROM tags WHERE name = 'black'));
INSERT OR IGNORE INTO tags (name) VALUES ('rock');
INSERT INTO photo_tags (photo_idx, tag_id) VALUES ((SELECT photo_idx FROM photos WHERE photo_id = 1945), (SELECT tag_id FROM tags WHERE name = 'rock'));

INSERT INTO photos (photo_id, photo_title, photo_collection, photo_location, photo_year, camera, film_stock, film_format) VALUES (1947, 'Matrix Opal', 'Rocks', 'Koroit Opal Field, Queensland, Australia', 2002, 'Hasselblad', 'Fujichrome Velvia', '6 x 6 cm');
INSERT INTO photos_fts (photo_idx, photo_id, photo_title, photo_collection, photo_location, photo_year, camera, film_stock, film_format, tag_names) VALUES ((SELECT photo_idx FROM photos WHERE photo_id = 1947), 1947, 'Matrix Opal', 'Rocks', 'Koroit Opal Field, Queensland, Australia', 2002, 'Hasselblad', 'Fujichrome Velvia', '6 x 6 cm', 'horizontal,popular,closeup,abstract,color,studio,black,orange,rock');
INSERT OR IGNORE INTO tags (name) VALUES ('horizontal');
INSERT INTO photo_tags (photo_idx, tag_id) VALUES ((SELECT photo_idx FROM photos WHERE photo_id = 1947), (SELECT tag_id FROM tags WHERE name = 'horizontal'));
INSERT OR IGNORE INTO tags (name) VALUES ('popular');
INSERT INTO photo_tags (photo_idx, tag_id) VALUES ((SELECT photo_idx FROM photos WHERE photo_id = 1947), (SELECT tag_id FROM tags WHERE name = 'popular'));
INSERT OR IGNORE INTO tags (name) VALUES ('closeup');
INSERT INTO photo_tags (photo_idx, tag_id) VALUES ((SELECT photo_idx FROM photos WHERE photo_id = 1947), (SELECT tag_id FROM tags WHERE name = 'closeup'));
INSERT OR IGNORE INTO tags (name) VALUES ('abstract');
INSERT INTO photo_tags (photo_idx, tag_id) VALUES ((SELECT photo_idx FROM photos WHERE photo_id = 1947), (SELECT tag_id FROM tags WHERE name = 'abstract'));
INSERT OR IGNORE INTO tags (name) VALUES ('color');
INSERT INTO photo_tags (photo_idx, tag_id) VALUES ((SELECT photo_idx FROM photos WHERE photo_id = 1947), (SELECT tag_id FROM tags WHERE name = 'color'));
INSERT OR IGNORE INTO tags (name) VALUES ('studio');
INSERT INTO photo_tags (photo_idx, tag_id) VALUES ((SELECT photo_idx FROM photos WHERE photo_id = 1947), (SELECT tag_id FROM tags WHERE name = 'studio'));
INSERT OR IGNORE INTO tags (name) VALUES ('black');
INSERT INTO photo_tags (photo_idx, tag_id) VALUES ((SELECT photo_idx FROM photos WHERE photo_id = 1947), (SELECT tag_id FROM tags WHERE name = 'black'));
INSERT OR IGNORE INTO tags (name) VALUES ('orange');
INSERT INTO photo_tags (photo_idx, tag_id) VALUES ((SELECT photo_idx FROM photos WHERE photo_id = 1947), (SELECT tag_id FROM tags WHERE name = 'orange'));
INSERT OR IGNORE INTO tags (name) VALUES ('rock');
INSERT INTO photo_tags (photo_idx, tag_id) VALUES ((SELECT photo_idx FROM photos WHERE photo_id = 1947), (SELECT tag_id FROM tags WHERE name = 'rock'));

INSERT INTO photos (photo_id, photo_title, photo_collection, photo_location, photo_year, camera, film_stock, film_format) VALUES (1948, 'Boulder Opal', 'Rocks', 'Quilpie Opal Field, Queensland, Australia', 2002, 'Hasselblad', 'Fujichrome Velvia', '6 x 6 cm');
INSERT INTO photos_fts (photo_idx, photo_id, photo_title, photo_collection, photo_location, photo_year, camera, film_stock, film_format, tag_names) VALUES ((SELECT photo_idx FROM photos WHERE photo_id = 1948), 1948, 'Boulder Opal', 'Rocks', 'Quilpie Opal Field, Queensland, Australia', 2002, 'Hasselblad', 'Fujichrome Velvia', '6 x 6 cm', 'horizontal,popular,closeup,abstract,color,studio,rock');
INSERT OR IGNORE INTO tags (name) VALUES ('horizontal');
INSERT INTO photo_tags (photo_idx, tag_id) VALUES ((SELECT photo_idx FROM photos WHERE photo_id = 1948), (SELECT tag_id FROM tags WHERE name = 'horizontal'));
INSERT OR IGNORE INTO tags (name) VALUES ('popular');
INSERT INTO photo_tags (photo_idx, tag_id) VALUES ((SELECT photo_idx FROM photos WHERE photo_id = 1948), (SELECT tag_id FROM tags WHERE name = 'popular'));
INSERT OR IGNORE INTO tags (name) VALUES ('closeup');
INSERT INTO photo_tags (photo_idx, tag_id) VALUES ((SELECT photo_idx FROM photos WHERE photo_id = 1948), (SELECT tag_id FROM tags WHERE name = 'closeup'));
INSERT OR IGNORE INTO tags (name) VALUES ('abstract');
INSERT INTO photo_tags (photo_idx, tag_id) VALUES ((SELECT photo_idx FROM photos WHERE photo_id = 1948), (SELECT tag_id FROM tags WHERE name = 'abstract'));
INSERT OR IGNORE INTO tags (name) VALUES ('color');
INSERT INTO photo_tags (photo_idx, tag_id) VALUES ((SELECT photo_idx FROM photos WHERE photo_id = 1948), (SELECT tag_id FROM tags WHERE name = 'color'));
INSERT OR IGNORE INTO tags (name) VALUES ('studio');
INSERT INTO photo_tags (photo_idx, tag_id) VALUES ((SELECT photo_idx FROM photos WHERE photo_id = 1948), (SELECT tag_id FROM tags WHERE name = 'studio'));
INSERT OR IGNORE INTO tags (name) VALUES ('rock');
INSERT INTO photo_tags (photo_idx, tag_id) VALUES ((SELECT photo_idx FROM photos WHERE photo_id = 1948), (SELECT tag_id FROM tags WHERE name = 'rock'));

INSERT INTO photos (photo_id, photo_title, photo_collection, photo_location, photo_year, camera, film_stock, film_format) VALUES (1949, 'Mookaite', 'Rocks', 'Mooka Station, Kennedy Range, Western Australia', 2002, 'Hasselblad', 'Fujichrome Velvia', '6 x 6 cm');
INSERT INTO photos_fts (photo_idx, photo_id, photo_title, photo_collection, photo_location, photo_year, camera, film_stock, film_format, tag_names) VALUES ((SELECT photo_idx FROM photos WHERE photo_id = 1949), 1949, 'Mookaite', 'Rocks', 'Mooka Station, Kennedy Range, Western Australia', 2002, 'Hasselblad', 'Fujichrome Velvia', '6 x 6 cm', 'horizontal,closeup,abstract,color,studio,orange,rock');
INSERT OR IGNORE INTO tags (name) VALUES ('horizontal');
INSERT INTO photo_tags (photo_idx, tag_id) VALUES ((SELECT photo_idx FROM photos WHERE photo_id = 1949), (SELECT tag_id FROM tags WHERE name = 'horizontal'));
INSERT OR IGNORE INTO tags (name) VALUES ('closeup');
INSERT INTO photo_tags (photo_idx, tag_id) VALUES ((SELECT photo_idx FROM photos WHERE photo_id = 1949), (SELECT tag_id FROM tags WHERE name = 'closeup'));
INSERT OR IGNORE INTO tags (name) VALUES ('abstract');
INSERT INTO photo_tags (photo_idx, tag_id) VALUES ((SELECT photo_idx FROM photos WHERE photo_id = 1949), (SELECT tag_id FROM tags WHERE name = 'abstract'));
INSERT OR IGNORE INTO tags (name) VALUES ('color');
INSERT INTO photo_tags (photo_idx, tag_id) VALUES ((SELECT photo_idx FROM photos WHERE photo_id = 1949), (SELECT tag_id FROM tags WHERE name = 'color'));
INSERT OR IGNORE INTO tags (name) VALUES ('studio');
INSERT INTO photo_tags (photo_idx, tag_id) VALUES ((SELECT photo_idx FROM photos WHERE photo_id = 1949), (SELECT tag_id FROM tags WHERE name = 'studio'));
INSERT OR IGNORE INTO tags (name) VALUES ('orange');
INSERT INTO photo_tags (photo_idx, tag_id) VALUES ((SELECT photo_idx FROM photos WHERE photo_id = 1949), (SELECT tag_id FROM tags WHERE name = 'orange'));
INSERT OR IGNORE INTO tags (name) VALUES ('rock');
INSERT INTO photo_tags (photo_idx, tag_id) VALUES ((SELECT photo_idx FROM photos WHERE photo_id = 1949), (SELECT tag_id FROM tags WHERE name = 'rock'));

INSERT INTO photos (photo_id, photo_title, photo_collection, photo_location, photo_year, camera, film_stock, film_format) VALUES (1950, 'Mookaite', 'Rocks', 'Mooka Station, Kennedy Range, Western Australia', 2002, 'Hasselblad', 'Fujichrome Velvia', '6 x 6 cm');
INSERT INTO photos_fts (photo_idx, photo_id, photo_title, photo_collection, photo_location, photo_year, camera, film_stock, film_format, tag_names) VALUES ((SELECT photo_idx FROM photos WHERE photo_id = 1950), 1950, 'Mookaite', 'Rocks', 'Mooka Station, Kennedy Range, Western Australia', 2002, 'Hasselblad', 'Fujichrome Velvia', '6 x 6 cm', 'vertical,popular,closeup,abstract,color,studio,brown,orange,tan,rock');
INSERT OR IGNORE INTO tags (name) VALUES ('vertical');
INSERT INTO photo_tags (photo_idx, tag_id) VALUES ((SELECT photo_idx FROM photos WHERE photo_id = 1950), (SELECT tag_id FROM tags WHERE name = 'vertical'));
INSERT OR IGNORE INTO tags (name) VALUES ('popular');
INSERT INTO photo_tags (photo_idx, tag_id) VALUES ((SELECT photo_idx FROM photos WHERE photo_id = 1950), (SELECT tag_id FROM tags WHERE name = 'popular'));
INSERT OR IGNORE INTO tags (name) VALUES ('closeup');
INSERT INTO photo_tags (photo_idx, tag_id) VALUES ((SELECT photo_idx FROM photos WHERE photo_id = 1950), (SELECT tag_id FROM tags WHERE name = 'closeup'));
INSERT OR IGNORE INTO tags (name) VALUES ('abstract');
INSERT INTO photo_tags (photo_idx, tag_id) VALUES ((SELECT photo_idx FROM photos WHERE photo_id = 1950), (SELECT tag_id FROM tags WHERE name = 'abstract'));
INSERT OR IGNORE INTO tags (name) VALUES ('color');
INSERT INTO photo_tags (photo_idx, tag_id) VALUES ((SELECT photo_idx FROM photos WHERE photo_id = 1950), (SELECT tag_id FROM tags WHERE name = 'color'));
INSERT OR IGNORE INTO tags (name) VALUES ('studio');
INSERT INTO photo_tags (photo_idx, tag_id) VALUES ((SELECT photo_idx FROM photos WHERE photo_id = 1950), (SELECT tag_id FROM tags WHERE name = 'studio'));
INSERT OR IGNORE INTO tags (name) VALUES ('brown');
INSERT INTO photo_tags (photo_idx, tag_id) VALUES ((SELECT photo_idx FROM photos WHERE photo_id = 1950), (SELECT tag_id FROM tags WHERE name = 'brown'));
INSERT OR IGNORE INTO tags (name) VALUES ('orange');
INSERT INTO photo_tags (photo_idx, tag_id) VALUES ((SELECT photo_idx FROM photos WHERE photo_id = 1950), (SELECT tag_id FROM tags WHERE name = 'orange'));
INSERT OR IGNORE INTO tags (name) VALUES ('tan');
INSERT INTO photo_tags (photo_idx, tag_id) VALUES ((SELECT photo_idx FROM photos WHERE photo_id = 1950), (SELECT tag_id FROM tags WHERE name = 'tan'));
INSERT OR IGNORE INTO tags (name) VALUES ('rock');
INSERT INTO photo_tags (photo_idx, tag_id) VALUES ((SELECT photo_idx FROM photos WHERE photo_id = 1950), (SELECT tag_id FROM tags WHERE name = 'rock'));

INSERT INTO photos (photo_id, photo_title, photo_collection, photo_location, photo_year, camera, film_stock, film_format) VALUES (1952, 'Chrysocolla', 'Rocks', 'Ray Mine, Mineral Creek District, Pinal County, Arizona', 2002, 'Hasselblad', 'Fujichrome Velvia', '6 x 6 cm');
INSERT INTO photos_fts (photo_idx, photo_id, photo_title, photo_collection, photo_location, photo_year, camera, film_stock, film_format, tag_names) VALUES ((SELECT photo_idx FROM photos WHERE photo_id = 1952), 1952, 'Chrysocolla', 'Rocks', 'Ray Mine, Mineral Creek District, Pinal County, Arizona', 2002, 'Hasselblad', 'Fujichrome Velvia', '6 x 6 cm', 'horizontal,closeup,abstract,color,studio,black,blue,green,rock');
INSERT OR IGNORE INTO tags (name) VALUES ('horizontal');
INSERT INTO photo_tags (photo_idx, tag_id) VALUES ((SELECT photo_idx FROM photos WHERE photo_id = 1952), (SELECT tag_id FROM tags WHERE name = 'horizontal'));
INSERT OR IGNORE INTO tags (name) VALUES ('closeup');
INSERT INTO photo_tags (photo_idx, tag_id) VALUES ((SELECT photo_idx FROM photos WHERE photo_id = 1952), (SELECT tag_id FROM tags WHERE name = 'closeup'));
INSERT OR IGNORE INTO tags (name) VALUES ('abstract');
INSERT INTO photo_tags (photo_idx, tag_id) VALUES ((SELECT photo_idx FROM photos WHERE photo_id = 1952), (SELECT tag_id FROM tags WHERE name = 'abstract'));
INSERT OR IGNORE INTO tags (name) VALUES ('color');
INSERT INTO photo_tags (photo_idx, tag_id) VALUES ((SELECT photo_idx FROM photos WHERE photo_id = 1952), (SELECT tag_id FROM tags WHERE name = 'color'));
INSERT OR IGNORE INTO tags (name) VALUES ('studio');
INSERT INTO photo_tags (photo_idx, tag_id) VALUES ((SELECT photo_idx FROM photos WHERE photo_id = 1952), (SELECT tag_id FROM tags WHERE name = 'studio'));
INSERT OR IGNORE INTO tags (name) VALUES ('black');
INSERT INTO photo_tags (photo_idx, tag_id) VALUES ((SELECT photo_idx FROM photos WHERE photo_id = 1952), (SELECT tag_id FROM tags WHERE name = 'black'));
INSERT OR IGNORE INTO tags (name) VALUES ('blue');
INSERT INTO photo_tags (photo_idx, tag_id) VALUES ((SELECT photo_idx FROM photos WHERE photo_id = 1952), (SELECT tag_id FROM tags WHERE name = 'blue'));
INSERT OR IGNORE INTO tags (name) VALUES ('green');
INSERT INTO photo_tags (photo_idx, tag_id) VALUES ((SELECT photo_idx FROM photos WHERE photo_id = 1952), (SELECT tag_id FROM tags WHERE name = 'green'));
INSERT OR IGNORE INTO tags (name) VALUES ('rock');
INSERT INTO photo_tags (photo_idx, tag_id) VALUES ((SELECT photo_idx FROM photos WHERE photo_id = 1952), (SELECT tag_id FROM tags WHERE name = 'rock'));

INSERT INTO photos (photo_id, photo_title, photo_collection, photo_location, photo_year, camera, film_stock, film_format) VALUES (1953, 'Chrysocolla', 'Rocks', 'Ray Mine, Mineral Creek District, Pinal County, Arizona', 2002, 'Hasselblad', 'Fujichrome Velvia', '6 x 6 cm');
INSERT INTO photos_fts (photo_idx, photo_id, photo_title, photo_collection, photo_location, photo_year, camera, film_stock, film_format, tag_names) VALUES ((SELECT photo_idx FROM photos WHERE photo_id = 1953), 1953, 'Chrysocolla', 'Rocks', 'Ray Mine, Mineral Creek District, Pinal County, Arizona', 2002, 'Hasselblad', 'Fujichrome Velvia', '6 x 6 cm', 'horizontal,popular,closeup,abstract,color,studio,green,orange,rock');
INSERT OR IGNORE INTO tags (name) VALUES ('horizontal');
INSERT INTO photo_tags (photo_idx, tag_id) VALUES ((SELECT photo_idx FROM photos WHERE photo_id = 1953), (SELECT tag_id FROM tags WHERE name = 'horizontal'));
INSERT OR IGNORE INTO tags (name) VALUES ('popular');
INSERT INTO photo_tags (photo_idx, tag_id) VALUES ((SELECT photo_idx FROM photos WHERE photo_id = 1953), (SELECT tag_id FROM tags WHERE name = 'popular'));
INSERT OR IGNORE INTO tags (name) VALUES ('closeup');
INSERT INTO photo_tags (photo_idx, tag_id) VALUES ((SELECT photo_idx FROM photos WHERE photo_id = 1953), (SELECT tag_id FROM tags WHERE name = 'closeup'));
INSERT OR IGNORE INTO tags (name) VALUES ('abstract');
INSERT INTO photo_tags (photo_idx, tag_id) VALUES ((SELECT photo_idx FROM photos WHERE photo_id = 1953), (SELECT tag_id FROM tags WHERE name = 'abstract'));
INSERT OR IGNORE INTO tags (name) VALUES ('color');
INSERT INTO photo_tags (photo_idx, tag_id) VALUES ((SELECT photo_idx FROM photos WHERE photo_id = 1953), (SELECT tag_id FROM tags WHERE name = 'color'));
INSERT OR IGNORE INTO tags (name) VALUES ('studio');
INSERT INTO photo_tags (photo_idx, tag_id) VALUES ((SELECT photo_idx FROM photos WHERE photo_id = 1953), (SELECT tag_id FROM tags WHERE name = 'studio'));
INSERT OR IGNORE INTO tags (name) VALUES ('green');
INSERT INTO photo_tags (photo_idx, tag_id) VALUES ((SELECT photo_idx FROM photos WHERE photo_id = 1953), (SELECT tag_id FROM tags WHERE name = 'green'));
INSERT OR IGNORE INTO tags (name) VALUES ('orange');
INSERT INTO photo_tags (photo_idx, tag_id) VALUES ((SELECT photo_idx FROM photos WHERE photo_id = 1953), (SELECT tag_id FROM tags WHERE name = 'orange'));
INSERT OR IGNORE INTO tags (name) VALUES ('rock');
INSERT INTO photo_tags (photo_idx, tag_id) VALUES ((SELECT photo_idx FROM photos WHERE photo_id = 1953), (SELECT tag_id FROM tags WHERE name = 'rock'));

INSERT INTO photos (photo_id, photo_title, photo_collection, photo_location, photo_year, camera, film_stock, film_format) VALUES (1954, 'Blue Calcite', 'Rocks', 'Mapimi, Durango, Mexico', 2002, 'Hasselblad', 'Fujichrome Velvia', '6 x 6 cm');
INSERT INTO photos_fts (photo_idx, photo_id, photo_title, photo_collection, photo_location, photo_year, camera, film_stock, film_format, tag_names) VALUES ((SELECT photo_idx FROM photos WHERE photo_id = 1954), 1954, 'Blue Calcite', 'Rocks', 'Mapimi, Durango, Mexico', 2002, 'Hasselblad', 'Fujichrome Velvia', '6 x 6 cm', 'vertical,popular,closeup,abstract,color,studio,blue,rock');
INSERT OR IGNORE INTO tags (name) VALUES ('vertical');
INSERT INTO photo_tags (photo_idx, tag_id) VALUES ((SELECT photo_idx FROM photos WHERE photo_id = 1954), (SELECT tag_id FROM tags WHERE name = 'vertical'));
INSERT OR IGNORE INTO tags (name) VALUES ('popular');
INSERT INTO photo_tags (photo_idx, tag_id) VALUES ((SELECT photo_idx FROM photos WHERE photo_id = 1954), (SELECT tag_id FROM tags WHERE name = 'popular'));
INSERT OR IGNORE INTO tags (name) VALUES ('closeup');
INSERT INTO photo_tags (photo_idx, tag_id) VALUES ((SELECT photo_idx FROM photos WHERE photo_id = 1954), (SELECT tag_id FROM tags WHERE name = 'closeup'));
INSERT OR IGNORE INTO tags (name) VALUES ('abstract');
INSERT INTO photo_tags (photo_idx, tag_id) VALUES ((SELECT photo_idx FROM photos WHERE photo_id = 1954), (SELECT tag_id FROM tags WHERE name = 'abstract'));
INSERT OR IGNORE INTO tags (name) VALUES ('color');
INSERT INTO photo_tags (photo_idx, tag_id) VALUES ((SELECT photo_idx FROM photos WHERE photo_id = 1954), (SELECT tag_id FROM tags WHERE name = 'color'));
INSERT OR IGNORE INTO tags (name) VALUES ('studio');
INSERT INTO photo_tags (photo_idx, tag_id) VALUES ((SELECT photo_idx FROM photos WHERE photo_id = 1954), (SELECT tag_id FROM tags WHERE name = 'studio'));
INSERT OR IGNORE INTO tags (name) VALUES ('blue');
INSERT INTO photo_tags (photo_idx, tag_id) VALUES ((SELECT photo_idx FROM photos WHERE photo_id = 1954), (SELECT tag_id FROM tags WHERE name = 'blue'));
INSERT OR IGNORE INTO tags (name) VALUES ('rock');
INSERT INTO photo_tags (photo_idx, tag_id) VALUES ((SELECT photo_idx FROM photos WHERE photo_id = 1954), (SELECT tag_id FROM tags WHERE name = 'rock'));

INSERT INTO photos (photo_id, photo_title, photo_collection, photo_location, photo_year, camera, film_stock, film_format) VALUES (1955, 'Charoite', 'Rocks', 'Maly Murun Massif, Sakha Republic, Russia', 2002, 'Hasselblad', 'Fujichrome Velvia', '6 x 6 cm');
INSERT INTO photos_fts (photo_idx, photo_id, photo_title, photo_collection, photo_location, photo_year, camera, film_stock, film_format, tag_names) VALUES ((SELECT photo_idx FROM photos WHERE photo_id = 1955), 1955, 'Charoite', 'Rocks', 'Maly Murun Massif, Sakha Republic, Russia', 2002, 'Hasselblad', 'Fujichrome Velvia', '6 x 6 cm', 'horizontal,closeup,abstract,color,studio,pink,purple,rock');
INSERT OR IGNORE INTO tags (name) VALUES ('horizontal');
INSERT INTO photo_tags (photo_idx, tag_id) VALUES ((SELECT photo_idx FROM photos WHERE photo_id = 1955), (SELECT tag_id FROM tags WHERE name = 'horizontal'));
INSERT OR IGNORE INTO tags (name) VALUES ('closeup');
INSERT INTO photo_tags (photo_idx, tag_id) VALUES ((SELECT photo_idx FROM photos WHERE photo_id = 1955), (SELECT tag_id FROM tags WHERE name = 'closeup'));
INSERT OR IGNORE INTO tags (name) VALUES ('abstract');
INSERT INTO photo_tags (photo_idx, tag_id) VALUES ((SELECT photo_idx FROM photos WHERE photo_id = 1955), (SELECT tag_id FROM tags WHERE name = 'abstract'));
INSERT OR IGNORE INTO tags (name) VALUES ('color');
INSERT INTO photo_tags (photo_idx, tag_id) VALUES ((SELECT photo_idx FROM photos WHERE photo_id = 1955), (SELECT tag_id FROM tags WHERE name = 'color'));
INSERT OR IGNORE INTO tags (name) VALUES ('studio');
INSERT INTO photo_tags (photo_idx, tag_id) VALUES ((SELECT photo_idx FROM photos WHERE photo_id = 1955), (SELECT tag_id FROM tags WHERE name = 'studio'));
INSERT OR IGNORE INTO tags (name) VALUES ('pink');
INSERT INTO photo_tags (photo_idx, tag_id) VALUES ((SELECT photo_idx FROM photos WHERE photo_id = 1955), (SELECT tag_id FROM tags WHERE name = 'pink'));
INSERT OR IGNORE INTO tags (name) VALUES ('purple');
INSERT INTO photo_tags (photo_idx, tag_id) VALUES ((SELECT photo_idx FROM photos WHERE photo_id = 1955), (SELECT tag_id FROM tags WHERE name = 'purple'));
INSERT OR IGNORE INTO tags (name) VALUES ('rock');
INSERT INTO photo_tags (photo_idx, tag_id) VALUES ((SELECT photo_idx FROM photos WHERE photo_id = 1955), (SELECT tag_id FROM tags WHERE name = 'rock'));

INSERT INTO photos (photo_id, photo_title, photo_collection, photo_location, photo_year, camera, film_stock, film_format) VALUES (1956, 'Pietersite', 'Rocks', 'Outjo District, Kunene Region, Namibia', 2002, 'Hasselblad', 'Fujichrome Velvia', '6 x 6 cm');
INSERT INTO photos_fts (photo_idx, photo_id, photo_title, photo_collection, photo_location, photo_year, camera, film_stock, film_format, tag_names) VALUES ((SELECT photo_idx FROM photos WHERE photo_id = 1956), 1956, 'Pietersite', 'Rocks', 'Outjo District, Kunene Region, Namibia', 2002, 'Hasselblad', 'Fujichrome Velvia', '6 x 6 cm', 'horizontal,popular,closeup,abstract,color,studio,brown,tan,yellow,rock');
INSERT OR IGNORE INTO tags (name) VALUES ('horizontal');
INSERT INTO photo_tags (photo_idx, tag_id) VALUES ((SELECT photo_idx FROM photos WHERE photo_id = 1956), (SELECT tag_id FROM tags WHERE name = 'horizontal'));
INSERT OR IGNORE INTO tags (name) VALUES ('popular');
INSERT INTO photo_tags (photo_idx, tag_id) VALUES ((SELECT photo_idx FROM photos WHERE photo_id = 1956), (SELECT tag_id FROM tags WHERE name = 'popular'));
INSERT OR IGNORE INTO tags (name) VALUES ('closeup');
INSERT INTO photo_tags (photo_idx, tag_id) VALUES ((SELECT photo_idx FROM photos WHERE photo_id = 1956), (SELECT tag_id FROM tags WHERE name = 'closeup'));
INSERT OR IGNORE INTO tags (name) VALUES ('abstract');
INSERT INTO photo_tags (photo_idx, tag_id) VALUES ((SELECT photo_idx FROM photos WHERE photo_id = 1956), (SELECT tag_id FROM tags WHERE name = 'abstract'));
INSERT OR IGNORE INTO tags (name) VALUES ('color');
INSERT INTO photo_tags (photo_idx, tag_id) VALUES ((SELECT photo_idx FROM photos WHERE photo_id = 1956), (SELECT tag_id FROM tags WHERE name = 'color'));
INSERT OR IGNORE INTO tags (name) VALUES ('studio');
INSERT INTO photo_tags (photo_idx, tag_id) VALUES ((SELECT photo_idx FROM photos WHERE photo_id = 1956), (SELECT tag_id FROM tags WHERE name = 'studio'));
INSERT OR IGNORE INTO tags (name) VALUES ('brown');
INSERT INTO photo_tags (photo_idx, tag_id) VALUES ((SELECT photo_idx FROM photos WHERE photo_id = 1956), (SELECT tag_id FROM tags WHERE name = 'brown'));
INSERT OR IGNORE INTO tags (name) VALUES ('tan');
INSERT INTO photo_tags (photo_idx, tag_id) VALUES ((SELECT photo_idx FROM photos WHERE photo_id = 1956), (SELECT tag_id FROM tags WHERE name = 'tan'));
INSERT OR IGNORE INTO tags (name) VALUES ('yellow');
INSERT INTO photo_tags (photo_idx, tag_id) VALUES ((SELECT photo_idx FROM photos WHERE photo_id = 1956), (SELECT tag_id FROM tags WHERE name = 'yellow'));
INSERT OR IGNORE INTO tags (name) VALUES ('rock');
INSERT INTO photo_tags (photo_idx, tag_id) VALUES ((SELECT photo_idx FROM photos WHERE photo_id = 1956), (SELECT tag_id FROM tags WHERE name = 'rock'));

INSERT INTO photos (photo_id, photo_title, photo_collection, photo_location, photo_year, camera, film_stock, film_format) VALUES (1958, 'Ocean Jasper', 'Rocks', 'Near Marovato, Mahajanga Province, Madagascar', 2002, 'Hasselblad', 'Fujichrome Velvia', '6 x 6 cm');
INSERT INTO photos_fts (photo_idx, photo_id, photo_title, photo_collection, photo_location, photo_year, camera, film_stock, film_format, tag_names) VALUES ((SELECT photo_idx FROM photos WHERE photo_id = 1958), 1958, 'Ocean Jasper', 'Rocks', 'Near Marovato, Mahajanga Province, Madagascar', 2002, 'Hasselblad', 'Fujichrome Velvia', '6 x 6 cm', 'horizontal,popular,closeup,abstract,color,studio,white,rock');
INSERT OR IGNORE INTO tags (name) VALUES ('horizontal');
INSERT INTO photo_tags (photo_idx, tag_id) VALUES ((SELECT photo_idx FROM photos WHERE photo_id = 1958), (SELECT tag_id FROM tags WHERE name = 'horizontal'));
INSERT OR IGNORE INTO tags (name) VALUES ('popular');
INSERT INTO photo_tags (photo_idx, tag_id) VALUES ((SELECT photo_idx FROM photos WHERE photo_id = 1958), (SELECT tag_id FROM tags WHERE name = 'popular'));
INSERT OR IGNORE INTO tags (name) VALUES ('closeup');
INSERT INTO photo_tags (photo_idx, tag_id) VALUES ((SELECT photo_idx FROM photos WHERE photo_id = 1958), (SELECT tag_id FROM tags WHERE name = 'closeup'));
INSERT OR IGNORE INTO tags (name) VALUES ('abstract');
INSERT INTO photo_tags (photo_idx, tag_id) VALUES ((SELECT photo_idx FROM photos WHERE photo_id = 1958), (SELECT tag_id FROM tags WHERE name = 'abstract'));
INSERT OR IGNORE INTO tags (name) VALUES ('color');
INSERT INTO photo_tags (photo_idx, tag_id) VALUES ((SELECT photo_idx FROM photos WHERE photo_id = 1958), (SELECT tag_id FROM tags WHERE name = 'color'));
INSERT OR IGNORE INTO tags (name) VALUES ('studio');
INSERT INTO photo_tags (photo_idx, tag_id) VALUES ((SELECT photo_idx FROM photos WHERE photo_id = 1958), (SELECT tag_id FROM tags WHERE name = 'studio'));
INSERT OR IGNORE INTO tags (name) VALUES ('white');
INSERT INTO photo_tags (photo_idx, tag_id) VALUES ((SELECT photo_idx FROM photos WHERE photo_id = 1958), (SELECT tag_id FROM tags WHERE name = 'white'));
INSERT OR IGNORE INTO tags (name) VALUES ('rock');
INSERT INTO photo_tags (photo_idx, tag_id) VALUES ((SELECT photo_idx FROM photos WHERE photo_id = 1958), (SELECT tag_id FROM tags WHERE name = 'rock'));

INSERT INTO photos (photo_id, photo_title, photo_collection, photo_location, photo_year, camera, film_stock, film_format) VALUES (1959, 'Ocean Jasper', 'Rocks', 'Near Marovato, Mahajanga Province, Madagascar', 2002, 'Hasselblad', 'Fujichrome Velvia', '6 x 6 cm');
INSERT INTO photos_fts (photo_idx, photo_id, photo_title, photo_collection, photo_location, photo_year, camera, film_stock, film_format, tag_names) VALUES ((SELECT photo_idx FROM photos WHERE photo_id = 1959), 1959, 'Ocean Jasper', 'Rocks', 'Near Marovato, Mahajanga Province, Madagascar', 2002, 'Hasselblad', 'Fujichrome Velvia', '6 x 6 cm', 'horizontal,popular,closeup,abstract,color,studio,brown,rock');
INSERT OR IGNORE INTO tags (name) VALUES ('horizontal');
INSERT INTO photo_tags (photo_idx, tag_id) VALUES ((SELECT photo_idx FROM photos WHERE photo_id = 1959), (SELECT tag_id FROM tags WHERE name = 'horizontal'));
INSERT OR IGNORE INTO tags (name) VALUES ('popular');
INSERT INTO photo_tags (photo_idx, tag_id) VALUES ((SELECT photo_idx FROM photos WHERE photo_id = 1959), (SELECT tag_id FROM tags WHERE name = 'popular'));
INSERT OR IGNORE INTO tags (name) VALUES ('closeup');
INSERT INTO photo_tags (photo_idx, tag_id) VALUES ((SELECT photo_idx FROM photos WHERE photo_id = 1959), (SELECT tag_id FROM tags WHERE name = 'closeup'));
INSERT OR IGNORE INTO tags (name) VALUES ('abstract');
INSERT INTO photo_tags (photo_idx, tag_id) VALUES ((SELECT photo_idx FROM photos WHERE photo_id = 1959), (SELECT tag_id FROM tags WHERE name = 'abstract'));
INSERT OR IGNORE INTO tags (name) VALUES ('color');
INSERT INTO photo_tags (photo_idx, tag_id) VALUES ((SELECT photo_idx FROM photos WHERE photo_id = 1959), (SELECT tag_id FROM tags WHERE name = 'color'));
INSERT OR IGNORE INTO tags (name) VALUES ('studio');
INSERT INTO photo_tags (photo_idx, tag_id) VALUES ((SELECT photo_idx FROM photos WHERE photo_id = 1959), (SELECT tag_id FROM tags WHERE name = 'studio'));
INSERT OR IGNORE INTO tags (name) VALUES ('brown');
INSERT INTO photo_tags (photo_idx, tag_id) VALUES ((SELECT photo_idx FROM photos WHERE photo_id = 1959), (SELECT tag_id FROM tags WHERE name = 'brown'));
INSERT OR IGNORE INTO tags (name) VALUES ('rock');
INSERT INTO photo_tags (photo_idx, tag_id) VALUES ((SELECT photo_idx FROM photos WHERE photo_id = 1959), (SELECT tag_id FROM tags WHERE name = 'rock'));

INSERT INTO photos (photo_id, photo_title, photo_collection, photo_location, photo_year, camera, film_stock, film_format) VALUES (1960, 'Ocean Jasper', 'Rocks', 'Near Marovato, Mahajanga Province, Madagascar', 2002, 'Hasselblad', 'Fujichrome Velvia', '6 x 6 cm');
INSERT INTO photos_fts (photo_idx, photo_id, photo_title, photo_collection, photo_location, photo_year, camera, film_stock, film_format, tag_names) VALUES ((SELECT photo_idx FROM photos WHERE photo_id = 1960), 1960, 'Ocean Jasper', 'Rocks', 'Near Marovato, Mahajanga Province, Madagascar', 2002, 'Hasselblad', 'Fujichrome Velvia', '6 x 6 cm', 'horizontal,popular,closeup,abstract,color,studio,green,rock');
INSERT OR IGNORE INTO tags (name) VALUES ('horizontal');
INSERT INTO photo_tags (photo_idx, tag_id) VALUES ((SELECT photo_idx FROM photos WHERE photo_id = 1960), (SELECT tag_id FROM tags WHERE name = 'horizontal'));
INSERT OR IGNORE INTO tags (name) VALUES ('popular');
INSERT INTO photo_tags (photo_idx, tag_id) VALUES ((SELECT photo_idx FROM photos WHERE photo_id = 1960), (SELECT tag_id FROM tags WHERE name = 'popular'));
INSERT OR IGNORE INTO tags (name) VALUES ('closeup');
INSERT INTO photo_tags (photo_idx, tag_id) VALUES ((SELECT photo_idx FROM photos WHERE photo_id = 1960), (SELECT tag_id FROM tags WHERE name = 'closeup'));
INSERT OR IGNORE INTO tags (name) VALUES ('abstract');
INSERT INTO photo_tags (photo_idx, tag_id) VALUES ((SELECT photo_idx FROM photos WHERE photo_id = 1960), (SELECT tag_id FROM tags WHERE name = 'abstract'));
INSERT OR IGNORE INTO tags (name) VALUES ('color');
INSERT INTO photo_tags (photo_idx, tag_id) VALUES ((SELECT photo_idx FROM photos WHERE photo_id = 1960), (SELECT tag_id FROM tags WHERE name = 'color'));
INSERT OR IGNORE INTO tags (name) VALUES ('studio');
INSERT INTO photo_tags (photo_idx, tag_id) VALUES ((SELECT photo_idx FROM photos WHERE photo_id = 1960), (SELECT tag_id FROM tags WHERE name = 'studio'));
INSERT OR IGNORE INTO tags (name) VALUES ('green');
INSERT INTO photo_tags (photo_idx, tag_id) VALUES ((SELECT photo_idx FROM photos WHERE photo_id = 1960), (SELECT tag_id FROM tags WHERE name = 'green'));
INSERT OR IGNORE INTO tags (name) VALUES ('rock');
INSERT INTO photo_tags (photo_idx, tag_id) VALUES ((SELECT photo_idx FROM photos WHERE photo_id = 1960), (SELECT tag_id FROM tags WHERE name = 'rock'));

INSERT INTO photos (photo_id, photo_title, photo_collection, photo_location, photo_year, camera, film_stock, film_format) VALUES (1961, 'Ocean Jasper', 'Rocks', 'Near Marovato, Mahajanga Province, Madagascar', 2002, 'Hasselblad', 'Fujichrome Velvia', '6 x 6 cm');
INSERT INTO photos_fts (photo_idx, photo_id, photo_title, photo_collection, photo_location, photo_year, camera, film_stock, film_format, tag_names) VALUES ((SELECT photo_idx FROM photos WHERE photo_id = 1961), 1961, 'Ocean Jasper', 'Rocks', 'Near Marovato, Mahajanga Province, Madagascar', 2002, 'Hasselblad', 'Fujichrome Velvia', '6 x 6 cm', 'vertical,closeup,abstract,color,studio,black,brown,rock');
INSERT OR IGNORE INTO tags (name) VALUES ('vertical');
INSERT INTO photo_tags (photo_idx, tag_id) VALUES ((SELECT photo_idx FROM photos WHERE photo_id = 1961), (SELECT tag_id FROM tags WHERE name = 'vertical'));
INSERT OR IGNORE INTO tags (name) VALUES ('closeup');
INSERT INTO photo_tags (photo_idx, tag_id) VALUES ((SELECT photo_idx FROM photos WHERE photo_id = 1961), (SELECT tag_id FROM tags WHERE name = 'closeup'));
INSERT OR IGNORE INTO tags (name) VALUES ('abstract');
INSERT INTO photo_tags (photo_idx, tag_id) VALUES ((SELECT photo_idx FROM photos WHERE photo_id = 1961), (SELECT tag_id FROM tags WHERE name = 'abstract'));
INSERT OR IGNORE INTO tags (name) VALUES ('color');
INSERT INTO photo_tags (photo_idx, tag_id) VALUES ((SELECT photo_idx FROM photos WHERE photo_id = 1961), (SELECT tag_id FROM tags WHERE name = 'color'));
INSERT OR IGNORE INTO tags (name) VALUES ('studio');
INSERT INTO photo_tags (photo_idx, tag_id) VALUES ((SELECT photo_idx FROM photos WHERE photo_id = 1961), (SELECT tag_id FROM tags WHERE name = 'studio'));
INSERT OR IGNORE INTO tags (name) VALUES ('black');
INSERT INTO photo_tags (photo_idx, tag_id) VALUES ((SELECT photo_idx FROM photos WHERE photo_id = 1961), (SELECT tag_id FROM tags WHERE name = 'black'));
INSERT OR IGNORE INTO tags (name) VALUES ('brown');
INSERT INTO photo_tags (photo_idx, tag_id) VALUES ((SELECT photo_idx FROM photos WHERE photo_id = 1961), (SELECT tag_id FROM tags WHERE name = 'brown'));
INSERT OR IGNORE INTO tags (name) VALUES ('rock');
INSERT INTO photo_tags (photo_idx, tag_id) VALUES ((SELECT photo_idx FROM photos WHERE photo_id = 1961), (SELECT tag_id FROM tags WHERE name = 'rock'));

INSERT INTO photos (photo_id, photo_title, photo_collection, photo_location, photo_year, camera, film_stock, film_format) VALUES (1963, 'Plume Agate', 'Rocks', 'Graveyard Point, Malheur County, Oregon', 2002, 'Hasselblad', 'Fujichrome Velvia', '6 x 6 cm');
INSERT INTO photos_fts (photo_idx, photo_id, photo_title, photo_collection, photo_location, photo_year, camera, film_stock, film_format, tag_names) VALUES ((SELECT photo_idx FROM photos WHERE photo_id = 1963), 1963, 'Plume Agate', 'Rocks', 'Graveyard Point, Malheur County, Oregon', 2002, 'Hasselblad', 'Fujichrome Velvia', '6 x 6 cm', 'vertical,popular,closeup,abstract,color,studio,blue,rock');
INSERT OR IGNORE INTO tags (name) VALUES ('vertical');
INSERT INTO photo_tags (photo_idx, tag_id) VALUES ((SELECT photo_idx FROM photos WHERE photo_id = 1963), (SELECT tag_id FROM tags WHERE name = 'vertical'));
INSERT OR IGNORE INTO tags (name) VALUES ('popular');
INSERT INTO photo_tags (photo_idx, tag_id) VALUES ((SELECT photo_idx FROM photos WHERE photo_id = 1963), (SELECT tag_id FROM tags WHERE name = 'popular'));
INSERT OR IGNORE INTO tags (name) VALUES ('closeup');
INSERT INTO photo_tags (photo_idx, tag_id) VALUES ((SELECT photo_idx FROM photos WHERE photo_id = 1963), (SELECT tag_id FROM tags WHERE name = 'closeup'));
INSERT OR IGNORE INTO tags (name) VALUES ('abstract');
INSERT INTO photo_tags (photo_idx, tag_id) VALUES ((SELECT photo_idx FROM photos WHERE photo_id = 1963), (SELECT tag_id FROM tags WHERE name = 'abstract'));
INSERT OR IGNORE INTO tags (name) VALUES ('color');
INSERT INTO photo_tags (photo_idx, tag_id) VALUES ((SELECT photo_idx FROM photos WHERE photo_id = 1963), (SELECT tag_id FROM tags WHERE name = 'color'));
INSERT OR IGNORE INTO tags (name) VALUES ('studio');
INSERT INTO photo_tags (photo_idx, tag_id) VALUES ((SELECT photo_idx FROM photos WHERE photo_id = 1963), (SELECT tag_id FROM tags WHERE name = 'studio'));
INSERT OR IGNORE INTO tags (name) VALUES ('blue');
INSERT INTO photo_tags (photo_idx, tag_id) VALUES ((SELECT photo_idx FROM photos WHERE photo_id = 1963), (SELECT tag_id FROM tags WHERE name = 'blue'));
INSERT OR IGNORE INTO tags (name) VALUES ('rock');
INSERT INTO photo_tags (photo_idx, tag_id) VALUES ((SELECT photo_idx FROM photos WHERE photo_id = 1963), (SELECT tag_id FROM tags WHERE name = 'rock'));

INSERT INTO photos (photo_id, photo_title, photo_collection, photo_location, photo_year, camera, film_stock, film_format) VALUES (1965, 'Agua Nueva Agate', 'Rocks', 'Mi Sueno Claim, Rancho Agua Nueva, Chihuahua, Mexico', 2002, 'Hasselblad', 'Fujichrome Velvia', '6 x 6 cm');
INSERT INTO photos_fts (photo_idx, photo_id, photo_title, photo_collection, photo_location, photo_year, camera, film_stock, film_format, tag_names) VALUES ((SELECT photo_idx FROM photos WHERE photo_id = 1965), 1965, 'Agua Nueva Agate', 'Rocks', 'Mi Sueno Claim, Rancho Agua Nueva, Chihuahua, Mexico', 2002, 'Hasselblad', 'Fujichrome Velvia', '6 x 6 cm', 'horizontal,popular,closeup,abstract,color,studio,blue,white,rock');
INSERT OR IGNORE INTO tags (name) VALUES ('horizontal');
INSERT INTO photo_tags (photo_idx, tag_id) VALUES ((SELECT photo_idx FROM photos WHERE photo_id = 1965), (SELECT tag_id FROM tags WHERE name = 'horizontal'));
INSERT OR IGNORE INTO tags (name) VALUES ('popular');
INSERT INTO photo_tags (photo_idx, tag_id) VALUES ((SELECT photo_idx FROM photos WHERE photo_id = 1965), (SELECT tag_id FROM tags WHERE name = 'popular'));
INSERT OR IGNORE INTO tags (name) VALUES ('closeup');
INSERT INTO photo_tags (photo_idx, tag_id) VALUES ((SELECT photo_idx FROM photos WHERE photo_id = 1965), (SELECT tag_id FROM tags WHERE name = 'closeup'));
INSERT OR IGNORE INTO tags (name) VALUES ('abstract');
INSERT INTO photo_tags (photo_idx, tag_id) VALUES ((SELECT photo_idx FROM photos WHERE photo_id = 1965), (SELECT tag_id FROM tags WHERE name = 'abstract'));
INSERT OR IGNORE INTO tags (name) VALUES ('color');
INSERT INTO photo_tags (photo_idx, tag_id) VALUES ((SELECT photo_idx FROM photos WHERE photo_id = 1965), (SELECT tag_id FROM tags WHERE name = 'color'));
INSERT OR IGNORE INTO tags (name) VALUES ('studio');
INSERT INTO photo_tags (photo_idx, tag_id) VALUES ((SELECT photo_idx FROM photos WHERE photo_id = 1965), (SELECT tag_id FROM tags WHERE name = 'studio'));
INSERT OR IGNORE INTO tags (name) VALUES ('blue');
INSERT INTO photo_tags (photo_idx, tag_id) VALUES ((SELECT photo_idx FROM photos WHERE photo_id = 1965), (SELECT tag_id FROM tags WHERE name = 'blue'));
INSERT OR IGNORE INTO tags (name) VALUES ('white');
INSERT INTO photo_tags (photo_idx, tag_id) VALUES ((SELECT photo_idx FROM photos WHERE photo_id = 1965), (SELECT tag_id FROM tags WHERE name = 'white'));
INSERT OR IGNORE INTO tags (name) VALUES ('rock');
INSERT INTO photo_tags (photo_idx, tag_id) VALUES ((SELECT photo_idx FROM photos WHERE photo_id = 1965), (SELECT tag_id FROM tags WHERE name = 'rock'));

INSERT INTO photos (photo_id, photo_title, photo_collection, photo_location, photo_year, camera, film_stock, film_format) VALUES (1966, 'Morrisonite', 'Rocks', 'Morrison Ranch, Owyhee River Canyon, Malheur County, Oregon', 2002, 'Hasselblad', 'Fujichrome Velvia', '6 x 6 cm');
INSERT INTO photos_fts (photo_idx, photo_id, photo_title, photo_collection, photo_location, photo_year, camera, film_stock, film_format, tag_names) VALUES ((SELECT photo_idx FROM photos WHERE photo_id = 1966), 1966, 'Morrisonite', 'Rocks', 'Morrison Ranch, Owyhee River Canyon, Malheur County, Oregon', 2002, 'Hasselblad', 'Fujichrome Velvia', '6 x 6 cm', 'vertical,closeup,abstract,color,studio,brown,tan,rock');
INSERT OR IGNORE INTO tags (name) VALUES ('vertical');
INSERT INTO photo_tags (photo_idx, tag_id) VALUES ((SELECT photo_idx FROM photos WHERE photo_id = 1966), (SELECT tag_id FROM tags WHERE name = 'vertical'));
INSERT OR IGNORE INTO tags (name) VALUES ('closeup');
INSERT INTO photo_tags (photo_idx, tag_id) VALUES ((SELECT photo_idx FROM photos WHERE photo_id = 1966), (SELECT tag_id FROM tags WHERE name = 'closeup'));
INSERT OR IGNORE INTO tags (name) VALUES ('abstract');
INSERT INTO photo_tags (photo_idx, tag_id) VALUES ((SELECT photo_idx FROM photos WHERE photo_id = 1966), (SELECT tag_id FROM tags WHERE name = 'abstract'));
INSERT OR IGNORE INTO tags (name) VALUES ('color');
INSERT INTO photo_tags (photo_idx, tag_id) VALUES ((SELECT photo_idx FROM photos WHERE photo_id = 1966), (SELECT tag_id FROM tags WHERE name = 'color'));
INSERT OR IGNORE INTO tags (name) VALUES ('studio');
INSERT INTO photo_tags (photo_idx, tag_id) VALUES ((SELECT photo_idx FROM photos WHERE photo_id = 1966), (SELECT tag_id FROM tags WHERE name = 'studio'));
INSERT OR IGNORE INTO tags (name) VALUES ('brown');
INSERT INTO photo_tags (photo_idx, tag_id) VALUES ((SELECT photo_idx FROM photos WHERE photo_id = 1966), (SELECT tag_id FROM tags WHERE name = 'brown'));
INSERT OR IGNORE INTO tags (name) VALUES ('tan');
INSERT INTO photo_tags (photo_idx, tag_id) VALUES ((SELECT photo_idx FROM photos WHERE photo_id = 1966), (SELECT tag_id FROM tags WHERE name = 'tan'));
INSERT OR IGNORE INTO tags (name) VALUES ('rock');
INSERT INTO photo_tags (photo_idx, tag_id) VALUES ((SELECT photo_idx FROM photos WHERE photo_id = 1966), (SELECT tag_id FROM tags WHERE name = 'rock'));

INSERT INTO photos (photo_id, photo_title, photo_collection, photo_location, photo_year, camera, film_stock, film_format) VALUES (1967, 'Ocean Jasper', 'Rocks', 'Near Marovato, Mahajanga Province, Madagascar', 2002, 'Hasselblad', 'Fujichrome Velvia', '6 x 6 cm');
INSERT INTO photos_fts (photo_idx, photo_id, photo_title, photo_collection, photo_location, photo_year, camera, film_stock, film_format, tag_names) VALUES ((SELECT photo_idx FROM photos WHERE photo_id = 1967), 1967, 'Ocean Jasper', 'Rocks', 'Near Marovato, Mahajanga Province, Madagascar', 2002, 'Hasselblad', 'Fujichrome Velvia', '6 x 6 cm', 'vertical,closeup,abstract,color,studio,brown,green,tan,rock');
INSERT OR IGNORE INTO tags (name) VALUES ('vertical');
INSERT INTO photo_tags (photo_idx, tag_id) VALUES ((SELECT photo_idx FROM photos WHERE photo_id = 1967), (SELECT tag_id FROM tags WHERE name = 'vertical'));
INSERT OR IGNORE INTO tags (name) VALUES ('closeup');
INSERT INTO photo_tags (photo_idx, tag_id) VALUES ((SELECT photo_idx FROM photos WHERE photo_id = 1967), (SELECT tag_id FROM tags WHERE name = 'closeup'));
INSERT OR IGNORE INTO tags (name) VALUES ('abstract');
INSERT INTO photo_tags (photo_idx, tag_id) VALUES ((SELECT photo_idx FROM photos WHERE photo_id = 1967), (SELECT tag_id FROM tags WHERE name = 'abstract'));
INSERT OR IGNORE INTO tags (name) VALUES ('color');
INSERT INTO photo_tags (photo_idx, tag_id) VALUES ((SELECT photo_idx FROM photos WHERE photo_id = 1967), (SELECT tag_id FROM tags WHERE name = 'color'));
INSERT OR IGNORE INTO tags (name) VALUES ('studio');
INSERT INTO photo_tags (photo_idx, tag_id) VALUES ((SELECT photo_idx FROM photos WHERE photo_id = 1967), (SELECT tag_id FROM tags WHERE name = 'studio'));
INSERT OR IGNORE INTO tags (name) VALUES ('brown');
INSERT INTO photo_tags (photo_idx, tag_id) VALUES ((SELECT photo_idx FROM photos WHERE photo_id = 1967), (SELECT tag_id FROM tags WHERE name = 'brown'));
INSERT OR IGNORE INTO tags (name) VALUES ('green');
INSERT INTO photo_tags (photo_idx, tag_id) VALUES ((SELECT photo_idx FROM photos WHERE photo_id = 1967), (SELECT tag_id FROM tags WHERE name = 'green'));
INSERT OR IGNORE INTO tags (name) VALUES ('tan');
INSERT INTO photo_tags (photo_idx, tag_id) VALUES ((SELECT photo_idx FROM photos WHERE photo_id = 1967), (SELECT tag_id FROM tags WHERE name = 'tan'));
INSERT OR IGNORE INTO tags (name) VALUES ('rock');
INSERT INTO photo_tags (photo_idx, tag_id) VALUES ((SELECT photo_idx FROM photos WHERE photo_id = 1967), (SELECT tag_id FROM tags WHERE name = 'rock'));

INSERT INTO photos (photo_id, photo_title, photo_collection, photo_location, photo_year, camera, film_stock, film_format) VALUES (1969, 'Ocean Jasper', 'Rocks', 'Near Marovato, Mahajanga Province, Madagascar', 2002, 'Hasselblad', 'Fujichrome Velvia', '6 x 6 cm');
INSERT INTO photos_fts (photo_idx, photo_id, photo_title, photo_collection, photo_location, photo_year, camera, film_stock, film_format, tag_names) VALUES ((SELECT photo_idx FROM photos WHERE photo_id = 1969), 1969, 'Ocean Jasper', 'Rocks', 'Near Marovato, Mahajanga Province, Madagascar', 2002, 'Hasselblad', 'Fujichrome Velvia', '6 x 6 cm', 'vertical,closeup,abstract,color,studio,brown,rock');
INSERT OR IGNORE INTO tags (name) VALUES ('vertical');
INSERT INTO photo_tags (photo_idx, tag_id) VALUES ((SELECT photo_idx FROM photos WHERE photo_id = 1969), (SELECT tag_id FROM tags WHERE name = 'vertical'));
INSERT OR IGNORE INTO tags (name) VALUES ('closeup');
INSERT INTO photo_tags (photo_idx, tag_id) VALUES ((SELECT photo_idx FROM photos WHERE photo_id = 1969), (SELECT tag_id FROM tags WHERE name = 'closeup'));
INSERT OR IGNORE INTO tags (name) VALUES ('abstract');
INSERT INTO photo_tags (photo_idx, tag_id) VALUES ((SELECT photo_idx FROM photos WHERE photo_id = 1969), (SELECT tag_id FROM tags WHERE name = 'abstract'));
INSERT OR IGNORE INTO tags (name) VALUES ('color');
INSERT INTO photo_tags (photo_idx, tag_id) VALUES ((SELECT photo_idx FROM photos WHERE photo_id = 1969), (SELECT tag_id FROM tags WHERE name = 'color'));
INSERT OR IGNORE INTO tags (name) VALUES ('studio');
INSERT INTO photo_tags (photo_idx, tag_id) VALUES ((SELECT photo_idx FROM photos WHERE photo_id = 1969), (SELECT tag_id FROM tags WHERE name = 'studio'));
INSERT OR IGNORE INTO tags (name) VALUES ('brown');
INSERT INTO photo_tags (photo_idx, tag_id) VALUES ((SELECT photo_idx FROM photos WHERE photo_id = 1969), (SELECT tag_id FROM tags WHERE name = 'brown'));
INSERT OR IGNORE INTO tags (name) VALUES ('rock');
INSERT INTO photo_tags (photo_idx, tag_id) VALUES ((SELECT photo_idx FROM photos WHERE photo_id = 1969), (SELECT tag_id FROM tags WHERE name = 'rock'));

INSERT INTO photos (photo_id, photo_title, photo_collection, photo_location, photo_year, camera, film_stock, film_format) VALUES (1970, 'Ocean Jasper', 'Rocks', 'Near Marovato, Mahajanga Province, Madagascar', 2002, 'Hasselblad', 'Fujichrome Velvia', '6 x 6 cm');
INSERT INTO photos_fts (photo_idx, photo_id, photo_title, photo_collection, photo_location, photo_year, camera, film_stock, film_format, tag_names) VALUES ((SELECT photo_idx FROM photos WHERE photo_id = 1970), 1970, 'Ocean Jasper', 'Rocks', 'Near Marovato, Mahajanga Province, Madagascar', 2002, 'Hasselblad', 'Fujichrome Velvia', '6 x 6 cm', 'horizontal,closeup,abstract,color,studio,green,rock');
INSERT OR IGNORE INTO tags (name) VALUES ('horizontal');
INSERT INTO photo_tags (photo_idx, tag_id) VALUES ((SELECT photo_idx FROM photos WHERE photo_id = 1970), (SELECT tag_id FROM tags WHERE name = 'horizontal'));
INSERT OR IGNORE INTO tags (name) VALUES ('closeup');
INSERT INTO photo_tags (photo_idx, tag_id) VALUES ((SELECT photo_idx FROM photos WHERE photo_id = 1970), (SELECT tag_id FROM tags WHERE name = 'closeup'));
INSERT OR IGNORE INTO tags (name) VALUES ('abstract');
INSERT INTO photo_tags (photo_idx, tag_id) VALUES ((SELECT photo_idx FROM photos WHERE photo_id = 1970), (SELECT tag_id FROM tags WHERE name = 'abstract'));
INSERT OR IGNORE INTO tags (name) VALUES ('color');
INSERT INTO photo_tags (photo_idx, tag_id) VALUES ((SELECT photo_idx FROM photos WHERE photo_id = 1970), (SELECT tag_id FROM tags WHERE name = 'color'));
INSERT OR IGNORE INTO tags (name) VALUES ('studio');
INSERT INTO photo_tags (photo_idx, tag_id) VALUES ((SELECT photo_idx FROM photos WHERE photo_id = 1970), (SELECT tag_id FROM tags WHERE name = 'studio'));
INSERT OR IGNORE INTO tags (name) VALUES ('green');
INSERT INTO photo_tags (photo_idx, tag_id) VALUES ((SELECT photo_idx FROM photos WHERE photo_id = 1970), (SELECT tag_id FROM tags WHERE name = 'green'));
INSERT OR IGNORE INTO tags (name) VALUES ('rock');
INSERT INTO photo_tags (photo_idx, tag_id) VALUES ((SELECT photo_idx FROM photos WHERE photo_id = 1970), (SELECT tag_id FROM tags WHERE name = 'rock'));

INSERT INTO photos (photo_id, photo_title, photo_collection, photo_location, photo_year, camera, film_stock, film_format) VALUES (1971, 'Matrix Opal', 'Rocks', 'Australia', 2002, 'Hasselblad', 'Fujichrome Velvia', '6 x 6 cm');
INSERT INTO photos_fts (photo_idx, photo_id, photo_title, photo_collection, photo_location, photo_year, camera, film_stock, film_format, tag_names) VALUES ((SELECT photo_idx FROM photos WHERE photo_id = 1971), 1971, 'Matrix Opal', 'Rocks', 'Australia', 2002, 'Hasselblad', 'Fujichrome Velvia', '6 x 6 cm', 'horizontal,closeup,abstract,color,studio,brown,rock');
INSERT OR IGNORE INTO tags (name) VALUES ('horizontal');
INSERT INTO photo_tags (photo_idx, tag_id) VALUES ((SELECT photo_idx FROM photos WHERE photo_id = 1971), (SELECT tag_id FROM tags WHERE name = 'horizontal'));
INSERT OR IGNORE INTO tags (name) VALUES ('closeup');
INSERT INTO photo_tags (photo_idx, tag_id) VALUES ((SELECT photo_idx FROM photos WHERE photo_id = 1971), (SELECT tag_id FROM tags WHERE name = 'closeup'));
INSERT OR IGNORE INTO tags (name) VALUES ('abstract');
INSERT INTO photo_tags (photo_idx, tag_id) VALUES ((SELECT photo_idx FROM photos WHERE photo_id = 1971), (SELECT tag_id FROM tags WHERE name = 'abstract'));
INSERT OR IGNORE INTO tags (name) VALUES ('color');
INSERT INTO photo_tags (photo_idx, tag_id) VALUES ((SELECT photo_idx FROM photos WHERE photo_id = 1971), (SELECT tag_id FROM tags WHERE name = 'color'));
INSERT OR IGNORE INTO tags (name) VALUES ('studio');
INSERT INTO photo_tags (photo_idx, tag_id) VALUES ((SELECT photo_idx FROM photos WHERE photo_id = 1971), (SELECT tag_id FROM tags WHERE name = 'studio'));
INSERT OR IGNORE INTO tags (name) VALUES ('brown');
INSERT INTO photo_tags (photo_idx, tag_id) VALUES ((SELECT photo_idx FROM photos WHERE photo_id = 1971), (SELECT tag_id FROM tags WHERE name = 'brown'));
INSERT OR IGNORE INTO tags (name) VALUES ('rock');
INSERT INTO photo_tags (photo_idx, tag_id) VALUES ((SELECT photo_idx FROM photos WHERE photo_id = 1971), (SELECT tag_id FROM tags WHERE name = 'rock'));

INSERT INTO photos (photo_id, photo_title, photo_collection, photo_location, photo_year, camera, film_stock, film_format) VALUES (1973, 'Mookaite', 'Rocks', 'Mooka Station, Kennedy Range, Western Australia', 2002, 'Hasselblad', 'Fujichrome Velvia', '6 x 6 cm');
INSERT INTO photos_fts (photo_idx, photo_id, photo_title, photo_collection, photo_location, photo_year, camera, film_stock, film_format, tag_names) VALUES ((SELECT photo_idx FROM photos WHERE photo_id = 1973), 1973, 'Mookaite', 'Rocks', 'Mooka Station, Kennedy Range, Western Australia', 2002, 'Hasselblad', 'Fujichrome Velvia', '6 x 6 cm', 'vertical,closeup,abstract,color,studio,black,orange,rock');
INSERT OR IGNORE INTO tags (name) VALUES ('vertical');
INSERT INTO photo_tags (photo_idx, tag_id) VALUES ((SELECT photo_idx FROM photos WHERE photo_id = 1973), (SELECT tag_id FROM tags WHERE name = 'vertical'));
INSERT OR IGNORE INTO tags (name) VALUES ('closeup');
INSERT INTO photo_tags (photo_idx, tag_id) VALUES ((SELECT photo_idx FROM photos WHERE photo_id = 1973), (SELECT tag_id FROM tags WHERE name = 'closeup'));
INSERT OR IGNORE INTO tags (name) VALUES ('abstract');
INSERT INTO photo_tags (photo_idx, tag_id) VALUES ((SELECT photo_idx FROM photos WHERE photo_id = 1973), (SELECT tag_id FROM tags WHERE name = 'abstract'));
INSERT OR IGNORE INTO tags (name) VALUES ('color');
INSERT INTO photo_tags (photo_idx, tag_id) VALUES ((SELECT photo_idx FROM photos WHERE photo_id = 1973), (SELECT tag_id FROM tags WHERE name = 'color'));
INSERT OR IGNORE INTO tags (name) VALUES ('studio');
INSERT INTO photo_tags (photo_idx, tag_id) VALUES ((SELECT photo_idx FROM photos WHERE photo_id = 1973), (SELECT tag_id FROM tags WHERE name = 'studio'));
INSERT OR IGNORE INTO tags (name) VALUES ('black');
INSERT INTO photo_tags (photo_idx, tag_id) VALUES ((SELECT photo_idx FROM photos WHERE photo_id = 1973), (SELECT tag_id FROM tags WHERE name = 'black'));
INSERT OR IGNORE INTO tags (name) VALUES ('orange');
INSERT INTO photo_tags (photo_idx, tag_id) VALUES ((SELECT photo_idx FROM photos WHERE photo_id = 1973), (SELECT tag_id FROM tags WHERE name = 'orange'));
INSERT OR IGNORE INTO tags (name) VALUES ('rock');
INSERT INTO photo_tags (photo_idx, tag_id) VALUES ((SELECT photo_idx FROM photos WHERE photo_id = 1973), (SELECT tag_id FROM tags WHERE name = 'rock'));

INSERT INTO photos (photo_id, photo_title, photo_collection, photo_location, photo_year, camera, film_stock, film_format) VALUES (1976, 'Chrysocolla', 'Rocks', 'Morenci Mine, Greenlee County, Arizona', 2002, 'Hasselblad', 'Fujichrome Velvia', '6 x 6 cm');
INSERT INTO photos_fts (photo_idx, photo_id, photo_title, photo_collection, photo_location, photo_year, camera, film_stock, film_format, tag_names) VALUES ((SELECT photo_idx FROM photos WHERE photo_id = 1976), 1976, 'Chrysocolla', 'Rocks', 'Morenci Mine, Greenlee County, Arizona', 2002, 'Hasselblad', 'Fujichrome Velvia', '6 x 6 cm', 'horizontal,popular,closeup,abstract,color,studio,blue,green,rock');
INSERT OR IGNORE INTO tags (name) VALUES ('horizontal');
INSERT INTO photo_tags (photo_idx, tag_id) VALUES ((SELECT photo_idx FROM photos WHERE photo_id = 1976), (SELECT tag_id FROM tags WHERE name = 'horizontal'));
INSERT OR IGNORE INTO tags (name) VALUES ('popular');
INSERT INTO photo_tags (photo_idx, tag_id) VALUES ((SELECT photo_idx FROM photos WHERE photo_id = 1976), (SELECT tag_id FROM tags WHERE name = 'popular'));
INSERT OR IGNORE INTO tags (name) VALUES ('closeup');
INSERT INTO photo_tags (photo_idx, tag_id) VALUES ((SELECT photo_idx FROM photos WHERE photo_id = 1976), (SELECT tag_id FROM tags WHERE name = 'closeup'));
INSERT OR IGNORE INTO tags (name) VALUES ('abstract');
INSERT INTO photo_tags (photo_idx, tag_id) VALUES ((SELECT photo_idx FROM photos WHERE photo_id = 1976), (SELECT tag_id FROM tags WHERE name = 'abstract'));
INSERT OR IGNORE INTO tags (name) VALUES ('color');
INSERT INTO photo_tags (photo_idx, tag_id) VALUES ((SELECT photo_idx FROM photos WHERE photo_id = 1976), (SELECT tag_id FROM tags WHERE name = 'color'));
INSERT OR IGNORE INTO tags (name) VALUES ('studio');
INSERT INTO photo_tags (photo_idx, tag_id) VALUES ((SELECT photo_idx FROM photos WHERE photo_id = 1976), (SELECT tag_id FROM tags WHERE name = 'studio'));
INSERT OR IGNORE INTO tags (name) VALUES ('blue');
INSERT INTO photo_tags (photo_idx, tag_id) VALUES ((SELECT photo_idx FROM photos WHERE photo_id = 1976), (SELECT tag_id FROM tags WHERE name = 'blue'));
INSERT OR IGNORE INTO tags (name) VALUES ('green');
INSERT INTO photo_tags (photo_idx, tag_id) VALUES ((SELECT photo_idx FROM photos WHERE photo_id = 1976), (SELECT tag_id FROM tags WHERE name = 'green'));
INSERT OR IGNORE INTO tags (name) VALUES ('rock');
INSERT INTO photo_tags (photo_idx, tag_id) VALUES ((SELECT photo_idx FROM photos WHERE photo_id = 1976), (SELECT tag_id FROM tags WHERE name = 'rock'));

INSERT INTO photos (photo_id, photo_title, photo_collection, photo_location, photo_year, camera, film_stock, film_format) VALUES (1977, 'Chrysocolla', 'Rocks', 'Morenci Mine, Greenlee County, Arizona', 2002, 'Hasselblad', 'Fujichrome Velvia', '6 x 6 cm');
INSERT INTO photos_fts (photo_idx, photo_id, photo_title, photo_collection, photo_location, photo_year, camera, film_stock, film_format, tag_names) VALUES ((SELECT photo_idx FROM photos WHERE photo_id = 1977), 1977, 'Chrysocolla', 'Rocks', 'Morenci Mine, Greenlee County, Arizona', 2002, 'Hasselblad', 'Fujichrome Velvia', '6 x 6 cm', 'horizontal,popular,closeup,abstract,color,studio,blue,green,rock');
INSERT OR IGNORE INTO tags (name) VALUES ('horizontal');
INSERT INTO photo_tags (photo_idx, tag_id) VALUES ((SELECT photo_idx FROM photos WHERE photo_id = 1977), (SELECT tag_id FROM tags WHERE name = 'horizontal'));
INSERT OR IGNORE INTO tags (name) VALUES ('popular');
INSERT INTO photo_tags (photo_idx, tag_id) VALUES ((SELECT photo_idx FROM photos WHERE photo_id = 1977), (SELECT tag_id FROM tags WHERE name = 'popular'));
INSERT OR IGNORE INTO tags (name) VALUES ('closeup');
INSERT INTO photo_tags (photo_idx, tag_id) VALUES ((SELECT photo_idx FROM photos WHERE photo_id = 1977), (SELECT tag_id FROM tags WHERE name = 'closeup'));
INSERT OR IGNORE INTO tags (name) VALUES ('abstract');
INSERT INTO photo_tags (photo_idx, tag_id) VALUES ((SELECT photo_idx FROM photos WHERE photo_id = 1977), (SELECT tag_id FROM tags WHERE name = 'abstract'));
INSERT OR IGNORE INTO tags (name) VALUES ('color');
INSERT INTO photo_tags (photo_idx, tag_id) VALUES ((SELECT photo_idx FROM photos WHERE photo_id = 1977), (SELECT tag_id FROM tags WHERE name = 'color'));
INSERT OR IGNORE INTO tags (name) VALUES ('studio');
INSERT INTO photo_tags (photo_idx, tag_id) VALUES ((SELECT photo_idx FROM photos WHERE photo_id = 1977), (SELECT tag_id FROM tags WHERE name = 'studio'));
INSERT OR IGNORE INTO tags (name) VALUES ('blue');
INSERT INTO photo_tags (photo_idx, tag_id) VALUES ((SELECT photo_idx FROM photos WHERE photo_id = 1977), (SELECT tag_id FROM tags WHERE name = 'blue'));
INSERT OR IGNORE INTO tags (name) VALUES ('green');
INSERT INTO photo_tags (photo_idx, tag_id) VALUES ((SELECT photo_idx FROM photos WHERE photo_id = 1977), (SELECT tag_id FROM tags WHERE name = 'green'));
INSERT OR IGNORE INTO tags (name) VALUES ('rock');
INSERT INTO photo_tags (photo_idx, tag_id) VALUES ((SELECT photo_idx FROM photos WHERE photo_id = 1977), (SELECT tag_id FROM tags WHERE name = 'rock'));

INSERT INTO photos (photo_id, photo_title, photo_collection, photo_location, photo_year, camera, film_stock, film_format) VALUES (1978, 'Chrysocolla', 'Rocks', 'Morenci Mine, Greenlee County, Arizona', 2002, 'Hasselblad', 'Fujichrome Velvia', '6 x 6 cm');
INSERT INTO photos_fts (photo_idx, photo_id, photo_title, photo_collection, photo_location, photo_year, camera, film_stock, film_format, tag_names) VALUES ((SELECT photo_idx FROM photos WHERE photo_id = 1978), 1978, 'Chrysocolla', 'Rocks', 'Morenci Mine, Greenlee County, Arizona', 2002, 'Hasselblad', 'Fujichrome Velvia', '6 x 6 cm', 'vertical,closeup,abstract,color,studio,black,blue,rock');
INSERT OR IGNORE INTO tags (name) VALUES ('vertical');
INSERT INTO photo_tags (photo_idx, tag_id) VALUES ((SELECT photo_idx FROM photos WHERE photo_id = 1978), (SELECT tag_id FROM tags WHERE name = 'vertical'));
INSERT OR IGNORE INTO tags (name) VALUES ('closeup');
INSERT INTO photo_tags (photo_idx, tag_id) VALUES ((SELECT photo_idx FROM photos WHERE photo_id = 1978), (SELECT tag_id FROM tags WHERE name = 'closeup'));
INSERT OR IGNORE INTO tags (name) VALUES ('abstract');
INSERT INTO photo_tags (photo_idx, tag_id) VALUES ((SELECT photo_idx FROM photos WHERE photo_id = 1978), (SELECT tag_id FROM tags WHERE name = 'abstract'));
INSERT OR IGNORE INTO tags (name) VALUES ('color');
INSERT INTO photo_tags (photo_idx, tag_id) VALUES ((SELECT photo_idx FROM photos WHERE photo_id = 1978), (SELECT tag_id FROM tags WHERE name = 'color'));
INSERT OR IGNORE INTO tags (name) VALUES ('studio');
INSERT INTO photo_tags (photo_idx, tag_id) VALUES ((SELECT photo_idx FROM photos WHERE photo_id = 1978), (SELECT tag_id FROM tags WHERE name = 'studio'));
INSERT OR IGNORE INTO tags (name) VALUES ('black');
INSERT INTO photo_tags (photo_idx, tag_id) VALUES ((SELECT photo_idx FROM photos WHERE photo_id = 1978), (SELECT tag_id FROM tags WHERE name = 'black'));
INSERT OR IGNORE INTO tags (name) VALUES ('blue');
INSERT INTO photo_tags (photo_idx, tag_id) VALUES ((SELECT photo_idx FROM photos WHERE photo_id = 1978), (SELECT tag_id FROM tags WHERE name = 'blue'));
INSERT OR IGNORE INTO tags (name) VALUES ('rock');
INSERT INTO photo_tags (photo_idx, tag_id) VALUES ((SELECT photo_idx FROM photos WHERE photo_id = 1978), (SELECT tag_id FROM tags WHERE name = 'rock'));

INSERT INTO photos (photo_id, photo_title, photo_collection, photo_location, photo_year, camera, film_stock, film_format) VALUES (1979, 'Moss Agate', 'Rocks', 'Horse Canyon, Piute Mountains, Kern County, California', 2002, 'Hasselblad', 'Fujichrome Velvia', '6 x 6 cm');
INSERT INTO photos_fts (photo_idx, photo_id, photo_title, photo_collection, photo_location, photo_year, camera, film_stock, film_format, tag_names) VALUES ((SELECT photo_idx FROM photos WHERE photo_id = 1979), 1979, 'Moss Agate', 'Rocks', 'Horse Canyon, Piute Mountains, Kern County, California', 2002, 'Hasselblad', 'Fujichrome Velvia', '6 x 6 cm', 'horizontal,closeup,abstract,color,studio,rock');
INSERT OR IGNORE INTO tags (name) VALUES ('horizontal');
INSERT INTO photo_tags (photo_idx, tag_id) VALUES ((SELECT photo_idx FROM photos WHERE photo_id = 1979), (SELECT tag_id FROM tags WHERE name = 'horizontal'));
INSERT OR IGNORE INTO tags (name) VALUES ('closeup');
INSERT INTO photo_tags (photo_idx, tag_id) VALUES ((SELECT photo_idx FROM photos WHERE photo_id = 1979), (SELECT tag_id FROM tags WHERE name = 'closeup'));
INSERT OR IGNORE INTO tags (name) VALUES ('abstract');
INSERT INTO photo_tags (photo_idx, tag_id) VALUES ((SELECT photo_idx FROM photos WHERE photo_id = 1979), (SELECT tag_id FROM tags WHERE name = 'abstract'));
INSERT OR IGNORE INTO tags (name) VALUES ('color');
INSERT INTO photo_tags (photo_idx, tag_id) VALUES ((SELECT photo_idx FROM photos WHERE photo_id = 1979), (SELECT tag_id FROM tags WHERE name = 'color'));
INSERT OR IGNORE INTO tags (name) VALUES ('studio');
INSERT INTO photo_tags (photo_idx, tag_id) VALUES ((SELECT photo_idx FROM photos WHERE photo_id = 1979), (SELECT tag_id FROM tags WHERE name = 'studio'));
INSERT OR IGNORE INTO tags (name) VALUES ('rock');
INSERT INTO photo_tags (photo_idx, tag_id) VALUES ((SELECT photo_idx FROM photos WHERE photo_id = 1979), (SELECT tag_id FROM tags WHERE name = 'rock'));

INSERT INTO photos (photo_id, photo_title, photo_collection, photo_location, photo_year, camera, film_stock, film_format) VALUES (1981, 'Morrisonite', 'Rocks', 'Morrison Ranch, Owyhee River Canyon, Malheur County, Oregon', 2002, 'Hasselblad', 'Fujichrome Velvia', '6 x 6 cm');
INSERT INTO photos_fts (photo_idx, photo_id, photo_title, photo_collection, photo_location, photo_year, camera, film_stock, film_format, tag_names) VALUES ((SELECT photo_idx FROM photos WHERE photo_id = 1981), 1981, 'Morrisonite', 'Rocks', 'Morrison Ranch, Owyhee River Canyon, Malheur County, Oregon', 2002, 'Hasselblad', 'Fujichrome Velvia', '6 x 6 cm', 'horizontal,closeup,abstract,color,studio,brown,red,tan,rock');
INSERT OR IGNORE INTO tags (name) VALUES ('horizontal');
INSERT INTO photo_tags (photo_idx, tag_id) VALUES ((SELECT photo_idx FROM photos WHERE photo_id = 1981), (SELECT tag_id FROM tags WHERE name = 'horizontal'));
INSERT OR IGNORE INTO tags (name) VALUES ('closeup');
INSERT INTO photo_tags (photo_idx, tag_id) VALUES ((SELECT photo_idx FROM photos WHERE photo_id = 1981), (SELECT tag_id FROM tags WHERE name = 'closeup'));
INSERT OR IGNORE INTO tags (name) VALUES ('abstract');
INSERT INTO photo_tags (photo_idx, tag_id) VALUES ((SELECT photo_idx FROM photos WHERE photo_id = 1981), (SELECT tag_id FROM tags WHERE name = 'abstract'));
INSERT OR IGNORE INTO tags (name) VALUES ('color');
INSERT INTO photo_tags (photo_idx, tag_id) VALUES ((SELECT photo_idx FROM photos WHERE photo_id = 1981), (SELECT tag_id FROM tags WHERE name = 'color'));
INSERT OR IGNORE INTO tags (name) VALUES ('studio');
INSERT INTO photo_tags (photo_idx, tag_id) VALUES ((SELECT photo_idx FROM photos WHERE photo_id = 1981), (SELECT tag_id FROM tags WHERE name = 'studio'));
INSERT OR IGNORE INTO tags (name) VALUES ('brown');
INSERT INTO photo_tags (photo_idx, tag_id) VALUES ((SELECT photo_idx FROM photos WHERE photo_id = 1981), (SELECT tag_id FROM tags WHERE name = 'brown'));
INSERT OR IGNORE INTO tags (name) VALUES ('red');
INSERT INTO photo_tags (photo_idx, tag_id) VALUES ((SELECT photo_idx FROM photos WHERE photo_id = 1981), (SELECT tag_id FROM tags WHERE name = 'red'));
INSERT OR IGNORE INTO tags (name) VALUES ('tan');
INSERT INTO photo_tags (photo_idx, tag_id) VALUES ((SELECT photo_idx FROM photos WHERE photo_id = 1981), (SELECT tag_id FROM tags WHERE name = 'tan'));
INSERT OR IGNORE INTO tags (name) VALUES ('rock');
INSERT INTO photo_tags (photo_idx, tag_id) VALUES ((SELECT photo_idx FROM photos WHERE photo_id = 1981), (SELECT tag_id FROM tags WHERE name = 'rock'));

INSERT INTO photos (photo_id, photo_title, photo_collection, photo_location, photo_year, camera, film_stock, film_format) VALUES (1983, 'Crazy Lace Agate', 'Rocks', 'Sierra Santa Lucia, Chihuahua, Mexico', 2002, 'Hasselblad', 'Fujichrome Velvia', '6 x 6 cm');
INSERT INTO photos_fts (photo_idx, photo_id, photo_title, photo_collection, photo_location, photo_year, camera, film_stock, film_format, tag_names) VALUES ((SELECT photo_idx FROM photos WHERE photo_id = 1983), 1983, 'Crazy Lace Agate', 'Rocks', 'Sierra Santa Lucia, Chihuahua, Mexico', 2002, 'Hasselblad', 'Fujichrome Velvia', '6 x 6 cm', 'vertical,popular,closeup,abstract,color,studio,yellow,rock');
INSERT OR IGNORE INTO tags (name) VALUES ('vertical');
INSERT INTO photo_tags (photo_idx, tag_id) VALUES ((SELECT photo_idx FROM photos WHERE photo_id = 1983), (SELECT tag_id FROM tags WHERE name = 'vertical'));
INSERT OR IGNORE INTO tags (name) VALUES ('popular');
INSERT INTO photo_tags (photo_idx, tag_id) VALUES ((SELECT photo_idx FROM photos WHERE photo_id = 1983), (SELECT tag_id FROM tags WHERE name = 'popular'));
INSERT OR IGNORE INTO tags (name) VALUES ('closeup');
INSERT INTO photo_tags (photo_idx, tag_id) VALUES ((SELECT photo_idx FROM photos WHERE photo_id = 1983), (SELECT tag_id FROM tags WHERE name = 'closeup'));
INSERT OR IGNORE INTO tags (name) VALUES ('abstract');
INSERT INTO photo_tags (photo_idx, tag_id) VALUES ((SELECT photo_idx FROM photos WHERE photo_id = 1983), (SELECT tag_id FROM tags WHERE name = 'abstract'));
INSERT OR IGNORE INTO tags (name) VALUES ('color');
INSERT INTO photo_tags (photo_idx, tag_id) VALUES ((SELECT photo_idx FROM photos WHERE photo_id = 1983), (SELECT tag_id FROM tags WHERE name = 'color'));
INSERT OR IGNORE INTO tags (name) VALUES ('studio');
INSERT INTO photo_tags (photo_idx, tag_id) VALUES ((SELECT photo_idx FROM photos WHERE photo_id = 1983), (SELECT tag_id FROM tags WHERE name = 'studio'));
INSERT OR IGNORE INTO tags (name) VALUES ('yellow');
INSERT INTO photo_tags (photo_idx, tag_id) VALUES ((SELECT photo_idx FROM photos WHERE photo_id = 1983), (SELECT tag_id FROM tags WHERE name = 'yellow'));
INSERT OR IGNORE INTO tags (name) VALUES ('rock');
INSERT INTO photo_tags (photo_idx, tag_id) VALUES ((SELECT photo_idx FROM photos WHERE photo_id = 1983), (SELECT tag_id FROM tags WHERE name = 'rock'));

INSERT INTO photos (photo_id, photo_title, photo_collection, photo_location, photo_year, camera, film_stock, film_format) VALUES (1984, 'Morrisonite', 'Rocks', 'Morrison Ranch, Owyhee River Canyon, Malheur County, Oregon', 2002, 'Hasselblad', 'Fujichrome Velvia', '6 x 6 cm');
INSERT INTO photos_fts (photo_idx, photo_id, photo_title, photo_collection, photo_location, photo_year, camera, film_stock, film_format, tag_names) VALUES ((SELECT photo_idx FROM photos WHERE photo_id = 1984), 1984, 'Morrisonite', 'Rocks', 'Morrison Ranch, Owyhee River Canyon, Malheur County, Oregon', 2002, 'Hasselblad', 'Fujichrome Velvia', '6 x 6 cm', 'horizontal,closeup,abstract,color,studio,orange,rock');
INSERT OR IGNORE INTO tags (name) VALUES ('horizontal');
INSERT INTO photo_tags (photo_idx, tag_id) VALUES ((SELECT photo_idx FROM photos WHERE photo_id = 1984), (SELECT tag_id FROM tags WHERE name = 'horizontal'));
INSERT OR IGNORE INTO tags (name) VALUES ('closeup');
INSERT INTO photo_tags (photo_idx, tag_id) VALUES ((SELECT photo_idx FROM photos WHERE photo_id = 1984), (SELECT tag_id FROM tags WHERE name = 'closeup'));
INSERT OR IGNORE INTO tags (name) VALUES ('abstract');
INSERT INTO photo_tags (photo_idx, tag_id) VALUES ((SELECT photo_idx FROM photos WHERE photo_id = 1984), (SELECT tag_id FROM tags WHERE name = 'abstract'));
INSERT OR IGNORE INTO tags (name) VALUES ('color');
INSERT INTO photo_tags (photo_idx, tag_id) VALUES ((SELECT photo_idx FROM photos WHERE photo_id = 1984), (SELECT tag_id FROM tags WHERE name = 'color'));
INSERT OR IGNORE INTO tags (name) VALUES ('studio');
INSERT INTO photo_tags (photo_idx, tag_id) VALUES ((SELECT photo_idx FROM photos WHERE photo_id = 1984), (SELECT tag_id FROM tags WHERE name = 'studio'));
INSERT OR IGNORE INTO tags (name) VALUES ('orange');
INSERT INTO photo_tags (photo_idx, tag_id) VALUES ((SELECT photo_idx FROM photos WHERE photo_id = 1984), (SELECT tag_id FROM tags WHERE name = 'orange'));
INSERT OR IGNORE INTO tags (name) VALUES ('rock');
INSERT INTO photo_tags (photo_idx, tag_id) VALUES ((SELECT photo_idx FROM photos WHERE photo_id = 1984), (SELECT tag_id FROM tags WHERE name = 'rock'));

INSERT INTO photos (photo_id, photo_title, photo_collection, photo_location, photo_year, camera, film_stock, film_format) VALUES (1987, 'Malachite', 'Rocks', 'Katanga Copper Belt, Democratic Republic of the Congo', 2002, 'Hasselblad', 'Fujichrome Velvia', '6 x 6 cm');
INSERT INTO photos_fts (photo_idx, photo_id, photo_title, photo_collection, photo_location, photo_year, camera, film_stock, film_format, tag_names) VALUES ((SELECT photo_idx FROM photos WHERE photo_id = 1987), 1987, 'Malachite', 'Rocks', 'Katanga Copper Belt, Democratic Republic of the Congo', 2002, 'Hasselblad', 'Fujichrome Velvia', '6 x 6 cm', 'horizontal,closeup,abstract,color,studio,green,rock');
INSERT OR IGNORE INTO tags (name) VALUES ('horizontal');
INSERT INTO photo_tags (photo_idx, tag_id) VALUES ((SELECT photo_idx FROM photos WHERE photo_id = 1987), (SELECT tag_id FROM tags WHERE name = 'horizontal'));
INSERT OR IGNORE INTO tags (name) VALUES ('closeup');
INSERT INTO photo_tags (photo_idx, tag_id) VALUES ((SELECT photo_idx FROM photos WHERE photo_id = 1987), (SELECT tag_id FROM tags WHERE name = 'closeup'));
INSERT OR IGNORE INTO tags (name) VALUES ('abstract');
INSERT INTO photo_tags (photo_idx, tag_id) VALUES ((SELECT photo_idx FROM photos WHERE photo_id = 1987), (SELECT tag_id FROM tags WHERE name = 'abstract'));
INSERT OR IGNORE INTO tags (name) VALUES ('color');
INSERT INTO photo_tags (photo_idx, tag_id) VALUES ((SELECT photo_idx FROM photos WHERE photo_id = 1987), (SELECT tag_id FROM tags WHERE name = 'color'));
INSERT OR IGNORE INTO tags (name) VALUES ('studio');
INSERT INTO photo_tags (photo_idx, tag_id) VALUES ((SELECT photo_idx FROM photos WHERE photo_id = 1987), (SELECT tag_id FROM tags WHERE name = 'studio'));
INSERT OR IGNORE INTO tags (name) VALUES ('green');
INSERT INTO photo_tags (photo_idx, tag_id) VALUES ((SELECT photo_idx FROM photos WHERE photo_id = 1987), (SELECT tag_id FROM tags WHERE name = 'green'));
INSERT OR IGNORE INTO tags (name) VALUES ('rock');
INSERT INTO photo_tags (photo_idx, tag_id) VALUES ((SELECT photo_idx FROM photos WHERE photo_id = 1987), (SELECT tag_id FROM tags WHERE name = 'rock'));

INSERT INTO photos (photo_id, photo_title, photo_collection, photo_location, photo_year, camera, film_stock, film_format) VALUES (1988, 'Paesina Marble', 'Rocks', 'Tuscany, Italy', 2002, 'Hasselblad', 'Fujichrome Velvia', '6 x 6 cm');
INSERT INTO photos_fts (photo_idx, photo_id, photo_title, photo_collection, photo_location, photo_year, camera, film_stock, film_format, tag_names) VALUES ((SELECT photo_idx FROM photos WHERE photo_id = 1988), 1988, 'Paesina Marble', 'Rocks', 'Tuscany, Italy', 2002, 'Hasselblad', 'Fujichrome Velvia', '6 x 6 cm', 'horizontal,popular,closeup,abstract,color,studio,tan,rock');
INSERT OR IGNORE INTO tags (name) VALUES ('horizontal');
INSERT INTO photo_tags (photo_idx, tag_id) VALUES ((SELECT photo_idx FROM photos WHERE photo_id = 1988), (SELECT tag_id FROM tags WHERE name = 'horizontal'));
INSERT OR IGNORE INTO tags (name) VALUES ('popular');
INSERT INTO photo_tags (photo_idx, tag_id) VALUES ((SELECT photo_idx FROM photos WHERE photo_id = 1988), (SELECT tag_id FROM tags WHERE name = 'popular'));
INSERT OR IGNORE INTO tags (name) VALUES ('closeup');
INSERT INTO photo_tags (photo_idx, tag_id) VALUES ((SELECT photo_idx FROM photos WHERE photo_id = 1988), (SELECT tag_id FROM tags WHERE name = 'closeup'));
INSERT OR IGNORE INTO tags (name) VALUES ('abstract');
INSERT INTO photo_tags (photo_idx, tag_id) VALUES ((SELECT photo_idx FROM photos WHERE photo_id = 1988), (SELECT tag_id FROM tags WHERE name = 'abstract'));
INSERT OR IGNORE INTO tags (name) VALUES ('color');
INSERT INTO photo_tags (photo_idx, tag_id) VALUES ((SELECT photo_idx FROM photos WHERE photo_id = 1988), (SELECT tag_id FROM tags WHERE name = 'color'));
INSERT OR IGNORE INTO tags (name) VALUES ('studio');
INSERT INTO photo_tags (photo_idx, tag_id) VALUES ((SELECT photo_idx FROM photos WHERE photo_id = 1988), (SELECT tag_id FROM tags WHERE name = 'studio'));
INSERT OR IGNORE INTO tags (name) VALUES ('tan');
INSERT INTO photo_tags (photo_idx, tag_id) VALUES ((SELECT photo_idx FROM photos WHERE photo_id = 1988), (SELECT tag_id FROM tags WHERE name = 'tan'));
INSERT OR IGNORE INTO tags (name) VALUES ('rock');
INSERT INTO photo_tags (photo_idx, tag_id) VALUES ((SELECT photo_idx FROM photos WHERE photo_id = 1988), (SELECT tag_id FROM tags WHERE name = 'rock'));

INSERT INTO photos (photo_id, photo_title, photo_collection, photo_location, photo_year, camera, film_stock, film_format) VALUES (1992, 'Dendritic Opalite', 'Rocks', 'Norseman, Western Australia', 2002, 'Hasselblad', 'Fujichrome Velvia', '6 x 6 cm');
INSERT INTO photos_fts (photo_idx, photo_id, photo_title, photo_collection, photo_location, photo_year, camera, film_stock, film_format, tag_names) VALUES ((SELECT photo_idx FROM photos WHERE photo_id = 1992), 1992, 'Dendritic Opalite', 'Rocks', 'Norseman, Western Australia', 2002, 'Hasselblad', 'Fujichrome Velvia', '6 x 6 cm', 'horizontal,closeup,abstract,color,studio,blue,brown,rock');
INSERT OR IGNORE INTO tags (name) VALUES ('horizontal');
INSERT INTO photo_tags (photo_idx, tag_id) VALUES ((SELECT photo_idx FROM photos WHERE photo_id = 1992), (SELECT tag_id FROM tags WHERE name = 'horizontal'));
INSERT OR IGNORE INTO tags (name) VALUES ('closeup');
INSERT INTO photo_tags (photo_idx, tag_id) VALUES ((SELECT photo_idx FROM photos WHERE photo_id = 1992), (SELECT tag_id FROM tags WHERE name = 'closeup'));
INSERT OR IGNORE INTO tags (name) VALUES ('abstract');
INSERT INTO photo_tags (photo_idx, tag_id) VALUES ((SELECT photo_idx FROM photos WHERE photo_id = 1992), (SELECT tag_id FROM tags WHERE name = 'abstract'));
INSERT OR IGNORE INTO tags (name) VALUES ('color');
INSERT INTO photo_tags (photo_idx, tag_id) VALUES ((SELECT photo_idx FROM photos WHERE photo_id = 1992), (SELECT tag_id FROM tags WHERE name = 'color'));
INSERT OR IGNORE INTO tags (name) VALUES ('studio');
INSERT INTO photo_tags (photo_idx, tag_id) VALUES ((SELECT photo_idx FROM photos WHERE photo_id = 1992), (SELECT tag_id FROM tags WHERE name = 'studio'));
INSERT OR IGNORE INTO tags (name) VALUES ('blue');
INSERT INTO photo_tags (photo_idx, tag_id) VALUES ((SELECT photo_idx FROM photos WHERE photo_id = 1992), (SELECT tag_id FROM tags WHERE name = 'blue'));
INSERT OR IGNORE INTO tags (name) VALUES ('brown');
INSERT INTO photo_tags (photo_idx, tag_id) VALUES ((SELECT photo_idx FROM photos WHERE photo_id = 1992), (SELECT tag_id FROM tags WHERE name = 'brown'));
INSERT OR IGNORE INTO tags (name) VALUES ('rock');
INSERT INTO photo_tags (photo_idx, tag_id) VALUES ((SELECT photo_idx FROM photos WHERE photo_id = 1992), (SELECT tag_id FROM tags WHERE name = 'rock'));

INSERT INTO photos (photo_id, photo_title, photo_collection, photo_location, photo_year, camera, film_stock, film_format) VALUES (1993, 'Dendritic Opalite', 'Rocks', 'Norseman, Western Australia', 2002, 'Hasselblad', 'Fujichrome Velvia', '6 x 6 cm');
INSERT INTO photos_fts (photo_idx, photo_id, photo_title, photo_collection, photo_location, photo_year, camera, film_stock, film_format, tag_names) VALUES ((SELECT photo_idx FROM photos WHERE photo_id = 1993), 1993, 'Dendritic Opalite', 'Rocks', 'Norseman, Western Australia', 2002, 'Hasselblad', 'Fujichrome Velvia', '6 x 6 cm', 'horizontal,closeup,abstract,color,studio,yellow,rock');
INSERT OR IGNORE INTO tags (name) VALUES ('horizontal');
INSERT INTO photo_tags (photo_idx, tag_id) VALUES ((SELECT photo_idx FROM photos WHERE photo_id = 1993), (SELECT tag_id FROM tags WHERE name = 'horizontal'));
INSERT OR IGNORE INTO tags (name) VALUES ('closeup');
INSERT INTO photo_tags (photo_idx, tag_id) VALUES ((SELECT photo_idx FROM photos WHERE photo_id = 1993), (SELECT tag_id FROM tags WHERE name = 'closeup'));
INSERT OR IGNORE INTO tags (name) VALUES ('abstract');
INSERT INTO photo_tags (photo_idx, tag_id) VALUES ((SELECT photo_idx FROM photos WHERE photo_id = 1993), (SELECT tag_id FROM tags WHERE name = 'abstract'));
INSERT OR IGNORE INTO tags (name) VALUES ('color');
INSERT INTO photo_tags (photo_idx, tag_id) VALUES ((SELECT photo_idx FROM photos WHERE photo_id = 1993), (SELECT tag_id FROM tags WHERE name = 'color'));
INSERT OR IGNORE INTO tags (name) VALUES ('studio');
INSERT INTO photo_tags (photo_idx, tag_id) VALUES ((SELECT photo_idx FROM photos WHERE photo_id = 1993), (SELECT tag_id FROM tags WHERE name = 'studio'));
INSERT OR IGNORE INTO tags (name) VALUES ('yellow');
INSERT INTO photo_tags (photo_idx, tag_id) VALUES ((SELECT photo_idx FROM photos WHERE photo_id = 1993), (SELECT tag_id FROM tags WHERE name = 'yellow'));
INSERT OR IGNORE INTO tags (name) VALUES ('rock');
INSERT INTO photo_tags (photo_idx, tag_id) VALUES ((SELECT photo_idx FROM photos WHERE photo_id = 1993), (SELECT tag_id FROM tags WHERE name = 'rock'));

INSERT INTO photos (photo_id, photo_title, photo_collection, photo_location, photo_year, camera, film_stock, film_format) VALUES (1997, 'Marra Mamba Tiger''s-Eye', 'Rocks', 'Mount Brockman Station, Hamersley Ranges, Western Australia', 2002, 'Hasselblad', 'Fujichrome Velvia', '6 x 6 cm');
INSERT INTO photos_fts (photo_idx, photo_id, photo_title, photo_collection, photo_location, photo_year, camera, film_stock, film_format, tag_names) VALUES ((SELECT photo_idx FROM photos WHERE photo_id = 1997), 1997, 'Marra Mamba Tiger''s-Eye', 'Rocks', 'Mount Brockman Station, Hamersley Ranges, Western Australia', 2002, 'Hasselblad', 'Fujichrome Velvia', '6 x 6 cm', 'horizontal,popular,closeup,abstract,color,studio,orange,rock');
INSERT OR IGNORE INTO tags (name) VALUES ('horizontal');
INSERT INTO photo_tags (photo_idx, tag_id) VALUES ((SELECT photo_idx FROM photos WHERE photo_id = 1997), (SELECT tag_id FROM tags WHERE name = 'horizontal'));
INSERT OR IGNORE INTO tags (name) VALUES ('popular');
INSERT INTO photo_tags (photo_idx, tag_id) VALUES ((SELECT photo_idx FROM photos WHERE photo_id = 1997), (SELECT tag_id FROM tags WHERE name = 'popular'));
INSERT OR IGNORE INTO tags (name) VALUES ('closeup');
INSERT INTO photo_tags (photo_idx, tag_id) VALUES ((SELECT photo_idx FROM photos WHERE photo_id = 1997), (SELECT tag_id FROM tags WHERE name = 'closeup'));
INSERT OR IGNORE INTO tags (name) VALUES ('abstract');
INSERT INTO photo_tags (photo_idx, tag_id) VALUES ((SELECT photo_idx FROM photos WHERE photo_id = 1997), (SELECT tag_id FROM tags WHERE name = 'abstract'));
INSERT OR IGNORE INTO tags (name) VALUES ('color');
INSERT INTO photo_tags (photo_idx, tag_id) VALUES ((SELECT photo_idx FROM photos WHERE photo_id = 1997), (SELECT tag_id FROM tags WHERE name = 'color'));
INSERT OR IGNORE INTO tags (name) VALUES ('studio');
INSERT INTO photo_tags (photo_idx, tag_id) VALUES ((SELECT photo_idx FROM photos WHERE photo_id = 1997), (SELECT tag_id FROM tags WHERE name = 'studio'));
INSERT OR IGNORE INTO tags (name) VALUES ('orange');
INSERT INTO photo_tags (photo_idx, tag_id) VALUES ((SELECT photo_idx FROM photos WHERE photo_id = 1997), (SELECT tag_id FROM tags WHERE name = 'orange'));
INSERT OR IGNORE INTO tags (name) VALUES ('rock');
INSERT INTO photo_tags (photo_idx, tag_id) VALUES ((SELECT photo_idx FROM photos WHERE photo_id = 1997), (SELECT tag_id FROM tags WHERE name = 'rock'));

INSERT INTO photos (photo_id, photo_title, photo_collection, photo_location, photo_year, camera, film_stock, film_format) VALUES (1998, 'Marra Mamba Jasper', 'Rocks', 'Brockman Station, Pilbara Region, Western Australia', 2002, 'Hasselblad', 'Fujichrome Velvia', '6 x 6 cm');
INSERT INTO photos_fts (photo_idx, photo_id, photo_title, photo_collection, photo_location, photo_year, camera, film_stock, film_format, tag_names) VALUES ((SELECT photo_idx FROM photos WHERE photo_id = 1998), 1998, 'Marra Mamba Jasper', 'Rocks', 'Brockman Station, Pilbara Region, Western Australia', 2002, 'Hasselblad', 'Fujichrome Velvia', '6 x 6 cm', 'vertical,popular,closeup,abstract,color,studio,rock');
INSERT OR IGNORE INTO tags (name) VALUES ('vertical');
INSERT INTO photo_tags (photo_idx, tag_id) VALUES ((SELECT photo_idx FROM photos WHERE photo_id = 1998), (SELECT tag_id FROM tags WHERE name = 'vertical'));
INSERT OR IGNORE INTO tags (name) VALUES ('popular');
INSERT INTO photo_tags (photo_idx, tag_id) VALUES ((SELECT photo_idx FROM photos WHERE photo_id = 1998), (SELECT tag_id FROM tags WHERE name = 'popular'));
INSERT OR IGNORE INTO tags (name) VALUES ('closeup');
INSERT INTO photo_tags (photo_idx, tag_id) VALUES ((SELECT photo_idx FROM photos WHERE photo_id = 1998), (SELECT tag_id FROM tags WHERE name = 'closeup'));
INSERT OR IGNORE INTO tags (name) VALUES ('abstract');
INSERT INTO photo_tags (photo_idx, tag_id) VALUES ((SELECT photo_idx FROM photos WHERE photo_id = 1998), (SELECT tag_id FROM tags WHERE name = 'abstract'));
INSERT OR IGNORE INTO tags (name) VALUES ('color');
INSERT INTO photo_tags (photo_idx, tag_id) VALUES ((SELECT photo_idx FROM photos WHERE photo_id = 1998), (SELECT tag_id FROM tags WHERE name = 'color'));
INSERT OR IGNORE INTO tags (name) VALUES ('studio');
INSERT INTO photo_tags (photo_idx, tag_id) VALUES ((SELECT photo_idx FROM photos WHERE photo_id = 1998), (SELECT tag_id FROM tags WHERE name = 'studio'));
INSERT OR IGNORE INTO tags (name) VALUES ('rock');
INSERT INTO photo_tags (photo_idx, tag_id) VALUES ((SELECT photo_idx FROM photos WHERE photo_id = 1998), (SELECT tag_id FROM tags WHERE name = 'rock'));

INSERT INTO photos (photo_id, photo_title, photo_collection, photo_location, photo_year, camera, film_stock, film_format) VALUES (2000, 'Ocean Jasper', 'Rocks', 'Near Marovato, Mahajanga Province, Madagascar', 2002, 'Hasselblad', 'Fujichrome Velvia', '6 x 6 cm');
INSERT INTO photos_fts (photo_idx, photo_id, photo_title, photo_collection, photo_location, photo_year, camera, film_stock, film_format, tag_names) VALUES ((SELECT photo_idx FROM photos WHERE photo_id = 2000), 2000, 'Ocean Jasper', 'Rocks', 'Near Marovato, Mahajanga Province, Madagascar', 2002, 'Hasselblad', 'Fujichrome Velvia', '6 x 6 cm', 'horizontal,closeup,abstract,color,studio,orange,white,rock');
INSERT OR IGNORE INTO tags (name) VALUES ('horizontal');
INSERT INTO photo_tags (photo_idx, tag_id) VALUES ((SELECT photo_idx FROM photos WHERE photo_id = 2000), (SELECT tag_id FROM tags WHERE name = 'horizontal'));
INSERT OR IGNORE INTO tags (name) VALUES ('closeup');
INSERT INTO photo_tags (photo_idx, tag_id) VALUES ((SELECT photo_idx FROM photos WHERE photo_id = 2000), (SELECT tag_id FROM tags WHERE name = 'closeup'));
INSERT OR IGNORE INTO tags (name) VALUES ('abstract');
INSERT INTO photo_tags (photo_idx, tag_id) VALUES ((SELECT photo_idx FROM photos WHERE photo_id = 2000), (SELECT tag_id FROM tags WHERE name = 'abstract'));
INSERT OR IGNORE INTO tags (name) VALUES ('color');
INSERT INTO photo_tags (photo_idx, tag_id) VALUES ((SELECT photo_idx FROM photos WHERE photo_id = 2000), (SELECT tag_id FROM tags WHERE name = 'color'));
INSERT OR IGNORE INTO tags (name) VALUES ('studio');
INSERT INTO photo_tags (photo_idx, tag_id) VALUES ((SELECT photo_idx FROM photos WHERE photo_id = 2000), (SELECT tag_id FROM tags WHERE name = 'studio'));
INSERT OR IGNORE INTO tags (name) VALUES ('orange');
INSERT INTO photo_tags (photo_idx, tag_id) VALUES ((SELECT photo_idx FROM photos WHERE photo_id = 2000), (SELECT tag_id FROM tags WHERE name = 'orange'));
INSERT OR IGNORE INTO tags (name) VALUES ('white');
INSERT INTO photo_tags (photo_idx, tag_id) VALUES ((SELECT photo_idx FROM photos WHERE photo_id = 2000), (SELECT tag_id FROM tags WHERE name = 'white'));
INSERT OR IGNORE INTO tags (name) VALUES ('rock');
INSERT INTO photo_tags (photo_idx, tag_id) VALUES ((SELECT photo_idx FROM photos WHERE photo_id = 2000), (SELECT tag_id FROM tags WHERE name = 'rock'));

INSERT INTO photos (photo_id, photo_title, photo_collection, photo_location, photo_year, camera, film_stock, film_format) VALUES (2003, 'Red Jasper', 'Rocks', 'Northern California', 2002, 'Hasselblad', 'Fujichrome Velvia', '6 x 6 cm');
INSERT INTO photos_fts (photo_idx, photo_id, photo_title, photo_collection, photo_location, photo_year, camera, film_stock, film_format, tag_names) VALUES ((SELECT photo_idx FROM photos WHERE photo_id = 2003), 2003, 'Red Jasper', 'Rocks', 'Northern California', 2002, 'Hasselblad', 'Fujichrome Velvia', '6 x 6 cm', 'horizontal,closeup,abstract,color,studio,red,rock');
INSERT OR IGNORE INTO tags (name) VALUES ('horizontal');
INSERT INTO photo_tags (photo_idx, tag_id) VALUES ((SELECT photo_idx FROM photos WHERE photo_id = 2003), (SELECT tag_id FROM tags WHERE name = 'horizontal'));
INSERT OR IGNORE INTO tags (name) VALUES ('closeup');
INSERT INTO photo_tags (photo_idx, tag_id) VALUES ((SELECT photo_idx FROM photos WHERE photo_id = 2003), (SELECT tag_id FROM tags WHERE name = 'closeup'));
INSERT OR IGNORE INTO tags (name) VALUES ('abstract');
INSERT INTO photo_tags (photo_idx, tag_id) VALUES ((SELECT photo_idx FROM photos WHERE photo_id = 2003), (SELECT tag_id FROM tags WHERE name = 'abstract'));
INSERT OR IGNORE INTO tags (name) VALUES ('color');
INSERT INTO photo_tags (photo_idx, tag_id) VALUES ((SELECT photo_idx FROM photos WHERE photo_id = 2003), (SELECT tag_id FROM tags WHERE name = 'color'));
INSERT OR IGNORE INTO tags (name) VALUES ('studio');
INSERT INTO photo_tags (photo_idx, tag_id) VALUES ((SELECT photo_idx FROM photos WHERE photo_id = 2003), (SELECT tag_id FROM tags WHERE name = 'studio'));
INSERT OR IGNORE INTO tags (name) VALUES ('red');
INSERT INTO photo_tags (photo_idx, tag_id) VALUES ((SELECT photo_idx FROM photos WHERE photo_id = 2003), (SELECT tag_id FROM tags WHERE name = 'red'));
INSERT OR IGNORE INTO tags (name) VALUES ('rock');
INSERT INTO photo_tags (photo_idx, tag_id) VALUES ((SELECT photo_idx FROM photos WHERE photo_id = 2003), (SELECT tag_id FROM tags WHERE name = 'rock'));

INSERT INTO photos (photo_id, photo_title, photo_collection, photo_location, photo_year, camera, film_stock, film_format) VALUES (2004, 'Goldenstone', 'Rocks', 'Kanab, Utah', 2002, 'Hasselblad', 'Fujichrome Velvia', '6 x 6 cm');
INSERT INTO photos_fts (photo_idx, photo_id, photo_title, photo_collection, photo_location, photo_year, camera, film_stock, film_format, tag_names) VALUES ((SELECT photo_idx FROM photos WHERE photo_id = 2004), 2004, 'Goldenstone', 'Rocks', 'Kanab, Utah', 2002, 'Hasselblad', 'Fujichrome Velvia', '6 x 6 cm', 'horizontal,popular,closeup,abstract,color,studio,tan,rock,sandstone');
INSERT OR IGNORE INTO tags (name) VALUES ('horizontal');
INSERT INTO photo_tags (photo_idx, tag_id) VALUES ((SELECT photo_idx FROM photos WHERE photo_id = 2004), (SELECT tag_id FROM tags WHERE name = 'horizontal'));
INSERT OR IGNORE INTO tags (name) VALUES ('popular');
INSERT INTO photo_tags (photo_idx, tag_id) VALUES ((SELECT photo_idx FROM photos WHERE photo_id = 2004), (SELECT tag_id FROM tags WHERE name = 'popular'));
INSERT OR IGNORE INTO tags (name) VALUES ('closeup');
INSERT INTO photo_tags (photo_idx, tag_id) VALUES ((SELECT photo_idx FROM photos WHERE photo_id = 2004), (SELECT tag_id FROM tags WHERE name = 'closeup'));
INSERT OR IGNORE INTO tags (name) VALUES ('abstract');
INSERT INTO photo_tags (photo_idx, tag_id) VALUES ((SELECT photo_idx FROM photos WHERE photo_id = 2004), (SELECT tag_id FROM tags WHERE name = 'abstract'));
INSERT OR IGNORE INTO tags (name) VALUES ('color');
INSERT INTO photo_tags (photo_idx, tag_id) VALUES ((SELECT photo_idx FROM photos WHERE photo_id = 2004), (SELECT tag_id FROM tags WHERE name = 'color'));
INSERT OR IGNORE INTO tags (name) VALUES ('studio');
INSERT INTO photo_tags (photo_idx, tag_id) VALUES ((SELECT photo_idx FROM photos WHERE photo_id = 2004), (SELECT tag_id FROM tags WHERE name = 'studio'));
INSERT OR IGNORE INTO tags (name) VALUES ('tan');
INSERT INTO photo_tags (photo_idx, tag_id) VALUES ((SELECT photo_idx FROM photos WHERE photo_id = 2004), (SELECT tag_id FROM tags WHERE name = 'tan'));
INSERT OR IGNORE INTO tags (name) VALUES ('rock');
INSERT INTO photo_tags (photo_idx, tag_id) VALUES ((SELECT photo_idx FROM photos WHERE photo_id = 2004), (SELECT tag_id FROM tags WHERE name = 'rock'));
INSERT OR IGNORE INTO tags (name) VALUES ('sandstone');
INSERT INTO photo_tags (photo_idx, tag_id) VALUES ((SELECT photo_idx FROM photos WHERE photo_id = 2004), (SELECT tag_id FROM tags WHERE name = 'sandstone'));

INSERT INTO photos (photo_id, photo_title, photo_collection, photo_location, photo_year, camera, film_stock, film_format) VALUES (2005, 'Labradorite', 'Rocks', 'Tabor Island, near Nain, Labrador, Canada', 2002, 'Hasselblad', 'Fujichrome Velvia', '6 x 6 cm');
INSERT INTO photos_fts (photo_idx, photo_id, photo_title, photo_collection, photo_location, photo_year, camera, film_stock, film_format, tag_names) VALUES ((SELECT photo_idx FROM photos WHERE photo_id = 2005), 2005, 'Labradorite', 'Rocks', 'Tabor Island, near Nain, Labrador, Canada', 2002, 'Hasselblad', 'Fujichrome Velvia', '6 x 6 cm', 'horizontal,popular,closeup,abstract,color,studio,blue,rock');
INSERT OR IGNORE INTO tags (name) VALUES ('horizontal');
INSERT INTO photo_tags (photo_idx, tag_id) VALUES ((SELECT photo_idx FROM photos WHERE photo_id = 2005), (SELECT tag_id FROM tags WHERE name = 'horizontal'));
INSERT OR IGNORE INTO tags (name) VALUES ('popular');
INSERT INTO photo_tags (photo_idx, tag_id) VALUES ((SELECT photo_idx FROM photos WHERE photo_id = 2005), (SELECT tag_id FROM tags WHERE name = 'popular'));
INSERT OR IGNORE INTO tags (name) VALUES ('closeup');
INSERT INTO photo_tags (photo_idx, tag_id) VALUES ((SELECT photo_idx FROM photos WHERE photo_id = 2005), (SELECT tag_id FROM tags WHERE name = 'closeup'));
INSERT OR IGNORE INTO tags (name) VALUES ('abstract');
INSERT INTO photo_tags (photo_idx, tag_id) VALUES ((SELECT photo_idx FROM photos WHERE photo_id = 2005), (SELECT tag_id FROM tags WHERE name = 'abstract'));
INSERT OR IGNORE INTO tags (name) VALUES ('color');
INSERT INTO photo_tags (photo_idx, tag_id) VALUES ((SELECT photo_idx FROM photos WHERE photo_id = 2005), (SELECT tag_id FROM tags WHERE name = 'color'));
INSERT OR IGNORE INTO tags (name) VALUES ('studio');
INSERT INTO photo_tags (photo_idx, tag_id) VALUES ((SELECT photo_idx FROM photos WHERE photo_id = 2005), (SELECT tag_id FROM tags WHERE name = 'studio'));
INSERT OR IGNORE INTO tags (name) VALUES ('blue');
INSERT INTO photo_tags (photo_idx, tag_id) VALUES ((SELECT photo_idx FROM photos WHERE photo_id = 2005), (SELECT tag_id FROM tags WHERE name = 'blue'));
INSERT OR IGNORE INTO tags (name) VALUES ('rock');
INSERT INTO photo_tags (photo_idx, tag_id) VALUES ((SELECT photo_idx FROM photos WHERE photo_id = 2005), (SELECT tag_id FROM tags WHERE name = 'rock'));

INSERT INTO photos (photo_id, photo_title, photo_collection, photo_location, photo_year, camera, film_stock, film_format) VALUES (2014, 'Plume Agate', 'Rocks', 'Graveyard Point, Malheur County, Oregon', 2002, 'Hasselblad', 'Fujichrome Velvia', '6 x 6 cm');
INSERT INTO photos_fts (photo_idx, photo_id, photo_title, photo_collection, photo_location, photo_year, camera, film_stock, film_format, tag_names) VALUES ((SELECT photo_idx FROM photos WHERE photo_id = 2014), 2014, 'Plume Agate', 'Rocks', 'Graveyard Point, Malheur County, Oregon', 2002, 'Hasselblad', 'Fujichrome Velvia', '6 x 6 cm', 'horizontal,closeup,abstract,color,studio,rock');
INSERT OR IGNORE INTO tags (name) VALUES ('horizontal');
INSERT INTO photo_tags (photo_idx, tag_id) VALUES ((SELECT photo_idx FROM photos WHERE photo_id = 2014), (SELECT tag_id FROM tags WHERE name = 'horizontal'));
INSERT OR IGNORE INTO tags (name) VALUES ('closeup');
INSERT INTO photo_tags (photo_idx, tag_id) VALUES ((SELECT photo_idx FROM photos WHERE photo_id = 2014), (SELECT tag_id FROM tags WHERE name = 'closeup'));
INSERT OR IGNORE INTO tags (name) VALUES ('abstract');
INSERT INTO photo_tags (photo_idx, tag_id) VALUES ((SELECT photo_idx FROM photos WHERE photo_id = 2014), (SELECT tag_id FROM tags WHERE name = 'abstract'));
INSERT OR IGNORE INTO tags (name) VALUES ('color');
INSERT INTO photo_tags (photo_idx, tag_id) VALUES ((SELECT photo_idx FROM photos WHERE photo_id = 2014), (SELECT tag_id FROM tags WHERE name = 'color'));
INSERT OR IGNORE INTO tags (name) VALUES ('studio');
INSERT INTO photo_tags (photo_idx, tag_id) VALUES ((SELECT photo_idx FROM photos WHERE photo_id = 2014), (SELECT tag_id FROM tags WHERE name = 'studio'));
INSERT OR IGNORE INTO tags (name) VALUES ('rock');
INSERT INTO photo_tags (photo_idx, tag_id) VALUES ((SELECT photo_idx FROM photos WHERE photo_id = 2014), (SELECT tag_id FROM tags WHERE name = 'rock'));

INSERT INTO photos (photo_id, photo_title, photo_collection, photo_location, photo_year, camera, film_stock, film_format) VALUES (2019, 'Picasso Marble', 'Rocks', 'Minersville area, Mineral Mountains, Beaver County, Utah', 2002, 'Hasselblad', 'Fujichrome Velvia', '6 x 6 cm');
INSERT INTO photos_fts (photo_idx, photo_id, photo_title, photo_collection, photo_location, photo_year, camera, film_stock, film_format, tag_names) VALUES ((SELECT photo_idx FROM photos WHERE photo_id = 2019), 2019, 'Picasso Marble', 'Rocks', 'Minersville area, Mineral Mountains, Beaver County, Utah', 2002, 'Hasselblad', 'Fujichrome Velvia', '6 x 6 cm', 'vertical,closeup,abstract,color,studio,black,gray,rock');
INSERT OR IGNORE INTO tags (name) VALUES ('vertical');
INSERT INTO photo_tags (photo_idx, tag_id) VALUES ((SELECT photo_idx FROM photos WHERE photo_id = 2019), (SELECT tag_id FROM tags WHERE name = 'vertical'));
INSERT OR IGNORE INTO tags (name) VALUES ('closeup');
INSERT INTO photo_tags (photo_idx, tag_id) VALUES ((SELECT photo_idx FROM photos WHERE photo_id = 2019), (SELECT tag_id FROM tags WHERE name = 'closeup'));
INSERT OR IGNORE INTO tags (name) VALUES ('abstract');
INSERT INTO photo_tags (photo_idx, tag_id) VALUES ((SELECT photo_idx FROM photos WHERE photo_id = 2019), (SELECT tag_id FROM tags WHERE name = 'abstract'));
INSERT OR IGNORE INTO tags (name) VALUES ('color');
INSERT INTO photo_tags (photo_idx, tag_id) VALUES ((SELECT photo_idx FROM photos WHERE photo_id = 2019), (SELECT tag_id FROM tags WHERE name = 'color'));
INSERT OR IGNORE INTO tags (name) VALUES ('studio');
INSERT INTO photo_tags (photo_idx, tag_id) VALUES ((SELECT photo_idx FROM photos WHERE photo_id = 2019), (SELECT tag_id FROM tags WHERE name = 'studio'));
INSERT OR IGNORE INTO tags (name) VALUES ('black');
INSERT INTO photo_tags (photo_idx, tag_id) VALUES ((SELECT photo_idx FROM photos WHERE photo_id = 2019), (SELECT tag_id FROM tags WHERE name = 'black'));
INSERT OR IGNORE INTO tags (name) VALUES ('gray');
INSERT INTO photo_tags (photo_idx, tag_id) VALUES ((SELECT photo_idx FROM photos WHERE photo_id = 2019), (SELECT tag_id FROM tags WHERE name = 'gray'));
INSERT OR IGNORE INTO tags (name) VALUES ('rock');
INSERT INTO photo_tags (photo_idx, tag_id) VALUES ((SELECT photo_idx FROM photos WHERE photo_id = 2019), (SELECT tag_id FROM tags WHERE name = 'rock'));

INSERT INTO photos (photo_id, photo_title, photo_collection, photo_location, photo_year, camera, film_stock, film_format) VALUES (2022, 'Ocean Jasper', 'Rocks', 'Near Marovato, Mahajanga Province, Madagascar', 2002, 'Hasselblad', 'Fujichrome Velvia', '6 x 6 cm');
INSERT INTO photos_fts (photo_idx, photo_id, photo_title, photo_collection, photo_location, photo_year, camera, film_stock, film_format, tag_names) VALUES ((SELECT photo_idx FROM photos WHERE photo_id = 2022), 2022, 'Ocean Jasper', 'Rocks', 'Near Marovato, Mahajanga Province, Madagascar', 2002, 'Hasselblad', 'Fujichrome Velvia', '6 x 6 cm', 'horizontal,closeup,abstract,color,studio,rock');
INSERT OR IGNORE INTO tags (name) VALUES ('horizontal');
INSERT INTO photo_tags (photo_idx, tag_id) VALUES ((SELECT photo_idx FROM photos WHERE photo_id = 2022), (SELECT tag_id FROM tags WHERE name = 'horizontal'));
INSERT OR IGNORE INTO tags (name) VALUES ('closeup');
INSERT INTO photo_tags (photo_idx, tag_id) VALUES ((SELECT photo_idx FROM photos WHERE photo_id = 2022), (SELECT tag_id FROM tags WHERE name = 'closeup'));
INSERT OR IGNORE INTO tags (name) VALUES ('abstract');
INSERT INTO photo_tags (photo_idx, tag_id) VALUES ((SELECT photo_idx FROM photos WHERE photo_id = 2022), (SELECT tag_id FROM tags WHERE name = 'abstract'));
INSERT OR IGNORE INTO tags (name) VALUES ('color');
INSERT INTO photo_tags (photo_idx, tag_id) VALUES ((SELECT photo_idx FROM photos WHERE photo_id = 2022), (SELECT tag_id FROM tags WHERE name = 'color'));
INSERT OR IGNORE INTO tags (name) VALUES ('studio');
INSERT INTO photo_tags (photo_idx, tag_id) VALUES ((SELECT photo_idx FROM photos WHERE photo_id = 2022), (SELECT tag_id FROM tags WHERE name = 'studio'));
INSERT OR IGNORE INTO tags (name) VALUES ('rock');
INSERT INTO photo_tags (photo_idx, tag_id) VALUES ((SELECT photo_idx FROM photos WHERE photo_id = 2022), (SELECT tag_id FROM tags WHERE name = 'rock'));

INSERT INTO photos (photo_id, photo_title, photo_collection, photo_location, photo_year, camera, film_stock, film_format) VALUES (2026, 'Seraphinite', 'Rocks', 'Korshunovka, Siberia, Russia', 2002, 'Hasselblad', 'Fujichrome Velvia', '6 x 6 cm');
INSERT INTO photos_fts (photo_idx, photo_id, photo_title, photo_collection, photo_location, photo_year, camera, film_stock, film_format, tag_names) VALUES ((SELECT photo_idx FROM photos WHERE photo_id = 2026), 2026, 'Seraphinite', 'Rocks', 'Korshunovka, Siberia, Russia', 2002, 'Hasselblad', 'Fujichrome Velvia', '6 x 6 cm', 'horizontal,closeup,abstract,color,studio,green,rock');
INSERT OR IGNORE INTO tags (name) VALUES ('horizontal');
INSERT INTO photo_tags (photo_idx, tag_id) VALUES ((SELECT photo_idx FROM photos WHERE photo_id = 2026), (SELECT tag_id FROM tags WHERE name = 'horizontal'));
INSERT OR IGNORE INTO tags (name) VALUES ('closeup');
INSERT INTO photo_tags (photo_idx, tag_id) VALUES ((SELECT photo_idx FROM photos WHERE photo_id = 2026), (SELECT tag_id FROM tags WHERE name = 'closeup'));
INSERT OR IGNORE INTO tags (name) VALUES ('abstract');
INSERT INTO photo_tags (photo_idx, tag_id) VALUES ((SELECT photo_idx FROM photos WHERE photo_id = 2026), (SELECT tag_id FROM tags WHERE name = 'abstract'));
INSERT OR IGNORE INTO tags (name) VALUES ('color');
INSERT INTO photo_tags (photo_idx, tag_id) VALUES ((SELECT photo_idx FROM photos WHERE photo_id = 2026), (SELECT tag_id FROM tags WHERE name = 'color'));
INSERT OR IGNORE INTO tags (name) VALUES ('studio');
INSERT INTO photo_tags (photo_idx, tag_id) VALUES ((SELECT photo_idx FROM photos WHERE photo_id = 2026), (SELECT tag_id FROM tags WHERE name = 'studio'));
INSERT OR IGNORE INTO tags (name) VALUES ('green');
INSERT INTO photo_tags (photo_idx, tag_id) VALUES ((SELECT photo_idx FROM photos WHERE photo_id = 2026), (SELECT tag_id FROM tags WHERE name = 'green'));
INSERT OR IGNORE INTO tags (name) VALUES ('rock');
INSERT INTO photo_tags (photo_idx, tag_id) VALUES ((SELECT photo_idx FROM photos WHERE photo_id = 2026), (SELECT tag_id FROM tags WHERE name = 'rock'));

INSERT INTO photos (photo_id, photo_title, photo_collection, photo_location, photo_year, camera, film_stock, film_format) VALUES (2029, 'Plume Agate', 'Rocks', 'Graveyard Point, Malheur County, Oregon', 2002, 'Hasselblad', 'Fujichrome Velvia', '6 x 6 cm');
INSERT INTO photos_fts (photo_idx, photo_id, photo_title, photo_collection, photo_location, photo_year, camera, film_stock, film_format, tag_names) VALUES ((SELECT photo_idx FROM photos WHERE photo_id = 2029), 2029, 'Plume Agate', 'Rocks', 'Graveyard Point, Malheur County, Oregon', 2002, 'Hasselblad', 'Fujichrome Velvia', '6 x 6 cm', 'vertical,closeup,abstract,color,studio,rock');
INSERT OR IGNORE INTO tags (name) VALUES ('vertical');
INSERT INTO photo_tags (photo_idx, tag_id) VALUES ((SELECT photo_idx FROM photos WHERE photo_id = 2029), (SELECT tag_id FROM tags WHERE name = 'vertical'));
INSERT OR IGNORE INTO tags (name) VALUES ('closeup');
INSERT INTO photo_tags (photo_idx, tag_id) VALUES ((SELECT photo_idx FROM photos WHERE photo_id = 2029), (SELECT tag_id FROM tags WHERE name = 'closeup'));
INSERT OR IGNORE INTO tags (name) VALUES ('abstract');
INSERT INTO photo_tags (photo_idx, tag_id) VALUES ((SELECT photo_idx FROM photos WHERE photo_id = 2029), (SELECT tag_id FROM tags WHERE name = 'abstract'));
INSERT OR IGNORE INTO tags (name) VALUES ('color');
INSERT INTO photo_tags (photo_idx, tag_id) VALUES ((SELECT photo_idx FROM photos WHERE photo_id = 2029), (SELECT tag_id FROM tags WHERE name = 'color'));
INSERT OR IGNORE INTO tags (name) VALUES ('studio');
INSERT INTO photo_tags (photo_idx, tag_id) VALUES ((SELECT photo_idx FROM photos WHERE photo_id = 2029), (SELECT tag_id FROM tags WHERE name = 'studio'));
INSERT OR IGNORE INTO tags (name) VALUES ('rock');
INSERT INTO photo_tags (photo_idx, tag_id) VALUES ((SELECT photo_idx FROM photos WHERE photo_id = 2029), (SELECT tag_id FROM tags WHERE name = 'rock'));

INSERT INTO photos (photo_id, photo_title, photo_collection, photo_location, photo_year, camera, film_stock, film_format) VALUES (2040, 'Plume Agate', 'Rocks', 'Graveyard Point, Malheur County, Oregon', 2002, 'Hasselblad', 'Fujichrome Velvia', '6 x 6 cm');
INSERT INTO photos_fts (photo_idx, photo_id, photo_title, photo_collection, photo_location, photo_year, camera, film_stock, film_format, tag_names) VALUES ((SELECT photo_idx FROM photos WHERE photo_id = 2040), 2040, 'Plume Agate', 'Rocks', 'Graveyard Point, Malheur County, Oregon', 2002, 'Hasselblad', 'Fujichrome Velvia', '6 x 6 cm', 'vertical,closeup,abstract,color,studio,rock');
INSERT OR IGNORE INTO tags (name) VALUES ('vertical');
INSERT INTO photo_tags (photo_idx, tag_id) VALUES ((SELECT photo_idx FROM photos WHERE photo_id = 2040), (SELECT tag_id FROM tags WHERE name = 'vertical'));
INSERT OR IGNORE INTO tags (name) VALUES ('closeup');
INSERT INTO photo_tags (photo_idx, tag_id) VALUES ((SELECT photo_idx FROM photos WHERE photo_id = 2040), (SELECT tag_id FROM tags WHERE name = 'closeup'));
INSERT OR IGNORE INTO tags (name) VALUES ('abstract');
INSERT INTO photo_tags (photo_idx, tag_id) VALUES ((SELECT photo_idx FROM photos WHERE photo_id = 2040), (SELECT tag_id FROM tags WHERE name = 'abstract'));
INSERT OR IGNORE INTO tags (name) VALUES ('color');
INSERT INTO photo_tags (photo_idx, tag_id) VALUES ((SELECT photo_idx FROM photos WHERE photo_id = 2040), (SELECT tag_id FROM tags WHERE name = 'color'));
INSERT OR IGNORE INTO tags (name) VALUES ('studio');
INSERT INTO photo_tags (photo_idx, tag_id) VALUES ((SELECT photo_idx FROM photos WHERE photo_id = 2040), (SELECT tag_id FROM tags WHERE name = 'studio'));
INSERT OR IGNORE INTO tags (name) VALUES ('rock');
INSERT INTO photo_tags (photo_idx, tag_id) VALUES ((SELECT photo_idx FROM photos WHERE photo_id = 2040), (SELECT tag_id FROM tags WHERE name = 'rock'));

INSERT INTO photos (photo_id, photo_title, photo_collection, photo_location, photo_year, camera, film_stock, film_format) VALUES (2050, 'Owyhee Picture Jasper', 'Rocks', 'Owyhee Upland, Malheur County, Oregon', 2002, 'Hasselblad', 'Fujichrome Velvia', '6 x 6 cm');
INSERT INTO photos_fts (photo_idx, photo_id, photo_title, photo_collection, photo_location, photo_year, camera, film_stock, film_format, tag_names) VALUES ((SELECT photo_idx FROM photos WHERE photo_id = 2050), 2050, 'Owyhee Picture Jasper', 'Rocks', 'Owyhee Upland, Malheur County, Oregon', 2002, 'Hasselblad', 'Fujichrome Velvia', '6 x 6 cm', 'horizontal,closeup,abstract,landscape,color,studio,brown,tan,rock');
INSERT OR IGNORE INTO tags (name) VALUES ('horizontal');
INSERT INTO photo_tags (photo_idx, tag_id) VALUES ((SELECT photo_idx FROM photos WHERE photo_id = 2050), (SELECT tag_id FROM tags WHERE name = 'horizontal'));
INSERT OR IGNORE INTO tags (name) VALUES ('closeup');
INSERT INTO photo_tags (photo_idx, tag_id) VALUES ((SELECT photo_idx FROM photos WHERE photo_id = 2050), (SELECT tag_id FROM tags WHERE name = 'closeup'));
INSERT OR IGNORE INTO tags (name) VALUES ('abstract');
INSERT INTO photo_tags (photo_idx, tag_id) VALUES ((SELECT photo_idx FROM photos WHERE photo_id = 2050), (SELECT tag_id FROM tags WHERE name = 'abstract'));
INSERT OR IGNORE INTO tags (name) VALUES ('landscape');
INSERT INTO photo_tags (photo_idx, tag_id) VALUES ((SELECT photo_idx FROM photos WHERE photo_id = 2050), (SELECT tag_id FROM tags WHERE name = 'landscape'));
INSERT OR IGNORE INTO tags (name) VALUES ('color');
INSERT INTO photo_tags (photo_idx, tag_id) VALUES ((SELECT photo_idx FROM photos WHERE photo_id = 2050), (SELECT tag_id FROM tags WHERE name = 'color'));
INSERT OR IGNORE INTO tags (name) VALUES ('studio');
INSERT INTO photo_tags (photo_idx, tag_id) VALUES ((SELECT photo_idx FROM photos WHERE photo_id = 2050), (SELECT tag_id FROM tags WHERE name = 'studio'));
INSERT OR IGNORE INTO tags (name) VALUES ('brown');
INSERT INTO photo_tags (photo_idx, tag_id) VALUES ((SELECT photo_idx FROM photos WHERE photo_id = 2050), (SELECT tag_id FROM tags WHERE name = 'brown'));
INSERT OR IGNORE INTO tags (name) VALUES ('tan');
INSERT INTO photo_tags (photo_idx, tag_id) VALUES ((SELECT photo_idx FROM photos WHERE photo_id = 2050), (SELECT tag_id FROM tags WHERE name = 'tan'));
INSERT OR IGNORE INTO tags (name) VALUES ('rock');
INSERT INTO photo_tags (photo_idx, tag_id) VALUES ((SELECT photo_idx FROM photos WHERE photo_id = 2050), (SELECT tag_id FROM tags WHERE name = 'rock'));

INSERT INTO photos (photo_id, photo_title, photo_collection, photo_location, photo_year, camera, film_stock, film_format) VALUES (2052, 'Graphic Granite', 'Rocks', 'Madagascar', 2002, 'Hasselblad', 'Fujichrome Velvia', '6 x 6 cm');
INSERT INTO photos_fts (photo_idx, photo_id, photo_title, photo_collection, photo_location, photo_year, camera, film_stock, film_format, tag_names) VALUES ((SELECT photo_idx FROM photos WHERE photo_id = 2052), 2052, 'Graphic Granite', 'Rocks', 'Madagascar', 2002, 'Hasselblad', 'Fujichrome Velvia', '6 x 6 cm', 'horizontal,closeup,abstract,color,studio,yellow,rock');
INSERT OR IGNORE INTO tags (name) VALUES ('horizontal');
INSERT INTO photo_tags (photo_idx, tag_id) VALUES ((SELECT photo_idx FROM photos WHERE photo_id = 2052), (SELECT tag_id FROM tags WHERE name = 'horizontal'));
INSERT OR IGNORE INTO tags (name) VALUES ('closeup');
INSERT INTO photo_tags (photo_idx, tag_id) VALUES ((SELECT photo_idx FROM photos WHERE photo_id = 2052), (SELECT tag_id FROM tags WHERE name = 'closeup'));
INSERT OR IGNORE INTO tags (name) VALUES ('abstract');
INSERT INTO photo_tags (photo_idx, tag_id) VALUES ((SELECT photo_idx FROM photos WHERE photo_id = 2052), (SELECT tag_id FROM tags WHERE name = 'abstract'));
INSERT OR IGNORE INTO tags (name) VALUES ('color');
INSERT INTO photo_tags (photo_idx, tag_id) VALUES ((SELECT photo_idx FROM photos WHERE photo_id = 2052), (SELECT tag_id FROM tags WHERE name = 'color'));
INSERT OR IGNORE INTO tags (name) VALUES ('studio');
INSERT INTO photo_tags (photo_idx, tag_id) VALUES ((SELECT photo_idx FROM photos WHERE photo_id = 2052), (SELECT tag_id FROM tags WHERE name = 'studio'));
INSERT OR IGNORE INTO tags (name) VALUES ('yellow');
INSERT INTO photo_tags (photo_idx, tag_id) VALUES ((SELECT photo_idx FROM photos WHERE photo_id = 2052), (SELECT tag_id FROM tags WHERE name = 'yellow'));
INSERT OR IGNORE INTO tags (name) VALUES ('rock');
INSERT INTO photo_tags (photo_idx, tag_id) VALUES ((SELECT photo_idx FROM photos WHERE photo_id = 2052), (SELECT tag_id FROM tags WHERE name = 'rock'));

INSERT INTO photos (photo_id, photo_title, photo_collection, photo_location, photo_year, camera, film_stock, film_format) VALUES (2064, 'Banded Agate', 'Rocks', 'Rio Grande do Sul, Brazil', 2002, 'Hasselblad', 'Fujichrome Velvia', '6 x 6 cm');
INSERT INTO photos_fts (photo_idx, photo_id, photo_title, photo_collection, photo_location, photo_year, camera, film_stock, film_format, tag_names) VALUES ((SELECT photo_idx FROM photos WHERE photo_id = 2064), 2064, 'Banded Agate', 'Rocks', 'Rio Grande do Sul, Brazil', 2002, 'Hasselblad', 'Fujichrome Velvia', '6 x 6 cm', 'vertical,popular,closeup,abstract,color,studio,blue,white,rock');
INSERT OR IGNORE INTO tags (name) VALUES ('vertical');
INSERT INTO photo_tags (photo_idx, tag_id) VALUES ((SELECT photo_idx FROM photos WHERE photo_id = 2064), (SELECT tag_id FROM tags WHERE name = 'vertical'));
INSERT OR IGNORE INTO tags (name) VALUES ('popular');
INSERT INTO photo_tags (photo_idx, tag_id) VALUES ((SELECT photo_idx FROM photos WHERE photo_id = 2064), (SELECT tag_id FROM tags WHERE name = 'popular'));
INSERT OR IGNORE INTO tags (name) VALUES ('closeup');
INSERT INTO photo_tags (photo_idx, tag_id) VALUES ((SELECT photo_idx FROM photos WHERE photo_id = 2064), (SELECT tag_id FROM tags WHERE name = 'closeup'));
INSERT OR IGNORE INTO tags (name) VALUES ('abstract');
INSERT INTO photo_tags (photo_idx, tag_id) VALUES ((SELECT photo_idx FROM photos WHERE photo_id = 2064), (SELECT tag_id FROM tags WHERE name = 'abstract'));
INSERT OR IGNORE INTO tags (name) VALUES ('color');
INSERT INTO photo_tags (photo_idx, tag_id) VALUES ((SELECT photo_idx FROM photos WHERE photo_id = 2064), (SELECT tag_id FROM tags WHERE name = 'color'));
INSERT OR IGNORE INTO tags (name) VALUES ('studio');
INSERT INTO photo_tags (photo_idx, tag_id) VALUES ((SELECT photo_idx FROM photos WHERE photo_id = 2064), (SELECT tag_id FROM tags WHERE name = 'studio'));
INSERT OR IGNORE INTO tags (name) VALUES ('blue');
INSERT INTO photo_tags (photo_idx, tag_id) VALUES ((SELECT photo_idx FROM photos WHERE photo_id = 2064), (SELECT tag_id FROM tags WHERE name = 'blue'));
INSERT OR IGNORE INTO tags (name) VALUES ('white');
INSERT INTO photo_tags (photo_idx, tag_id) VALUES ((SELECT photo_idx FROM photos WHERE photo_id = 2064), (SELECT tag_id FROM tags WHERE name = 'white'));
INSERT OR IGNORE INTO tags (name) VALUES ('rock');
INSERT INTO photo_tags (photo_idx, tag_id) VALUES ((SELECT photo_idx FROM photos WHERE photo_id = 2064), (SELECT tag_id FROM tags WHERE name = 'rock'));

INSERT INTO photos (photo_id, photo_title, photo_collection, photo_location, photo_year, camera, film_stock, film_format) VALUES (2066, 'Septarium', 'Rocks', 'Long Valley near Orderville, Kane County, Utah', 2002, 'Hasselblad', 'Fujichrome Velvia', '6 x 6 cm');
INSERT INTO photos_fts (photo_idx, photo_id, photo_title, photo_collection, photo_location, photo_year, camera, film_stock, film_format, tag_names) VALUES ((SELECT photo_idx FROM photos WHERE photo_id = 2066), 2066, 'Septarium', 'Rocks', 'Long Valley near Orderville, Kane County, Utah', 2002, 'Hasselblad', 'Fujichrome Velvia', '6 x 6 cm', 'horizontal,closeup,abstract,color,studio,gray,yellow,rock');
INSERT OR IGNORE INTO tags (name) VALUES ('horizontal');
INSERT INTO photo_tags (photo_idx, tag_id) VALUES ((SELECT photo_idx FROM photos WHERE photo_id = 2066), (SELECT tag_id FROM tags WHERE name = 'horizontal'));
INSERT OR IGNORE INTO tags (name) VALUES ('closeup');
INSERT INTO photo_tags (photo_idx, tag_id) VALUES ((SELECT photo_idx FROM photos WHERE photo_id = 2066), (SELECT tag_id FROM tags WHERE name = 'closeup'));
INSERT OR IGNORE INTO tags (name) VALUES ('abstract');
INSERT INTO photo_tags (photo_idx, tag_id) VALUES ((SELECT photo_idx FROM photos WHERE photo_id = 2066), (SELECT tag_id FROM tags WHERE name = 'abstract'));
INSERT OR IGNORE INTO tags (name) VALUES ('color');
INSERT INTO photo_tags (photo_idx, tag_id) VALUES ((SELECT photo_idx FROM photos WHERE photo_id = 2066), (SELECT tag_id FROM tags WHERE name = 'color'));
INSERT OR IGNORE INTO tags (name) VALUES ('studio');
INSERT INTO photo_tags (photo_idx, tag_id) VALUES ((SELECT photo_idx FROM photos WHERE photo_id = 2066), (SELECT tag_id FROM tags WHERE name = 'studio'));
INSERT OR IGNORE INTO tags (name) VALUES ('gray');
INSERT INTO photo_tags (photo_idx, tag_id) VALUES ((SELECT photo_idx FROM photos WHERE photo_id = 2066), (SELECT tag_id FROM tags WHERE name = 'gray'));
INSERT OR IGNORE INTO tags (name) VALUES ('yellow');
INSERT INTO photo_tags (photo_idx, tag_id) VALUES ((SELECT photo_idx FROM photos WHERE photo_id = 2066), (SELECT tag_id FROM tags WHERE name = 'yellow'));
INSERT OR IGNORE INTO tags (name) VALUES ('rock');
INSERT INTO photo_tags (photo_idx, tag_id) VALUES ((SELECT photo_idx FROM photos WHERE photo_id = 2066), (SELECT tag_id FROM tags WHERE name = 'rock'));

INSERT INTO photos (photo_id, photo_title, photo_collection, photo_location, photo_year, camera, film_stock, film_format) VALUES (2067, 'Septarium', 'Rocks', 'Long Valley near Orderville, Kane County, Utah', 2002, 'Hasselblad', 'Fujichrome Velvia', '6 x 6 cm');
INSERT INTO photos_fts (photo_idx, photo_id, photo_title, photo_collection, photo_location, photo_year, camera, film_stock, film_format, tag_names) VALUES ((SELECT photo_idx FROM photos WHERE photo_id = 2067), 2067, 'Septarium', 'Rocks', 'Long Valley near Orderville, Kane County, Utah', 2002, 'Hasselblad', 'Fujichrome Velvia', '6 x 6 cm', 'vertical,closeup,abstract,color,studio,yellow,rock');
INSERT OR IGNORE INTO tags (name) VALUES ('vertical');
INSERT INTO photo_tags (photo_idx, tag_id) VALUES ((SELECT photo_idx FROM photos WHERE photo_id = 2067), (SELECT tag_id FROM tags WHERE name = 'vertical'));
INSERT OR IGNORE INTO tags (name) VALUES ('closeup');
INSERT INTO photo_tags (photo_idx, tag_id) VALUES ((SELECT photo_idx FROM photos WHERE photo_id = 2067), (SELECT tag_id FROM tags WHERE name = 'closeup'));
INSERT OR IGNORE INTO tags (name) VALUES ('abstract');
INSERT INTO photo_tags (photo_idx, tag_id) VALUES ((SELECT photo_idx FROM photos WHERE photo_id = 2067), (SELECT tag_id FROM tags WHERE name = 'abstract'));
INSERT OR IGNORE INTO tags (name) VALUES ('color');
INSERT INTO photo_tags (photo_idx, tag_id) VALUES ((SELECT photo_idx FROM photos WHERE photo_id = 2067), (SELECT tag_id FROM tags WHERE name = 'color'));
INSERT OR IGNORE INTO tags (name) VALUES ('studio');
INSERT INTO photo_tags (photo_idx, tag_id) VALUES ((SELECT photo_idx FROM photos WHERE photo_id = 2067), (SELECT tag_id FROM tags WHERE name = 'studio'));
INSERT OR IGNORE INTO tags (name) VALUES ('yellow');
INSERT INTO photo_tags (photo_idx, tag_id) VALUES ((SELECT photo_idx FROM photos WHERE photo_id = 2067), (SELECT tag_id FROM tags WHERE name = 'yellow'));
INSERT OR IGNORE INTO tags (name) VALUES ('rock');
INSERT INTO photo_tags (photo_idx, tag_id) VALUES ((SELECT photo_idx FROM photos WHERE photo_id = 2067), (SELECT tag_id FROM tags WHERE name = 'rock'));

INSERT INTO photos (photo_id, photo_title, photo_collection, photo_location, photo_year, camera, film_stock, film_format) VALUES (2080, 'Picasso Marble', 'Rocks', 'Minersville area, Mineral Mountains, Beaver County, Utah', 2002, 'Hasselblad', 'Fujichrome Velvia', '6 x 6 cm');
INSERT INTO photos_fts (photo_idx, photo_id, photo_title, photo_collection, photo_location, photo_year, camera, film_stock, film_format, tag_names) VALUES ((SELECT photo_idx FROM photos WHERE photo_id = 2080), 2080, 'Picasso Marble', 'Rocks', 'Minersville area, Mineral Mountains, Beaver County, Utah', 2002, 'Hasselblad', 'Fujichrome Velvia', '6 x 6 cm', 'vertical,closeup,abstract,color,studio,gray,tan,rock');
INSERT OR IGNORE INTO tags (name) VALUES ('vertical');
INSERT INTO photo_tags (photo_idx, tag_id) VALUES ((SELECT photo_idx FROM photos WHERE photo_id = 2080), (SELECT tag_id FROM tags WHERE name = 'vertical'));
INSERT OR IGNORE INTO tags (name) VALUES ('closeup');
INSERT INTO photo_tags (photo_idx, tag_id) VALUES ((SELECT photo_idx FROM photos WHERE photo_id = 2080), (SELECT tag_id FROM tags WHERE name = 'closeup'));
INSERT OR IGNORE INTO tags (name) VALUES ('abstract');
INSERT INTO photo_tags (photo_idx, tag_id) VALUES ((SELECT photo_idx FROM photos WHERE photo_id = 2080), (SELECT tag_id FROM tags WHERE name = 'abstract'));
INSERT OR IGNORE INTO tags (name) VALUES ('color');
INSERT INTO photo_tags (photo_idx, tag_id) VALUES ((SELECT photo_idx FROM photos WHERE photo_id = 2080), (SELECT tag_id FROM tags WHERE name = 'color'));
INSERT OR IGNORE INTO tags (name) VALUES ('studio');
INSERT INTO photo_tags (photo_idx, tag_id) VALUES ((SELECT photo_idx FROM photos WHERE photo_id = 2080), (SELECT tag_id FROM tags WHERE name = 'studio'));
INSERT OR IGNORE INTO tags (name) VALUES ('gray');
INSERT INTO photo_tags (photo_idx, tag_id) VALUES ((SELECT photo_idx FROM photos WHERE photo_id = 2080), (SELECT tag_id FROM tags WHERE name = 'gray'));
INSERT OR IGNORE INTO tags (name) VALUES ('tan');
INSERT INTO photo_tags (photo_idx, tag_id) VALUES ((SELECT photo_idx FROM photos WHERE photo_id = 2080), (SELECT tag_id FROM tags WHERE name = 'tan'));
INSERT OR IGNORE INTO tags (name) VALUES ('rock');
INSERT INTO photo_tags (photo_idx, tag_id) VALUES ((SELECT photo_idx FROM photos WHERE photo_id = 2080), (SELECT tag_id FROM tags WHERE name = 'rock'));

INSERT INTO photos (photo_id, photo_title, photo_collection, photo_location, photo_year, camera, film_stock, film_format) VALUES (2084, 'Petrified Wood', 'Rocks', 'Devils Gate, Hubbard Basin,Elko County, Nevada', 2002, 'Hasselblad', 'Fujichrome Velvia', '6 x 6 cm');
INSERT INTO photos_fts (photo_idx, photo_id, photo_title, photo_collection, photo_location, photo_year, camera, film_stock, film_format, tag_names) VALUES ((SELECT photo_idx FROM photos WHERE photo_id = 2084), 2084, 'Petrified Wood', 'Rocks', 'Devils Gate, Hubbard Basin,Elko County, Nevada', 2002, 'Hasselblad', 'Fujichrome Velvia', '6 x 6 cm', 'vertical,closeup,abstract,color,studio,brown,rock');
INSERT OR IGNORE INTO tags (name) VALUES ('vertical');
INSERT INTO photo_tags (photo_idx, tag_id) VALUES ((SELECT photo_idx FROM photos WHERE photo_id = 2084), (SELECT tag_id FROM tags WHERE name = 'vertical'));
INSERT OR IGNORE INTO tags (name) VALUES ('closeup');
INSERT INTO photo_tags (photo_idx, tag_id) VALUES ((SELECT photo_idx FROM photos WHERE photo_id = 2084), (SELECT tag_id FROM tags WHERE name = 'closeup'));
INSERT OR IGNORE INTO tags (name) VALUES ('abstract');
INSERT INTO photo_tags (photo_idx, tag_id) VALUES ((SELECT photo_idx FROM photos WHERE photo_id = 2084), (SELECT tag_id FROM tags WHERE name = 'abstract'));
INSERT OR IGNORE INTO tags (name) VALUES ('color');
INSERT INTO photo_tags (photo_idx, tag_id) VALUES ((SELECT photo_idx FROM photos WHERE photo_id = 2084), (SELECT tag_id FROM tags WHERE name = 'color'));
INSERT OR IGNORE INTO tags (name) VALUES ('studio');
INSERT INTO photo_tags (photo_idx, tag_id) VALUES ((SELECT photo_idx FROM photos WHERE photo_id = 2084), (SELECT tag_id FROM tags WHERE name = 'studio'));
INSERT OR IGNORE INTO tags (name) VALUES ('brown');
INSERT INTO photo_tags (photo_idx, tag_id) VALUES ((SELECT photo_idx FROM photos WHERE photo_id = 2084), (SELECT tag_id FROM tags WHERE name = 'brown'));
INSERT OR IGNORE INTO tags (name) VALUES ('rock');
INSERT INTO photo_tags (photo_idx, tag_id) VALUES ((SELECT photo_idx FROM photos WHERE photo_id = 2084), (SELECT tag_id FROM tags WHERE name = 'rock'));

INSERT INTO photos (photo_id, photo_title, photo_collection, photo_location, photo_year, camera, film_stock, film_format) VALUES (2087, 'Ocean Jasper', 'Rocks', 'Near Marovato, Mahajanga Province, Madagascar', 2002, 'Hasselblad', 'Fujichrome Velvia', '6 x 6 cm');
INSERT INTO photos_fts (photo_idx, photo_id, photo_title, photo_collection, photo_location, photo_year, camera, film_stock, film_format, tag_names) VALUES ((SELECT photo_idx FROM photos WHERE photo_id = 2087), 2087, 'Ocean Jasper', 'Rocks', 'Near Marovato, Mahajanga Province, Madagascar', 2002, 'Hasselblad', 'Fujichrome Velvia', '6 x 6 cm', 'horizontal,closeup,abstract,color,studio,gray,white,rock');
INSERT OR IGNORE INTO tags (name) VALUES ('horizontal');
INSERT INTO photo_tags (photo_idx, tag_id) VALUES ((SELECT photo_idx FROM photos WHERE photo_id = 2087), (SELECT tag_id FROM tags WHERE name = 'horizontal'));
INSERT OR IGNORE INTO tags (name) VALUES ('closeup');
INSERT INTO photo_tags (photo_idx, tag_id) VALUES ((SELECT photo_idx FROM photos WHERE photo_id = 2087), (SELECT tag_id FROM tags WHERE name = 'closeup'));
INSERT OR IGNORE INTO tags (name) VALUES ('abstract');
INSERT INTO photo_tags (photo_idx, tag_id) VALUES ((SELECT photo_idx FROM photos WHERE photo_id = 2087), (SELECT tag_id FROM tags WHERE name = 'abstract'));
INSERT OR IGNORE INTO tags (name) VALUES ('color');
INSERT INTO photo_tags (photo_idx, tag_id) VALUES ((SELECT photo_idx FROM photos WHERE photo_id = 2087), (SELECT tag_id FROM tags WHERE name = 'color'));
INSERT OR IGNORE INTO tags (name) VALUES ('studio');
INSERT INTO photo_tags (photo_idx, tag_id) VALUES ((SELECT photo_idx FROM photos WHERE photo_id = 2087), (SELECT tag_id FROM tags WHERE name = 'studio'));
INSERT OR IGNORE INTO tags (name) VALUES ('gray');
INSERT INTO photo_tags (photo_idx, tag_id) VALUES ((SELECT photo_idx FROM photos WHERE photo_id = 2087), (SELECT tag_id FROM tags WHERE name = 'gray'));
INSERT OR IGNORE INTO tags (name) VALUES ('white');
INSERT INTO photo_tags (photo_idx, tag_id) VALUES ((SELECT photo_idx FROM photos WHERE photo_id = 2087), (SELECT tag_id FROM tags WHERE name = 'white'));
INSERT OR IGNORE INTO tags (name) VALUES ('rock');
INSERT INTO photo_tags (photo_idx, tag_id) VALUES ((SELECT photo_idx FROM photos WHERE photo_id = 2087), (SELECT tag_id FROM tags WHERE name = 'rock'));

INSERT INTO photos (photo_id, photo_title, photo_collection, photo_location, photo_year, camera, film_stock, film_format) VALUES (2090, 'Malachite', 'Rocks', 'Katanga Copper Belt, Democratic Republic of the Congo', 2002, 'Hasselblad', 'Fujichrome Velvia', '6 x 6 cm');
INSERT INTO photos_fts (photo_idx, photo_id, photo_title, photo_collection, photo_location, photo_year, camera, film_stock, film_format, tag_names) VALUES ((SELECT photo_idx FROM photos WHERE photo_id = 2090), 2090, 'Malachite', 'Rocks', 'Katanga Copper Belt, Democratic Republic of the Congo', 2002, 'Hasselblad', 'Fujichrome Velvia', '6 x 6 cm', 'horizontal,closeup,abstract,color,studio,green,rock');
INSERT OR IGNORE INTO tags (name) VALUES ('horizontal');
INSERT INTO photo_tags (photo_idx, tag_id) VALUES ((SELECT photo_idx FROM photos WHERE photo_id = 2090), (SELECT tag_id FROM tags WHERE name = 'horizontal'));
INSERT OR IGNORE INTO tags (name) VALUES ('closeup');
INSERT INTO photo_tags (photo_idx, tag_id) VALUES ((SELECT photo_idx FROM photos WHERE photo_id = 2090), (SELECT tag_id FROM tags WHERE name = 'closeup'));
INSERT OR IGNORE INTO tags (name) VALUES ('abstract');
INSERT INTO photo_tags (photo_idx, tag_id) VALUES ((SELECT photo_idx FROM photos WHERE photo_id = 2090), (SELECT tag_id FROM tags WHERE name = 'abstract'));
INSERT OR IGNORE INTO tags (name) VALUES ('color');
INSERT INTO photo_tags (photo_idx, tag_id) VALUES ((SELECT photo_idx FROM photos WHERE photo_id = 2090), (SELECT tag_id FROM tags WHERE name = 'color'));
INSERT OR IGNORE INTO tags (name) VALUES ('studio');
INSERT INTO photo_tags (photo_idx, tag_id) VALUES ((SELECT photo_idx FROM photos WHERE photo_id = 2090), (SELECT tag_id FROM tags WHERE name = 'studio'));
INSERT OR IGNORE INTO tags (name) VALUES ('green');
INSERT INTO photo_tags (photo_idx, tag_id) VALUES ((SELECT photo_idx FROM photos WHERE photo_id = 2090), (SELECT tag_id FROM tags WHERE name = 'green'));
INSERT OR IGNORE INTO tags (name) VALUES ('rock');
INSERT INTO photo_tags (photo_idx, tag_id) VALUES ((SELECT photo_idx FROM photos WHERE photo_id = 2090), (SELECT tag_id FROM tags WHERE name = 'rock'));

INSERT INTO photos (photo_id, photo_title, photo_collection, photo_location, photo_year, camera, film_stock, film_format) VALUES (2103, 'Iron Meteorite', 'Rocks', 'Gibeon area, Namaland District, Hardap Region, Namibia', 2003, 'BetterLight', 'BetterLight Super6K', '72 x 96 mm');
INSERT INTO photos_fts (photo_idx, photo_id, photo_title, photo_collection, photo_location, photo_year, camera, film_stock, film_format, tag_names) VALUES ((SELECT photo_idx FROM photos WHERE photo_id = 2103), 2103, 'Iron Meteorite', 'Rocks', 'Gibeon area, Namaland District, Hardap Region, Namibia', 2003, 'BetterLight', 'BetterLight Super6K', '72 x 96 mm', 'vertical,popular,closeup,abstract,color,studio,gray,silver,rock');
INSERT OR IGNORE INTO tags (name) VALUES ('vertical');
INSERT INTO photo_tags (photo_idx, tag_id) VALUES ((SELECT photo_idx FROM photos WHERE photo_id = 2103), (SELECT tag_id FROM tags WHERE name = 'vertical'));
INSERT OR IGNORE INTO tags (name) VALUES ('popular');
INSERT INTO photo_tags (photo_idx, tag_id) VALUES ((SELECT photo_idx FROM photos WHERE photo_id = 2103), (SELECT tag_id FROM tags WHERE name = 'popular'));
INSERT OR IGNORE INTO tags (name) VALUES ('closeup');
INSERT INTO photo_tags (photo_idx, tag_id) VALUES ((SELECT photo_idx FROM photos WHERE photo_id = 2103), (SELECT tag_id FROM tags WHERE name = 'closeup'));
INSERT OR IGNORE INTO tags (name) VALUES ('abstract');
INSERT INTO photo_tags (photo_idx, tag_id) VALUES ((SELECT photo_idx FROM photos WHERE photo_id = 2103), (SELECT tag_id FROM tags WHERE name = 'abstract'));
INSERT OR IGNORE INTO tags (name) VALUES ('color');
INSERT INTO photo_tags (photo_idx, tag_id) VALUES ((SELECT photo_idx FROM photos WHERE photo_id = 2103), (SELECT tag_id FROM tags WHERE name = 'color'));
INSERT OR IGNORE INTO tags (name) VALUES ('studio');
INSERT INTO photo_tags (photo_idx, tag_id) VALUES ((SELECT photo_idx FROM photos WHERE photo_id = 2103), (SELECT tag_id FROM tags WHERE name = 'studio'));
INSERT OR IGNORE INTO tags (name) VALUES ('gray');
INSERT INTO photo_tags (photo_idx, tag_id) VALUES ((SELECT photo_idx FROM photos WHERE photo_id = 2103), (SELECT tag_id FROM tags WHERE name = 'gray'));
INSERT OR IGNORE INTO tags (name) VALUES ('silver');
INSERT INTO photo_tags (photo_idx, tag_id) VALUES ((SELECT photo_idx FROM photos WHERE photo_id = 2103), (SELECT tag_id FROM tags WHERE name = 'silver'));
INSERT OR IGNORE INTO tags (name) VALUES ('rock');
INSERT INTO photo_tags (photo_idx, tag_id) VALUES ((SELECT photo_idx FROM photos WHERE photo_id = 2103), (SELECT tag_id FROM tags WHERE name = 'rock'));

INSERT INTO photos (photo_id, photo_title, photo_collection, photo_location, photo_year, camera, film_stock, film_format) VALUES (2104, 'Ocean Jasper', 'Rocks', 'Near Marovato, Mahajanga Province, Madagascar', 2003, 'BetterLight', 'BetterLight Super6K', '72 x 96 mm');
INSERT INTO photos_fts (photo_idx, photo_id, photo_title, photo_collection, photo_location, photo_year, camera, film_stock, film_format, tag_names) VALUES ((SELECT photo_idx FROM photos WHERE photo_id = 2104), 2104, 'Ocean Jasper', 'Rocks', 'Near Marovato, Mahajanga Province, Madagascar', 2003, 'BetterLight', 'BetterLight Super6K', '72 x 96 mm', 'horizontal,closeup,abstract,color,studio,brown,tan,rock');
INSERT OR IGNORE INTO tags (name) VALUES ('horizontal');
INSERT INTO photo_tags (photo_idx, tag_id) VALUES ((SELECT photo_idx FROM photos WHERE photo_id = 2104), (SELECT tag_id FROM tags WHERE name = 'horizontal'));
INSERT OR IGNORE INTO tags (name) VALUES ('closeup');
INSERT INTO photo_tags (photo_idx, tag_id) VALUES ((SELECT photo_idx FROM photos WHERE photo_id = 2104), (SELECT tag_id FROM tags WHERE name = 'closeup'));
INSERT OR IGNORE INTO tags (name) VALUES ('abstract');
INSERT INTO photo_tags (photo_idx, tag_id) VALUES ((SELECT photo_idx FROM photos WHERE photo_id = 2104), (SELECT tag_id FROM tags WHERE name = 'abstract'));
INSERT OR IGNORE INTO tags (name) VALUES ('color');
INSERT INTO photo_tags (photo_idx, tag_id) VALUES ((SELECT photo_idx FROM photos WHERE photo_id = 2104), (SELECT tag_id FROM tags WHERE name = 'color'));
INSERT OR IGNORE INTO tags (name) VALUES ('studio');
INSERT INTO photo_tags (photo_idx, tag_id) VALUES ((SELECT photo_idx FROM photos WHERE photo_id = 2104), (SELECT tag_id FROM tags WHERE name = 'studio'));
INSERT OR IGNORE INTO tags (name) VALUES ('brown');
INSERT INTO photo_tags (photo_idx, tag_id) VALUES ((SELECT photo_idx FROM photos WHERE photo_id = 2104), (SELECT tag_id FROM tags WHERE name = 'brown'));
INSERT OR IGNORE INTO tags (name) VALUES ('tan');
INSERT INTO photo_tags (photo_idx, tag_id) VALUES ((SELECT photo_idx FROM photos WHERE photo_id = 2104), (SELECT tag_id FROM tags WHERE name = 'tan'));
INSERT OR IGNORE INTO tags (name) VALUES ('rock');
INSERT INTO photo_tags (photo_idx, tag_id) VALUES ((SELECT photo_idx FROM photos WHERE photo_id = 2104), (SELECT tag_id FROM tags WHERE name = 'rock'));

INSERT INTO photos (photo_id, photo_title, photo_collection, photo_location, photo_year, camera, film_stock, film_format) VALUES (2106, 'Koroit Nut Opal', 'Rocks', 'Koroit Opal Field, Queensland, Australia', 2003, 'BetterLight', 'BetterLight Super6K', '72 x 96 mm');
INSERT INTO photos_fts (photo_idx, photo_id, photo_title, photo_collection, photo_location, photo_year, camera, film_stock, film_format, tag_names) VALUES ((SELECT photo_idx FROM photos WHERE photo_id = 2106), 2106, 'Koroit Nut Opal', 'Rocks', 'Koroit Opal Field, Queensland, Australia', 2003, 'BetterLight', 'BetterLight Super6K', '72 x 96 mm', 'horizontal,popular,closeup,abstract,color,studio,black,orange,rock');
INSERT OR IGNORE INTO tags (name) VALUES ('horizontal');
INSERT INTO photo_tags (photo_idx, tag_id) VALUES ((SELECT photo_idx FROM photos WHERE photo_id = 2106), (SELECT tag_id FROM tags WHERE name = 'horizontal'));
INSERT OR IGNORE INTO tags (name) VALUES ('popular');
INSERT INTO photo_tags (photo_idx, tag_id) VALUES ((SELECT photo_idx FROM photos WHERE photo_id = 2106), (SELECT tag_id FROM tags WHERE name = 'popular'));
INSERT OR IGNORE INTO tags (name) VALUES ('closeup');
INSERT INTO photo_tags (photo_idx, tag_id) VALUES ((SELECT photo_idx FROM photos WHERE photo_id = 2106), (SELECT tag_id FROM tags WHERE name = 'closeup'));
INSERT OR IGNORE INTO tags (name) VALUES ('abstract');
INSERT INTO photo_tags (photo_idx, tag_id) VALUES ((SELECT photo_idx FROM photos WHERE photo_id = 2106), (SELECT tag_id FROM tags WHERE name = 'abstract'));
INSERT OR IGNORE INTO tags (name) VALUES ('color');
INSERT INTO photo_tags (photo_idx, tag_id) VALUES ((SELECT photo_idx FROM photos WHERE photo_id = 2106), (SELECT tag_id FROM tags WHERE name = 'color'));
INSERT OR IGNORE INTO tags (name) VALUES ('studio');
INSERT INTO photo_tags (photo_idx, tag_id) VALUES ((SELECT photo_idx FROM photos WHERE photo_id = 2106), (SELECT tag_id FROM tags WHERE name = 'studio'));
INSERT OR IGNORE INTO tags (name) VALUES ('black');
INSERT INTO photo_tags (photo_idx, tag_id) VALUES ((SELECT photo_idx FROM photos WHERE photo_id = 2106), (SELECT tag_id FROM tags WHERE name = 'black'));
INSERT OR IGNORE INTO tags (name) VALUES ('orange');
INSERT INTO photo_tags (photo_idx, tag_id) VALUES ((SELECT photo_idx FROM photos WHERE photo_id = 2106), (SELECT tag_id FROM tags WHERE name = 'orange'));
INSERT OR IGNORE INTO tags (name) VALUES ('rock');
INSERT INTO photo_tags (photo_idx, tag_id) VALUES ((SELECT photo_idx FROM photos WHERE photo_id = 2106), (SELECT tag_id FROM tags WHERE name = 'rock'));

INSERT INTO photos (photo_id, photo_title, photo_collection, photo_location, photo_year, camera, film_stock, film_format) VALUES (2108, 'Rhodochrosite', 'Rocks', 'Capillitas Mine, Catamarca Province, Argentina', 2003, 'BetterLight', 'BetterLight Super6K', '72 x 96 mm');
INSERT INTO photos_fts (photo_idx, photo_id, photo_title, photo_collection, photo_location, photo_year, camera, film_stock, film_format, tag_names) VALUES ((SELECT photo_idx FROM photos WHERE photo_id = 2108), 2108, 'Rhodochrosite', 'Rocks', 'Capillitas Mine, Catamarca Province, Argentina', 2003, 'BetterLight', 'BetterLight Super6K', '72 x 96 mm', 'horizontal,popular,closeup,abstract,color,studio,red,rock');
INSERT OR IGNORE INTO tags (name) VALUES ('horizontal');
INSERT INTO photo_tags (photo_idx, tag_id) VALUES ((SELECT photo_idx FROM photos WHERE photo_id = 2108), (SELECT tag_id FROM tags WHERE name = 'horizontal'));
INSERT OR IGNORE INTO tags (name) VALUES ('popular');
INSERT INTO photo_tags (photo_idx, tag_id) VALUES ((SELECT photo_idx FROM photos WHERE photo_id = 2108), (SELECT tag_id FROM tags WHERE name = 'popular'));
INSERT OR IGNORE INTO tags (name) VALUES ('closeup');
INSERT INTO photo_tags (photo_idx, tag_id) VALUES ((SELECT photo_idx FROM photos WHERE photo_id = 2108), (SELECT tag_id FROM tags WHERE name = 'closeup'));
INSERT OR IGNORE INTO tags (name) VALUES ('abstract');
INSERT INTO photo_tags (photo_idx, tag_id) VALUES ((SELECT photo_idx FROM photos WHERE photo_id = 2108), (SELECT tag_id FROM tags WHERE name = 'abstract'));
INSERT OR IGNORE INTO tags (name) VALUES ('color');
INSERT INTO photo_tags (photo_idx, tag_id) VALUES ((SELECT photo_idx FROM photos WHERE photo_id = 2108), (SELECT tag_id FROM tags WHERE name = 'color'));
INSERT OR IGNORE INTO tags (name) VALUES ('studio');
INSERT INTO photo_tags (photo_idx, tag_id) VALUES ((SELECT photo_idx FROM photos WHERE photo_id = 2108), (SELECT tag_id FROM tags WHERE name = 'studio'));
INSERT OR IGNORE INTO tags (name) VALUES ('red');
INSERT INTO photo_tags (photo_idx, tag_id) VALUES ((SELECT photo_idx FROM photos WHERE photo_id = 2108), (SELECT tag_id FROM tags WHERE name = 'red'));
INSERT OR IGNORE INTO tags (name) VALUES ('rock');
INSERT INTO photo_tags (photo_idx, tag_id) VALUES ((SELECT photo_idx FROM photos WHERE photo_id = 2108), (SELECT tag_id FROM tags WHERE name = 'rock'));

INSERT INTO photos (photo_id, photo_title, photo_collection, photo_location, photo_year, camera, film_stock, film_format) VALUES (2109, 'Dali Stone', 'Rocks', 'Guangxi Province, China', 2003, 'BetterLight', 'BetterLight Super6K', '72 x 96 mm');
INSERT INTO photos_fts (photo_idx, photo_id, photo_title, photo_collection, photo_location, photo_year, camera, film_stock, film_format, tag_names) VALUES ((SELECT photo_idx FROM photos WHERE photo_id = 2109), 2109, 'Dali Stone', 'Rocks', 'Guangxi Province, China', 2003, 'BetterLight', 'BetterLight Super6K', '72 x 96 mm', 'horizontal,closeup,abstract,color,studio,gray,rock');
INSERT OR IGNORE INTO tags (name) VALUES ('horizontal');
INSERT INTO photo_tags (photo_idx, tag_id) VALUES ((SELECT photo_idx FROM photos WHERE photo_id = 2109), (SELECT tag_id FROM tags WHERE name = 'horizontal'));
INSERT OR IGNORE INTO tags (name) VALUES ('closeup');
INSERT INTO photo_tags (photo_idx, tag_id) VALUES ((SELECT photo_idx FROM photos WHERE photo_id = 2109), (SELECT tag_id FROM tags WHERE name = 'closeup'));
INSERT OR IGNORE INTO tags (name) VALUES ('abstract');
INSERT INTO photo_tags (photo_idx, tag_id) VALUES ((SELECT photo_idx FROM photos WHERE photo_id = 2109), (SELECT tag_id FROM tags WHERE name = 'abstract'));
INSERT OR IGNORE INTO tags (name) VALUES ('color');
INSERT INTO photo_tags (photo_idx, tag_id) VALUES ((SELECT photo_idx FROM photos WHERE photo_id = 2109), (SELECT tag_id FROM tags WHERE name = 'color'));
INSERT OR IGNORE INTO tags (name) VALUES ('studio');
INSERT INTO photo_tags (photo_idx, tag_id) VALUES ((SELECT photo_idx FROM photos WHERE photo_id = 2109), (SELECT tag_id FROM tags WHERE name = 'studio'));
INSERT OR IGNORE INTO tags (name) VALUES ('gray');
INSERT INTO photo_tags (photo_idx, tag_id) VALUES ((SELECT photo_idx FROM photos WHERE photo_id = 2109), (SELECT tag_id FROM tags WHERE name = 'gray'));
INSERT OR IGNORE INTO tags (name) VALUES ('rock');
INSERT INTO photo_tags (photo_idx, tag_id) VALUES ((SELECT photo_idx FROM photos WHERE photo_id = 2109), (SELECT tag_id FROM tags WHERE name = 'rock'));

INSERT INTO photos (photo_id, photo_title, photo_collection, photo_location, photo_year, camera, film_stock, film_format) VALUES (2110, 'Rhodochrosite', 'Rocks', 'Capillitas Mine, Catamarca Province, Argentina', 2003, 'BetterLight', 'BetterLight Super6K', '72 x 96 mm');
INSERT INTO photos_fts (photo_idx, photo_id, photo_title, photo_collection, photo_location, photo_year, camera, film_stock, film_format, tag_names) VALUES ((SELECT photo_idx FROM photos WHERE photo_id = 2110), 2110, 'Rhodochrosite', 'Rocks', 'Capillitas Mine, Catamarca Province, Argentina', 2003, 'BetterLight', 'BetterLight Super6K', '72 x 96 mm', 'horizontal,closeup,abstract,color,studio,pink,red,rock');
INSERT OR IGNORE INTO tags (name) VALUES ('horizontal');
INSERT INTO photo_tags (photo_idx, tag_id) VALUES ((SELECT photo_idx FROM photos WHERE photo_id = 2110), (SELECT tag_id FROM tags WHERE name = 'horizontal'));
INSERT OR IGNORE INTO tags (name) VALUES ('closeup');
INSERT INTO photo_tags (photo_idx, tag_id) VALUES ((SELECT photo_idx FROM photos WHERE photo_id = 2110), (SELECT tag_id FROM tags WHERE name = 'closeup'));
INSERT OR IGNORE INTO tags (name) VALUES ('abstract');
INSERT INTO photo_tags (photo_idx, tag_id) VALUES ((SELECT photo_idx FROM photos WHERE photo_id = 2110), (SELECT tag_id FROM tags WHERE name = 'abstract'));
INSERT OR IGNORE INTO tags (name) VALUES ('color');
INSERT INTO photo_tags (photo_idx, tag_id) VALUES ((SELECT photo_idx FROM photos WHERE photo_id = 2110), (SELECT tag_id FROM tags WHERE name = 'color'));
INSERT OR IGNORE INTO tags (name) VALUES ('studio');
INSERT INTO photo_tags (photo_idx, tag_id) VALUES ((SELECT photo_idx FROM photos WHERE photo_id = 2110), (SELECT tag_id FROM tags WHERE name = 'studio'));
INSERT OR IGNORE INTO tags (name) VALUES ('pink');
INSERT INTO photo_tags (photo_idx, tag_id) VALUES ((SELECT photo_idx FROM photos WHERE photo_id = 2110), (SELECT tag_id FROM tags WHERE name = 'pink'));
INSERT OR IGNORE INTO tags (name) VALUES ('red');
INSERT INTO photo_tags (photo_idx, tag_id) VALUES ((SELECT photo_idx FROM photos WHERE photo_id = 2110), (SELECT tag_id FROM tags WHERE name = 'red'));
INSERT OR IGNORE INTO tags (name) VALUES ('rock');
INSERT INTO photo_tags (photo_idx, tag_id) VALUES ((SELECT photo_idx FROM photos WHERE photo_id = 2110), (SELECT tag_id FROM tags WHERE name = 'rock'));

INSERT INTO photos (photo_id, photo_title, photo_collection, photo_location, photo_year, camera, film_stock, film_format) VALUES (2111, 'Iron Meteorite', 'Rocks', 'Near Tambo Quemado, Ayacucho Department, Peru', 2003, 'BetterLight', 'BetterLight Super6K', '72 x 96 mm');
INSERT INTO photos_fts (photo_idx, photo_id, photo_title, photo_collection, photo_location, photo_year, camera, film_stock, film_format, tag_names) VALUES ((SELECT photo_idx FROM photos WHERE photo_id = 2111), 2111, 'Iron Meteorite', 'Rocks', 'Near Tambo Quemado, Ayacucho Department, Peru', 2003, 'BetterLight', 'BetterLight Super6K', '72 x 96 mm', 'horizontal,closeup,abstract,color,studio,gray,silver,rock');
INSERT OR IGNORE INTO tags (name) VALUES ('horizontal');
INSERT INTO photo_tags (photo_idx, tag_id) VALUES ((SELECT photo_idx FROM photos WHERE photo_id = 2111), (SELECT tag_id FROM tags WHERE name = 'horizontal'));
INSERT OR IGNORE INTO tags (name) VALUES ('closeup');
INSERT INTO photo_tags (photo_idx, tag_id) VALUES ((SELECT photo_idx FROM photos WHERE photo_id = 2111), (SELECT tag_id FROM tags WHERE name = 'closeup'));
INSERT OR IGNORE INTO tags (name) VALUES ('abstract');
INSERT INTO photo_tags (photo_idx, tag_id) VALUES ((SELECT photo_idx FROM photos WHERE photo_id = 2111), (SELECT tag_id FROM tags WHERE name = 'abstract'));
INSERT OR IGNORE INTO tags (name) VALUES ('color');
INSERT INTO photo_tags (photo_idx, tag_id) VALUES ((SELECT photo_idx FROM photos WHERE photo_id = 2111), (SELECT tag_id FROM tags WHERE name = 'color'));
INSERT OR IGNORE INTO tags (name) VALUES ('studio');
INSERT INTO photo_tags (photo_idx, tag_id) VALUES ((SELECT photo_idx FROM photos WHERE photo_id = 2111), (SELECT tag_id FROM tags WHERE name = 'studio'));
INSERT OR IGNORE INTO tags (name) VALUES ('gray');
INSERT INTO photo_tags (photo_idx, tag_id) VALUES ((SELECT photo_idx FROM photos WHERE photo_id = 2111), (SELECT tag_id FROM tags WHERE name = 'gray'));
INSERT OR IGNORE INTO tags (name) VALUES ('silver');
INSERT INTO photo_tags (photo_idx, tag_id) VALUES ((SELECT photo_idx FROM photos WHERE photo_id = 2111), (SELECT tag_id FROM tags WHERE name = 'silver'));
INSERT OR IGNORE INTO tags (name) VALUES ('rock');
INSERT INTO photo_tags (photo_idx, tag_id) VALUES ((SELECT photo_idx FROM photos WHERE photo_id = 2111), (SELECT tag_id FROM tags WHERE name = 'rock'));

INSERT INTO photos (photo_id, photo_title, photo_collection, photo_location, photo_year, camera, film_stock, film_format) VALUES (2112, 'Amethyst Sage', 'Rocks', 'Bilk Creek Mountains, Northern Nevada', 2003, 'BetterLight', 'BetterLight Super6K', '72 x 96 mm');
INSERT INTO photos_fts (photo_idx, photo_id, photo_title, photo_collection, photo_location, photo_year, camera, film_stock, film_format, tag_names) VALUES ((SELECT photo_idx FROM photos WHERE photo_id = 2112), 2112, 'Amethyst Sage', 'Rocks', 'Bilk Creek Mountains, Northern Nevada', 2003, 'BetterLight', 'BetterLight Super6K', '72 x 96 mm', 'horizontal,closeup,abstract,color,studio,rock');
INSERT OR IGNORE INTO tags (name) VALUES ('horizontal');
INSERT INTO photo_tags (photo_idx, tag_id) VALUES ((SELECT photo_idx FROM photos WHERE photo_id = 2112), (SELECT tag_id FROM tags WHERE name = 'horizontal'));
INSERT OR IGNORE INTO tags (name) VALUES ('closeup');
INSERT INTO photo_tags (photo_idx, tag_id) VALUES ((SELECT photo_idx FROM photos WHERE photo_id = 2112), (SELECT tag_id FROM tags WHERE name = 'closeup'));
INSERT OR IGNORE INTO tags (name) VALUES ('abstract');
INSERT INTO photo_tags (photo_idx, tag_id) VALUES ((SELECT photo_idx FROM photos WHERE photo_id = 2112), (SELECT tag_id FROM tags WHERE name = 'abstract'));
INSERT OR IGNORE INTO tags (name) VALUES ('color');
INSERT INTO photo_tags (photo_idx, tag_id) VALUES ((SELECT photo_idx FROM photos WHERE photo_id = 2112), (SELECT tag_id FROM tags WHERE name = 'color'));
INSERT OR IGNORE INTO tags (name) VALUES ('studio');
INSERT INTO photo_tags (photo_idx, tag_id) VALUES ((SELECT photo_idx FROM photos WHERE photo_id = 2112), (SELECT tag_id FROM tags WHERE name = 'studio'));
INSERT OR IGNORE INTO tags (name) VALUES ('rock');
INSERT INTO photo_tags (photo_idx, tag_id) VALUES ((SELECT photo_idx FROM photos WHERE photo_id = 2112), (SELECT tag_id FROM tags WHERE name = 'rock'));

INSERT INTO photos (photo_id, photo_title, photo_collection, photo_location, photo_year, camera, film_stock, film_format) VALUES (2113, 'Sodalite', 'Rocks', 'Swartbooisdrift area, Kunene Region, Namibia', 2003, 'BetterLight', 'BetterLight Super6K', '72 x 96 mm');
INSERT INTO photos_fts (photo_idx, photo_id, photo_title, photo_collection, photo_location, photo_year, camera, film_stock, film_format, tag_names) VALUES ((SELECT photo_idx FROM photos WHERE photo_id = 2113), 2113, 'Sodalite', 'Rocks', 'Swartbooisdrift area, Kunene Region, Namibia', 2003, 'BetterLight', 'BetterLight Super6K', '72 x 96 mm', 'horizontal,closeup,abstract,color,studio,black,blue,white,rock');
INSERT OR IGNORE INTO tags (name) VALUES ('horizontal');
INSERT INTO photo_tags (photo_idx, tag_id) VALUES ((SELECT photo_idx FROM photos WHERE photo_id = 2113), (SELECT tag_id FROM tags WHERE name = 'horizontal'));
INSERT OR IGNORE INTO tags (name) VALUES ('closeup');
INSERT INTO photo_tags (photo_idx, tag_id) VALUES ((SELECT photo_idx FROM photos WHERE photo_id = 2113), (SELECT tag_id FROM tags WHERE name = 'closeup'));
INSERT OR IGNORE INTO tags (name) VALUES ('abstract');
INSERT INTO photo_tags (photo_idx, tag_id) VALUES ((SELECT photo_idx FROM photos WHERE photo_id = 2113), (SELECT tag_id FROM tags WHERE name = 'abstract'));
INSERT OR IGNORE INTO tags (name) VALUES ('color');
INSERT INTO photo_tags (photo_idx, tag_id) VALUES ((SELECT photo_idx FROM photos WHERE photo_id = 2113), (SELECT tag_id FROM tags WHERE name = 'color'));
INSERT OR IGNORE INTO tags (name) VALUES ('studio');
INSERT INTO photo_tags (photo_idx, tag_id) VALUES ((SELECT photo_idx FROM photos WHERE photo_id = 2113), (SELECT tag_id FROM tags WHERE name = 'studio'));
INSERT OR IGNORE INTO tags (name) VALUES ('black');
INSERT INTO photo_tags (photo_idx, tag_id) VALUES ((SELECT photo_idx FROM photos WHERE photo_id = 2113), (SELECT tag_id FROM tags WHERE name = 'black'));
INSERT OR IGNORE INTO tags (name) VALUES ('blue');
INSERT INTO photo_tags (photo_idx, tag_id) VALUES ((SELECT photo_idx FROM photos WHERE photo_id = 2113), (SELECT tag_id FROM tags WHERE name = 'blue'));
INSERT OR IGNORE INTO tags (name) VALUES ('white');
INSERT INTO photo_tags (photo_idx, tag_id) VALUES ((SELECT photo_idx FROM photos WHERE photo_id = 2113), (SELECT tag_id FROM tags WHERE name = 'white'));
INSERT OR IGNORE INTO tags (name) VALUES ('rock');
INSERT INTO photo_tags (photo_idx, tag_id) VALUES ((SELECT photo_idx FROM photos WHERE photo_id = 2113), (SELECT tag_id FROM tags WHERE name = 'rock'));

INSERT INTO photos (photo_id, photo_title, photo_collection, photo_location, photo_year, camera, film_stock, film_format) VALUES (2115, 'Charoite', 'Rocks', 'Maly Murun Massif, Sakha Republic, Russia', 2003, 'BetterLight', 'BetterLight Super6K', '72 x 96 mm');
INSERT INTO photos_fts (photo_idx, photo_id, photo_title, photo_collection, photo_location, photo_year, camera, film_stock, film_format, tag_names) VALUES ((SELECT photo_idx FROM photos WHERE photo_id = 2115), 2115, 'Charoite', 'Rocks', 'Maly Murun Massif, Sakha Republic, Russia', 2003, 'BetterLight', 'BetterLight Super6K', '72 x 96 mm', 'horizontal,closeup,abstract,color,studio,black,purple,rock');
INSERT OR IGNORE INTO tags (name) VALUES ('horizontal');
INSERT INTO photo_tags (photo_idx, tag_id) VALUES ((SELECT photo_idx FROM photos WHERE photo_id = 2115), (SELECT tag_id FROM tags WHERE name = 'horizontal'));
INSERT OR IGNORE INTO tags (name) VALUES ('closeup');
INSERT INTO photo_tags (photo_idx, tag_id) VALUES ((SELECT photo_idx FROM photos WHERE photo_id = 2115), (SELECT tag_id FROM tags WHERE name = 'closeup'));
INSERT OR IGNORE INTO tags (name) VALUES ('abstract');
INSERT INTO photo_tags (photo_idx, tag_id) VALUES ((SELECT photo_idx FROM photos WHERE photo_id = 2115), (SELECT tag_id FROM tags WHERE name = 'abstract'));
INSERT OR IGNORE INTO tags (name) VALUES ('color');
INSERT INTO photo_tags (photo_idx, tag_id) VALUES ((SELECT photo_idx FROM photos WHERE photo_id = 2115), (SELECT tag_id FROM tags WHERE name = 'color'));
INSERT OR IGNORE INTO tags (name) VALUES ('studio');
INSERT INTO photo_tags (photo_idx, tag_id) VALUES ((SELECT photo_idx FROM photos WHERE photo_id = 2115), (SELECT tag_id FROM tags WHERE name = 'studio'));
INSERT OR IGNORE INTO tags (name) VALUES ('black');
INSERT INTO photo_tags (photo_idx, tag_id) VALUES ((SELECT photo_idx FROM photos WHERE photo_id = 2115), (SELECT tag_id FROM tags WHERE name = 'black'));
INSERT OR IGNORE INTO tags (name) VALUES ('purple');
INSERT INTO photo_tags (photo_idx, tag_id) VALUES ((SELECT photo_idx FROM photos WHERE photo_id = 2115), (SELECT tag_id FROM tags WHERE name = 'purple'));
INSERT OR IGNORE INTO tags (name) VALUES ('rock');
INSERT INTO photo_tags (photo_idx, tag_id) VALUES ((SELECT photo_idx FROM photos WHERE photo_id = 2115), (SELECT tag_id FROM tags WHERE name = 'rock'));

INSERT INTO photos (photo_id, photo_title, photo_collection, photo_location, photo_year, camera, film_stock, film_format) VALUES (2116, 'Owyhee Picture Jasper', 'Rocks', 'Owyhee Upland, Malheur County, Oregon', 2003, 'BetterLight', 'BetterLight Super6K', '72 x 96 mm');
INSERT INTO photos_fts (photo_idx, photo_id, photo_title, photo_collection, photo_location, photo_year, camera, film_stock, film_format, tag_names) VALUES ((SELECT photo_idx FROM photos WHERE photo_id = 2116), 2116, 'Owyhee Picture Jasper', 'Rocks', 'Owyhee Upland, Malheur County, Oregon', 2003, 'BetterLight', 'BetterLight Super6K', '72 x 96 mm', 'horizontal,closeup,abstract,landscape,color,studio,orange,red,tan,brown,rock');
INSERT OR IGNORE INTO tags (name) VALUES ('horizontal');
INSERT INTO photo_tags (photo_idx, tag_id) VALUES ((SELECT photo_idx FROM photos WHERE photo_id = 2116), (SELECT tag_id FROM tags WHERE name = 'horizontal'));
INSERT OR IGNORE INTO tags (name) VALUES ('closeup');
INSERT INTO photo_tags (photo_idx, tag_id) VALUES ((SELECT photo_idx FROM photos WHERE photo_id = 2116), (SELECT tag_id FROM tags WHERE name = 'closeup'));
INSERT OR IGNORE INTO tags (name) VALUES ('abstract');
INSERT INTO photo_tags (photo_idx, tag_id) VALUES ((SELECT photo_idx FROM photos WHERE photo_id = 2116), (SELECT tag_id FROM tags WHERE name = 'abstract'));
INSERT OR IGNORE INTO tags (name) VALUES ('landscape');
INSERT INTO photo_tags (photo_idx, tag_id) VALUES ((SELECT photo_idx FROM photos WHERE photo_id = 2116), (SELECT tag_id FROM tags WHERE name = 'landscape'));
INSERT OR IGNORE INTO tags (name) VALUES ('color');
INSERT INTO photo_tags (photo_idx, tag_id) VALUES ((SELECT photo_idx FROM photos WHERE photo_id = 2116), (SELECT tag_id FROM tags WHERE name = 'color'));
INSERT OR IGNORE INTO tags (name) VALUES ('studio');
INSERT INTO photo_tags (photo_idx, tag_id) VALUES ((SELECT photo_idx FROM photos WHERE photo_id = 2116), (SELECT tag_id FROM tags WHERE name = 'studio'));
INSERT OR IGNORE INTO tags (name) VALUES ('orange');
INSERT INTO photo_tags (photo_idx, tag_id) VALUES ((SELECT photo_idx FROM photos WHERE photo_id = 2116), (SELECT tag_id FROM tags WHERE name = 'orange'));
INSERT OR IGNORE INTO tags (name) VALUES ('red');
INSERT INTO photo_tags (photo_idx, tag_id) VALUES ((SELECT photo_idx FROM photos WHERE photo_id = 2116), (SELECT tag_id FROM tags WHERE name = 'red'));
INSERT OR IGNORE INTO tags (name) VALUES ('tan');
INSERT INTO photo_tags (photo_idx, tag_id) VALUES ((SELECT photo_idx FROM photos WHERE photo_id = 2116), (SELECT tag_id FROM tags WHERE name = 'tan'));
INSERT OR IGNORE INTO tags (name) VALUES ('brown');
INSERT INTO photo_tags (photo_idx, tag_id) VALUES ((SELECT photo_idx FROM photos WHERE photo_id = 2116), (SELECT tag_id FROM tags WHERE name = 'brown'));
INSERT OR IGNORE INTO tags (name) VALUES ('rock');
INSERT INTO photo_tags (photo_idx, tag_id) VALUES ((SELECT photo_idx FROM photos WHERE photo_id = 2116), (SELECT tag_id FROM tags WHERE name = 'rock'));

INSERT INTO photos (photo_id, photo_title, photo_collection, photo_location, photo_year, camera, film_stock, film_format) VALUES (2117, 'Munjina Stone', 'Rocks', 'Chichester Range, Pilbara Region, Western Australia', 2003, 'BetterLight', 'BetterLight Super6K', '72 x 96 mm');
INSERT INTO photos_fts (photo_idx, photo_id, photo_title, photo_collection, photo_location, photo_year, camera, film_stock, film_format, tag_names) VALUES ((SELECT photo_idx FROM photos WHERE photo_id = 2117), 2117, 'Munjina Stone', 'Rocks', 'Chichester Range, Pilbara Region, Western Australia', 2003, 'BetterLight', 'BetterLight Super6K', '72 x 96 mm', 'vertical,closeup,abstract,color,studio,orange,pink,red,rock');
INSERT OR IGNORE INTO tags (name) VALUES ('vertical');
INSERT INTO photo_tags (photo_idx, tag_id) VALUES ((SELECT photo_idx FROM photos WHERE photo_id = 2117), (SELECT tag_id FROM tags WHERE name = 'vertical'));
INSERT OR IGNORE INTO tags (name) VALUES ('closeup');
INSERT INTO photo_tags (photo_idx, tag_id) VALUES ((SELECT photo_idx FROM photos WHERE photo_id = 2117), (SELECT tag_id FROM tags WHERE name = 'closeup'));
INSERT OR IGNORE INTO tags (name) VALUES ('abstract');
INSERT INTO photo_tags (photo_idx, tag_id) VALUES ((SELECT photo_idx FROM photos WHERE photo_id = 2117), (SELECT tag_id FROM tags WHERE name = 'abstract'));
INSERT OR IGNORE INTO tags (name) VALUES ('color');
INSERT INTO photo_tags (photo_idx, tag_id) VALUES ((SELECT photo_idx FROM photos WHERE photo_id = 2117), (SELECT tag_id FROM tags WHERE name = 'color'));
INSERT OR IGNORE INTO tags (name) VALUES ('studio');
INSERT INTO photo_tags (photo_idx, tag_id) VALUES ((SELECT photo_idx FROM photos WHERE photo_id = 2117), (SELECT tag_id FROM tags WHERE name = 'studio'));
INSERT OR IGNORE INTO tags (name) VALUES ('orange');
INSERT INTO photo_tags (photo_idx, tag_id) VALUES ((SELECT photo_idx FROM photos WHERE photo_id = 2117), (SELECT tag_id FROM tags WHERE name = 'orange'));
INSERT OR IGNORE INTO tags (name) VALUES ('pink');
INSERT INTO photo_tags (photo_idx, tag_id) VALUES ((SELECT photo_idx FROM photos WHERE photo_id = 2117), (SELECT tag_id FROM tags WHERE name = 'pink'));
INSERT OR IGNORE INTO tags (name) VALUES ('red');
INSERT INTO photo_tags (photo_idx, tag_id) VALUES ((SELECT photo_idx FROM photos WHERE photo_id = 2117), (SELECT tag_id FROM tags WHERE name = 'red'));
INSERT OR IGNORE INTO tags (name) VALUES ('rock');
INSERT INTO photo_tags (photo_idx, tag_id) VALUES ((SELECT photo_idx FROM photos WHERE photo_id = 2117), (SELECT tag_id FROM tags WHERE name = 'rock'));

INSERT INTO photos (photo_id, photo_title, photo_collection, photo_location, photo_year, camera, film_stock, film_format) VALUES (2118, 'Dendritic Agate', 'Rocks', 'Madagascar', 2003, 'BetterLight', 'BetterLight Super6K', '72 x 96 mm');
INSERT INTO photos_fts (photo_idx, photo_id, photo_title, photo_collection, photo_location, photo_year, camera, film_stock, film_format, tag_names) VALUES ((SELECT photo_idx FROM photos WHERE photo_id = 2118), 2118, 'Dendritic Agate', 'Rocks', 'Madagascar', 2003, 'BetterLight', 'BetterLight Super6K', '72 x 96 mm', 'horizontal,popular,closeup,abstract,color,studio,black,blue,orange,white,rock');
INSERT OR IGNORE INTO tags (name) VALUES ('horizontal');
INSERT INTO photo_tags (photo_idx, tag_id) VALUES ((SELECT photo_idx FROM photos WHERE photo_id = 2118), (SELECT tag_id FROM tags WHERE name = 'horizontal'));
INSERT OR IGNORE INTO tags (name) VALUES ('popular');
INSERT INTO photo_tags (photo_idx, tag_id) VALUES ((SELECT photo_idx FROM photos WHERE photo_id = 2118), (SELECT tag_id FROM tags WHERE name = 'popular'));
INSERT OR IGNORE INTO tags (name) VALUES ('closeup');
INSERT INTO photo_tags (photo_idx, tag_id) VALUES ((SELECT photo_idx FROM photos WHERE photo_id = 2118), (SELECT tag_id FROM tags WHERE name = 'closeup'));
INSERT OR IGNORE INTO tags (name) VALUES ('abstract');
INSERT INTO photo_tags (photo_idx, tag_id) VALUES ((SELECT photo_idx FROM photos WHERE photo_id = 2118), (SELECT tag_id FROM tags WHERE name = 'abstract'));
INSERT OR IGNORE INTO tags (name) VALUES ('color');
INSERT INTO photo_tags (photo_idx, tag_id) VALUES ((SELECT photo_idx FROM photos WHERE photo_id = 2118), (SELECT tag_id FROM tags WHERE name = 'color'));
INSERT OR IGNORE INTO tags (name) VALUES ('studio');
INSERT INTO photo_tags (photo_idx, tag_id) VALUES ((SELECT photo_idx FROM photos WHERE photo_id = 2118), (SELECT tag_id FROM tags WHERE name = 'studio'));
INSERT OR IGNORE INTO tags (name) VALUES ('black');
INSERT INTO photo_tags (photo_idx, tag_id) VALUES ((SELECT photo_idx FROM photos WHERE photo_id = 2118), (SELECT tag_id FROM tags WHERE name = 'black'));
INSERT OR IGNORE INTO tags (name) VALUES ('blue');
INSERT INTO photo_tags (photo_idx, tag_id) VALUES ((SELECT photo_idx FROM photos WHERE photo_id = 2118), (SELECT tag_id FROM tags WHERE name = 'blue'));
INSERT OR IGNORE INTO tags (name) VALUES ('orange');
INSERT INTO photo_tags (photo_idx, tag_id) VALUES ((SELECT photo_idx FROM photos WHERE photo_id = 2118), (SELECT tag_id FROM tags WHERE name = 'orange'));
INSERT OR IGNORE INTO tags (name) VALUES ('white');
INSERT INTO photo_tags (photo_idx, tag_id) VALUES ((SELECT photo_idx FROM photos WHERE photo_id = 2118), (SELECT tag_id FROM tags WHERE name = 'white'));
INSERT OR IGNORE INTO tags (name) VALUES ('rock');
INSERT INTO photo_tags (photo_idx, tag_id) VALUES ((SELECT photo_idx FROM photos WHERE photo_id = 2118), (SELECT tag_id FROM tags WHERE name = 'rock'));

INSERT INTO photos (photo_id, photo_title, photo_collection, photo_location, photo_year, camera, film_stock, film_format) VALUES (2119, 'Rainbow Calsilica', 'Rocks', 'Chihuahua, Mexico', 2003, 'BetterLight', 'BetterLight Super6K-2', '72 x 96 mm');
INSERT INTO photos_fts (photo_idx, photo_id, photo_title, photo_collection, photo_location, photo_year, camera, film_stock, film_format, tag_names) VALUES ((SELECT photo_idx FROM photos WHERE photo_id = 2119), 2119, 'Rainbow Calsilica', 'Rocks', 'Chihuahua, Mexico', 2003, 'BetterLight', 'BetterLight Super6K-2', '72 x 96 mm', 'horizontal,closeup,abstract,color,studio,rock');
INSERT OR IGNORE INTO tags (name) VALUES ('horizontal');
INSERT INTO photo_tags (photo_idx, tag_id) VALUES ((SELECT photo_idx FROM photos WHERE photo_id = 2119), (SELECT tag_id FROM tags WHERE name = 'horizontal'));
INSERT OR IGNORE INTO tags (name) VALUES ('closeup');
INSERT INTO photo_tags (photo_idx, tag_id) VALUES ((SELECT photo_idx FROM photos WHERE photo_id = 2119), (SELECT tag_id FROM tags WHERE name = 'closeup'));
INSERT OR IGNORE INTO tags (name) VALUES ('abstract');
INSERT INTO photo_tags (photo_idx, tag_id) VALUES ((SELECT photo_idx FROM photos WHERE photo_id = 2119), (SELECT tag_id FROM tags WHERE name = 'abstract'));
INSERT OR IGNORE INTO tags (name) VALUES ('color');
INSERT INTO photo_tags (photo_idx, tag_id) VALUES ((SELECT photo_idx FROM photos WHERE photo_id = 2119), (SELECT tag_id FROM tags WHERE name = 'color'));
INSERT OR IGNORE INTO tags (name) VALUES ('studio');
INSERT INTO photo_tags (photo_idx, tag_id) VALUES ((SELECT photo_idx FROM photos WHERE photo_id = 2119), (SELECT tag_id FROM tags WHERE name = 'studio'));
INSERT OR IGNORE INTO tags (name) VALUES ('rock');
INSERT INTO photo_tags (photo_idx, tag_id) VALUES ((SELECT photo_idx FROM photos WHERE photo_id = 2119), (SELECT tag_id FROM tags WHERE name = 'rock'));

INSERT INTO photos (photo_id, photo_title, photo_collection, photo_location, photo_year, camera, film_stock, film_format) VALUES (2120, 'Marra Mamba Tiger''s-Eye', 'Rocks', 'Mount Brockman Station, Hamersley Ranges, Western Australia', 2003, 'BetterLight', 'BetterLight Super6K-2', '72 x 96 mm');
INSERT INTO photos_fts (photo_idx, photo_id, photo_title, photo_collection, photo_location, photo_year, camera, film_stock, film_format, tag_names) VALUES ((SELECT photo_idx FROM photos WHERE photo_id = 2120), 2120, 'Marra Mamba Tiger''s-Eye', 'Rocks', 'Mount Brockman Station, Hamersley Ranges, Western Australia', 2003, 'BetterLight', 'BetterLight Super6K-2', '72 x 96 mm', 'horizontal,popular,closeup,abstract,color,studio,tan,rock');
INSERT OR IGNORE INTO tags (name) VALUES ('horizontal');
INSERT INTO photo_tags (photo_idx, tag_id) VALUES ((SELECT photo_idx FROM photos WHERE photo_id = 2120), (SELECT tag_id FROM tags WHERE name = 'horizontal'));
INSERT OR IGNORE INTO tags (name) VALUES ('popular');
INSERT INTO photo_tags (photo_idx, tag_id) VALUES ((SELECT photo_idx FROM photos WHERE photo_id = 2120), (SELECT tag_id FROM tags WHERE name = 'popular'));
INSERT OR IGNORE INTO tags (name) VALUES ('closeup');
INSERT INTO photo_tags (photo_idx, tag_id) VALUES ((SELECT photo_idx FROM photos WHERE photo_id = 2120), (SELECT tag_id FROM tags WHERE name = 'closeup'));
INSERT OR IGNORE INTO tags (name) VALUES ('abstract');
INSERT INTO photo_tags (photo_idx, tag_id) VALUES ((SELECT photo_idx FROM photos WHERE photo_id = 2120), (SELECT tag_id FROM tags WHERE name = 'abstract'));
INSERT OR IGNORE INTO tags (name) VALUES ('color');
INSERT INTO photo_tags (photo_idx, tag_id) VALUES ((SELECT photo_idx FROM photos WHERE photo_id = 2120), (SELECT tag_id FROM tags WHERE name = 'color'));
INSERT OR IGNORE INTO tags (name) VALUES ('studio');
INSERT INTO photo_tags (photo_idx, tag_id) VALUES ((SELECT photo_idx FROM photos WHERE photo_id = 2120), (SELECT tag_id FROM tags WHERE name = 'studio'));
INSERT OR IGNORE INTO tags (name) VALUES ('tan');
INSERT INTO photo_tags (photo_idx, tag_id) VALUES ((SELECT photo_idx FROM photos WHERE photo_id = 2120), (SELECT tag_id FROM tags WHERE name = 'tan'));
INSERT OR IGNORE INTO tags (name) VALUES ('rock');
INSERT INTO photo_tags (photo_idx, tag_id) VALUES ((SELECT photo_idx FROM photos WHERE photo_id = 2120), (SELECT tag_id FROM tags WHERE name = 'rock'));

INSERT INTO photos (photo_id, photo_title, photo_collection, photo_location, photo_year, camera, film_stock, film_format) VALUES (2121, 'Rhodonite', 'Rocks', 'Tamworth, New South Wales, Australia', 2003, 'BetterLight', 'BetterLight Super6K-2', '72 x 96 mm');
INSERT INTO photos_fts (photo_idx, photo_id, photo_title, photo_collection, photo_location, photo_year, camera, film_stock, film_format, tag_names) VALUES ((SELECT photo_idx FROM photos WHERE photo_id = 2121), 2121, 'Rhodonite', 'Rocks', 'Tamworth, New South Wales, Australia', 2003, 'BetterLight', 'BetterLight Super6K-2', '72 x 96 mm', 'vertical,closeup,abstract,color,studio,pink,rock');
INSERT OR IGNORE INTO tags (name) VALUES ('vertical');
INSERT INTO photo_tags (photo_idx, tag_id) VALUES ((SELECT photo_idx FROM photos WHERE photo_id = 2121), (SELECT tag_id FROM tags WHERE name = 'vertical'));
INSERT OR IGNORE INTO tags (name) VALUES ('closeup');
INSERT INTO photo_tags (photo_idx, tag_id) VALUES ((SELECT photo_idx FROM photos WHERE photo_id = 2121), (SELECT tag_id FROM tags WHERE name = 'closeup'));
INSERT OR IGNORE INTO tags (name) VALUES ('abstract');
INSERT INTO photo_tags (photo_idx, tag_id) VALUES ((SELECT photo_idx FROM photos WHERE photo_id = 2121), (SELECT tag_id FROM tags WHERE name = 'abstract'));
INSERT OR IGNORE INTO tags (name) VALUES ('color');
INSERT INTO photo_tags (photo_idx, tag_id) VALUES ((SELECT photo_idx FROM photos WHERE photo_id = 2121), (SELECT tag_id FROM tags WHERE name = 'color'));
INSERT OR IGNORE INTO tags (name) VALUES ('studio');
INSERT INTO photo_tags (photo_idx, tag_id) VALUES ((SELECT photo_idx FROM photos WHERE photo_id = 2121), (SELECT tag_id FROM tags WHERE name = 'studio'));
INSERT OR IGNORE INTO tags (name) VALUES ('pink');
INSERT INTO photo_tags (photo_idx, tag_id) VALUES ((SELECT photo_idx FROM photos WHERE photo_id = 2121), (SELECT tag_id FROM tags WHERE name = 'pink'));
INSERT OR IGNORE INTO tags (name) VALUES ('rock');
INSERT INTO photo_tags (photo_idx, tag_id) VALUES ((SELECT photo_idx FROM photos WHERE photo_id = 2121), (SELECT tag_id FROM tags WHERE name = 'rock'));

INSERT INTO photos (photo_id, photo_title, photo_collection, photo_location, photo_year, camera, film_stock, film_format) VALUES (2122, 'Charoite', 'Rocks', 'Maly Murun Massif, Sakha Republic, Russia', 2003, 'BetterLight', 'BetterLight Super6K-2', '72 x 96 mm');
INSERT INTO photos_fts (photo_idx, photo_id, photo_title, photo_collection, photo_location, photo_year, camera, film_stock, film_format, tag_names) VALUES ((SELECT photo_idx FROM photos WHERE photo_id = 2122), 2122, 'Charoite', 'Rocks', 'Maly Murun Massif, Sakha Republic, Russia', 2003, 'BetterLight', 'BetterLight Super6K-2', '72 x 96 mm', 'horizontal,closeup,abstract,color,studio,purple,rock');
INSERT OR IGNORE INTO tags (name) VALUES ('horizontal');
INSERT INTO photo_tags (photo_idx, tag_id) VALUES ((SELECT photo_idx FROM photos WHERE photo_id = 2122), (SELECT tag_id FROM tags WHERE name = 'horizontal'));
INSERT OR IGNORE INTO tags (name) VALUES ('closeup');
INSERT INTO photo_tags (photo_idx, tag_id) VALUES ((SELECT photo_idx FROM photos WHERE photo_id = 2122), (SELECT tag_id FROM tags WHERE name = 'closeup'));
INSERT OR IGNORE INTO tags (name) VALUES ('abstract');
INSERT INTO photo_tags (photo_idx, tag_id) VALUES ((SELECT photo_idx FROM photos WHERE photo_id = 2122), (SELECT tag_id FROM tags WHERE name = 'abstract'));
INSERT OR IGNORE INTO tags (name) VALUES ('color');
INSERT INTO photo_tags (photo_idx, tag_id) VALUES ((SELECT photo_idx FROM photos WHERE photo_id = 2122), (SELECT tag_id FROM tags WHERE name = 'color'));
INSERT OR IGNORE INTO tags (name) VALUES ('studio');
INSERT INTO photo_tags (photo_idx, tag_id) VALUES ((SELECT photo_idx FROM photos WHERE photo_id = 2122), (SELECT tag_id FROM tags WHERE name = 'studio'));
INSERT OR IGNORE INTO tags (name) VALUES ('purple');
INSERT INTO photo_tags (photo_idx, tag_id) VALUES ((SELECT photo_idx FROM photos WHERE photo_id = 2122), (SELECT tag_id FROM tags WHERE name = 'purple'));
INSERT OR IGNORE INTO tags (name) VALUES ('rock');
INSERT INTO photo_tags (photo_idx, tag_id) VALUES ((SELECT photo_idx FROM photos WHERE photo_id = 2122), (SELECT tag_id FROM tags WHERE name = 'rock'));

INSERT INTO photos (photo_id, photo_title, photo_collection, photo_location, photo_year, camera, film_stock, film_format) VALUES (2123, 'Hickoryite', 'Rocks', 'Rodeo area, Durango, Mexico', 2003, 'BetterLight', 'BetterLight Super6K-2', '72 x 96 mm');
INSERT INTO photos_fts (photo_idx, photo_id, photo_title, photo_collection, photo_location, photo_year, camera, film_stock, film_format, tag_names) VALUES ((SELECT photo_idx FROM photos WHERE photo_id = 2123), 2123, 'Hickoryite', 'Rocks', 'Rodeo area, Durango, Mexico', 2003, 'BetterLight', 'BetterLight Super6K-2', '72 x 96 mm', 'vertical,closeup,abstract,color,studio,orange,red,rock');
INSERT OR IGNORE INTO tags (name) VALUES ('vertical');
INSERT INTO photo_tags (photo_idx, tag_id) VALUES ((SELECT photo_idx FROM photos WHERE photo_id = 2123), (SELECT tag_id FROM tags WHERE name = 'vertical'));
INSERT OR IGNORE INTO tags (name) VALUES ('closeup');
INSERT INTO photo_tags (photo_idx, tag_id) VALUES ((SELECT photo_idx FROM photos WHERE photo_id = 2123), (SELECT tag_id FROM tags WHERE name = 'closeup'));
INSERT OR IGNORE INTO tags (name) VALUES ('abstract');
INSERT INTO photo_tags (photo_idx, tag_id) VALUES ((SELECT photo_idx FROM photos WHERE photo_id = 2123), (SELECT tag_id FROM tags WHERE name = 'abstract'));
INSERT OR IGNORE INTO tags (name) VALUES ('color');
INSERT INTO photo_tags (photo_idx, tag_id) VALUES ((SELECT photo_idx FROM photos WHERE photo_id = 2123), (SELECT tag_id FROM tags WHERE name = 'color'));
INSERT OR IGNORE INTO tags (name) VALUES ('studio');
INSERT INTO photo_tags (photo_idx, tag_id) VALUES ((SELECT photo_idx FROM photos WHERE photo_id = 2123), (SELECT tag_id FROM tags WHERE name = 'studio'));
INSERT OR IGNORE INTO tags (name) VALUES ('orange');
INSERT INTO photo_tags (photo_idx, tag_id) VALUES ((SELECT photo_idx FROM photos WHERE photo_id = 2123), (SELECT tag_id FROM tags WHERE name = 'orange'));
INSERT OR IGNORE INTO tags (name) VALUES ('red');
INSERT INTO photo_tags (photo_idx, tag_id) VALUES ((SELECT photo_idx FROM photos WHERE photo_id = 2123), (SELECT tag_id FROM tags WHERE name = 'red'));
INSERT OR IGNORE INTO tags (name) VALUES ('rock');
INSERT INTO photo_tags (photo_idx, tag_id) VALUES ((SELECT photo_idx FROM photos WHERE photo_id = 2123), (SELECT tag_id FROM tags WHERE name = 'rock'));

INSERT INTO photos (photo_id, photo_title, photo_collection, photo_location, photo_year, camera, film_stock, film_format) VALUES (2124, 'Mookaite', 'Rocks', 'Mooka Station, Kennedy Range, Western Australia', 2004, 'BetterLight', 'BetterLight Super6K-2', '72 x 96 mm');
INSERT INTO photos_fts (photo_idx, photo_id, photo_title, photo_collection, photo_location, photo_year, camera, film_stock, film_format, tag_names) VALUES ((SELECT photo_idx FROM photos WHERE photo_id = 2124), 2124, 'Mookaite', 'Rocks', 'Mooka Station, Kennedy Range, Western Australia', 2004, 'BetterLight', 'BetterLight Super6K-2', '72 x 96 mm', 'horizontal,closeup,abstract,color,studio,orange,red,rock');
INSERT OR IGNORE INTO tags (name) VALUES ('horizontal');
INSERT INTO photo_tags (photo_idx, tag_id) VALUES ((SELECT photo_idx FROM photos WHERE photo_id = 2124), (SELECT tag_id FROM tags WHERE name = 'horizontal'));
INSERT OR IGNORE INTO tags (name) VALUES ('closeup');
INSERT INTO photo_tags (photo_idx, tag_id) VALUES ((SELECT photo_idx FROM photos WHERE photo_id = 2124), (SELECT tag_id FROM tags WHERE name = 'closeup'));
INSERT OR IGNORE INTO tags (name) VALUES ('abstract');
INSERT INTO photo_tags (photo_idx, tag_id) VALUES ((SELECT photo_idx FROM photos WHERE photo_id = 2124), (SELECT tag_id FROM tags WHERE name = 'abstract'));
INSERT OR IGNORE INTO tags (name) VALUES ('color');
INSERT INTO photo_tags (photo_idx, tag_id) VALUES ((SELECT photo_idx FROM photos WHERE photo_id = 2124), (SELECT tag_id FROM tags WHERE name = 'color'));
INSERT OR IGNORE INTO tags (name) VALUES ('studio');
INSERT INTO photo_tags (photo_idx, tag_id) VALUES ((SELECT photo_idx FROM photos WHERE photo_id = 2124), (SELECT tag_id FROM tags WHERE name = 'studio'));
INSERT OR IGNORE INTO tags (name) VALUES ('orange');
INSERT INTO photo_tags (photo_idx, tag_id) VALUES ((SELECT photo_idx FROM photos WHERE photo_id = 2124), (SELECT tag_id FROM tags WHERE name = 'orange'));
INSERT OR IGNORE INTO tags (name) VALUES ('red');
INSERT INTO photo_tags (photo_idx, tag_id) VALUES ((SELECT photo_idx FROM photos WHERE photo_id = 2124), (SELECT tag_id FROM tags WHERE name = 'red'));
INSERT OR IGNORE INTO tags (name) VALUES ('rock');
INSERT INTO photo_tags (photo_idx, tag_id) VALUES ((SELECT photo_idx FROM photos WHERE photo_id = 2124), (SELECT tag_id FROM tags WHERE name = 'rock'));

INSERT INTO photos (photo_id, photo_title, photo_collection, photo_location, photo_year, camera, film_stock, film_format) VALUES (2125, 'Polka Dot Agate', 'Rocks', 'Northeast of Madras, Jefferson County, Oregon', 2004, 'BetterLight', 'BetterLight Super6K-2', '72 x 96 mm');
INSERT INTO photos_fts (photo_idx, photo_id, photo_title, photo_collection, photo_location, photo_year, camera, film_stock, film_format, tag_names) VALUES ((SELECT photo_idx FROM photos WHERE photo_id = 2125), 2125, 'Polka Dot Agate', 'Rocks', 'Northeast of Madras, Jefferson County, Oregon', 2004, 'BetterLight', 'BetterLight Super6K-2', '72 x 96 mm', 'horizontal,closeup,abstract,color,studio,red,tan,rock');
INSERT OR IGNORE INTO tags (name) VALUES ('horizontal');
INSERT INTO photo_tags (photo_idx, tag_id) VALUES ((SELECT photo_idx FROM photos WHERE photo_id = 2125), (SELECT tag_id FROM tags WHERE name = 'horizontal'));
INSERT OR IGNORE INTO tags (name) VALUES ('closeup');
INSERT INTO photo_tags (photo_idx, tag_id) VALUES ((SELECT photo_idx FROM photos WHERE photo_id = 2125), (SELECT tag_id FROM tags WHERE name = 'closeup'));
INSERT OR IGNORE INTO tags (name) VALUES ('abstract');
INSERT INTO photo_tags (photo_idx, tag_id) VALUES ((SELECT photo_idx FROM photos WHERE photo_id = 2125), (SELECT tag_id FROM tags WHERE name = 'abstract'));
INSERT OR IGNORE INTO tags (name) VALUES ('color');
INSERT INTO photo_tags (photo_idx, tag_id) VALUES ((SELECT photo_idx FROM photos WHERE photo_id = 2125), (SELECT tag_id FROM tags WHERE name = 'color'));
INSERT OR IGNORE INTO tags (name) VALUES ('studio');
INSERT INTO photo_tags (photo_idx, tag_id) VALUES ((SELECT photo_idx FROM photos WHERE photo_id = 2125), (SELECT tag_id FROM tags WHERE name = 'studio'));
INSERT OR IGNORE INTO tags (name) VALUES ('red');
INSERT INTO photo_tags (photo_idx, tag_id) VALUES ((SELECT photo_idx FROM photos WHERE photo_id = 2125), (SELECT tag_id FROM tags WHERE name = 'red'));
INSERT OR IGNORE INTO tags (name) VALUES ('tan');
INSERT INTO photo_tags (photo_idx, tag_id) VALUES ((SELECT photo_idx FROM photos WHERE photo_id = 2125), (SELECT tag_id FROM tags WHERE name = 'tan'));
INSERT OR IGNORE INTO tags (name) VALUES ('rock');
INSERT INTO photo_tags (photo_idx, tag_id) VALUES ((SELECT photo_idx FROM photos WHERE photo_id = 2125), (SELECT tag_id FROM tags WHERE name = 'rock'));

INSERT INTO photos (photo_id, photo_title, photo_collection, photo_location, photo_year, camera, film_stock, film_format) VALUES (2126, 'Amethyst Sage Agate', 'Rocks', 'Quinn River south of Denio, Humboldt County, Nevada', 2004, 'BetterLight', 'BetterLight Super6K-2', '72 x 96 mm');
INSERT INTO photos_fts (photo_idx, photo_id, photo_title, photo_collection, photo_location, photo_year, camera, film_stock, film_format, tag_names) VALUES ((SELECT photo_idx FROM photos WHERE photo_id = 2126), 2126, 'Amethyst Sage Agate', 'Rocks', 'Quinn River south of Denio, Humboldt County, Nevada', 2004, 'BetterLight', 'BetterLight Super6K-2', '72 x 96 mm', 'horizontal,closeup,abstract,color,studio,orange,purple,red,rock');
INSERT OR IGNORE INTO tags (name) VALUES ('horizontal');
INSERT INTO photo_tags (photo_idx, tag_id) VALUES ((SELECT photo_idx FROM photos WHERE photo_id = 2126), (SELECT tag_id FROM tags WHERE name = 'horizontal'));
INSERT OR IGNORE INTO tags (name) VALUES ('closeup');
INSERT INTO photo_tags (photo_idx, tag_id) VALUES ((SELECT photo_idx FROM photos WHERE photo_id = 2126), (SELECT tag_id FROM tags WHERE name = 'closeup'));
INSERT OR IGNORE INTO tags (name) VALUES ('abstract');
INSERT INTO photo_tags (photo_idx, tag_id) VALUES ((SELECT photo_idx FROM photos WHERE photo_id = 2126), (SELECT tag_id FROM tags WHERE name = 'abstract'));
INSERT OR IGNORE INTO tags (name) VALUES ('color');
INSERT INTO photo_tags (photo_idx, tag_id) VALUES ((SELECT photo_idx FROM photos WHERE photo_id = 2126), (SELECT tag_id FROM tags WHERE name = 'color'));
INSERT OR IGNORE INTO tags (name) VALUES ('studio');
INSERT INTO photo_tags (photo_idx, tag_id) VALUES ((SELECT photo_idx FROM photos WHERE photo_id = 2126), (SELECT tag_id FROM tags WHERE name = 'studio'));
INSERT OR IGNORE INTO tags (name) VALUES ('orange');
INSERT INTO photo_tags (photo_idx, tag_id) VALUES ((SELECT photo_idx FROM photos WHERE photo_id = 2126), (SELECT tag_id FROM tags WHERE name = 'orange'));
INSERT OR IGNORE INTO tags (name) VALUES ('purple');
INSERT INTO photo_tags (photo_idx, tag_id) VALUES ((SELECT photo_idx FROM photos WHERE photo_id = 2126), (SELECT tag_id FROM tags WHERE name = 'purple'));
INSERT OR IGNORE INTO tags (name) VALUES ('red');
INSERT INTO photo_tags (photo_idx, tag_id) VALUES ((SELECT photo_idx FROM photos WHERE photo_id = 2126), (SELECT tag_id FROM tags WHERE name = 'red'));
INSERT OR IGNORE INTO tags (name) VALUES ('rock');
INSERT INTO photo_tags (photo_idx, tag_id) VALUES ((SELECT photo_idx FROM photos WHERE photo_id = 2126), (SELECT tag_id FROM tags WHERE name = 'rock'));

INSERT INTO photos (photo_id, photo_title, photo_collection, photo_location, photo_year, camera, film_stock, film_format) VALUES (2127, 'Biggs Jasper', 'Rocks', 'Biggs Junction, Sherman County, Oregon', 2004, 'BetterLight', 'BetterLight Super6K-2', '72 x 96 mm');
INSERT INTO photos_fts (photo_idx, photo_id, photo_title, photo_collection, photo_location, photo_year, camera, film_stock, film_format, tag_names) VALUES ((SELECT photo_idx FROM photos WHERE photo_id = 2127), 2127, 'Biggs Jasper', 'Rocks', 'Biggs Junction, Sherman County, Oregon', 2004, 'BetterLight', 'BetterLight Super6K-2', '72 x 96 mm', 'horizontal,popular,closeup,abstract,color,studio,brown,tan,rock');
INSERT OR IGNORE INTO tags (name) VALUES ('horizontal');
INSERT INTO photo_tags (photo_idx, tag_id) VALUES ((SELECT photo_idx FROM photos WHERE photo_id = 2127), (SELECT tag_id FROM tags WHERE name = 'horizontal'));
INSERT OR IGNORE INTO tags (name) VALUES ('popular');
INSERT INTO photo_tags (photo_idx, tag_id) VALUES ((SELECT photo_idx FROM photos WHERE photo_id = 2127), (SELECT tag_id FROM tags WHERE name = 'popular'));
INSERT OR IGNORE INTO tags (name) VALUES ('closeup');
INSERT INTO photo_tags (photo_idx, tag_id) VALUES ((SELECT photo_idx FROM photos WHERE photo_id = 2127), (SELECT tag_id FROM tags WHERE name = 'closeup'));
INSERT OR IGNORE INTO tags (name) VALUES ('abstract');
INSERT INTO photo_tags (photo_idx, tag_id) VALUES ((SELECT photo_idx FROM photos WHERE photo_id = 2127), (SELECT tag_id FROM tags WHERE name = 'abstract'));
INSERT OR IGNORE INTO tags (name) VALUES ('color');
INSERT INTO photo_tags (photo_idx, tag_id) VALUES ((SELECT photo_idx FROM photos WHERE photo_id = 2127), (SELECT tag_id FROM tags WHERE name = 'color'));
INSERT OR IGNORE INTO tags (name) VALUES ('studio');
INSERT INTO photo_tags (photo_idx, tag_id) VALUES ((SELECT photo_idx FROM photos WHERE photo_id = 2127), (SELECT tag_id FROM tags WHERE name = 'studio'));
INSERT OR IGNORE INTO tags (name) VALUES ('brown');
INSERT INTO photo_tags (photo_idx, tag_id) VALUES ((SELECT photo_idx FROM photos WHERE photo_id = 2127), (SELECT tag_id FROM tags WHERE name = 'brown'));
INSERT OR IGNORE INTO tags (name) VALUES ('tan');
INSERT INTO photo_tags (photo_idx, tag_id) VALUES ((SELECT photo_idx FROM photos WHERE photo_id = 2127), (SELECT tag_id FROM tags WHERE name = 'tan'));
INSERT OR IGNORE INTO tags (name) VALUES ('rock');
INSERT INTO photo_tags (photo_idx, tag_id) VALUES ((SELECT photo_idx FROM photos WHERE photo_id = 2127), (SELECT tag_id FROM tags WHERE name = 'rock'));

INSERT INTO photos (photo_id, photo_title, photo_collection, photo_location, photo_year, camera, film_stock, film_format) VALUES (2128, 'Dendritic Sandstone', 'Rocks', 'Juab County, Utah', 2004, 'BetterLight', 'BetterLight Super6K-2', '72 x 96 mm');
INSERT INTO photos_fts (photo_idx, photo_id, photo_title, photo_collection, photo_location, photo_year, camera, film_stock, film_format, tag_names) VALUES ((SELECT photo_idx FROM photos WHERE photo_id = 2128), 2128, 'Dendritic Sandstone', 'Rocks', 'Juab County, Utah', 2004, 'BetterLight', 'BetterLight Super6K-2', '72 x 96 mm', 'horizontal,closeup,abstract,color,studio,tan,rock');
INSERT OR IGNORE INTO tags (name) VALUES ('horizontal');
INSERT INTO photo_tags (photo_idx, tag_id) VALUES ((SELECT photo_idx FROM photos WHERE photo_id = 2128), (SELECT tag_id FROM tags WHERE name = 'horizontal'));
INSERT OR IGNORE INTO tags (name) VALUES ('closeup');
INSERT INTO photo_tags (photo_idx, tag_id) VALUES ((SELECT photo_idx FROM photos WHERE photo_id = 2128), (SELECT tag_id FROM tags WHERE name = 'closeup'));
INSERT OR IGNORE INTO tags (name) VALUES ('abstract');
INSERT INTO photo_tags (photo_idx, tag_id) VALUES ((SELECT photo_idx FROM photos WHERE photo_id = 2128), (SELECT tag_id FROM tags WHERE name = 'abstract'));
INSERT OR IGNORE INTO tags (name) VALUES ('color');
INSERT INTO photo_tags (photo_idx, tag_id) VALUES ((SELECT photo_idx FROM photos WHERE photo_id = 2128), (SELECT tag_id FROM tags WHERE name = 'color'));
INSERT OR IGNORE INTO tags (name) VALUES ('studio');
INSERT INTO photo_tags (photo_idx, tag_id) VALUES ((SELECT photo_idx FROM photos WHERE photo_id = 2128), (SELECT tag_id FROM tags WHERE name = 'studio'));
INSERT OR IGNORE INTO tags (name) VALUES ('tan');
INSERT INTO photo_tags (photo_idx, tag_id) VALUES ((SELECT photo_idx FROM photos WHERE photo_id = 2128), (SELECT tag_id FROM tags WHERE name = 'tan'));
INSERT OR IGNORE INTO tags (name) VALUES ('rock');
INSERT INTO photo_tags (photo_idx, tag_id) VALUES ((SELECT photo_idx FROM photos WHERE photo_id = 2128), (SELECT tag_id FROM tags WHERE name = 'rock'));

INSERT INTO photos (photo_id, photo_title, photo_collection, photo_location, photo_year, camera, film_stock, film_format) VALUES (2129, 'Malachite', 'Rocks', 'Katanga Copper Belt, Democratic Republic of the Congo', 2004, 'BetterLight', 'BetterLight Super6K-2', '72 x 96 mm');
INSERT INTO photos_fts (photo_idx, photo_id, photo_title, photo_collection, photo_location, photo_year, camera, film_stock, film_format, tag_names) VALUES ((SELECT photo_idx FROM photos WHERE photo_id = 2129), 2129, 'Malachite', 'Rocks', 'Katanga Copper Belt, Democratic Republic of the Congo', 2004, 'BetterLight', 'BetterLight Super6K-2', '72 x 96 mm', 'horizontal,closeup,abstract,color,studio,green,rock');
INSERT OR IGNORE INTO tags (name) VALUES ('horizontal');
INSERT INTO photo_tags (photo_idx, tag_id) VALUES ((SELECT photo_idx FROM photos WHERE photo_id = 2129), (SELECT tag_id FROM tags WHERE name = 'horizontal'));
INSERT OR IGNORE INTO tags (name) VALUES ('closeup');
INSERT INTO photo_tags (photo_idx, tag_id) VALUES ((SELECT photo_idx FROM photos WHERE photo_id = 2129), (SELECT tag_id FROM tags WHERE name = 'closeup'));
INSERT OR IGNORE INTO tags (name) VALUES ('abstract');
INSERT INTO photo_tags (photo_idx, tag_id) VALUES ((SELECT photo_idx FROM photos WHERE photo_id = 2129), (SELECT tag_id FROM tags WHERE name = 'abstract'));
INSERT OR IGNORE INTO tags (name) VALUES ('color');
INSERT INTO photo_tags (photo_idx, tag_id) VALUES ((SELECT photo_idx FROM photos WHERE photo_id = 2129), (SELECT tag_id FROM tags WHERE name = 'color'));
INSERT OR IGNORE INTO tags (name) VALUES ('studio');
INSERT INTO photo_tags (photo_idx, tag_id) VALUES ((SELECT photo_idx FROM photos WHERE photo_id = 2129), (SELECT tag_id FROM tags WHERE name = 'studio'));
INSERT OR IGNORE INTO tags (name) VALUES ('green');
INSERT INTO photo_tags (photo_idx, tag_id) VALUES ((SELECT photo_idx FROM photos WHERE photo_id = 2129), (SELECT tag_id FROM tags WHERE name = 'green'));
INSERT OR IGNORE INTO tags (name) VALUES ('rock');
INSERT INTO photo_tags (photo_idx, tag_id) VALUES ((SELECT photo_idx FROM photos WHERE photo_id = 2129), (SELECT tag_id FROM tags WHERE name = 'rock'));

INSERT INTO photos (photo_id, photo_title, photo_collection, photo_location, photo_year, camera, film_stock, film_format) VALUES (2130, 'Black Opal', 'Rocks', 'Mulga Field, Lightning Ridge, New South Wales, Australia', 2004, 'BetterLight', 'BetterLight Super6K-2', '72 x 96 mm');
INSERT INTO photos_fts (photo_idx, photo_id, photo_title, photo_collection, photo_location, photo_year, camera, film_stock, film_format, tag_names) VALUES ((SELECT photo_idx FROM photos WHERE photo_id = 2130), 2130, 'Black Opal', 'Rocks', 'Mulga Field, Lightning Ridge, New South Wales, Australia', 2004, 'BetterLight', 'BetterLight Super6K-2', '72 x 96 mm', 'horizontal,popular,closeup,abstract,color,studio,black,rock');
INSERT OR IGNORE INTO tags (name) VALUES ('horizontal');
INSERT INTO photo_tags (photo_idx, tag_id) VALUES ((SELECT photo_idx FROM photos WHERE photo_id = 2130), (SELECT tag_id FROM tags WHERE name = 'horizontal'));
INSERT OR IGNORE INTO tags (name) VALUES ('popular');
INSERT INTO photo_tags (photo_idx, tag_id) VALUES ((SELECT photo_idx FROM photos WHERE photo_id = 2130), (SELECT tag_id FROM tags WHERE name = 'popular'));
INSERT OR IGNORE INTO tags (name) VALUES ('closeup');
INSERT INTO photo_tags (photo_idx, tag_id) VALUES ((SELECT photo_idx FROM photos WHERE photo_id = 2130), (SELECT tag_id FROM tags WHERE name = 'closeup'));
INSERT OR IGNORE INTO tags (name) VALUES ('abstract');
INSERT INTO photo_tags (photo_idx, tag_id) VALUES ((SELECT photo_idx FROM photos WHERE photo_id = 2130), (SELECT tag_id FROM tags WHERE name = 'abstract'));
INSERT OR IGNORE INTO tags (name) VALUES ('color');
INSERT INTO photo_tags (photo_idx, tag_id) VALUES ((SELECT photo_idx FROM photos WHERE photo_id = 2130), (SELECT tag_id FROM tags WHERE name = 'color'));
INSERT OR IGNORE INTO tags (name) VALUES ('studio');
INSERT INTO photo_tags (photo_idx, tag_id) VALUES ((SELECT photo_idx FROM photos WHERE photo_id = 2130), (SELECT tag_id FROM tags WHERE name = 'studio'));
INSERT OR IGNORE INTO tags (name) VALUES ('black');
INSERT INTO photo_tags (photo_idx, tag_id) VALUES ((SELECT photo_idx FROM photos WHERE photo_id = 2130), (SELECT tag_id FROM tags WHERE name = 'black'));
INSERT OR IGNORE INTO tags (name) VALUES ('rock');
INSERT INTO photo_tags (photo_idx, tag_id) VALUES ((SELECT photo_idx FROM photos WHERE photo_id = 2130), (SELECT tag_id FROM tags WHERE name = 'rock'));

INSERT INTO photos (photo_id, photo_title, photo_collection, photo_location, photo_year, camera, film_stock, film_format) VALUES (2131, 'Pietersite', 'Rocks', 'Outjo District, Kunene Region, Namibia', 2004, 'BetterLight', 'BetterLight Super6K-2', '72 x 96 mm');
INSERT INTO photos_fts (photo_idx, photo_id, photo_title, photo_collection, photo_location, photo_year, camera, film_stock, film_format, tag_names) VALUES ((SELECT photo_idx FROM photos WHERE photo_id = 2131), 2131, 'Pietersite', 'Rocks', 'Outjo District, Kunene Region, Namibia', 2004, 'BetterLight', 'BetterLight Super6K-2', '72 x 96 mm', 'horizontal,popular,closeup,abstract,color,studio,black,orange,rock');
INSERT OR IGNORE INTO tags (name) VALUES ('horizontal');
INSERT INTO photo_tags (photo_idx, tag_id) VALUES ((SELECT photo_idx FROM photos WHERE photo_id = 2131), (SELECT tag_id FROM tags WHERE name = 'horizontal'));
INSERT OR IGNORE INTO tags (name) VALUES ('popular');
INSERT INTO photo_tags (photo_idx, tag_id) VALUES ((SELECT photo_idx FROM photos WHERE photo_id = 2131), (SELECT tag_id FROM tags WHERE name = 'popular'));
INSERT OR IGNORE INTO tags (name) VALUES ('closeup');
INSERT INTO photo_tags (photo_idx, tag_id) VALUES ((SELECT photo_idx FROM photos WHERE photo_id = 2131), (SELECT tag_id FROM tags WHERE name = 'closeup'));
INSERT OR IGNORE INTO tags (name) VALUES ('abstract');
INSERT INTO photo_tags (photo_idx, tag_id) VALUES ((SELECT photo_idx FROM photos WHERE photo_id = 2131), (SELECT tag_id FROM tags WHERE name = 'abstract'));
INSERT OR IGNORE INTO tags (name) VALUES ('color');
INSERT INTO photo_tags (photo_idx, tag_id) VALUES ((SELECT photo_idx FROM photos WHERE photo_id = 2131), (SELECT tag_id FROM tags WHERE name = 'color'));
INSERT OR IGNORE INTO tags (name) VALUES ('studio');
INSERT INTO photo_tags (photo_idx, tag_id) VALUES ((SELECT photo_idx FROM photos WHERE photo_id = 2131), (SELECT tag_id FROM tags WHERE name = 'studio'));
INSERT OR IGNORE INTO tags (name) VALUES ('black');
INSERT INTO photo_tags (photo_idx, tag_id) VALUES ((SELECT photo_idx FROM photos WHERE photo_id = 2131), (SELECT tag_id FROM tags WHERE name = 'black'));
INSERT OR IGNORE INTO tags (name) VALUES ('orange');
INSERT INTO photo_tags (photo_idx, tag_id) VALUES ((SELECT photo_idx FROM photos WHERE photo_id = 2131), (SELECT tag_id FROM tags WHERE name = 'orange'));
INSERT OR IGNORE INTO tags (name) VALUES ('rock');
INSERT INTO photo_tags (photo_idx, tag_id) VALUES ((SELECT photo_idx FROM photos WHERE photo_id = 2131), (SELECT tag_id FROM tags WHERE name = 'rock'));

INSERT INTO photos (photo_id, photo_title, photo_collection, photo_location, photo_year, camera, film_stock, film_format) VALUES (2132, 'Pietersite', 'Rocks', 'Outjo District, Kunene Region, Namibia', 2004, 'BetterLight', 'BetterLight Super6K-2', '72 x 96 mm');
INSERT INTO photos_fts (photo_idx, photo_id, photo_title, photo_collection, photo_location, photo_year, camera, film_stock, film_format, tag_names) VALUES ((SELECT photo_idx FROM photos WHERE photo_id = 2132), 2132, 'Pietersite', 'Rocks', 'Outjo District, Kunene Region, Namibia', 2004, 'BetterLight', 'BetterLight Super6K-2', '72 x 96 mm', 'horizontal,popular,closeup,abstract,color,studio,black,red,blue,brown,rock');
INSERT OR IGNORE INTO tags (name) VALUES ('horizontal');
INSERT INTO photo_tags (photo_idx, tag_id) VALUES ((SELECT photo_idx FROM photos WHERE photo_id = 2132), (SELECT tag_id FROM tags WHERE name = 'horizontal'));
INSERT OR IGNORE INTO tags (name) VALUES ('popular');
INSERT INTO photo_tags (photo_idx, tag_id) VALUES ((SELECT photo_idx FROM photos WHERE photo_id = 2132), (SELECT tag_id FROM tags WHERE name = 'popular'));
INSERT OR IGNORE INTO tags (name) VALUES ('closeup');
INSERT INTO photo_tags (photo_idx, tag_id) VALUES ((SELECT photo_idx FROM photos WHERE photo_id = 2132), (SELECT tag_id FROM tags WHERE name = 'closeup'));
INSERT OR IGNORE INTO tags (name) VALUES ('abstract');
INSERT INTO photo_tags (photo_idx, tag_id) VALUES ((SELECT photo_idx FROM photos WHERE photo_id = 2132), (SELECT tag_id FROM tags WHERE name = 'abstract'));
INSERT OR IGNORE INTO tags (name) VALUES ('color');
INSERT INTO photo_tags (photo_idx, tag_id) VALUES ((SELECT photo_idx FROM photos WHERE photo_id = 2132), (SELECT tag_id FROM tags WHERE name = 'color'));
INSERT OR IGNORE INTO tags (name) VALUES ('studio');
INSERT INTO photo_tags (photo_idx, tag_id) VALUES ((SELECT photo_idx FROM photos WHERE photo_id = 2132), (SELECT tag_id FROM tags WHERE name = 'studio'));
INSERT OR IGNORE INTO tags (name) VALUES ('black');
INSERT INTO photo_tags (photo_idx, tag_id) VALUES ((SELECT photo_idx FROM photos WHERE photo_id = 2132), (SELECT tag_id FROM tags WHERE name = 'black'));
INSERT OR IGNORE INTO tags (name) VALUES ('red');
INSERT INTO photo_tags (photo_idx, tag_id) VALUES ((SELECT photo_idx FROM photos WHERE photo_id = 2132), (SELECT tag_id FROM tags WHERE name = 'red'));
INSERT OR IGNORE INTO tags (name) VALUES ('blue');
INSERT INTO photo_tags (photo_idx, tag_id) VALUES ((SELECT photo_idx FROM photos WHERE photo_id = 2132), (SELECT tag_id FROM tags WHERE name = 'blue'));
INSERT OR IGNORE INTO tags (name) VALUES ('brown');
INSERT INTO photo_tags (photo_idx, tag_id) VALUES ((SELECT photo_idx FROM photos WHERE photo_id = 2132), (SELECT tag_id FROM tags WHERE name = 'brown'));
INSERT OR IGNORE INTO tags (name) VALUES ('rock');
INSERT INTO photo_tags (photo_idx, tag_id) VALUES ((SELECT photo_idx FROM photos WHERE photo_id = 2132), (SELECT tag_id FROM tags WHERE name = 'rock'));

INSERT INTO photos (photo_id, photo_title, photo_collection, photo_location, photo_year, camera, film_stock, film_format) VALUES (2133, 'Pietersite', 'Rocks', 'Outjo District, Kunene Region, Namibia', 2004, 'BetterLight', 'BetterLight Super6K-2', '72 x 96 mm');
INSERT INTO photos_fts (photo_idx, photo_id, photo_title, photo_collection, photo_location, photo_year, camera, film_stock, film_format, tag_names) VALUES ((SELECT photo_idx FROM photos WHERE photo_id = 2133), 2133, 'Pietersite', 'Rocks', 'Outjo District, Kunene Region, Namibia', 2004, 'BetterLight', 'BetterLight Super6K-2', '72 x 96 mm', 'horizontal,popular,closeup,abstract,color,studio,black,red,rock');
INSERT OR IGNORE INTO tags (name) VALUES ('horizontal');
INSERT INTO photo_tags (photo_idx, tag_id) VALUES ((SELECT photo_idx FROM photos WHERE photo_id = 2133), (SELECT tag_id FROM tags WHERE name = 'horizontal'));
INSERT OR IGNORE INTO tags (name) VALUES ('popular');
INSERT INTO photo_tags (photo_idx, tag_id) VALUES ((SELECT photo_idx FROM photos WHERE photo_id = 2133), (SELECT tag_id FROM tags WHERE name = 'popular'));
INSERT OR IGNORE INTO tags (name) VALUES ('closeup');
INSERT INTO photo_tags (photo_idx, tag_id) VALUES ((SELECT photo_idx FROM photos WHERE photo_id = 2133), (SELECT tag_id FROM tags WHERE name = 'closeup'));
INSERT OR IGNORE INTO tags (name) VALUES ('abstract');
INSERT INTO photo_tags (photo_idx, tag_id) VALUES ((SELECT photo_idx FROM photos WHERE photo_id = 2133), (SELECT tag_id FROM tags WHERE name = 'abstract'));
INSERT OR IGNORE INTO tags (name) VALUES ('color');
INSERT INTO photo_tags (photo_idx, tag_id) VALUES ((SELECT photo_idx FROM photos WHERE photo_id = 2133), (SELECT tag_id FROM tags WHERE name = 'color'));
INSERT OR IGNORE INTO tags (name) VALUES ('studio');
INSERT INTO photo_tags (photo_idx, tag_id) VALUES ((SELECT photo_idx FROM photos WHERE photo_id = 2133), (SELECT tag_id FROM tags WHERE name = 'studio'));
INSERT OR IGNORE INTO tags (name) VALUES ('black');
INSERT INTO photo_tags (photo_idx, tag_id) VALUES ((SELECT photo_idx FROM photos WHERE photo_id = 2133), (SELECT tag_id FROM tags WHERE name = 'black'));
INSERT OR IGNORE INTO tags (name) VALUES ('red');
INSERT INTO photo_tags (photo_idx, tag_id) VALUES ((SELECT photo_idx FROM photos WHERE photo_id = 2133), (SELECT tag_id FROM tags WHERE name = 'red'));
INSERT OR IGNORE INTO tags (name) VALUES ('rock');
INSERT INTO photo_tags (photo_idx, tag_id) VALUES ((SELECT photo_idx FROM photos WHERE photo_id = 2133), (SELECT tag_id FROM tags WHERE name = 'rock'));

INSERT INTO photos (photo_id, photo_title, photo_collection, photo_location, photo_year, camera, film_stock, film_format) VALUES (2134, 'Pietersite', 'Rocks', 'Outjo District, Kunene Region, Namibia', 2004, 'BetterLight', 'BetterLight Super6K-2', '72 x 96 mm');
INSERT INTO photos_fts (photo_idx, photo_id, photo_title, photo_collection, photo_location, photo_year, camera, film_stock, film_format, tag_names) VALUES ((SELECT photo_idx FROM photos WHERE photo_id = 2134), 2134, 'Pietersite', 'Rocks', 'Outjo District, Kunene Region, Namibia', 2004, 'BetterLight', 'BetterLight Super6K-2', '72 x 96 mm', 'horizontal,popular,closeup,abstract,color,studio,red,rock');
INSERT OR IGNORE INTO tags (name) VALUES ('horizontal');
INSERT INTO photo_tags (photo_idx, tag_id) VALUES ((SELECT photo_idx FROM photos WHERE photo_id = 2134), (SELECT tag_id FROM tags WHERE name = 'horizontal'));
INSERT OR IGNORE INTO tags (name) VALUES ('popular');
INSERT INTO photo_tags (photo_idx, tag_id) VALUES ((SELECT photo_idx FROM photos WHERE photo_id = 2134), (SELECT tag_id FROM tags WHERE name = 'popular'));
INSERT OR IGNORE INTO tags (name) VALUES ('closeup');
INSERT INTO photo_tags (photo_idx, tag_id) VALUES ((SELECT photo_idx FROM photos WHERE photo_id = 2134), (SELECT tag_id FROM tags WHERE name = 'closeup'));
INSERT OR IGNORE INTO tags (name) VALUES ('abstract');
INSERT INTO photo_tags (photo_idx, tag_id) VALUES ((SELECT photo_idx FROM photos WHERE photo_id = 2134), (SELECT tag_id FROM tags WHERE name = 'abstract'));
INSERT OR IGNORE INTO tags (name) VALUES ('color');
INSERT INTO photo_tags (photo_idx, tag_id) VALUES ((SELECT photo_idx FROM photos WHERE photo_id = 2134), (SELECT tag_id FROM tags WHERE name = 'color'));
INSERT OR IGNORE INTO tags (name) VALUES ('studio');
INSERT INTO photo_tags (photo_idx, tag_id) VALUES ((SELECT photo_idx FROM photos WHERE photo_id = 2134), (SELECT tag_id FROM tags WHERE name = 'studio'));
INSERT OR IGNORE INTO tags (name) VALUES ('red');
INSERT INTO photo_tags (photo_idx, tag_id) VALUES ((SELECT photo_idx FROM photos WHERE photo_id = 2134), (SELECT tag_id FROM tags WHERE name = 'red'));
INSERT OR IGNORE INTO tags (name) VALUES ('rock');
INSERT INTO photo_tags (photo_idx, tag_id) VALUES ((SELECT photo_idx FROM photos WHERE photo_id = 2134), (SELECT tag_id FROM tags WHERE name = 'rock'));

INSERT INTO photos (photo_id, photo_title, photo_collection, photo_location, photo_year, camera, film_stock, film_format) VALUES (2135, 'Pietersite', 'Rocks', 'Outjo District, Kunene Region, Namibia', 2004, 'BetterLight', 'BetterLight Super6K-2', '72 x 96 mm');
INSERT INTO photos_fts (photo_idx, photo_id, photo_title, photo_collection, photo_location, photo_year, camera, film_stock, film_format, tag_names) VALUES ((SELECT photo_idx FROM photos WHERE photo_id = 2135), 2135, 'Pietersite', 'Rocks', 'Outjo District, Kunene Region, Namibia', 2004, 'BetterLight', 'BetterLight Super6K-2', '72 x 96 mm', 'vertical,popular,closeup,abstract,color,studio,black,yellow,rock');
INSERT OR IGNORE INTO tags (name) VALUES ('vertical');
INSERT INTO photo_tags (photo_idx, tag_id) VALUES ((SELECT photo_idx FROM photos WHERE photo_id = 2135), (SELECT tag_id FROM tags WHERE name = 'vertical'));
INSERT OR IGNORE INTO tags (name) VALUES ('popular');
INSERT INTO photo_tags (photo_idx, tag_id) VALUES ((SELECT photo_idx FROM photos WHERE photo_id = 2135), (SELECT tag_id FROM tags WHERE name = 'popular'));
INSERT OR IGNORE INTO tags (name) VALUES ('closeup');
INSERT INTO photo_tags (photo_idx, tag_id) VALUES ((SELECT photo_idx FROM photos WHERE photo_id = 2135), (SELECT tag_id FROM tags WHERE name = 'closeup'));
INSERT OR IGNORE INTO tags (name) VALUES ('abstract');
INSERT INTO photo_tags (photo_idx, tag_id) VALUES ((SELECT photo_idx FROM photos WHERE photo_id = 2135), (SELECT tag_id FROM tags WHERE name = 'abstract'));
INSERT OR IGNORE INTO tags (name) VALUES ('color');
INSERT INTO photo_tags (photo_idx, tag_id) VALUES ((SELECT photo_idx FROM photos WHERE photo_id = 2135), (SELECT tag_id FROM tags WHERE name = 'color'));
INSERT OR IGNORE INTO tags (name) VALUES ('studio');
INSERT INTO photo_tags (photo_idx, tag_id) VALUES ((SELECT photo_idx FROM photos WHERE photo_id = 2135), (SELECT tag_id FROM tags WHERE name = 'studio'));
INSERT OR IGNORE INTO tags (name) VALUES ('black');
INSERT INTO photo_tags (photo_idx, tag_id) VALUES ((SELECT photo_idx FROM photos WHERE photo_id = 2135), (SELECT tag_id FROM tags WHERE name = 'black'));
INSERT OR IGNORE INTO tags (name) VALUES ('yellow');
INSERT INTO photo_tags (photo_idx, tag_id) VALUES ((SELECT photo_idx FROM photos WHERE photo_id = 2135), (SELECT tag_id FROM tags WHERE name = 'yellow'));
INSERT OR IGNORE INTO tags (name) VALUES ('rock');
INSERT INTO photo_tags (photo_idx, tag_id) VALUES ((SELECT photo_idx FROM photos WHERE photo_id = 2135), (SELECT tag_id FROM tags WHERE name = 'rock'));

INSERT INTO photos (photo_id, photo_title, photo_collection, photo_location, photo_year, camera, film_stock, film_format) VALUES (2136, 'Seraphinite', 'Rocks', 'Angara-Ilim iron ore region, Siberian Federal Okrug, Russia', 2004, 'BetterLight', 'BetterLight Super6K-2', '72 x 96 mm');
INSERT INTO photos_fts (photo_idx, photo_id, photo_title, photo_collection, photo_location, photo_year, camera, film_stock, film_format, tag_names) VALUES ((SELECT photo_idx FROM photos WHERE photo_id = 2136), 2136, 'Seraphinite', 'Rocks', 'Angara-Ilim iron ore region, Siberian Federal Okrug, Russia', 2004, 'BetterLight', 'BetterLight Super6K-2', '72 x 96 mm', 'horizontal,closeup,abstract,color,studio,green,rock');
INSERT OR IGNORE INTO tags (name) VALUES ('horizontal');
INSERT INTO photo_tags (photo_idx, tag_id) VALUES ((SELECT photo_idx FROM photos WHERE photo_id = 2136), (SELECT tag_id FROM tags WHERE name = 'horizontal'));
INSERT OR IGNORE INTO tags (name) VALUES ('closeup');
INSERT INTO photo_tags (photo_idx, tag_id) VALUES ((SELECT photo_idx FROM photos WHERE photo_id = 2136), (SELECT tag_id FROM tags WHERE name = 'closeup'));
INSERT OR IGNORE INTO tags (name) VALUES ('abstract');
INSERT INTO photo_tags (photo_idx, tag_id) VALUES ((SELECT photo_idx FROM photos WHERE photo_id = 2136), (SELECT tag_id FROM tags WHERE name = 'abstract'));
INSERT OR IGNORE INTO tags (name) VALUES ('color');
INSERT INTO photo_tags (photo_idx, tag_id) VALUES ((SELECT photo_idx FROM photos WHERE photo_id = 2136), (SELECT tag_id FROM tags WHERE name = 'color'));
INSERT OR IGNORE INTO tags (name) VALUES ('studio');
INSERT INTO photo_tags (photo_idx, tag_id) VALUES ((SELECT photo_idx FROM photos WHERE photo_id = 2136), (SELECT tag_id FROM tags WHERE name = 'studio'));
INSERT OR IGNORE INTO tags (name) VALUES ('green');
INSERT INTO photo_tags (photo_idx, tag_id) VALUES ((SELECT photo_idx FROM photos WHERE photo_id = 2136), (SELECT tag_id FROM tags WHERE name = 'green'));
INSERT OR IGNORE INTO tags (name) VALUES ('rock');
INSERT INTO photo_tags (photo_idx, tag_id) VALUES ((SELECT photo_idx FROM photos WHERE photo_id = 2136), (SELECT tag_id FROM tags WHERE name = 'rock'));

INSERT INTO photos (photo_id, photo_title, photo_collection, photo_location, photo_year, camera, film_stock, film_format) VALUES (2137, 'Tiger Iron', 'Rocks', 'Ord Ranges, Pilbara Region, Western Australia', 2004, 'BetterLight', 'BetterLight Super6K-2', '72 x 96 mm');
INSERT INTO photos_fts (photo_idx, photo_id, photo_title, photo_collection, photo_location, photo_year, camera, film_stock, film_format, tag_names) VALUES ((SELECT photo_idx FROM photos WHERE photo_id = 2137), 2137, 'Tiger Iron', 'Rocks', 'Ord Ranges, Pilbara Region, Western Australia', 2004, 'BetterLight', 'BetterLight Super6K-2', '72 x 96 mm', 'horizontal,popular,closeup,abstract,color,studio,black,red,rock');
INSERT OR IGNORE INTO tags (name) VALUES ('horizontal');
INSERT INTO photo_tags (photo_idx, tag_id) VALUES ((SELECT photo_idx FROM photos WHERE photo_id = 2137), (SELECT tag_id FROM tags WHERE name = 'horizontal'));
INSERT OR IGNORE INTO tags (name) VALUES ('popular');
INSERT INTO photo_tags (photo_idx, tag_id) VALUES ((SELECT photo_idx FROM photos WHERE photo_id = 2137), (SELECT tag_id FROM tags WHERE name = 'popular'));
INSERT OR IGNORE INTO tags (name) VALUES ('closeup');
INSERT INTO photo_tags (photo_idx, tag_id) VALUES ((SELECT photo_idx FROM photos WHERE photo_id = 2137), (SELECT tag_id FROM tags WHERE name = 'closeup'));
INSERT OR IGNORE INTO tags (name) VALUES ('abstract');
INSERT INTO photo_tags (photo_idx, tag_id) VALUES ((SELECT photo_idx FROM photos WHERE photo_id = 2137), (SELECT tag_id FROM tags WHERE name = 'abstract'));
INSERT OR IGNORE INTO tags (name) VALUES ('color');
INSERT INTO photo_tags (photo_idx, tag_id) VALUES ((SELECT photo_idx FROM photos WHERE photo_id = 2137), (SELECT tag_id FROM tags WHERE name = 'color'));
INSERT OR IGNORE INTO tags (name) VALUES ('studio');
INSERT INTO photo_tags (photo_idx, tag_id) VALUES ((SELECT photo_idx FROM photos WHERE photo_id = 2137), (SELECT tag_id FROM tags WHERE name = 'studio'));
INSERT OR IGNORE INTO tags (name) VALUES ('black');
INSERT INTO photo_tags (photo_idx, tag_id) VALUES ((SELECT photo_idx FROM photos WHERE photo_id = 2137), (SELECT tag_id FROM tags WHERE name = 'black'));
INSERT OR IGNORE INTO tags (name) VALUES ('red');
INSERT INTO photo_tags (photo_idx, tag_id) VALUES ((SELECT photo_idx FROM photos WHERE photo_id = 2137), (SELECT tag_id FROM tags WHERE name = 'red'));
INSERT OR IGNORE INTO tags (name) VALUES ('rock');
INSERT INTO photo_tags (photo_idx, tag_id) VALUES ((SELECT photo_idx FROM photos WHERE photo_id = 2137), (SELECT tag_id FROM tags WHERE name = 'rock'));

INSERT INTO photos (photo_id, photo_title, photo_collection, photo_location, photo_year, camera, film_stock, film_format) VALUES (2138, 'Black Opal', 'Rocks', 'Mulga Field, Lightning Ridge, New South Wales, Australia', 2004, 'BetterLight', 'BetterLight Super6K-2', '72 x 96 mm');
INSERT INTO photos_fts (photo_idx, photo_id, photo_title, photo_collection, photo_location, photo_year, camera, film_stock, film_format, tag_names) VALUES ((SELECT photo_idx FROM photos WHERE photo_id = 2138), 2138, 'Black Opal', 'Rocks', 'Mulga Field, Lightning Ridge, New South Wales, Australia', 2004, 'BetterLight', 'BetterLight Super6K-2', '72 x 96 mm', 'vertical,closeup,abstract,color,studio,black,blue,green,rock');
INSERT OR IGNORE INTO tags (name) VALUES ('vertical');
INSERT INTO photo_tags (photo_idx, tag_id) VALUES ((SELECT photo_idx FROM photos WHERE photo_id = 2138), (SELECT tag_id FROM tags WHERE name = 'vertical'));
INSERT OR IGNORE INTO tags (name) VALUES ('closeup');
INSERT INTO photo_tags (photo_idx, tag_id) VALUES ((SELECT photo_idx FROM photos WHERE photo_id = 2138), (SELECT tag_id FROM tags WHERE name = 'closeup'));
INSERT OR IGNORE INTO tags (name) VALUES ('abstract');
INSERT INTO photo_tags (photo_idx, tag_id) VALUES ((SELECT photo_idx FROM photos WHERE photo_id = 2138), (SELECT tag_id FROM tags WHERE name = 'abstract'));
INSERT OR IGNORE INTO tags (name) VALUES ('color');
INSERT INTO photo_tags (photo_idx, tag_id) VALUES ((SELECT photo_idx FROM photos WHERE photo_id = 2138), (SELECT tag_id FROM tags WHERE name = 'color'));
INSERT OR IGNORE INTO tags (name) VALUES ('studio');
INSERT INTO photo_tags (photo_idx, tag_id) VALUES ((SELECT photo_idx FROM photos WHERE photo_id = 2138), (SELECT tag_id FROM tags WHERE name = 'studio'));
INSERT OR IGNORE INTO tags (name) VALUES ('black');
INSERT INTO photo_tags (photo_idx, tag_id) VALUES ((SELECT photo_idx FROM photos WHERE photo_id = 2138), (SELECT tag_id FROM tags WHERE name = 'black'));
INSERT OR IGNORE INTO tags (name) VALUES ('blue');
INSERT INTO photo_tags (photo_idx, tag_id) VALUES ((SELECT photo_idx FROM photos WHERE photo_id = 2138), (SELECT tag_id FROM tags WHERE name = 'blue'));
INSERT OR IGNORE INTO tags (name) VALUES ('green');
INSERT INTO photo_tags (photo_idx, tag_id) VALUES ((SELECT photo_idx FROM photos WHERE photo_id = 2138), (SELECT tag_id FROM tags WHERE name = 'green'));
INSERT OR IGNORE INTO tags (name) VALUES ('rock');
INSERT INTO photo_tags (photo_idx, tag_id) VALUES ((SELECT photo_idx FROM photos WHERE photo_id = 2138), (SELECT tag_id FROM tags WHERE name = 'rock'));

INSERT INTO photos (photo_id, photo_title, photo_collection, photo_location, photo_year, camera, film_stock, film_format) VALUES (2139, 'Dulcote Agate', 'Rocks', 'Somerset, United Kingdom', 2004, 'BetterLight', 'BetterLight Super6K-2', '72 x 96 mm');
INSERT INTO photos_fts (photo_idx, photo_id, photo_title, photo_collection, photo_location, photo_year, camera, film_stock, film_format, tag_names) VALUES ((SELECT photo_idx FROM photos WHERE photo_id = 2139), 2139, 'Dulcote Agate', 'Rocks', 'Somerset, United Kingdom', 2004, 'BetterLight', 'BetterLight Super6K-2', '72 x 96 mm', 'horizontal,closeup,abstract,color,studio,pink,red,rock');
INSERT OR IGNORE INTO tags (name) VALUES ('horizontal');
INSERT INTO photo_tags (photo_idx, tag_id) VALUES ((SELECT photo_idx FROM photos WHERE photo_id = 2139), (SELECT tag_id FROM tags WHERE name = 'horizontal'));
INSERT OR IGNORE INTO tags (name) VALUES ('closeup');
INSERT INTO photo_tags (photo_idx, tag_id) VALUES ((SELECT photo_idx FROM photos WHERE photo_id = 2139), (SELECT tag_id FROM tags WHERE name = 'closeup'));
INSERT OR IGNORE INTO tags (name) VALUES ('abstract');
INSERT INTO photo_tags (photo_idx, tag_id) VALUES ((SELECT photo_idx FROM photos WHERE photo_id = 2139), (SELECT tag_id FROM tags WHERE name = 'abstract'));
INSERT OR IGNORE INTO tags (name) VALUES ('color');
INSERT INTO photo_tags (photo_idx, tag_id) VALUES ((SELECT photo_idx FROM photos WHERE photo_id = 2139), (SELECT tag_id FROM tags WHERE name = 'color'));
INSERT OR IGNORE INTO tags (name) VALUES ('studio');
INSERT INTO photo_tags (photo_idx, tag_id) VALUES ((SELECT photo_idx FROM photos WHERE photo_id = 2139), (SELECT tag_id FROM tags WHERE name = 'studio'));
INSERT OR IGNORE INTO tags (name) VALUES ('pink');
INSERT INTO photo_tags (photo_idx, tag_id) VALUES ((SELECT photo_idx FROM photos WHERE photo_id = 2139), (SELECT tag_id FROM tags WHERE name = 'pink'));
INSERT OR IGNORE INTO tags (name) VALUES ('red');
INSERT INTO photo_tags (photo_idx, tag_id) VALUES ((SELECT photo_idx FROM photos WHERE photo_id = 2139), (SELECT tag_id FROM tags WHERE name = 'red'));
INSERT OR IGNORE INTO tags (name) VALUES ('rock');
INSERT INTO photo_tags (photo_idx, tag_id) VALUES ((SELECT photo_idx FROM photos WHERE photo_id = 2139), (SELECT tag_id FROM tags WHERE name = 'rock'));

INSERT INTO photos (photo_id, photo_title, photo_collection, photo_location, photo_year, camera, film_stock, film_format) VALUES (2140, 'Pietersite', 'Rocks', 'Outjo District, Kunene Region, Namibia', 2005, 'BetterLight', 'BetterLight Super6K-2', '72 x 96 mm');
INSERT INTO photos_fts (photo_idx, photo_id, photo_title, photo_collection, photo_location, photo_year, camera, film_stock, film_format, tag_names) VALUES ((SELECT photo_idx FROM photos WHERE photo_id = 2140), 2140, 'Pietersite', 'Rocks', 'Outjo District, Kunene Region, Namibia', 2005, 'BetterLight', 'BetterLight Super6K-2', '72 x 96 mm', 'horizontal,abstract,color,closeup,studio,rock');
INSERT OR IGNORE INTO tags (name) VALUES ('horizontal');
INSERT INTO photo_tags (photo_idx, tag_id) VALUES ((SELECT photo_idx FROM photos WHERE photo_id = 2140), (SELECT tag_id FROM tags WHERE name = 'horizontal'));
INSERT OR IGNORE INTO tags (name) VALUES ('abstract');
INSERT INTO photo_tags (photo_idx, tag_id) VALUES ((SELECT photo_idx FROM photos WHERE photo_id = 2140), (SELECT tag_id FROM tags WHERE name = 'abstract'));
INSERT OR IGNORE INTO tags (name) VALUES ('color');
INSERT INTO photo_tags (photo_idx, tag_id) VALUES ((SELECT photo_idx FROM photos WHERE photo_id = 2140), (SELECT tag_id FROM tags WHERE name = 'color'));
INSERT OR IGNORE INTO tags (name) VALUES ('closeup');
INSERT INTO photo_tags (photo_idx, tag_id) VALUES ((SELECT photo_idx FROM photos WHERE photo_id = 2140), (SELECT tag_id FROM tags WHERE name = 'closeup'));
INSERT OR IGNORE INTO tags (name) VALUES ('studio');
INSERT INTO photo_tags (photo_idx, tag_id) VALUES ((SELECT photo_idx FROM photos WHERE photo_id = 2140), (SELECT tag_id FROM tags WHERE name = 'studio'));
INSERT OR IGNORE INTO tags (name) VALUES ('rock');
INSERT INTO photo_tags (photo_idx, tag_id) VALUES ((SELECT photo_idx FROM photos WHERE photo_id = 2140), (SELECT tag_id FROM tags WHERE name = 'rock'));

INSERT INTO photos (photo_id, photo_title, photo_collection, photo_location, photo_year, camera, film_stock, film_format) VALUES (2141, 'Munjina Stone', 'Rocks', 'Chichester Range, Pilbara Region, Western Australia', 2005, 'BetterLight', 'BetterLight Super6K-2', '72 x 96 mm');
INSERT INTO photos_fts (photo_idx, photo_id, photo_title, photo_collection, photo_location, photo_year, camera, film_stock, film_format, tag_names) VALUES ((SELECT photo_idx FROM photos WHERE photo_id = 2141), 2141, 'Munjina Stone', 'Rocks', 'Chichester Range, Pilbara Region, Western Australia', 2005, 'BetterLight', 'BetterLight Super6K-2', '72 x 96 mm', 'horizontal,abstract,color,closeup,studio,rock');
INSERT OR IGNORE INTO tags (name) VALUES ('horizontal');
INSERT INTO photo_tags (photo_idx, tag_id) VALUES ((SELECT photo_idx FROM photos WHERE photo_id = 2141), (SELECT tag_id FROM tags WHERE name = 'horizontal'));
INSERT OR IGNORE INTO tags (name) VALUES ('abstract');
INSERT INTO photo_tags (photo_idx, tag_id) VALUES ((SELECT photo_idx FROM photos WHERE photo_id = 2141), (SELECT tag_id FROM tags WHERE name = 'abstract'));
INSERT OR IGNORE INTO tags (name) VALUES ('color');
INSERT INTO photo_tags (photo_idx, tag_id) VALUES ((SELECT photo_idx FROM photos WHERE photo_id = 2141), (SELECT tag_id FROM tags WHERE name = 'color'));
INSERT OR IGNORE INTO tags (name) VALUES ('closeup');
INSERT INTO photo_tags (photo_idx, tag_id) VALUES ((SELECT photo_idx FROM photos WHERE photo_id = 2141), (SELECT tag_id FROM tags WHERE name = 'closeup'));
INSERT OR IGNORE INTO tags (name) VALUES ('studio');
INSERT INTO photo_tags (photo_idx, tag_id) VALUES ((SELECT photo_idx FROM photos WHERE photo_id = 2141), (SELECT tag_id FROM tags WHERE name = 'studio'));
INSERT OR IGNORE INTO tags (name) VALUES ('rock');
INSERT INTO photo_tags (photo_idx, tag_id) VALUES ((SELECT photo_idx FROM photos WHERE photo_id = 2141), (SELECT tag_id FROM tags WHERE name = 'rock'));

INSERT INTO photos (photo_id, photo_title, photo_collection, photo_location, photo_year, camera, film_stock, film_format) VALUES (2142, 'Paesina Marble', 'Rocks', 'Tuscany, Italy', 2005, 'BetterLight', 'BetterLight Super6K-2', '72 x 96 mm');
INSERT INTO photos_fts (photo_idx, photo_id, photo_title, photo_collection, photo_location, photo_year, camera, film_stock, film_format, tag_names) VALUES ((SELECT photo_idx FROM photos WHERE photo_id = 2142), 2142, 'Paesina Marble', 'Rocks', 'Tuscany, Italy', 2005, 'BetterLight', 'BetterLight Super6K-2', '72 x 96 mm', 'horizontal,abstract,color,closeup,studio,rock');
INSERT OR IGNORE INTO tags (name) VALUES ('horizontal');
INSERT INTO photo_tags (photo_idx, tag_id) VALUES ((SELECT photo_idx FROM photos WHERE photo_id = 2142), (SELECT tag_id FROM tags WHERE name = 'horizontal'));
INSERT OR IGNORE INTO tags (name) VALUES ('abstract');
INSERT INTO photo_tags (photo_idx, tag_id) VALUES ((SELECT photo_idx FROM photos WHERE photo_id = 2142), (SELECT tag_id FROM tags WHERE name = 'abstract'));
INSERT OR IGNORE INTO tags (name) VALUES ('color');
INSERT INTO photo_tags (photo_idx, tag_id) VALUES ((SELECT photo_idx FROM photos WHERE photo_id = 2142), (SELECT tag_id FROM tags WHERE name = 'color'));
INSERT OR IGNORE INTO tags (name) VALUES ('closeup');
INSERT INTO photo_tags (photo_idx, tag_id) VALUES ((SELECT photo_idx FROM photos WHERE photo_id = 2142), (SELECT tag_id FROM tags WHERE name = 'closeup'));
INSERT OR IGNORE INTO tags (name) VALUES ('studio');
INSERT INTO photo_tags (photo_idx, tag_id) VALUES ((SELECT photo_idx FROM photos WHERE photo_id = 2142), (SELECT tag_id FROM tags WHERE name = 'studio'));
INSERT OR IGNORE INTO tags (name) VALUES ('rock');
INSERT INTO photo_tags (photo_idx, tag_id) VALUES ((SELECT photo_idx FROM photos WHERE photo_id = 2142), (SELECT tag_id FROM tags WHERE name = 'rock'));

INSERT INTO photos (photo_id, photo_title, photo_collection, photo_location, photo_year, camera, film_stock, film_format) VALUES (2143, 'Paesina Marble', 'Rocks', 'Tuscany, Italy', 2005, 'BetterLight', 'BetterLight Super6K-2', '72 x 96 mm');
INSERT INTO photos_fts (photo_idx, photo_id, photo_title, photo_collection, photo_location, photo_year, camera, film_stock, film_format, tag_names) VALUES ((SELECT photo_idx FROM photos WHERE photo_id = 2143), 2143, 'Paesina Marble', 'Rocks', 'Tuscany, Italy', 2005, 'BetterLight', 'BetterLight Super6K-2', '72 x 96 mm', 'horizontal,abstract,color,closeup,studio,rock');
INSERT OR IGNORE INTO tags (name) VALUES ('horizontal');
INSERT INTO photo_tags (photo_idx, tag_id) VALUES ((SELECT photo_idx FROM photos WHERE photo_id = 2143), (SELECT tag_id FROM tags WHERE name = 'horizontal'));
INSERT OR IGNORE INTO tags (name) VALUES ('abstract');
INSERT INTO photo_tags (photo_idx, tag_id) VALUES ((SELECT photo_idx FROM photos WHERE photo_id = 2143), (SELECT tag_id FROM tags WHERE name = 'abstract'));
INSERT OR IGNORE INTO tags (name) VALUES ('color');
INSERT INTO photo_tags (photo_idx, tag_id) VALUES ((SELECT photo_idx FROM photos WHERE photo_id = 2143), (SELECT tag_id FROM tags WHERE name = 'color'));
INSERT OR IGNORE INTO tags (name) VALUES ('closeup');
INSERT INTO photo_tags (photo_idx, tag_id) VALUES ((SELECT photo_idx FROM photos WHERE photo_id = 2143), (SELECT tag_id FROM tags WHERE name = 'closeup'));
INSERT OR IGNORE INTO tags (name) VALUES ('studio');
INSERT INTO photo_tags (photo_idx, tag_id) VALUES ((SELECT photo_idx FROM photos WHERE photo_id = 2143), (SELECT tag_id FROM tags WHERE name = 'studio'));
INSERT OR IGNORE INTO tags (name) VALUES ('rock');
INSERT INTO photo_tags (photo_idx, tag_id) VALUES ((SELECT photo_idx FROM photos WHERE photo_id = 2143), (SELECT tag_id FROM tags WHERE name = 'rock'));

INSERT INTO photos (photo_id, photo_title, photo_collection, photo_location, photo_year, camera, film_stock, film_format) VALUES (2144, 'Opal', 'Rocks', 'Australia', 2005, 'BetterLight', 'BetterLight Super6K-2', '72 x 96 mm');
INSERT INTO photos_fts (photo_idx, photo_id, photo_title, photo_collection, photo_location, photo_year, camera, film_stock, film_format, tag_names) VALUES ((SELECT photo_idx FROM photos WHERE photo_id = 2144), 2144, 'Opal', 'Rocks', 'Australia', 2005, 'BetterLight', 'BetterLight Super6K-2', '72 x 96 mm', 'horizontal,abstract,color,closeup,studio,rock');
INSERT OR IGNORE INTO tags (name) VALUES ('horizontal');
INSERT INTO photo_tags (photo_idx, tag_id) VALUES ((SELECT photo_idx FROM photos WHERE photo_id = 2144), (SELECT tag_id FROM tags WHERE name = 'horizontal'));
INSERT OR IGNORE INTO tags (name) VALUES ('abstract');
INSERT INTO photo_tags (photo_idx, tag_id) VALUES ((SELECT photo_idx FROM photos WHERE photo_id = 2144), (SELECT tag_id FROM tags WHERE name = 'abstract'));
INSERT OR IGNORE INTO tags (name) VALUES ('color');
INSERT INTO photo_tags (photo_idx, tag_id) VALUES ((SELECT photo_idx FROM photos WHERE photo_id = 2144), (SELECT tag_id FROM tags WHERE name = 'color'));
INSERT OR IGNORE INTO tags (name) VALUES ('closeup');
INSERT INTO photo_tags (photo_idx, tag_id) VALUES ((SELECT photo_idx FROM photos WHERE photo_id = 2144), (SELECT tag_id FROM tags WHERE name = 'closeup'));
INSERT OR IGNORE INTO tags (name) VALUES ('studio');
INSERT INTO photo_tags (photo_idx, tag_id) VALUES ((SELECT photo_idx FROM photos WHERE photo_id = 2144), (SELECT tag_id FROM tags WHERE name = 'studio'));
INSERT OR IGNORE INTO tags (name) VALUES ('rock');
INSERT INTO photo_tags (photo_idx, tag_id) VALUES ((SELECT photo_idx FROM photos WHERE photo_id = 2144), (SELECT tag_id FROM tags WHERE name = 'rock'));

INSERT INTO photos (photo_id, photo_title, photo_collection, photo_location, photo_year, camera, film_stock, film_format) VALUES (2145, 'Tafoni', 'California', 'Pescadero, California', 2005, 'Hasselblad H1', 'PhaseOne P25', '6 x 4.5 cm');
INSERT INTO photos_fts (photo_idx, photo_id, photo_title, photo_collection, photo_location, photo_year, camera, film_stock, film_format, tag_names) VALUES ((SELECT photo_idx FROM photos WHERE photo_id = 2145), 2145, 'Tafoni', 'California', 'Pescadero, California', 2005, 'Hasselblad H1', 'PhaseOne P25', '6 x 4.5 cm', 'horizontal,color,outdoors,gray,tan,coast,sandstone');
INSERT OR IGNORE INTO tags (name) VALUES ('horizontal');
INSERT INTO photo_tags (photo_idx, tag_id) VALUES ((SELECT photo_idx FROM photos WHERE photo_id = 2145), (SELECT tag_id FROM tags WHERE name = 'horizontal'));
INSERT OR IGNORE INTO tags (name) VALUES ('color');
INSERT INTO photo_tags (photo_idx, tag_id) VALUES ((SELECT photo_idx FROM photos WHERE photo_id = 2145), (SELECT tag_id FROM tags WHERE name = 'color'));
INSERT OR IGNORE INTO tags (name) VALUES ('outdoors');
INSERT INTO photo_tags (photo_idx, tag_id) VALUES ((SELECT photo_idx FROM photos WHERE photo_id = 2145), (SELECT tag_id FROM tags WHERE name = 'outdoors'));
INSERT OR IGNORE INTO tags (name) VALUES ('gray');
INSERT INTO photo_tags (photo_idx, tag_id) VALUES ((SELECT photo_idx FROM photos WHERE photo_id = 2145), (SELECT tag_id FROM tags WHERE name = 'gray'));
INSERT OR IGNORE INTO tags (name) VALUES ('tan');
INSERT INTO photo_tags (photo_idx, tag_id) VALUES ((SELECT photo_idx FROM photos WHERE photo_id = 2145), (SELECT tag_id FROM tags WHERE name = 'tan'));
INSERT OR IGNORE INTO tags (name) VALUES ('coast');
INSERT INTO photo_tags (photo_idx, tag_id) VALUES ((SELECT photo_idx FROM photos WHERE photo_id = 2145), (SELECT tag_id FROM tags WHERE name = 'coast'));
INSERT OR IGNORE INTO tags (name) VALUES ('sandstone');
INSERT INTO photo_tags (photo_idx, tag_id) VALUES ((SELECT photo_idx FROM photos WHERE photo_id = 2145), (SELECT tag_id FROM tags WHERE name = 'sandstone'));

INSERT INTO photos (photo_id, photo_title, photo_collection, photo_location, photo_year, camera, film_stock, film_format) VALUES (2150, 'Chrysocolla', 'Rocks', 'Katanga Copper Belt, Democratic Republic of the Congo', 2005, 'BetterLight', 'BetterLight Super6K-2', '72 x 96 mm');
INSERT INTO photos_fts (photo_idx, photo_id, photo_title, photo_collection, photo_location, photo_year, camera, film_stock, film_format, tag_names) VALUES ((SELECT photo_idx FROM photos WHERE photo_id = 2150), 2150, 'Chrysocolla', 'Rocks', 'Katanga Copper Belt, Democratic Republic of the Congo', 2005, 'BetterLight', 'BetterLight Super6K-2', '72 x 96 mm', 'horizontal,abstract,closeup,color,studio,popular,blue,green,rock');
INSERT OR IGNORE INTO tags (name) VALUES ('horizontal');
INSERT INTO photo_tags (photo_idx, tag_id) VALUES ((SELECT photo_idx FROM photos WHERE photo_id = 2150), (SELECT tag_id FROM tags WHERE name = 'horizontal'));
INSERT OR IGNORE INTO tags (name) VALUES ('abstract');
INSERT INTO photo_tags (photo_idx, tag_id) VALUES ((SELECT photo_idx FROM photos WHERE photo_id = 2150), (SELECT tag_id FROM tags WHERE name = 'abstract'));
INSERT OR IGNORE INTO tags (name) VALUES ('closeup');
INSERT INTO photo_tags (photo_idx, tag_id) VALUES ((SELECT photo_idx FROM photos WHERE photo_id = 2150), (SELECT tag_id FROM tags WHERE name = 'closeup'));
INSERT OR IGNORE INTO tags (name) VALUES ('color');
INSERT INTO photo_tags (photo_idx, tag_id) VALUES ((SELECT photo_idx FROM photos WHERE photo_id = 2150), (SELECT tag_id FROM tags WHERE name = 'color'));
INSERT OR IGNORE INTO tags (name) VALUES ('studio');
INSERT INTO photo_tags (photo_idx, tag_id) VALUES ((SELECT photo_idx FROM photos WHERE photo_id = 2150), (SELECT tag_id FROM tags WHERE name = 'studio'));
INSERT OR IGNORE INTO tags (name) VALUES ('popular');
INSERT INTO photo_tags (photo_idx, tag_id) VALUES ((SELECT photo_idx FROM photos WHERE photo_id = 2150), (SELECT tag_id FROM tags WHERE name = 'popular'));
INSERT OR IGNORE INTO tags (name) VALUES ('blue');
INSERT INTO photo_tags (photo_idx, tag_id) VALUES ((SELECT photo_idx FROM photos WHERE photo_id = 2150), (SELECT tag_id FROM tags WHERE name = 'blue'));
INSERT OR IGNORE INTO tags (name) VALUES ('green');
INSERT INTO photo_tags (photo_idx, tag_id) VALUES ((SELECT photo_idx FROM photos WHERE photo_id = 2150), (SELECT tag_id FROM tags WHERE name = 'green'));
INSERT OR IGNORE INTO tags (name) VALUES ('rock');
INSERT INTO photo_tags (photo_idx, tag_id) VALUES ((SELECT photo_idx FROM photos WHERE photo_id = 2150), (SELECT tag_id FROM tags WHERE name = 'rock'));

INSERT INTO photos (photo_id, photo_title, photo_collection, photo_location, photo_year, camera, film_stock, film_format) VALUES (2151, 'Marra Mamba Tiger''s-Eye', 'Rocks', 'Mount Brockman Station, Hamersley Ranges, Western Australia', 2005, 'BetterLight', 'BetterLight Super6K-2', '72 x 96 mm');
INSERT INTO photos_fts (photo_idx, photo_id, photo_title, photo_collection, photo_location, photo_year, camera, film_stock, film_format, tag_names) VALUES ((SELECT photo_idx FROM photos WHERE photo_id = 2151), 2151, 'Marra Mamba Tiger''s-Eye', 'Rocks', 'Mount Brockman Station, Hamersley Ranges, Western Australia', 2005, 'BetterLight', 'BetterLight Super6K-2', '72 x 96 mm', 'horizontal,abstract,closeup,color,studio,popular,orange,red,black,rock');
INSERT OR IGNORE INTO tags (name) VALUES ('horizontal');
INSERT INTO photo_tags (photo_idx, tag_id) VALUES ((SELECT photo_idx FROM photos WHERE photo_id = 2151), (SELECT tag_id FROM tags WHERE name = 'horizontal'));
INSERT OR IGNORE INTO tags (name) VALUES ('abstract');
INSERT INTO photo_tags (photo_idx, tag_id) VALUES ((SELECT photo_idx FROM photos WHERE photo_id = 2151), (SELECT tag_id FROM tags WHERE name = 'abstract'));
INSERT OR IGNORE INTO tags (name) VALUES ('closeup');
INSERT INTO photo_tags (photo_idx, tag_id) VALUES ((SELECT photo_idx FROM photos WHERE photo_id = 2151), (SELECT tag_id FROM tags WHERE name = 'closeup'));
INSERT OR IGNORE INTO tags (name) VALUES ('color');
INSERT INTO photo_tags (photo_idx, tag_id) VALUES ((SELECT photo_idx FROM photos WHERE photo_id = 2151), (SELECT tag_id FROM tags WHERE name = 'color'));
INSERT OR IGNORE INTO tags (name) VALUES ('studio');
INSERT INTO photo_tags (photo_idx, tag_id) VALUES ((SELECT photo_idx FROM photos WHERE photo_id = 2151), (SELECT tag_id FROM tags WHERE name = 'studio'));
INSERT OR IGNORE INTO tags (name) VALUES ('popular');
INSERT INTO photo_tags (photo_idx, tag_id) VALUES ((SELECT photo_idx FROM photos WHERE photo_id = 2151), (SELECT tag_id FROM tags WHERE name = 'popular'));
INSERT OR IGNORE INTO tags (name) VALUES ('orange');
INSERT INTO photo_tags (photo_idx, tag_id) VALUES ((SELECT photo_idx FROM photos WHERE photo_id = 2151), (SELECT tag_id FROM tags WHERE name = 'orange'));
INSERT OR IGNORE INTO tags (name) VALUES ('red');
INSERT INTO photo_tags (photo_idx, tag_id) VALUES ((SELECT photo_idx FROM photos WHERE photo_id = 2151), (SELECT tag_id FROM tags WHERE name = 'red'));
INSERT OR IGNORE INTO tags (name) VALUES ('black');
INSERT INTO photo_tags (photo_idx, tag_id) VALUES ((SELECT photo_idx FROM photos WHERE photo_id = 2151), (SELECT tag_id FROM tags WHERE name = 'black'));
INSERT OR IGNORE INTO tags (name) VALUES ('rock');
INSERT INTO photo_tags (photo_idx, tag_id) VALUES ((SELECT photo_idx FROM photos WHERE photo_id = 2151), (SELECT tag_id FROM tags WHERE name = 'rock'));

INSERT INTO photos (photo_id, photo_title, photo_collection, photo_location, photo_year, camera, film_stock, film_format) VALUES (2152, 'Malachite', 'Rocks', 'Katanga Copper Belt, Democratic Republic of the Congo', 2005, 'BetterLight', 'BetterLight Super6K-2', '72 x 96 mm');
INSERT INTO photos_fts (photo_idx, photo_id, photo_title, photo_collection, photo_location, photo_year, camera, film_stock, film_format, tag_names) VALUES ((SELECT photo_idx FROM photos WHERE photo_id = 2152), 2152, 'Malachite', 'Rocks', 'Katanga Copper Belt, Democratic Republic of the Congo', 2005, 'BetterLight', 'BetterLight Super6K-2', '72 x 96 mm', 'horizontal,abstract,closeup,color,studio,green,rock');
INSERT OR IGNORE INTO tags (name) VALUES ('horizontal');
INSERT INTO photo_tags (photo_idx, tag_id) VALUES ((SELECT photo_idx FROM photos WHERE photo_id = 2152), (SELECT tag_id FROM tags WHERE name = 'horizontal'));
INSERT OR IGNORE INTO tags (name) VALUES ('abstract');
INSERT INTO photo_tags (photo_idx, tag_id) VALUES ((SELECT photo_idx FROM photos WHERE photo_id = 2152), (SELECT tag_id FROM tags WHERE name = 'abstract'));
INSERT OR IGNORE INTO tags (name) VALUES ('closeup');
INSERT INTO photo_tags (photo_idx, tag_id) VALUES ((SELECT photo_idx FROM photos WHERE photo_id = 2152), (SELECT tag_id FROM tags WHERE name = 'closeup'));
INSERT OR IGNORE INTO tags (name) VALUES ('color');
INSERT INTO photo_tags (photo_idx, tag_id) VALUES ((SELECT photo_idx FROM photos WHERE photo_id = 2152), (SELECT tag_id FROM tags WHERE name = 'color'));
INSERT OR IGNORE INTO tags (name) VALUES ('studio');
INSERT INTO photo_tags (photo_idx, tag_id) VALUES ((SELECT photo_idx FROM photos WHERE photo_id = 2152), (SELECT tag_id FROM tags WHERE name = 'studio'));
INSERT OR IGNORE INTO tags (name) VALUES ('green');
INSERT INTO photo_tags (photo_idx, tag_id) VALUES ((SELECT photo_idx FROM photos WHERE photo_id = 2152), (SELECT tag_id FROM tags WHERE name = 'green'));
INSERT OR IGNORE INTO tags (name) VALUES ('rock');
INSERT INTO photo_tags (photo_idx, tag_id) VALUES ((SELECT photo_idx FROM photos WHERE photo_id = 2152), (SELECT tag_id FROM tags WHERE name = 'rock'));

INSERT INTO photos (photo_id, photo_title, photo_collection, photo_location, photo_year, camera, film_stock, film_format) VALUES (2153, 'Amethyst', 'Rocks', 'Mount Phillips, Western Australia', 2005, 'BetterLight', 'BetterLight Super6K-2', '72 x 96 mm');
INSERT INTO photos_fts (photo_idx, photo_id, photo_title, photo_collection, photo_location, photo_year, camera, film_stock, film_format, tag_names) VALUES ((SELECT photo_idx FROM photos WHERE photo_id = 2153), 2153, 'Amethyst', 'Rocks', 'Mount Phillips, Western Australia', 2005, 'BetterLight', 'BetterLight Super6K-2', '72 x 96 mm', 'horizontal,abstract,closeup,color,studio,rock');
INSERT OR IGNORE INTO tags (name) VALUES ('horizontal');
INSERT INTO photo_tags (photo_idx, tag_id) VALUES ((SELECT photo_idx FROM photos WHERE photo_id = 2153), (SELECT tag_id FROM tags WHERE name = 'horizontal'));
INSERT OR IGNORE INTO tags (name) VALUES ('abstract');
INSERT INTO photo_tags (photo_idx, tag_id) VALUES ((SELECT photo_idx FROM photos WHERE photo_id = 2153), (SELECT tag_id FROM tags WHERE name = 'abstract'));
INSERT OR IGNORE INTO tags (name) VALUES ('closeup');
INSERT INTO photo_tags (photo_idx, tag_id) VALUES ((SELECT photo_idx FROM photos WHERE photo_id = 2153), (SELECT tag_id FROM tags WHERE name = 'closeup'));
INSERT OR IGNORE INTO tags (name) VALUES ('color');
INSERT INTO photo_tags (photo_idx, tag_id) VALUES ((SELECT photo_idx FROM photos WHERE photo_id = 2153), (SELECT tag_id FROM tags WHERE name = 'color'));
INSERT OR IGNORE INTO tags (name) VALUES ('studio');
INSERT INTO photo_tags (photo_idx, tag_id) VALUES ((SELECT photo_idx FROM photos WHERE photo_id = 2153), (SELECT tag_id FROM tags WHERE name = 'studio'));
INSERT OR IGNORE INTO tags (name) VALUES ('rock');
INSERT INTO photo_tags (photo_idx, tag_id) VALUES ((SELECT photo_idx FROM photos WHERE photo_id = 2153), (SELECT tag_id FROM tags WHERE name = 'rock'));

INSERT INTO photos (photo_id, photo_title, photo_collection, photo_location, photo_year, camera, film_stock, film_format) VALUES (2154, 'Amethyst', 'Rocks', 'Mount Phillips, Western Australia', 2005, 'BetterLight', 'BetterLight Super6K-2', '72 x 96 mm');
INSERT INTO photos_fts (photo_idx, photo_id, photo_title, photo_collection, photo_location, photo_year, camera, film_stock, film_format, tag_names) VALUES ((SELECT photo_idx FROM photos WHERE photo_id = 2154), 2154, 'Amethyst', 'Rocks', 'Mount Phillips, Western Australia', 2005, 'BetterLight', 'BetterLight Super6K-2', '72 x 96 mm', 'vertical,abstract,closeup,color,studio,popular,rock');
INSERT OR IGNORE INTO tags (name) VALUES ('vertical');
INSERT INTO photo_tags (photo_idx, tag_id) VALUES ((SELECT photo_idx FROM photos WHERE photo_id = 2154), (SELECT tag_id FROM tags WHERE name = 'vertical'));
INSERT OR IGNORE INTO tags (name) VALUES ('abstract');
INSERT INTO photo_tags (photo_idx, tag_id) VALUES ((SELECT photo_idx FROM photos WHERE photo_id = 2154), (SELECT tag_id FROM tags WHERE name = 'abstract'));
INSERT OR IGNORE INTO tags (name) VALUES ('closeup');
INSERT INTO photo_tags (photo_idx, tag_id) VALUES ((SELECT photo_idx FROM photos WHERE photo_id = 2154), (SELECT tag_id FROM tags WHERE name = 'closeup'));
INSERT OR IGNORE INTO tags (name) VALUES ('color');
INSERT INTO photo_tags (photo_idx, tag_id) VALUES ((SELECT photo_idx FROM photos WHERE photo_id = 2154), (SELECT tag_id FROM tags WHERE name = 'color'));
INSERT OR IGNORE INTO tags (name) VALUES ('studio');
INSERT INTO photo_tags (photo_idx, tag_id) VALUES ((SELECT photo_idx FROM photos WHERE photo_id = 2154), (SELECT tag_id FROM tags WHERE name = 'studio'));
INSERT OR IGNORE INTO tags (name) VALUES ('popular');
INSERT INTO photo_tags (photo_idx, tag_id) VALUES ((SELECT photo_idx FROM photos WHERE photo_id = 2154), (SELECT tag_id FROM tags WHERE name = 'popular'));
INSERT OR IGNORE INTO tags (name) VALUES ('rock');
INSERT INTO photo_tags (photo_idx, tag_id) VALUES ((SELECT photo_idx FROM photos WHERE photo_id = 2154), (SELECT tag_id FROM tags WHERE name = 'rock'));

INSERT INTO photos (photo_id, photo_title, photo_collection, photo_location, photo_year, camera, film_stock, film_format) VALUES (2155, 'Pietersite', 'Rocks', 'Outjo District, Kunene Region, Namibia', 2005, 'BetterLight', 'BetterLight Super6K-2', '72 x 96 mm');
INSERT INTO photos_fts (photo_idx, photo_id, photo_title, photo_collection, photo_location, photo_year, camera, film_stock, film_format, tag_names) VALUES ((SELECT photo_idx FROM photos WHERE photo_id = 2155), 2155, 'Pietersite', 'Rocks', 'Outjo District, Kunene Region, Namibia', 2005, 'BetterLight', 'BetterLight Super6K-2', '72 x 96 mm', 'horizontal,abstract,closeup,color,studio,orange,rock');
INSERT OR IGNORE INTO tags (name) VALUES ('horizontal');
INSERT INTO photo_tags (photo_idx, tag_id) VALUES ((SELECT photo_idx FROM photos WHERE photo_id = 2155), (SELECT tag_id FROM tags WHERE name = 'horizontal'));
INSERT OR IGNORE INTO tags (name) VALUES ('abstract');
INSERT INTO photo_tags (photo_idx, tag_id) VALUES ((SELECT photo_idx FROM photos WHERE photo_id = 2155), (SELECT tag_id FROM tags WHERE name = 'abstract'));
INSERT OR IGNORE INTO tags (name) VALUES ('closeup');
INSERT INTO photo_tags (photo_idx, tag_id) VALUES ((SELECT photo_idx FROM photos WHERE photo_id = 2155), (SELECT tag_id FROM tags WHERE name = 'closeup'));
INSERT OR IGNORE INTO tags (name) VALUES ('color');
INSERT INTO photo_tags (photo_idx, tag_id) VALUES ((SELECT photo_idx FROM photos WHERE photo_id = 2155), (SELECT tag_id FROM tags WHERE name = 'color'));
INSERT OR IGNORE INTO tags (name) VALUES ('studio');
INSERT INTO photo_tags (photo_idx, tag_id) VALUES ((SELECT photo_idx FROM photos WHERE photo_id = 2155), (SELECT tag_id FROM tags WHERE name = 'studio'));
INSERT OR IGNORE INTO tags (name) VALUES ('orange');
INSERT INTO photo_tags (photo_idx, tag_id) VALUES ((SELECT photo_idx FROM photos WHERE photo_id = 2155), (SELECT tag_id FROM tags WHERE name = 'orange'));
INSERT OR IGNORE INTO tags (name) VALUES ('rock');
INSERT INTO photo_tags (photo_idx, tag_id) VALUES ((SELECT photo_idx FROM photos WHERE photo_id = 2155), (SELECT tag_id FROM tags WHERE name = 'rock'));

INSERT INTO photos (photo_id, photo_title, photo_collection, photo_location, photo_year, camera, film_stock, film_format) VALUES (2156, 'Marra Mamba Jasper', 'Rocks', 'Mount Brockman Station, Hamersley Ranges, Western Australia', 2005, 'BetterLight', 'BetterLight Super6K-2', '72 x 96 mm');
INSERT INTO photos_fts (photo_idx, photo_id, photo_title, photo_collection, photo_location, photo_year, camera, film_stock, film_format, tag_names) VALUES ((SELECT photo_idx FROM photos WHERE photo_id = 2156), 2156, 'Marra Mamba Jasper', 'Rocks', 'Mount Brockman Station, Hamersley Ranges, Western Australia', 2005, 'BetterLight', 'BetterLight Super6K-2', '72 x 96 mm', 'horizontal,abstract,closeup,color,studio,orange,red,black,rock');
INSERT OR IGNORE INTO tags (name) VALUES ('horizontal');
INSERT INTO photo_tags (photo_idx, tag_id) VALUES ((SELECT photo_idx FROM photos WHERE photo_id = 2156), (SELECT tag_id FROM tags WHERE name = 'horizontal'));
INSERT OR IGNORE INTO tags (name) VALUES ('abstract');
INSERT INTO photo_tags (photo_idx, tag_id) VALUES ((SELECT photo_idx FROM photos WHERE photo_id = 2156), (SELECT tag_id FROM tags WHERE name = 'abstract'));
INSERT OR IGNORE INTO tags (name) VALUES ('closeup');
INSERT INTO photo_tags (photo_idx, tag_id) VALUES ((SELECT photo_idx FROM photos WHERE photo_id = 2156), (SELECT tag_id FROM tags WHERE name = 'closeup'));
INSERT OR IGNORE INTO tags (name) VALUES ('color');
INSERT INTO photo_tags (photo_idx, tag_id) VALUES ((SELECT photo_idx FROM photos WHERE photo_id = 2156), (SELECT tag_id FROM tags WHERE name = 'color'));
INSERT OR IGNORE INTO tags (name) VALUES ('studio');
INSERT INTO photo_tags (photo_idx, tag_id) VALUES ((SELECT photo_idx FROM photos WHERE photo_id = 2156), (SELECT tag_id FROM tags WHERE name = 'studio'));
INSERT OR IGNORE INTO tags (name) VALUES ('orange');
INSERT INTO photo_tags (photo_idx, tag_id) VALUES ((SELECT photo_idx FROM photos WHERE photo_id = 2156), (SELECT tag_id FROM tags WHERE name = 'orange'));
INSERT OR IGNORE INTO tags (name) VALUES ('red');
INSERT INTO photo_tags (photo_idx, tag_id) VALUES ((SELECT photo_idx FROM photos WHERE photo_id = 2156), (SELECT tag_id FROM tags WHERE name = 'red'));
INSERT OR IGNORE INTO tags (name) VALUES ('black');
INSERT INTO photo_tags (photo_idx, tag_id) VALUES ((SELECT photo_idx FROM photos WHERE photo_id = 2156), (SELECT tag_id FROM tags WHERE name = 'black'));
INSERT OR IGNORE INTO tags (name) VALUES ('rock');
INSERT INTO photo_tags (photo_idx, tag_id) VALUES ((SELECT photo_idx FROM photos WHERE photo_id = 2156), (SELECT tag_id FROM tags WHERE name = 'rock'));

INSERT INTO photos (photo_id, photo_title, photo_collection, photo_location, photo_year, camera, film_stock, film_format) VALUES (2157, 'Amethyst', 'Rocks', 'Mount Phillips, Western Australia', 2005, 'BetterLight', 'BetterLight Super6K-2', '72 x 96 mm');
INSERT INTO photos_fts (photo_idx, photo_id, photo_title, photo_collection, photo_location, photo_year, camera, film_stock, film_format, tag_names) VALUES ((SELECT photo_idx FROM photos WHERE photo_id = 2157), 2157, 'Amethyst', 'Rocks', 'Mount Phillips, Western Australia', 2005, 'BetterLight', 'BetterLight Super6K-2', '72 x 96 mm', 'horizontal,abstract,closeup,color,studio,rock');
INSERT OR IGNORE INTO tags (name) VALUES ('horizontal');
INSERT INTO photo_tags (photo_idx, tag_id) VALUES ((SELECT photo_idx FROM photos WHERE photo_id = 2157), (SELECT tag_id FROM tags WHERE name = 'horizontal'));
INSERT OR IGNORE INTO tags (name) VALUES ('abstract');
INSERT INTO photo_tags (photo_idx, tag_id) VALUES ((SELECT photo_idx FROM photos WHERE photo_id = 2157), (SELECT tag_id FROM tags WHERE name = 'abstract'));
INSERT OR IGNORE INTO tags (name) VALUES ('closeup');
INSERT INTO photo_tags (photo_idx, tag_id) VALUES ((SELECT photo_idx FROM photos WHERE photo_id = 2157), (SELECT tag_id FROM tags WHERE name = 'closeup'));
INSERT OR IGNORE INTO tags (name) VALUES ('color');
INSERT INTO photo_tags (photo_idx, tag_id) VALUES ((SELECT photo_idx FROM photos WHERE photo_id = 2157), (SELECT tag_id FROM tags WHERE name = 'color'));
INSERT OR IGNORE INTO tags (name) VALUES ('studio');
INSERT INTO photo_tags (photo_idx, tag_id) VALUES ((SELECT photo_idx FROM photos WHERE photo_id = 2157), (SELECT tag_id FROM tags WHERE name = 'studio'));
INSERT OR IGNORE INTO tags (name) VALUES ('rock');
INSERT INTO photo_tags (photo_idx, tag_id) VALUES ((SELECT photo_idx FROM photos WHERE photo_id = 2157), (SELECT tag_id FROM tags WHERE name = 'rock'));

INSERT INTO photos (photo_id, photo_title, photo_collection, photo_location, photo_year, camera, film_stock, film_format) VALUES (2158, 'Tiger Iron', 'Rocks', 'Ord Ranges, Pilbara Region, Western Australia', 2005, 'BetterLight', 'BetterLight Super6K-2', '72 x 96 mm');
INSERT INTO photos_fts (photo_idx, photo_id, photo_title, photo_collection, photo_location, photo_year, camera, film_stock, film_format, tag_names) VALUES ((SELECT photo_idx FROM photos WHERE photo_id = 2158), 2158, 'Tiger Iron', 'Rocks', 'Ord Ranges, Pilbara Region, Western Australia', 2005, 'BetterLight', 'BetterLight Super6K-2', '72 x 96 mm', 'vertical,abstract,closeup,color,studio,popular,orange,red,black,rock');
INSERT OR IGNORE INTO tags (name) VALUES ('vertical');
INSERT INTO photo_tags (photo_idx, tag_id) VALUES ((SELECT photo_idx FROM photos WHERE photo_id = 2158), (SELECT tag_id FROM tags WHERE name = 'vertical'));
INSERT OR IGNORE INTO tags (name) VALUES ('abstract');
INSERT INTO photo_tags (photo_idx, tag_id) VALUES ((SELECT photo_idx FROM photos WHERE photo_id = 2158), (SELECT tag_id FROM tags WHERE name = 'abstract'));
INSERT OR IGNORE INTO tags (name) VALUES ('closeup');
INSERT INTO photo_tags (photo_idx, tag_id) VALUES ((SELECT photo_idx FROM photos WHERE photo_id = 2158), (SELECT tag_id FROM tags WHERE name = 'closeup'));
INSERT OR IGNORE INTO tags (name) VALUES ('color');
INSERT INTO photo_tags (photo_idx, tag_id) VALUES ((SELECT photo_idx FROM photos WHERE photo_id = 2158), (SELECT tag_id FROM tags WHERE name = 'color'));
INSERT OR IGNORE INTO tags (name) VALUES ('studio');
INSERT INTO photo_tags (photo_idx, tag_id) VALUES ((SELECT photo_idx FROM photos WHERE photo_id = 2158), (SELECT tag_id FROM tags WHERE name = 'studio'));
INSERT OR IGNORE INTO tags (name) VALUES ('popular');
INSERT INTO photo_tags (photo_idx, tag_id) VALUES ((SELECT photo_idx FROM photos WHERE photo_id = 2158), (SELECT tag_id FROM tags WHERE name = 'popular'));
INSERT OR IGNORE INTO tags (name) VALUES ('orange');
INSERT INTO photo_tags (photo_idx, tag_id) VALUES ((SELECT photo_idx FROM photos WHERE photo_id = 2158), (SELECT tag_id FROM tags WHERE name = 'orange'));
INSERT OR IGNORE INTO tags (name) VALUES ('red');
INSERT INTO photo_tags (photo_idx, tag_id) VALUES ((SELECT photo_idx FROM photos WHERE photo_id = 2158), (SELECT tag_id FROM tags WHERE name = 'red'));
INSERT OR IGNORE INTO tags (name) VALUES ('black');
INSERT INTO photo_tags (photo_idx, tag_id) VALUES ((SELECT photo_idx FROM photos WHERE photo_id = 2158), (SELECT tag_id FROM tags WHERE name = 'black'));
INSERT OR IGNORE INTO tags (name) VALUES ('rock');
INSERT INTO photo_tags (photo_idx, tag_id) VALUES ((SELECT photo_idx FROM photos WHERE photo_id = 2158), (SELECT tag_id FROM tags WHERE name = 'rock'));

INSERT INTO photos (photo_id, photo_title, photo_collection, photo_location, photo_year, camera, film_stock, film_format) VALUES (2159, 'Chrysocolla and Malachite', 'Rocks', 'Katanga Copper Belt, Democratic Republic of the Congo', 2005, 'BetterLight', 'BetterLight Super6K-2', '72 x 96 mm');
INSERT INTO photos_fts (photo_idx, photo_id, photo_title, photo_collection, photo_location, photo_year, camera, film_stock, film_format, tag_names) VALUES ((SELECT photo_idx FROM photos WHERE photo_id = 2159), 2159, 'Chrysocolla and Malachite', 'Rocks', 'Katanga Copper Belt, Democratic Republic of the Congo', 2005, 'BetterLight', 'BetterLight Super6K-2', '72 x 96 mm', 'horizontal,abstract,closeup,color,studio,blue,green,rock');
INSERT OR IGNORE INTO tags (name) VALUES ('horizontal');
INSERT INTO photo_tags (photo_idx, tag_id) VALUES ((SELECT photo_idx FROM photos WHERE photo_id = 2159), (SELECT tag_id FROM tags WHERE name = 'horizontal'));
INSERT OR IGNORE INTO tags (name) VALUES ('abstract');
INSERT INTO photo_tags (photo_idx, tag_id) VALUES ((SELECT photo_idx FROM photos WHERE photo_id = 2159), (SELECT tag_id FROM tags WHERE name = 'abstract'));
INSERT OR IGNORE INTO tags (name) VALUES ('closeup');
INSERT INTO photo_tags (photo_idx, tag_id) VALUES ((SELECT photo_idx FROM photos WHERE photo_id = 2159), (SELECT tag_id FROM tags WHERE name = 'closeup'));
INSERT OR IGNORE INTO tags (name) VALUES ('color');
INSERT INTO photo_tags (photo_idx, tag_id) VALUES ((SELECT photo_idx FROM photos WHERE photo_id = 2159), (SELECT tag_id FROM tags WHERE name = 'color'));
INSERT OR IGNORE INTO tags (name) VALUES ('studio');
INSERT INTO photo_tags (photo_idx, tag_id) VALUES ((SELECT photo_idx FROM photos WHERE photo_id = 2159), (SELECT tag_id FROM tags WHERE name = 'studio'));
INSERT OR IGNORE INTO tags (name) VALUES ('blue');
INSERT INTO photo_tags (photo_idx, tag_id) VALUES ((SELECT photo_idx FROM photos WHERE photo_id = 2159), (SELECT tag_id FROM tags WHERE name = 'blue'));
INSERT OR IGNORE INTO tags (name) VALUES ('green');
INSERT INTO photo_tags (photo_idx, tag_id) VALUES ((SELECT photo_idx FROM photos WHERE photo_id = 2159), (SELECT tag_id FROM tags WHERE name = 'green'));
INSERT OR IGNORE INTO tags (name) VALUES ('rock');
INSERT INTO photo_tags (photo_idx, tag_id) VALUES ((SELECT photo_idx FROM photos WHERE photo_id = 2159), (SELECT tag_id FROM tags WHERE name = 'rock'));

INSERT INTO photos (photo_id, photo_title, photo_collection, photo_location, photo_year, camera, film_stock, film_format) VALUES (2160, 'Malachite and Chrysocolla', 'Rocks', 'Katanga Copper Belt, Democratic Republic of the Congo', 2005, 'BetterLight', 'BetterLight Super6K-2', '72 x 96 mm');
INSERT INTO photos_fts (photo_idx, photo_id, photo_title, photo_collection, photo_location, photo_year, camera, film_stock, film_format, tag_names) VALUES ((SELECT photo_idx FROM photos WHERE photo_id = 2160), 2160, 'Malachite and Chrysocolla', 'Rocks', 'Katanga Copper Belt, Democratic Republic of the Congo', 2005, 'BetterLight', 'BetterLight Super6K-2', '72 x 96 mm', 'horizontal,abstract,closeup,color,studio,popular,blue,green,rock');
INSERT OR IGNORE INTO tags (name) VALUES ('horizontal');
INSERT INTO photo_tags (photo_idx, tag_id) VALUES ((SELECT photo_idx FROM photos WHERE photo_id = 2160), (SELECT tag_id FROM tags WHERE name = 'horizontal'));
INSERT OR IGNORE INTO tags (name) VALUES ('abstract');
INSERT INTO photo_tags (photo_idx, tag_id) VALUES ((SELECT photo_idx FROM photos WHERE photo_id = 2160), (SELECT tag_id FROM tags WHERE name = 'abstract'));
INSERT OR IGNORE INTO tags (name) VALUES ('closeup');
INSERT INTO photo_tags (photo_idx, tag_id) VALUES ((SELECT photo_idx FROM photos WHERE photo_id = 2160), (SELECT tag_id FROM tags WHERE name = 'closeup'));
INSERT OR IGNORE INTO tags (name) VALUES ('color');
INSERT INTO photo_tags (photo_idx, tag_id) VALUES ((SELECT photo_idx FROM photos WHERE photo_id = 2160), (SELECT tag_id FROM tags WHERE name = 'color'));
INSERT OR IGNORE INTO tags (name) VALUES ('studio');
INSERT INTO photo_tags (photo_idx, tag_id) VALUES ((SELECT photo_idx FROM photos WHERE photo_id = 2160), (SELECT tag_id FROM tags WHERE name = 'studio'));
INSERT OR IGNORE INTO tags (name) VALUES ('popular');
INSERT INTO photo_tags (photo_idx, tag_id) VALUES ((SELECT photo_idx FROM photos WHERE photo_id = 2160), (SELECT tag_id FROM tags WHERE name = 'popular'));
INSERT OR IGNORE INTO tags (name) VALUES ('blue');
INSERT INTO photo_tags (photo_idx, tag_id) VALUES ((SELECT photo_idx FROM photos WHERE photo_id = 2160), (SELECT tag_id FROM tags WHERE name = 'blue'));
INSERT OR IGNORE INTO tags (name) VALUES ('green');
INSERT INTO photo_tags (photo_idx, tag_id) VALUES ((SELECT photo_idx FROM photos WHERE photo_id = 2160), (SELECT tag_id FROM tags WHERE name = 'green'));
INSERT OR IGNORE INTO tags (name) VALUES ('rock');
INSERT INTO photo_tags (photo_idx, tag_id) VALUES ((SELECT photo_idx FROM photos WHERE photo_id = 2160), (SELECT tag_id FROM tags WHERE name = 'rock'));

INSERT INTO photos (photo_id, photo_title, photo_collection, photo_location, photo_year, camera, film_stock, film_format) VALUES (2161, 'Marra Mamba Tiger''s-Eye', 'Rocks', 'Mount Brockman Station, Hamersley Ranges, Western Australia', 2005, 'BetterLight', 'BetterLight Super6K-2', '72 x 96 mm');
INSERT INTO photos_fts (photo_idx, photo_id, photo_title, photo_collection, photo_location, photo_year, camera, film_stock, film_format, tag_names) VALUES ((SELECT photo_idx FROM photos WHERE photo_id = 2161), 2161, 'Marra Mamba Tiger''s-Eye', 'Rocks', 'Mount Brockman Station, Hamersley Ranges, Western Australia', 2005, 'BetterLight', 'BetterLight Super6K-2', '72 x 96 mm', 'horizontal,abstract,closeup,color,studio,orange,red,black,rock');
INSERT OR IGNORE INTO tags (name) VALUES ('horizontal');
INSERT INTO photo_tags (photo_idx, tag_id) VALUES ((SELECT photo_idx FROM photos WHERE photo_id = 2161), (SELECT tag_id FROM tags WHERE name = 'horizontal'));
INSERT OR IGNORE INTO tags (name) VALUES ('abstract');
INSERT INTO photo_tags (photo_idx, tag_id) VALUES ((SELECT photo_idx FROM photos WHERE photo_id = 2161), (SELECT tag_id FROM tags WHERE name = 'abstract'));
INSERT OR IGNORE INTO tags (name) VALUES ('closeup');
INSERT INTO photo_tags (photo_idx, tag_id) VALUES ((SELECT photo_idx FROM photos WHERE photo_id = 2161), (SELECT tag_id FROM tags WHERE name = 'closeup'));
INSERT OR IGNORE INTO tags (name) VALUES ('color');
INSERT INTO photo_tags (photo_idx, tag_id) VALUES ((SELECT photo_idx FROM photos WHERE photo_id = 2161), (SELECT tag_id FROM tags WHERE name = 'color'));
INSERT OR IGNORE INTO tags (name) VALUES ('studio');
INSERT INTO photo_tags (photo_idx, tag_id) VALUES ((SELECT photo_idx FROM photos WHERE photo_id = 2161), (SELECT tag_id FROM tags WHERE name = 'studio'));
INSERT OR IGNORE INTO tags (name) VALUES ('orange');
INSERT INTO photo_tags (photo_idx, tag_id) VALUES ((SELECT photo_idx FROM photos WHERE photo_id = 2161), (SELECT tag_id FROM tags WHERE name = 'orange'));
INSERT OR IGNORE INTO tags (name) VALUES ('red');
INSERT INTO photo_tags (photo_idx, tag_id) VALUES ((SELECT photo_idx FROM photos WHERE photo_id = 2161), (SELECT tag_id FROM tags WHERE name = 'red'));
INSERT OR IGNORE INTO tags (name) VALUES ('black');
INSERT INTO photo_tags (photo_idx, tag_id) VALUES ((SELECT photo_idx FROM photos WHERE photo_id = 2161), (SELECT tag_id FROM tags WHERE name = 'black'));
INSERT OR IGNORE INTO tags (name) VALUES ('rock');
INSERT INTO photo_tags (photo_idx, tag_id) VALUES ((SELECT photo_idx FROM photos WHERE photo_id = 2161), (SELECT tag_id FROM tags WHERE name = 'rock'));

INSERT INTO photos (photo_id, photo_title, photo_collection, photo_location, photo_year, camera, film_stock, film_format) VALUES (2162, 'Pietersite', 'Rocks', 'Outjo District, Kunene Region, Namibia', 2005, 'BetterLight', 'BetterLight Super6K-2', '72 x 96 mm');
INSERT INTO photos_fts (photo_idx, photo_id, photo_title, photo_collection, photo_location, photo_year, camera, film_stock, film_format, tag_names) VALUES ((SELECT photo_idx FROM photos WHERE photo_id = 2162), 2162, 'Pietersite', 'Rocks', 'Outjo District, Kunene Region, Namibia', 2005, 'BetterLight', 'BetterLight Super6K-2', '72 x 96 mm', 'horizontal,abstract,closeup,color,studio,black,blue,orange,rock');
INSERT OR IGNORE INTO tags (name) VALUES ('horizontal');
INSERT INTO photo_tags (photo_idx, tag_id) VALUES ((SELECT photo_idx FROM photos WHERE photo_id = 2162), (SELECT tag_id FROM tags WHERE name = 'horizontal'));
INSERT OR IGNORE INTO tags (name) VALUES ('abstract');
INSERT INTO photo_tags (photo_idx, tag_id) VALUES ((SELECT photo_idx FROM photos WHERE photo_id = 2162), (SELECT tag_id FROM tags WHERE name = 'abstract'));
INSERT OR IGNORE INTO tags (name) VALUES ('closeup');
INSERT INTO photo_tags (photo_idx, tag_id) VALUES ((SELECT photo_idx FROM photos WHERE photo_id = 2162), (SELECT tag_id FROM tags WHERE name = 'closeup'));
INSERT OR IGNORE INTO tags (name) VALUES ('color');
INSERT INTO photo_tags (photo_idx, tag_id) VALUES ((SELECT photo_idx FROM photos WHERE photo_id = 2162), (SELECT tag_id FROM tags WHERE name = 'color'));
INSERT OR IGNORE INTO tags (name) VALUES ('studio');
INSERT INTO photo_tags (photo_idx, tag_id) VALUES ((SELECT photo_idx FROM photos WHERE photo_id = 2162), (SELECT tag_id FROM tags WHERE name = 'studio'));
INSERT OR IGNORE INTO tags (name) VALUES ('black');
INSERT INTO photo_tags (photo_idx, tag_id) VALUES ((SELECT photo_idx FROM photos WHERE photo_id = 2162), (SELECT tag_id FROM tags WHERE name = 'black'));
INSERT OR IGNORE INTO tags (name) VALUES ('blue');
INSERT INTO photo_tags (photo_idx, tag_id) VALUES ((SELECT photo_idx FROM photos WHERE photo_id = 2162), (SELECT tag_id FROM tags WHERE name = 'blue'));
INSERT OR IGNORE INTO tags (name) VALUES ('orange');
INSERT INTO photo_tags (photo_idx, tag_id) VALUES ((SELECT photo_idx FROM photos WHERE photo_id = 2162), (SELECT tag_id FROM tags WHERE name = 'orange'));
INSERT OR IGNORE INTO tags (name) VALUES ('rock');
INSERT INTO photo_tags (photo_idx, tag_id) VALUES ((SELECT photo_idx FROM photos WHERE photo_id = 2162), (SELECT tag_id FROM tags WHERE name = 'rock'));

INSERT INTO photos (photo_id, photo_title, photo_collection, photo_location, photo_year, camera, film_stock, film_format) VALUES (2163, 'Amethyst', 'Rocks', 'Mount Phillips, Western Australia', 2005, 'BetterLight', 'BetterLight Super6K-2', '72 x 96 mm');
INSERT INTO photos_fts (photo_idx, photo_id, photo_title, photo_collection, photo_location, photo_year, camera, film_stock, film_format, tag_names) VALUES ((SELECT photo_idx FROM photos WHERE photo_id = 2163), 2163, 'Amethyst', 'Rocks', 'Mount Phillips, Western Australia', 2005, 'BetterLight', 'BetterLight Super6K-2', '72 x 96 mm', 'horizontal,abstract,closeup,color,studio,yellow,purple,rock');
INSERT OR IGNORE INTO tags (name) VALUES ('horizontal');
INSERT INTO photo_tags (photo_idx, tag_id) VALUES ((SELECT photo_idx FROM photos WHERE photo_id = 2163), (SELECT tag_id FROM tags WHERE name = 'horizontal'));
INSERT OR IGNORE INTO tags (name) VALUES ('abstract');
INSERT INTO photo_tags (photo_idx, tag_id) VALUES ((SELECT photo_idx FROM photos WHERE photo_id = 2163), (SELECT tag_id FROM tags WHERE name = 'abstract'));
INSERT OR IGNORE INTO tags (name) VALUES ('closeup');
INSERT INTO photo_tags (photo_idx, tag_id) VALUES ((SELECT photo_idx FROM photos WHERE photo_id = 2163), (SELECT tag_id FROM tags WHERE name = 'closeup'));
INSERT OR IGNORE INTO tags (name) VALUES ('color');
INSERT INTO photo_tags (photo_idx, tag_id) VALUES ((SELECT photo_idx FROM photos WHERE photo_id = 2163), (SELECT tag_id FROM tags WHERE name = 'color'));
INSERT OR IGNORE INTO tags (name) VALUES ('studio');
INSERT INTO photo_tags (photo_idx, tag_id) VALUES ((SELECT photo_idx FROM photos WHERE photo_id = 2163), (SELECT tag_id FROM tags WHERE name = 'studio'));
INSERT OR IGNORE INTO tags (name) VALUES ('yellow');
INSERT INTO photo_tags (photo_idx, tag_id) VALUES ((SELECT photo_idx FROM photos WHERE photo_id = 2163), (SELECT tag_id FROM tags WHERE name = 'yellow'));
INSERT OR IGNORE INTO tags (name) VALUES ('purple');
INSERT INTO photo_tags (photo_idx, tag_id) VALUES ((SELECT photo_idx FROM photos WHERE photo_id = 2163), (SELECT tag_id FROM tags WHERE name = 'purple'));
INSERT OR IGNORE INTO tags (name) VALUES ('rock');
INSERT INTO photo_tags (photo_idx, tag_id) VALUES ((SELECT photo_idx FROM photos WHERE photo_id = 2163), (SELECT tag_id FROM tags WHERE name = 'rock'));

INSERT INTO photos (photo_id, photo_title, photo_collection, photo_location, photo_year, camera, film_stock, film_format) VALUES (2164, 'Amethyst', 'Rocks', 'Mount Phillips, Western Australia', 2005, 'BetterLight', 'BetterLight Super6K-2', '72 x 96 mm');
INSERT INTO photos_fts (photo_idx, photo_id, photo_title, photo_collection, photo_location, photo_year, camera, film_stock, film_format, tag_names) VALUES ((SELECT photo_idx FROM photos WHERE photo_id = 2164), 2164, 'Amethyst', 'Rocks', 'Mount Phillips, Western Australia', 2005, 'BetterLight', 'BetterLight Super6K-2', '72 x 96 mm', 'horizontal,abstract,closeup,color,studio,pink,yellow,purple,rock');
INSERT OR IGNORE INTO tags (name) VALUES ('horizontal');
INSERT INTO photo_tags (photo_idx, tag_id) VALUES ((SELECT photo_idx FROM photos WHERE photo_id = 2164), (SELECT tag_id FROM tags WHERE name = 'horizontal'));
INSERT OR IGNORE INTO tags (name) VALUES ('abstract');
INSERT INTO photo_tags (photo_idx, tag_id) VALUES ((SELECT photo_idx FROM photos WHERE photo_id = 2164), (SELECT tag_id FROM tags WHERE name = 'abstract'));
INSERT OR IGNORE INTO tags (name) VALUES ('closeup');
INSERT INTO photo_tags (photo_idx, tag_id) VALUES ((SELECT photo_idx FROM photos WHERE photo_id = 2164), (SELECT tag_id FROM tags WHERE name = 'closeup'));
INSERT OR IGNORE INTO tags (name) VALUES ('color');
INSERT INTO photo_tags (photo_idx, tag_id) VALUES ((SELECT photo_idx FROM photos WHERE photo_id = 2164), (SELECT tag_id FROM tags WHERE name = 'color'));
INSERT OR IGNORE INTO tags (name) VALUES ('studio');
INSERT INTO photo_tags (photo_idx, tag_id) VALUES ((SELECT photo_idx FROM photos WHERE photo_id = 2164), (SELECT tag_id FROM tags WHERE name = 'studio'));
INSERT OR IGNORE INTO tags (name) VALUES ('pink');
INSERT INTO photo_tags (photo_idx, tag_id) VALUES ((SELECT photo_idx FROM photos WHERE photo_id = 2164), (SELECT tag_id FROM tags WHERE name = 'pink'));
INSERT OR IGNORE INTO tags (name) VALUES ('yellow');
INSERT INTO photo_tags (photo_idx, tag_id) VALUES ((SELECT photo_idx FROM photos WHERE photo_id = 2164), (SELECT tag_id FROM tags WHERE name = 'yellow'));
INSERT OR IGNORE INTO tags (name) VALUES ('purple');
INSERT INTO photo_tags (photo_idx, tag_id) VALUES ((SELECT photo_idx FROM photos WHERE photo_id = 2164), (SELECT tag_id FROM tags WHERE name = 'purple'));
INSERT OR IGNORE INTO tags (name) VALUES ('rock');
INSERT INTO photo_tags (photo_idx, tag_id) VALUES ((SELECT photo_idx FROM photos WHERE photo_id = 2164), (SELECT tag_id FROM tags WHERE name = 'rock'));

INSERT INTO photos (photo_id, photo_title, photo_collection, photo_location, photo_year, camera, film_stock, film_format) VALUES (2165, 'Amethyst', 'Rocks', 'Mount Phillips, Western Australia', 2005, 'BetterLight', 'BetterLight Super6K-2', '72 x 96 mm');
INSERT INTO photos_fts (photo_idx, photo_id, photo_title, photo_collection, photo_location, photo_year, camera, film_stock, film_format, tag_names) VALUES ((SELECT photo_idx FROM photos WHERE photo_id = 2165), 2165, 'Amethyst', 'Rocks', 'Mount Phillips, Western Australia', 2005, 'BetterLight', 'BetterLight Super6K-2', '72 x 96 mm', 'horizontal,abstract,closeup,color,studio,yellow,purple,rock');
INSERT OR IGNORE INTO tags (name) VALUES ('horizontal');
INSERT INTO photo_tags (photo_idx, tag_id) VALUES ((SELECT photo_idx FROM photos WHERE photo_id = 2165), (SELECT tag_id FROM tags WHERE name = 'horizontal'));
INSERT OR IGNORE INTO tags (name) VALUES ('abstract');
INSERT INTO photo_tags (photo_idx, tag_id) VALUES ((SELECT photo_idx FROM photos WHERE photo_id = 2165), (SELECT tag_id FROM tags WHERE name = 'abstract'));
INSERT OR IGNORE INTO tags (name) VALUES ('closeup');
INSERT INTO photo_tags (photo_idx, tag_id) VALUES ((SELECT photo_idx FROM photos WHERE photo_id = 2165), (SELECT tag_id FROM tags WHERE name = 'closeup'));
INSERT OR IGNORE INTO tags (name) VALUES ('color');
INSERT INTO photo_tags (photo_idx, tag_id) VALUES ((SELECT photo_idx FROM photos WHERE photo_id = 2165), (SELECT tag_id FROM tags WHERE name = 'color'));
INSERT OR IGNORE INTO tags (name) VALUES ('studio');
INSERT INTO photo_tags (photo_idx, tag_id) VALUES ((SELECT photo_idx FROM photos WHERE photo_id = 2165), (SELECT tag_id FROM tags WHERE name = 'studio'));
INSERT OR IGNORE INTO tags (name) VALUES ('yellow');
INSERT INTO photo_tags (photo_idx, tag_id) VALUES ((SELECT photo_idx FROM photos WHERE photo_id = 2165), (SELECT tag_id FROM tags WHERE name = 'yellow'));
INSERT OR IGNORE INTO tags (name) VALUES ('purple');
INSERT INTO photo_tags (photo_idx, tag_id) VALUES ((SELECT photo_idx FROM photos WHERE photo_id = 2165), (SELECT tag_id FROM tags WHERE name = 'purple'));
INSERT OR IGNORE INTO tags (name) VALUES ('rock');
INSERT INTO photo_tags (photo_idx, tag_id) VALUES ((SELECT photo_idx FROM photos WHERE photo_id = 2165), (SELECT tag_id FROM tags WHERE name = 'rock'));

INSERT INTO photos (photo_id, photo_title, photo_collection, photo_location, photo_year, camera, film_stock, film_format) VALUES (2166, 'Malachite', 'Rocks', 'Katanga Copper Belt, Democratic Republic of the Congo', 2005, 'BetterLight', 'BetterLight Super6K-2', '72 x 96 mm');
INSERT INTO photos_fts (photo_idx, photo_id, photo_title, photo_collection, photo_location, photo_year, camera, film_stock, film_format, tag_names) VALUES ((SELECT photo_idx FROM photos WHERE photo_id = 2166), 2166, 'Malachite', 'Rocks', 'Katanga Copper Belt, Democratic Republic of the Congo', 2005, 'BetterLight', 'BetterLight Super6K-2', '72 x 96 mm', 'horizontal,abstract,closeup,color,studio,green,blue,rock');
INSERT OR IGNORE INTO tags (name) VALUES ('horizontal');
INSERT INTO photo_tags (photo_idx, tag_id) VALUES ((SELECT photo_idx FROM photos WHERE photo_id = 2166), (SELECT tag_id FROM tags WHERE name = 'horizontal'));
INSERT OR IGNORE INTO tags (name) VALUES ('abstract');
INSERT INTO photo_tags (photo_idx, tag_id) VALUES ((SELECT photo_idx FROM photos WHERE photo_id = 2166), (SELECT tag_id FROM tags WHERE name = 'abstract'));
INSERT OR IGNORE INTO tags (name) VALUES ('closeup');
INSERT INTO photo_tags (photo_idx, tag_id) VALUES ((SELECT photo_idx FROM photos WHERE photo_id = 2166), (SELECT tag_id FROM tags WHERE name = 'closeup'));
INSERT OR IGNORE INTO tags (name) VALUES ('color');
INSERT INTO photo_tags (photo_idx, tag_id) VALUES ((SELECT photo_idx FROM photos WHERE photo_id = 2166), (SELECT tag_id FROM tags WHERE name = 'color'));
INSERT OR IGNORE INTO tags (name) VALUES ('studio');
INSERT INTO photo_tags (photo_idx, tag_id) VALUES ((SELECT photo_idx FROM photos WHERE photo_id = 2166), (SELECT tag_id FROM tags WHERE name = 'studio'));
INSERT OR IGNORE INTO tags (name) VALUES ('green');
INSERT INTO photo_tags (photo_idx, tag_id) VALUES ((SELECT photo_idx FROM photos WHERE photo_id = 2166), (SELECT tag_id FROM tags WHERE name = 'green'));
INSERT OR IGNORE INTO tags (name) VALUES ('blue');
INSERT INTO photo_tags (photo_idx, tag_id) VALUES ((SELECT photo_idx FROM photos WHERE photo_id = 2166), (SELECT tag_id FROM tags WHERE name = 'blue'));
INSERT OR IGNORE INTO tags (name) VALUES ('rock');
INSERT INTO photo_tags (photo_idx, tag_id) VALUES ((SELECT photo_idx FROM photos WHERE photo_id = 2166), (SELECT tag_id FROM tags WHERE name = 'rock'));

INSERT INTO photos (photo_id, photo_title, photo_collection, photo_location, photo_year, camera, film_stock, film_format) VALUES (2167, 'Amethyst', 'Rocks', 'Mount Phillips, Western Australia', 2005, 'BetterLight', 'BetterLight Super6K-2', '72 x 96 mm');
INSERT INTO photos_fts (photo_idx, photo_id, photo_title, photo_collection, photo_location, photo_year, camera, film_stock, film_format, tag_names) VALUES ((SELECT photo_idx FROM photos WHERE photo_id = 2167), 2167, 'Amethyst', 'Rocks', 'Mount Phillips, Western Australia', 2005, 'BetterLight', 'BetterLight Super6K-2', '72 x 96 mm', 'horizontal,abstract,closeup,color,studio,rock');
INSERT OR IGNORE INTO tags (name) VALUES ('horizontal');
INSERT INTO photo_tags (photo_idx, tag_id) VALUES ((SELECT photo_idx FROM photos WHERE photo_id = 2167), (SELECT tag_id FROM tags WHERE name = 'horizontal'));
INSERT OR IGNORE INTO tags (name) VALUES ('abstract');
INSERT INTO photo_tags (photo_idx, tag_id) VALUES ((SELECT photo_idx FROM photos WHERE photo_id = 2167), (SELECT tag_id FROM tags WHERE name = 'abstract'));
INSERT OR IGNORE INTO tags (name) VALUES ('closeup');
INSERT INTO photo_tags (photo_idx, tag_id) VALUES ((SELECT photo_idx FROM photos WHERE photo_id = 2167), (SELECT tag_id FROM tags WHERE name = 'closeup'));
INSERT OR IGNORE INTO tags (name) VALUES ('color');
INSERT INTO photo_tags (photo_idx, tag_id) VALUES ((SELECT photo_idx FROM photos WHERE photo_id = 2167), (SELECT tag_id FROM tags WHERE name = 'color'));
INSERT OR IGNORE INTO tags (name) VALUES ('studio');
INSERT INTO photo_tags (photo_idx, tag_id) VALUES ((SELECT photo_idx FROM photos WHERE photo_id = 2167), (SELECT tag_id FROM tags WHERE name = 'studio'));
INSERT OR IGNORE INTO tags (name) VALUES ('rock');
INSERT INTO photo_tags (photo_idx, tag_id) VALUES ((SELECT photo_idx FROM photos WHERE photo_id = 2167), (SELECT tag_id FROM tags WHERE name = 'rock'));

INSERT INTO photos (photo_id, photo_title, photo_collection, photo_location, photo_year, camera, film_stock, film_format) VALUES (2168, 'Pietersite', 'Rocks', 'Outjo District, Kunene Region, Namibia', 2005, 'BetterLight', 'BetterLight Super6K-2', '72 x 96 mm');
INSERT INTO photos_fts (photo_idx, photo_id, photo_title, photo_collection, photo_location, photo_year, camera, film_stock, film_format, tag_names) VALUES ((SELECT photo_idx FROM photos WHERE photo_id = 2168), 2168, 'Pietersite', 'Rocks', 'Outjo District, Kunene Region, Namibia', 2005, 'BetterLight', 'BetterLight Super6K-2', '72 x 96 mm', 'horizontal,abstract,closeup,color,studio,black,orange,red,rock');
INSERT OR IGNORE INTO tags (name) VALUES ('horizontal');
INSERT INTO photo_tags (photo_idx, tag_id) VALUES ((SELECT photo_idx FROM photos WHERE photo_id = 2168), (SELECT tag_id FROM tags WHERE name = 'horizontal'));
INSERT OR IGNORE INTO tags (name) VALUES ('abstract');
INSERT INTO photo_tags (photo_idx, tag_id) VALUES ((SELECT photo_idx FROM photos WHERE photo_id = 2168), (SELECT tag_id FROM tags WHERE name = 'abstract'));
INSERT OR IGNORE INTO tags (name) VALUES ('closeup');
INSERT INTO photo_tags (photo_idx, tag_id) VALUES ((SELECT photo_idx FROM photos WHERE photo_id = 2168), (SELECT tag_id FROM tags WHERE name = 'closeup'));
INSERT OR IGNORE INTO tags (name) VALUES ('color');
INSERT INTO photo_tags (photo_idx, tag_id) VALUES ((SELECT photo_idx FROM photos WHERE photo_id = 2168), (SELECT tag_id FROM tags WHERE name = 'color'));
INSERT OR IGNORE INTO tags (name) VALUES ('studio');
INSERT INTO photo_tags (photo_idx, tag_id) VALUES ((SELECT photo_idx FROM photos WHERE photo_id = 2168), (SELECT tag_id FROM tags WHERE name = 'studio'));
INSERT OR IGNORE INTO tags (name) VALUES ('black');
INSERT INTO photo_tags (photo_idx, tag_id) VALUES ((SELECT photo_idx FROM photos WHERE photo_id = 2168), (SELECT tag_id FROM tags WHERE name = 'black'));
INSERT OR IGNORE INTO tags (name) VALUES ('orange');
INSERT INTO photo_tags (photo_idx, tag_id) VALUES ((SELECT photo_idx FROM photos WHERE photo_id = 2168), (SELECT tag_id FROM tags WHERE name = 'orange'));
INSERT OR IGNORE INTO tags (name) VALUES ('red');
INSERT INTO photo_tags (photo_idx, tag_id) VALUES ((SELECT photo_idx FROM photos WHERE photo_id = 2168), (SELECT tag_id FROM tags WHERE name = 'red'));
INSERT OR IGNORE INTO tags (name) VALUES ('rock');
INSERT INTO photo_tags (photo_idx, tag_id) VALUES ((SELECT photo_idx FROM photos WHERE photo_id = 2168), (SELECT tag_id FROM tags WHERE name = 'rock'));

INSERT INTO photos (photo_id, photo_title, photo_collection, photo_location, photo_year, camera, film_stock, film_format) VALUES (2169, 'Amethyst', 'Rocks', 'Mount Phillips, Western Australia', 2005, 'BetterLight', 'BetterLight Super6K-2', '72 x 96 mm');
INSERT INTO photos_fts (photo_idx, photo_id, photo_title, photo_collection, photo_location, photo_year, camera, film_stock, film_format, tag_names) VALUES ((SELECT photo_idx FROM photos WHERE photo_id = 2169), 2169, 'Amethyst', 'Rocks', 'Mount Phillips, Western Australia', 2005, 'BetterLight', 'BetterLight Super6K-2', '72 x 96 mm', 'horizontal,abstract,closeup,color,studio,popular,rock');
INSERT OR IGNORE INTO tags (name) VALUES ('horizontal');
INSERT INTO photo_tags (photo_idx, tag_id) VALUES ((SELECT photo_idx FROM photos WHERE photo_id = 2169), (SELECT tag_id FROM tags WHERE name = 'horizontal'));
INSERT OR IGNORE INTO tags (name) VALUES ('abstract');
INSERT INTO photo_tags (photo_idx, tag_id) VALUES ((SELECT photo_idx FROM photos WHERE photo_id = 2169), (SELECT tag_id FROM tags WHERE name = 'abstract'));
INSERT OR IGNORE INTO tags (name) VALUES ('closeup');
INSERT INTO photo_tags (photo_idx, tag_id) VALUES ((SELECT photo_idx FROM photos WHERE photo_id = 2169), (SELECT tag_id FROM tags WHERE name = 'closeup'));
INSERT OR IGNORE INTO tags (name) VALUES ('color');
INSERT INTO photo_tags (photo_idx, tag_id) VALUES ((SELECT photo_idx FROM photos WHERE photo_id = 2169), (SELECT tag_id FROM tags WHERE name = 'color'));
INSERT OR IGNORE INTO tags (name) VALUES ('studio');
INSERT INTO photo_tags (photo_idx, tag_id) VALUES ((SELECT photo_idx FROM photos WHERE photo_id = 2169), (SELECT tag_id FROM tags WHERE name = 'studio'));
INSERT OR IGNORE INTO tags (name) VALUES ('popular');
INSERT INTO photo_tags (photo_idx, tag_id) VALUES ((SELECT photo_idx FROM photos WHERE photo_id = 2169), (SELECT tag_id FROM tags WHERE name = 'popular'));
INSERT OR IGNORE INTO tags (name) VALUES ('rock');
INSERT INTO photo_tags (photo_idx, tag_id) VALUES ((SELECT photo_idx FROM photos WHERE photo_id = 2169), (SELECT tag_id FROM tags WHERE name = 'rock'));

INSERT INTO photos (photo_id, photo_title, photo_collection, photo_location, photo_year, camera, film_stock, film_format) VALUES (2170, 'Chrysocolla and Malachite', 'Rocks', 'Katanga Copper Belt, Democratic Republic of the Congo', 2005, 'BetterLight', 'BetterLight Super6K-2', '72 x 96 mm');
INSERT INTO photos_fts (photo_idx, photo_id, photo_title, photo_collection, photo_location, photo_year, camera, film_stock, film_format, tag_names) VALUES ((SELECT photo_idx FROM photos WHERE photo_id = 2170), 2170, 'Chrysocolla and Malachite', 'Rocks', 'Katanga Copper Belt, Democratic Republic of the Congo', 2005, 'BetterLight', 'BetterLight Super6K-2', '72 x 96 mm', 'horizontal,abstract,closeup,color,studio,blue,green,rock');
INSERT OR IGNORE INTO tags (name) VALUES ('horizontal');
INSERT INTO photo_tags (photo_idx, tag_id) VALUES ((SELECT photo_idx FROM photos WHERE photo_id = 2170), (SELECT tag_id FROM tags WHERE name = 'horizontal'));
INSERT OR IGNORE INTO tags (name) VALUES ('abstract');
INSERT INTO photo_tags (photo_idx, tag_id) VALUES ((SELECT photo_idx FROM photos WHERE photo_id = 2170), (SELECT tag_id FROM tags WHERE name = 'abstract'));
INSERT OR IGNORE INTO tags (name) VALUES ('closeup');
INSERT INTO photo_tags (photo_idx, tag_id) VALUES ((SELECT photo_idx FROM photos WHERE photo_id = 2170), (SELECT tag_id FROM tags WHERE name = 'closeup'));
INSERT OR IGNORE INTO tags (name) VALUES ('color');
INSERT INTO photo_tags (photo_idx, tag_id) VALUES ((SELECT photo_idx FROM photos WHERE photo_id = 2170), (SELECT tag_id FROM tags WHERE name = 'color'));
INSERT OR IGNORE INTO tags (name) VALUES ('studio');
INSERT INTO photo_tags (photo_idx, tag_id) VALUES ((SELECT photo_idx FROM photos WHERE photo_id = 2170), (SELECT tag_id FROM tags WHERE name = 'studio'));
INSERT OR IGNORE INTO tags (name) VALUES ('blue');
INSERT INTO photo_tags (photo_idx, tag_id) VALUES ((SELECT photo_idx FROM photos WHERE photo_id = 2170), (SELECT tag_id FROM tags WHERE name = 'blue'));
INSERT OR IGNORE INTO tags (name) VALUES ('green');
INSERT INTO photo_tags (photo_idx, tag_id) VALUES ((SELECT photo_idx FROM photos WHERE photo_id = 2170), (SELECT tag_id FROM tags WHERE name = 'green'));
INSERT OR IGNORE INTO tags (name) VALUES ('rock');
INSERT INTO photo_tags (photo_idx, tag_id) VALUES ((SELECT photo_idx FROM photos WHERE photo_id = 2170), (SELECT tag_id FROM tags WHERE name = 'rock'));

INSERT INTO photos (photo_id, photo_title, photo_collection, photo_location, photo_year, camera, film_stock, film_format) VALUES (2171, 'Pietersite', 'Rocks', 'Outjo District, Kunene Region, Namibia', 2005, 'BetterLight', 'BetterLight Super6K-2', '72 x 96 mm');
INSERT INTO photos_fts (photo_idx, photo_id, photo_title, photo_collection, photo_location, photo_year, camera, film_stock, film_format, tag_names) VALUES ((SELECT photo_idx FROM photos WHERE photo_id = 2171), 2171, 'Pietersite', 'Rocks', 'Outjo District, Kunene Region, Namibia', 2005, 'BetterLight', 'BetterLight Super6K-2', '72 x 96 mm', 'vertical,abstract,closeup,color,studio,black,blue,orange,rock');
INSERT OR IGNORE INTO tags (name) VALUES ('vertical');
INSERT INTO photo_tags (photo_idx, tag_id) VALUES ((SELECT photo_idx FROM photos WHERE photo_id = 2171), (SELECT tag_id FROM tags WHERE name = 'vertical'));
INSERT OR IGNORE INTO tags (name) VALUES ('abstract');
INSERT INTO photo_tags (photo_idx, tag_id) VALUES ((SELECT photo_idx FROM photos WHERE photo_id = 2171), (SELECT tag_id FROM tags WHERE name = 'abstract'));
INSERT OR IGNORE INTO tags (name) VALUES ('closeup');
INSERT INTO photo_tags (photo_idx, tag_id) VALUES ((SELECT photo_idx FROM photos WHERE photo_id = 2171), (SELECT tag_id FROM tags WHERE name = 'closeup'));
INSERT OR IGNORE INTO tags (name) VALUES ('color');
INSERT INTO photo_tags (photo_idx, tag_id) VALUES ((SELECT photo_idx FROM photos WHERE photo_id = 2171), (SELECT tag_id FROM tags WHERE name = 'color'));
INSERT OR IGNORE INTO tags (name) VALUES ('studio');
INSERT INTO photo_tags (photo_idx, tag_id) VALUES ((SELECT photo_idx FROM photos WHERE photo_id = 2171), (SELECT tag_id FROM tags WHERE name = 'studio'));
INSERT OR IGNORE INTO tags (name) VALUES ('black');
INSERT INTO photo_tags (photo_idx, tag_id) VALUES ((SELECT photo_idx FROM photos WHERE photo_id = 2171), (SELECT tag_id FROM tags WHERE name = 'black'));
INSERT OR IGNORE INTO tags (name) VALUES ('blue');
INSERT INTO photo_tags (photo_idx, tag_id) VALUES ((SELECT photo_idx FROM photos WHERE photo_id = 2171), (SELECT tag_id FROM tags WHERE name = 'blue'));
INSERT OR IGNORE INTO tags (name) VALUES ('orange');
INSERT INTO photo_tags (photo_idx, tag_id) VALUES ((SELECT photo_idx FROM photos WHERE photo_id = 2171), (SELECT tag_id FROM tags WHERE name = 'orange'));
INSERT OR IGNORE INTO tags (name) VALUES ('rock');
INSERT INTO photo_tags (photo_idx, tag_id) VALUES ((SELECT photo_idx FROM photos WHERE photo_id = 2171), (SELECT tag_id FROM tags WHERE name = 'rock'));

INSERT INTO photos (photo_id, photo_title, photo_collection, photo_location, photo_year, camera, film_stock, film_format) VALUES (2172, 'Pietersite', 'Rocks', 'Outjo District, Kunene Region, Namibia', 2005, 'BetterLight', 'BetterLight Super6K-2', '72 x 96 mm');
INSERT INTO photos_fts (photo_idx, photo_id, photo_title, photo_collection, photo_location, photo_year, camera, film_stock, film_format, tag_names) VALUES ((SELECT photo_idx FROM photos WHERE photo_id = 2172), 2172, 'Pietersite', 'Rocks', 'Outjo District, Kunene Region, Namibia', 2005, 'BetterLight', 'BetterLight Super6K-2', '72 x 96 mm', 'horizontal,abstract,closeup,color,studio,orange,black,rock');
INSERT OR IGNORE INTO tags (name) VALUES ('horizontal');
INSERT INTO photo_tags (photo_idx, tag_id) VALUES ((SELECT photo_idx FROM photos WHERE photo_id = 2172), (SELECT tag_id FROM tags WHERE name = 'horizontal'));
INSERT OR IGNORE INTO tags (name) VALUES ('abstract');
INSERT INTO photo_tags (photo_idx, tag_id) VALUES ((SELECT photo_idx FROM photos WHERE photo_id = 2172), (SELECT tag_id FROM tags WHERE name = 'abstract'));
INSERT OR IGNORE INTO tags (name) VALUES ('closeup');
INSERT INTO photo_tags (photo_idx, tag_id) VALUES ((SELECT photo_idx FROM photos WHERE photo_id = 2172), (SELECT tag_id FROM tags WHERE name = 'closeup'));
INSERT OR IGNORE INTO tags (name) VALUES ('color');
INSERT INTO photo_tags (photo_idx, tag_id) VALUES ((SELECT photo_idx FROM photos WHERE photo_id = 2172), (SELECT tag_id FROM tags WHERE name = 'color'));
INSERT OR IGNORE INTO tags (name) VALUES ('studio');
INSERT INTO photo_tags (photo_idx, tag_id) VALUES ((SELECT photo_idx FROM photos WHERE photo_id = 2172), (SELECT tag_id FROM tags WHERE name = 'studio'));
INSERT OR IGNORE INTO tags (name) VALUES ('orange');
INSERT INTO photo_tags (photo_idx, tag_id) VALUES ((SELECT photo_idx FROM photos WHERE photo_id = 2172), (SELECT tag_id FROM tags WHERE name = 'orange'));
INSERT OR IGNORE INTO tags (name) VALUES ('black');
INSERT INTO photo_tags (photo_idx, tag_id) VALUES ((SELECT photo_idx FROM photos WHERE photo_id = 2172), (SELECT tag_id FROM tags WHERE name = 'black'));
INSERT OR IGNORE INTO tags (name) VALUES ('rock');
INSERT INTO photo_tags (photo_idx, tag_id) VALUES ((SELECT photo_idx FROM photos WHERE photo_id = 2172), (SELECT tag_id FROM tags WHERE name = 'rock'));

INSERT INTO photos (photo_id, photo_title, photo_collection, photo_location, photo_year, camera, film_stock, film_format) VALUES (2173, 'Chrysocolla', 'Rocks', 'Katanga Copper Belt, Democratic Republic of the Congo', 2005, 'BetterLight', 'BetterLight Super6K-2', '72 x 96 mm');
INSERT INTO photos_fts (photo_idx, photo_id, photo_title, photo_collection, photo_location, photo_year, camera, film_stock, film_format, tag_names) VALUES ((SELECT photo_idx FROM photos WHERE photo_id = 2173), 2173, 'Chrysocolla', 'Rocks', 'Katanga Copper Belt, Democratic Republic of the Congo', 2005, 'BetterLight', 'BetterLight Super6K-2', '72 x 96 mm', 'horizontal,abstract,closeup,color,studio,blue,green,rock');
INSERT OR IGNORE INTO tags (name) VALUES ('horizontal');
INSERT INTO photo_tags (photo_idx, tag_id) VALUES ((SELECT photo_idx FROM photos WHERE photo_id = 2173), (SELECT tag_id FROM tags WHERE name = 'horizontal'));
INSERT OR IGNORE INTO tags (name) VALUES ('abstract');
INSERT INTO photo_tags (photo_idx, tag_id) VALUES ((SELECT photo_idx FROM photos WHERE photo_id = 2173), (SELECT tag_id FROM tags WHERE name = 'abstract'));
INSERT OR IGNORE INTO tags (name) VALUES ('closeup');
INSERT INTO photo_tags (photo_idx, tag_id) VALUES ((SELECT photo_idx FROM photos WHERE photo_id = 2173), (SELECT tag_id FROM tags WHERE name = 'closeup'));
INSERT OR IGNORE INTO tags (name) VALUES ('color');
INSERT INTO photo_tags (photo_idx, tag_id) VALUES ((SELECT photo_idx FROM photos WHERE photo_id = 2173), (SELECT tag_id FROM tags WHERE name = 'color'));
INSERT OR IGNORE INTO tags (name) VALUES ('studio');
INSERT INTO photo_tags (photo_idx, tag_id) VALUES ((SELECT photo_idx FROM photos WHERE photo_id = 2173), (SELECT tag_id FROM tags WHERE name = 'studio'));
INSERT OR IGNORE INTO tags (name) VALUES ('blue');
INSERT INTO photo_tags (photo_idx, tag_id) VALUES ((SELECT photo_idx FROM photos WHERE photo_id = 2173), (SELECT tag_id FROM tags WHERE name = 'blue'));
INSERT OR IGNORE INTO tags (name) VALUES ('green');
INSERT INTO photo_tags (photo_idx, tag_id) VALUES ((SELECT photo_idx FROM photos WHERE photo_id = 2173), (SELECT tag_id FROM tags WHERE name = 'green'));
INSERT OR IGNORE INTO tags (name) VALUES ('rock');
INSERT INTO photo_tags (photo_idx, tag_id) VALUES ((SELECT photo_idx FROM photos WHERE photo_id = 2173), (SELECT tag_id FROM tags WHERE name = 'rock'));

INSERT INTO photos (photo_id, photo_title, photo_collection, photo_location, photo_year, camera, film_stock, film_format) VALUES (2174, 'Amethyst', 'Rocks', 'Mount Phillips, Western Australia', 2005, 'BetterLight', 'BetterLight Super6K-2', '72 x 96 mm');
INSERT INTO photos_fts (photo_idx, photo_id, photo_title, photo_collection, photo_location, photo_year, camera, film_stock, film_format, tag_names) VALUES ((SELECT photo_idx FROM photos WHERE photo_id = 2174), 2174, 'Amethyst', 'Rocks', 'Mount Phillips, Western Australia', 2005, 'BetterLight', 'BetterLight Super6K-2', '72 x 96 mm', 'horizontal,abstract,closeup,color,studio,rock');
INSERT OR IGNORE INTO tags (name) VALUES ('horizontal');
INSERT INTO photo_tags (photo_idx, tag_id) VALUES ((SELECT photo_idx FROM photos WHERE photo_id = 2174), (SELECT tag_id FROM tags WHERE name = 'horizontal'));
INSERT OR IGNORE INTO tags (name) VALUES ('abstract');
INSERT INTO photo_tags (photo_idx, tag_id) VALUES ((SELECT photo_idx FROM photos WHERE photo_id = 2174), (SELECT tag_id FROM tags WHERE name = 'abstract'));
INSERT OR IGNORE INTO tags (name) VALUES ('closeup');
INSERT INTO photo_tags (photo_idx, tag_id) VALUES ((SELECT photo_idx FROM photos WHERE photo_id = 2174), (SELECT tag_id FROM tags WHERE name = 'closeup'));
INSERT OR IGNORE INTO tags (name) VALUES ('color');
INSERT INTO photo_tags (photo_idx, tag_id) VALUES ((SELECT photo_idx FROM photos WHERE photo_id = 2174), (SELECT tag_id FROM tags WHERE name = 'color'));
INSERT OR IGNORE INTO tags (name) VALUES ('studio');
INSERT INTO photo_tags (photo_idx, tag_id) VALUES ((SELECT photo_idx FROM photos WHERE photo_id = 2174), (SELECT tag_id FROM tags WHERE name = 'studio'));
INSERT OR IGNORE INTO tags (name) VALUES ('rock');
INSERT INTO photo_tags (photo_idx, tag_id) VALUES ((SELECT photo_idx FROM photos WHERE photo_id = 2174), (SELECT tag_id FROM tags WHERE name = 'rock'));

INSERT INTO photos (photo_id, photo_title, photo_collection, photo_location, photo_year, camera, film_stock, film_format) VALUES (2175, 'Marra Mamba Jasper', 'Rocks', 'Mount Brockman Station, Hamersley Ranges, Western Australia', 2005, 'BetterLight', 'BetterLight Super6K-2', '72 x 96 mm');
INSERT INTO photos_fts (photo_idx, photo_id, photo_title, photo_collection, photo_location, photo_year, camera, film_stock, film_format, tag_names) VALUES ((SELECT photo_idx FROM photos WHERE photo_id = 2175), 2175, 'Marra Mamba Jasper', 'Rocks', 'Mount Brockman Station, Hamersley Ranges, Western Australia', 2005, 'BetterLight', 'BetterLight Super6K-2', '72 x 96 mm', 'horizontal,abstract,closeup,color,studio,orange,red,black,rock');
INSERT OR IGNORE INTO tags (name) VALUES ('horizontal');
INSERT INTO photo_tags (photo_idx, tag_id) VALUES ((SELECT photo_idx FROM photos WHERE photo_id = 2175), (SELECT tag_id FROM tags WHERE name = 'horizontal'));
INSERT OR IGNORE INTO tags (name) VALUES ('abstract');
INSERT INTO photo_tags (photo_idx, tag_id) VALUES ((SELECT photo_idx FROM photos WHERE photo_id = 2175), (SELECT tag_id FROM tags WHERE name = 'abstract'));
INSERT OR IGNORE INTO tags (name) VALUES ('closeup');
INSERT INTO photo_tags (photo_idx, tag_id) VALUES ((SELECT photo_idx FROM photos WHERE photo_id = 2175), (SELECT tag_id FROM tags WHERE name = 'closeup'));
INSERT OR IGNORE INTO tags (name) VALUES ('color');
INSERT INTO photo_tags (photo_idx, tag_id) VALUES ((SELECT photo_idx FROM photos WHERE photo_id = 2175), (SELECT tag_id FROM tags WHERE name = 'color'));
INSERT OR IGNORE INTO tags (name) VALUES ('studio');
INSERT INTO photo_tags (photo_idx, tag_id) VALUES ((SELECT photo_idx FROM photos WHERE photo_id = 2175), (SELECT tag_id FROM tags WHERE name = 'studio'));
INSERT OR IGNORE INTO tags (name) VALUES ('orange');
INSERT INTO photo_tags (photo_idx, tag_id) VALUES ((SELECT photo_idx FROM photos WHERE photo_id = 2175), (SELECT tag_id FROM tags WHERE name = 'orange'));
INSERT OR IGNORE INTO tags (name) VALUES ('red');
INSERT INTO photo_tags (photo_idx, tag_id) VALUES ((SELECT photo_idx FROM photos WHERE photo_id = 2175), (SELECT tag_id FROM tags WHERE name = 'red'));
INSERT OR IGNORE INTO tags (name) VALUES ('black');
INSERT INTO photo_tags (photo_idx, tag_id) VALUES ((SELECT photo_idx FROM photos WHERE photo_id = 2175), (SELECT tag_id FROM tags WHERE name = 'black'));
INSERT OR IGNORE INTO tags (name) VALUES ('rock');
INSERT INTO photo_tags (photo_idx, tag_id) VALUES ((SELECT photo_idx FROM photos WHERE photo_id = 2175), (SELECT tag_id FROM tags WHERE name = 'rock'));

INSERT INTO photos (photo_id, photo_title, photo_collection, photo_location, photo_year, camera, film_stock, film_format) VALUES (2176, 'Tiger Iron', 'Rocks', 'Ord Ranges, Pilbara Region, Western Australia', 2005, 'BetterLight', 'BetterLight Super6K-2', '72 x 96 mm');
INSERT INTO photos_fts (photo_idx, photo_id, photo_title, photo_collection, photo_location, photo_year, camera, film_stock, film_format, tag_names) VALUES ((SELECT photo_idx FROM photos WHERE photo_id = 2176), 2176, 'Tiger Iron', 'Rocks', 'Ord Ranges, Pilbara Region, Western Australia', 2005, 'BetterLight', 'BetterLight Super6K-2', '72 x 96 mm', 'horizontal,abstract,closeup,color,studio,orange,red,black,rock');
INSERT OR IGNORE INTO tags (name) VALUES ('horizontal');
INSERT INTO photo_tags (photo_idx, tag_id) VALUES ((SELECT photo_idx FROM photos WHERE photo_id = 2176), (SELECT tag_id FROM tags WHERE name = 'horizontal'));
INSERT OR IGNORE INTO tags (name) VALUES ('abstract');
INSERT INTO photo_tags (photo_idx, tag_id) VALUES ((SELECT photo_idx FROM photos WHERE photo_id = 2176), (SELECT tag_id FROM tags WHERE name = 'abstract'));
INSERT OR IGNORE INTO tags (name) VALUES ('closeup');
INSERT INTO photo_tags (photo_idx, tag_id) VALUES ((SELECT photo_idx FROM photos WHERE photo_id = 2176), (SELECT tag_id FROM tags WHERE name = 'closeup'));
INSERT OR IGNORE INTO tags (name) VALUES ('color');
INSERT INTO photo_tags (photo_idx, tag_id) VALUES ((SELECT photo_idx FROM photos WHERE photo_id = 2176), (SELECT tag_id FROM tags WHERE name = 'color'));
INSERT OR IGNORE INTO tags (name) VALUES ('studio');
INSERT INTO photo_tags (photo_idx, tag_id) VALUES ((SELECT photo_idx FROM photos WHERE photo_id = 2176), (SELECT tag_id FROM tags WHERE name = 'studio'));
INSERT OR IGNORE INTO tags (name) VALUES ('orange');
INSERT INTO photo_tags (photo_idx, tag_id) VALUES ((SELECT photo_idx FROM photos WHERE photo_id = 2176), (SELECT tag_id FROM tags WHERE name = 'orange'));
INSERT OR IGNORE INTO tags (name) VALUES ('red');
INSERT INTO photo_tags (photo_idx, tag_id) VALUES ((SELECT photo_idx FROM photos WHERE photo_id = 2176), (SELECT tag_id FROM tags WHERE name = 'red'));
INSERT OR IGNORE INTO tags (name) VALUES ('black');
INSERT INTO photo_tags (photo_idx, tag_id) VALUES ((SELECT photo_idx FROM photos WHERE photo_id = 2176), (SELECT tag_id FROM tags WHERE name = 'black'));
INSERT OR IGNORE INTO tags (name) VALUES ('rock');
INSERT INTO photo_tags (photo_idx, tag_id) VALUES ((SELECT photo_idx FROM photos WHERE photo_id = 2176), (SELECT tag_id FROM tags WHERE name = 'rock'));

INSERT INTO photos (photo_id, photo_title, photo_collection, photo_location, photo_year, camera, film_stock, film_format) VALUES (2177, 'Malachite and Chrysocolla', 'Rocks', 'Katanga Copper Belt, Democratic Republic of the Congo', 2005, 'BetterLight', 'BetterLight Super6K-2', '72 x 96 mm');
INSERT INTO photos_fts (photo_idx, photo_id, photo_title, photo_collection, photo_location, photo_year, camera, film_stock, film_format, tag_names) VALUES ((SELECT photo_idx FROM photos WHERE photo_id = 2177), 2177, 'Malachite and Chrysocolla', 'Rocks', 'Katanga Copper Belt, Democratic Republic of the Congo', 2005, 'BetterLight', 'BetterLight Super6K-2', '72 x 96 mm', 'horizontal,abstract,closeup,color,studio,blue,green,rock');
INSERT OR IGNORE INTO tags (name) VALUES ('horizontal');
INSERT INTO photo_tags (photo_idx, tag_id) VALUES ((SELECT photo_idx FROM photos WHERE photo_id = 2177), (SELECT tag_id FROM tags WHERE name = 'horizontal'));
INSERT OR IGNORE INTO tags (name) VALUES ('abstract');
INSERT INTO photo_tags (photo_idx, tag_id) VALUES ((SELECT photo_idx FROM photos WHERE photo_id = 2177), (SELECT tag_id FROM tags WHERE name = 'abstract'));
INSERT OR IGNORE INTO tags (name) VALUES ('closeup');
INSERT INTO photo_tags (photo_idx, tag_id) VALUES ((SELECT photo_idx FROM photos WHERE photo_id = 2177), (SELECT tag_id FROM tags WHERE name = 'closeup'));
INSERT OR IGNORE INTO tags (name) VALUES ('color');
INSERT INTO photo_tags (photo_idx, tag_id) VALUES ((SELECT photo_idx FROM photos WHERE photo_id = 2177), (SELECT tag_id FROM tags WHERE name = 'color'));
INSERT OR IGNORE INTO tags (name) VALUES ('studio');
INSERT INTO photo_tags (photo_idx, tag_id) VALUES ((SELECT photo_idx FROM photos WHERE photo_id = 2177), (SELECT tag_id FROM tags WHERE name = 'studio'));
INSERT OR IGNORE INTO tags (name) VALUES ('blue');
INSERT INTO photo_tags (photo_idx, tag_id) VALUES ((SELECT photo_idx FROM photos WHERE photo_id = 2177), (SELECT tag_id FROM tags WHERE name = 'blue'));
INSERT OR IGNORE INTO tags (name) VALUES ('green');
INSERT INTO photo_tags (photo_idx, tag_id) VALUES ((SELECT photo_idx FROM photos WHERE photo_id = 2177), (SELECT tag_id FROM tags WHERE name = 'green'));
INSERT OR IGNORE INTO tags (name) VALUES ('rock');
INSERT INTO photo_tags (photo_idx, tag_id) VALUES ((SELECT photo_idx FROM photos WHERE photo_id = 2177), (SELECT tag_id FROM tags WHERE name = 'rock'));

INSERT INTO photos (photo_id, photo_title, photo_collection, photo_location, photo_year, camera, film_stock, film_format) VALUES (2178, 'Chrysocolla and Malachite', 'Rocks', 'Katanga Copper Belt, Democratic Republic of the Congo', 2005, 'BetterLight', 'BetterLight Super6K-2', '72 x 96 mm');
INSERT INTO photos_fts (photo_idx, photo_id, photo_title, photo_collection, photo_location, photo_year, camera, film_stock, film_format, tag_names) VALUES ((SELECT photo_idx FROM photos WHERE photo_id = 2178), 2178, 'Chrysocolla and Malachite', 'Rocks', 'Katanga Copper Belt, Democratic Republic of the Congo', 2005, 'BetterLight', 'BetterLight Super6K-2', '72 x 96 mm', 'vertical,abstract,closeup,color,studio,blue,green,rock');
INSERT OR IGNORE INTO tags (name) VALUES ('vertical');
INSERT INTO photo_tags (photo_idx, tag_id) VALUES ((SELECT photo_idx FROM photos WHERE photo_id = 2178), (SELECT tag_id FROM tags WHERE name = 'vertical'));
INSERT OR IGNORE INTO tags (name) VALUES ('abstract');
INSERT INTO photo_tags (photo_idx, tag_id) VALUES ((SELECT photo_idx FROM photos WHERE photo_id = 2178), (SELECT tag_id FROM tags WHERE name = 'abstract'));
INSERT OR IGNORE INTO tags (name) VALUES ('closeup');
INSERT INTO photo_tags (photo_idx, tag_id) VALUES ((SELECT photo_idx FROM photos WHERE photo_id = 2178), (SELECT tag_id FROM tags WHERE name = 'closeup'));
INSERT OR IGNORE INTO tags (name) VALUES ('color');
INSERT INTO photo_tags (photo_idx, tag_id) VALUES ((SELECT photo_idx FROM photos WHERE photo_id = 2178), (SELECT tag_id FROM tags WHERE name = 'color'));
INSERT OR IGNORE INTO tags (name) VALUES ('studio');
INSERT INTO photo_tags (photo_idx, tag_id) VALUES ((SELECT photo_idx FROM photos WHERE photo_id = 2178), (SELECT tag_id FROM tags WHERE name = 'studio'));
INSERT OR IGNORE INTO tags (name) VALUES ('blue');
INSERT INTO photo_tags (photo_idx, tag_id) VALUES ((SELECT photo_idx FROM photos WHERE photo_id = 2178), (SELECT tag_id FROM tags WHERE name = 'blue'));
INSERT OR IGNORE INTO tags (name) VALUES ('green');
INSERT INTO photo_tags (photo_idx, tag_id) VALUES ((SELECT photo_idx FROM photos WHERE photo_id = 2178), (SELECT tag_id FROM tags WHERE name = 'green'));
INSERT OR IGNORE INTO tags (name) VALUES ('rock');
INSERT INTO photo_tags (photo_idx, tag_id) VALUES ((SELECT photo_idx FROM photos WHERE photo_id = 2178), (SELECT tag_id FROM tags WHERE name = 'rock'));

INSERT INTO photos (photo_id, photo_title, photo_collection, photo_location, photo_year, camera, film_stock, film_format) VALUES (2179, 'Ocean Jasper', 'Rocks', 'Near Marovato, Mahajanga Province, Madagascar', 2005, 'BetterLight', 'BetterLight Super6K-2', '72 x 96 mm');
INSERT INTO photos_fts (photo_idx, photo_id, photo_title, photo_collection, photo_location, photo_year, camera, film_stock, film_format, tag_names) VALUES ((SELECT photo_idx FROM photos WHERE photo_id = 2179), 2179, 'Ocean Jasper', 'Rocks', 'Near Marovato, Mahajanga Province, Madagascar', 2005, 'BetterLight', 'BetterLight Super6K-2', '72 x 96 mm', 'vertical,abstract,closeup,color,studio,brown,yellow,rock');
INSERT OR IGNORE INTO tags (name) VALUES ('vertical');
INSERT INTO photo_tags (photo_idx, tag_id) VALUES ((SELECT photo_idx FROM photos WHERE photo_id = 2179), (SELECT tag_id FROM tags WHERE name = 'vertical'));
INSERT OR IGNORE INTO tags (name) VALUES ('abstract');
INSERT INTO photo_tags (photo_idx, tag_id) VALUES ((SELECT photo_idx FROM photos WHERE photo_id = 2179), (SELECT tag_id FROM tags WHERE name = 'abstract'));
INSERT OR IGNORE INTO tags (name) VALUES ('closeup');
INSERT INTO photo_tags (photo_idx, tag_id) VALUES ((SELECT photo_idx FROM photos WHERE photo_id = 2179), (SELECT tag_id FROM tags WHERE name = 'closeup'));
INSERT OR IGNORE INTO tags (name) VALUES ('color');
INSERT INTO photo_tags (photo_idx, tag_id) VALUES ((SELECT photo_idx FROM photos WHERE photo_id = 2179), (SELECT tag_id FROM tags WHERE name = 'color'));
INSERT OR IGNORE INTO tags (name) VALUES ('studio');
INSERT INTO photo_tags (photo_idx, tag_id) VALUES ((SELECT photo_idx FROM photos WHERE photo_id = 2179), (SELECT tag_id FROM tags WHERE name = 'studio'));
INSERT OR IGNORE INTO tags (name) VALUES ('brown');
INSERT INTO photo_tags (photo_idx, tag_id) VALUES ((SELECT photo_idx FROM photos WHERE photo_id = 2179), (SELECT tag_id FROM tags WHERE name = 'brown'));
INSERT OR IGNORE INTO tags (name) VALUES ('yellow');
INSERT INTO photo_tags (photo_idx, tag_id) VALUES ((SELECT photo_idx FROM photos WHERE photo_id = 2179), (SELECT tag_id FROM tags WHERE name = 'yellow'));
INSERT OR IGNORE INTO tags (name) VALUES ('rock');
INSERT INTO photo_tags (photo_idx, tag_id) VALUES ((SELECT photo_idx FROM photos WHERE photo_id = 2179), (SELECT tag_id FROM tags WHERE name = 'rock'));

INSERT INTO photos (photo_id, photo_title, photo_collection, photo_location, photo_year, camera, film_stock, film_format) VALUES (2901, 'Autumn in Colorado', 'Colorado', 'Colorado', 2005, 'Hasselblad H1', 'PhaseOne P25', '6 x 4.5 cm');
INSERT INTO photos_fts (photo_idx, photo_id, photo_title, photo_collection, photo_location, photo_year, camera, film_stock, film_format, tag_names) VALUES ((SELECT photo_idx FROM photos WHERE photo_id = 2901), 2901, 'Autumn in Colorado', 'Colorado', 'Colorado', 2005, 'Hasselblad H1', 'PhaseOne P25', '6 x 4.5 cm', 'horizontal,autumn,fall,landscape,color,outdoors,scenic,yellow,foliage,forest,aspen,trees');
INSERT OR IGNORE INTO tags (name) VALUES ('horizontal');
INSERT INTO photo_tags (photo_idx, tag_id) VALUES ((SELECT photo_idx FROM photos WHERE photo_id = 2901), (SELECT tag_id FROM tags WHERE name = 'horizontal'));
INSERT OR IGNORE INTO tags (name) VALUES ('autumn');
INSERT INTO photo_tags (photo_idx, tag_id) VALUES ((SELECT photo_idx FROM photos WHERE photo_id = 2901), (SELECT tag_id FROM tags WHERE name = 'autumn'));
INSERT OR IGNORE INTO tags (name) VALUES ('fall');
INSERT INTO photo_tags (photo_idx, tag_id) VALUES ((SELECT photo_idx FROM photos WHERE photo_id = 2901), (SELECT tag_id FROM tags WHERE name = 'fall'));
INSERT OR IGNORE INTO tags (name) VALUES ('landscape');
INSERT INTO photo_tags (photo_idx, tag_id) VALUES ((SELECT photo_idx FROM photos WHERE photo_id = 2901), (SELECT tag_id FROM tags WHERE name = 'landscape'));
INSERT OR IGNORE INTO tags (name) VALUES ('color');
INSERT INTO photo_tags (photo_idx, tag_id) VALUES ((SELECT photo_idx FROM photos WHERE photo_id = 2901), (SELECT tag_id FROM tags WHERE name = 'color'));
INSERT OR IGNORE INTO tags (name) VALUES ('outdoors');
INSERT INTO photo_tags (photo_idx, tag_id) VALUES ((SELECT photo_idx FROM photos WHERE photo_id = 2901), (SELECT tag_id FROM tags WHERE name = 'outdoors'));
INSERT OR IGNORE INTO tags (name) VALUES ('scenic');
INSERT INTO photo_tags (photo_idx, tag_id) VALUES ((SELECT photo_idx FROM photos WHERE photo_id = 2901), (SELECT tag_id FROM tags WHERE name = 'scenic'));
INSERT OR IGNORE INTO tags (name) VALUES ('yellow');
INSERT INTO photo_tags (photo_idx, tag_id) VALUES ((SELECT photo_idx FROM photos WHERE photo_id = 2901), (SELECT tag_id FROM tags WHERE name = 'yellow'));
INSERT OR IGNORE INTO tags (name) VALUES ('foliage');
INSERT INTO photo_tags (photo_idx, tag_id) VALUES ((SELECT photo_idx FROM photos WHERE photo_id = 2901), (SELECT tag_id FROM tags WHERE name = 'foliage'));
INSERT OR IGNORE INTO tags (name) VALUES ('forest');
INSERT INTO photo_tags (photo_idx, tag_id) VALUES ((SELECT photo_idx FROM photos WHERE photo_id = 2901), (SELECT tag_id FROM tags WHERE name = 'forest'));
INSERT OR IGNORE INTO tags (name) VALUES ('aspen');
INSERT INTO photo_tags (photo_idx, tag_id) VALUES ((SELECT photo_idx FROM photos WHERE photo_id = 2901), (SELECT tag_id FROM tags WHERE name = 'aspen'));
INSERT OR IGNORE INTO tags (name) VALUES ('trees');
INSERT INTO photo_tags (photo_idx, tag_id) VALUES ((SELECT photo_idx FROM photos WHERE photo_id = 2901), (SELECT tag_id FROM tags WHERE name = 'trees'));

INSERT INTO photos (photo_id, photo_title, photo_collection, photo_location, photo_year, camera, film_stock, film_format) VALUES (2902, 'Autumn in Colorado', 'Colorado', 'Colorado', 2005, 'Hasselblad H1', 'PhaseOne P25', '6 x 4.5 cm');
INSERT INTO photos_fts (photo_idx, photo_id, photo_title, photo_collection, photo_location, photo_year, camera, film_stock, film_format, tag_names) VALUES ((SELECT photo_idx FROM photos WHERE photo_id = 2902), 2902, 'Autumn in Colorado', 'Colorado', 'Colorado', 2005, 'Hasselblad H1', 'PhaseOne P25', '6 x 4.5 cm', 'horizontal,autumn,fall,landscape,color,outdoors,scenic,black,blue,pink,clouds,sky,trees');
INSERT OR IGNORE INTO tags (name) VALUES ('horizontal');
INSERT INTO photo_tags (photo_idx, tag_id) VALUES ((SELECT photo_idx FROM photos WHERE photo_id = 2902), (SELECT tag_id FROM tags WHERE name = 'horizontal'));
INSERT OR IGNORE INTO tags (name) VALUES ('autumn');
INSERT INTO photo_tags (photo_idx, tag_id) VALUES ((SELECT photo_idx FROM photos WHERE photo_id = 2902), (SELECT tag_id FROM tags WHERE name = 'autumn'));
INSERT OR IGNORE INTO tags (name) VALUES ('fall');
INSERT INTO photo_tags (photo_idx, tag_id) VALUES ((SELECT photo_idx FROM photos WHERE photo_id = 2902), (SELECT tag_id FROM tags WHERE name = 'fall'));
INSERT OR IGNORE INTO tags (name) VALUES ('landscape');
INSERT INTO photo_tags (photo_idx, tag_id) VALUES ((SELECT photo_idx FROM photos WHERE photo_id = 2902), (SELECT tag_id FROM tags WHERE name = 'landscape'));
INSERT OR IGNORE INTO tags (name) VALUES ('color');
INSERT INTO photo_tags (photo_idx, tag_id) VALUES ((SELECT photo_idx FROM photos WHERE photo_id = 2902), (SELECT tag_id FROM tags WHERE name = 'color'));
INSERT OR IGNORE INTO tags (name) VALUES ('outdoors');
INSERT INTO photo_tags (photo_idx, tag_id) VALUES ((SELECT photo_idx FROM photos WHERE photo_id = 2902), (SELECT tag_id FROM tags WHERE name = 'outdoors'));
INSERT OR IGNORE INTO tags (name) VALUES ('scenic');
INSERT INTO photo_tags (photo_idx, tag_id) VALUES ((SELECT photo_idx FROM photos WHERE photo_id = 2902), (SELECT tag_id FROM tags WHERE name = 'scenic'));
INSERT OR IGNORE INTO tags (name) VALUES ('black');
INSERT INTO photo_tags (photo_idx, tag_id) VALUES ((SELECT photo_idx FROM photos WHERE photo_id = 2902), (SELECT tag_id FROM tags WHERE name = 'black'));
INSERT OR IGNORE INTO tags (name) VALUES ('blue');
INSERT INTO photo_tags (photo_idx, tag_id) VALUES ((SELECT photo_idx FROM photos WHERE photo_id = 2902), (SELECT tag_id FROM tags WHERE name = 'blue'));
INSERT OR IGNORE INTO tags (name) VALUES ('pink');
INSERT INTO photo_tags (photo_idx, tag_id) VALUES ((SELECT photo_idx FROM photos WHERE photo_id = 2902), (SELECT tag_id FROM tags WHERE name = 'pink'));
INSERT OR IGNORE INTO tags (name) VALUES ('clouds');
INSERT INTO photo_tags (photo_idx, tag_id) VALUES ((SELECT photo_idx FROM photos WHERE photo_id = 2902), (SELECT tag_id FROM tags WHERE name = 'clouds'));
INSERT OR IGNORE INTO tags (name) VALUES ('sky');
INSERT INTO photo_tags (photo_idx, tag_id) VALUES ((SELECT photo_idx FROM photos WHERE photo_id = 2902), (SELECT tag_id FROM tags WHERE name = 'sky'));
INSERT OR IGNORE INTO tags (name) VALUES ('trees');
INSERT INTO photo_tags (photo_idx, tag_id) VALUES ((SELECT photo_idx FROM photos WHERE photo_id = 2902), (SELECT tag_id FROM tags WHERE name = 'trees'));

INSERT INTO photos (photo_id, photo_title, photo_collection, photo_location, photo_year, camera, film_stock, film_format) VALUES (2903, 'Autumn in Colorado', 'Colorado', 'Colorado', 2005, 'Hasselblad H1', 'PhaseOne P25', '6 x 4.5 cm');
INSERT INTO photos_fts (photo_idx, photo_id, photo_title, photo_collection, photo_location, photo_year, camera, film_stock, film_format, tag_names) VALUES ((SELECT photo_idx FROM photos WHERE photo_id = 2903), 2903, 'Autumn in Colorado', 'Colorado', 'Colorado', 2005, 'Hasselblad H1', 'PhaseOne P25', '6 x 4.5 cm', 'horizontal,autumn,fall,landscape,color,outdoors,scenic,yellow,aspen,foliage,forest,trees');
INSERT OR IGNORE INTO tags (name) VALUES ('horizontal');
INSERT INTO photo_tags (photo_idx, tag_id) VALUES ((SELECT photo_idx FROM photos WHERE photo_id = 2903), (SELECT tag_id FROM tags WHERE name = 'horizontal'));
INSERT OR IGNORE INTO tags (name) VALUES ('autumn');
INSERT INTO photo_tags (photo_idx, tag_id) VALUES ((SELECT photo_idx FROM photos WHERE photo_id = 2903), (SELECT tag_id FROM tags WHERE name = 'autumn'));
INSERT OR IGNORE INTO tags (name) VALUES ('fall');
INSERT INTO photo_tags (photo_idx, tag_id) VALUES ((SELECT photo_idx FROM photos WHERE photo_id = 2903), (SELECT tag_id FROM tags WHERE name = 'fall'));
INSERT OR IGNORE INTO tags (name) VALUES ('landscape');
INSERT INTO photo_tags (photo_idx, tag_id) VALUES ((SELECT photo_idx FROM photos WHERE photo_id = 2903), (SELECT tag_id FROM tags WHERE name = 'landscape'));
INSERT OR IGNORE INTO tags (name) VALUES ('color');
INSERT INTO photo_tags (photo_idx, tag_id) VALUES ((SELECT photo_idx FROM photos WHERE photo_id = 2903), (SELECT tag_id FROM tags WHERE name = 'color'));
INSERT OR IGNORE INTO tags (name) VALUES ('outdoors');
INSERT INTO photo_tags (photo_idx, tag_id) VALUES ((SELECT photo_idx FROM photos WHERE photo_id = 2903), (SELECT tag_id FROM tags WHERE name = 'outdoors'));
INSERT OR IGNORE INTO tags (name) VALUES ('scenic');
INSERT INTO photo_tags (photo_idx, tag_id) VALUES ((SELECT photo_idx FROM photos WHERE photo_id = 2903), (SELECT tag_id FROM tags WHERE name = 'scenic'));
INSERT OR IGNORE INTO tags (name) VALUES ('yellow');
INSERT INTO photo_tags (photo_idx, tag_id) VALUES ((SELECT photo_idx FROM photos WHERE photo_id = 2903), (SELECT tag_id FROM tags WHERE name = 'yellow'));
INSERT OR IGNORE INTO tags (name) VALUES ('aspen');
INSERT INTO photo_tags (photo_idx, tag_id) VALUES ((SELECT photo_idx FROM photos WHERE photo_id = 2903), (SELECT tag_id FROM tags WHERE name = 'aspen'));
INSERT OR IGNORE INTO tags (name) VALUES ('foliage');
INSERT INTO photo_tags (photo_idx, tag_id) VALUES ((SELECT photo_idx FROM photos WHERE photo_id = 2903), (SELECT tag_id FROM tags WHERE name = 'foliage'));
INSERT OR IGNORE INTO tags (name) VALUES ('forest');
INSERT INTO photo_tags (photo_idx, tag_id) VALUES ((SELECT photo_idx FROM photos WHERE photo_id = 2903), (SELECT tag_id FROM tags WHERE name = 'forest'));
INSERT OR IGNORE INTO tags (name) VALUES ('trees');
INSERT INTO photo_tags (photo_idx, tag_id) VALUES ((SELECT photo_idx FROM photos WHERE photo_id = 2903), (SELECT tag_id FROM tags WHERE name = 'trees'));

INSERT INTO photos (photo_id, photo_title, photo_collection, photo_location, photo_year, camera, film_stock, film_format) VALUES (2904, 'Autumn in Colorado', 'Colorado', 'Near Aspen, Colorado', 2005, 'Hasselblad H1', 'PhaseOne P25', '6 x 4.5 cm');
INSERT INTO photos_fts (photo_idx, photo_id, photo_title, photo_collection, photo_location, photo_year, camera, film_stock, film_format, tag_names) VALUES ((SELECT photo_idx FROM photos WHERE photo_id = 2904), 2904, 'Autumn in Colorado', 'Colorado', 'Near Aspen, Colorado', 2005, 'Hasselblad H1', 'PhaseOne P25', '6 x 4.5 cm', 'horizontal,autumn,fall,landscape,color,outdoors,scenic,popular,white,yellow,aspen,foliage,forest,trees');
INSERT OR IGNORE INTO tags (name) VALUES ('horizontal');
INSERT INTO photo_tags (photo_idx, tag_id) VALUES ((SELECT photo_idx FROM photos WHERE photo_id = 2904), (SELECT tag_id FROM tags WHERE name = 'horizontal'));
INSERT OR IGNORE INTO tags (name) VALUES ('autumn');
INSERT INTO photo_tags (photo_idx, tag_id) VALUES ((SELECT photo_idx FROM photos WHERE photo_id = 2904), (SELECT tag_id FROM tags WHERE name = 'autumn'));
INSERT OR IGNORE INTO tags (name) VALUES ('fall');
INSERT INTO photo_tags (photo_idx, tag_id) VALUES ((SELECT photo_idx FROM photos WHERE photo_id = 2904), (SELECT tag_id FROM tags WHERE name = 'fall'));
INSERT OR IGNORE INTO tags (name) VALUES ('landscape');
INSERT INTO photo_tags (photo_idx, tag_id) VALUES ((SELECT photo_idx FROM photos WHERE photo_id = 2904), (SELECT tag_id FROM tags WHERE name = 'landscape'));
INSERT OR IGNORE INTO tags (name) VALUES ('color');
INSERT INTO photo_tags (photo_idx, tag_id) VALUES ((SELECT photo_idx FROM photos WHERE photo_id = 2904), (SELECT tag_id FROM tags WHERE name = 'color'));
INSERT OR IGNORE INTO tags (name) VALUES ('outdoors');
INSERT INTO photo_tags (photo_idx, tag_id) VALUES ((SELECT photo_idx FROM photos WHERE photo_id = 2904), (SELECT tag_id FROM tags WHERE name = 'outdoors'));
INSERT OR IGNORE INTO tags (name) VALUES ('scenic');
INSERT INTO photo_tags (photo_idx, tag_id) VALUES ((SELECT photo_idx FROM photos WHERE photo_id = 2904), (SELECT tag_id FROM tags WHERE name = 'scenic'));
INSERT OR IGNORE INTO tags (name) VALUES ('popular');
INSERT INTO photo_tags (photo_idx, tag_id) VALUES ((SELECT photo_idx FROM photos WHERE photo_id = 2904), (SELECT tag_id FROM tags WHERE name = 'popular'));
INSERT OR IGNORE INTO tags (name) VALUES ('white');
INSERT INTO photo_tags (photo_idx, tag_id) VALUES ((SELECT photo_idx FROM photos WHERE photo_id = 2904), (SELECT tag_id FROM tags WHERE name = 'white'));
INSERT OR IGNORE INTO tags (name) VALUES ('yellow');
INSERT INTO photo_tags (photo_idx, tag_id) VALUES ((SELECT photo_idx FROM photos WHERE photo_id = 2904), (SELECT tag_id FROM tags WHERE name = 'yellow'));
INSERT OR IGNORE INTO tags (name) VALUES ('aspen');
INSERT INTO photo_tags (photo_idx, tag_id) VALUES ((SELECT photo_idx FROM photos WHERE photo_id = 2904), (SELECT tag_id FROM tags WHERE name = 'aspen'));
INSERT OR IGNORE INTO tags (name) VALUES ('foliage');
INSERT INTO photo_tags (photo_idx, tag_id) VALUES ((SELECT photo_idx FROM photos WHERE photo_id = 2904), (SELECT tag_id FROM tags WHERE name = 'foliage'));
INSERT OR IGNORE INTO tags (name) VALUES ('forest');
INSERT INTO photo_tags (photo_idx, tag_id) VALUES ((SELECT photo_idx FROM photos WHERE photo_id = 2904), (SELECT tag_id FROM tags WHERE name = 'forest'));
INSERT OR IGNORE INTO tags (name) VALUES ('trees');
INSERT INTO photo_tags (photo_idx, tag_id) VALUES ((SELECT photo_idx FROM photos WHERE photo_id = 2904), (SELECT tag_id FROM tags WHERE name = 'trees'));

INSERT INTO photos (photo_id, photo_title, photo_collection, photo_location, photo_year, camera, film_stock, film_format) VALUES (2905, 'Autumn in Colorado', 'Colorado', 'Near Aspen, Colorado', 2005, 'Hasselblad H1', 'PhaseOne P25', '6 x 4.5 cm');
INSERT INTO photos_fts (photo_idx, photo_id, photo_title, photo_collection, photo_location, photo_year, camera, film_stock, film_format, tag_names) VALUES ((SELECT photo_idx FROM photos WHERE photo_id = 2905), 2905, 'Autumn in Colorado', 'Colorado', 'Near Aspen, Colorado', 2005, 'Hasselblad H1', 'PhaseOne P25', '6 x 4.5 cm', 'horizontal,autumn,fall,landscape,color,outdoors,scenic,green,white,yellow,aspen,foliage,forest,trees');
INSERT OR IGNORE INTO tags (name) VALUES ('horizontal');
INSERT INTO photo_tags (photo_idx, tag_id) VALUES ((SELECT photo_idx FROM photos WHERE photo_id = 2905), (SELECT tag_id FROM tags WHERE name = 'horizontal'));
INSERT OR IGNORE INTO tags (name) VALUES ('autumn');
INSERT INTO photo_tags (photo_idx, tag_id) VALUES ((SELECT photo_idx FROM photos WHERE photo_id = 2905), (SELECT tag_id FROM tags WHERE name = 'autumn'));
INSERT OR IGNORE INTO tags (name) VALUES ('fall');
INSERT INTO photo_tags (photo_idx, tag_id) VALUES ((SELECT photo_idx FROM photos WHERE photo_id = 2905), (SELECT tag_id FROM tags WHERE name = 'fall'));
INSERT OR IGNORE INTO tags (name) VALUES ('landscape');
INSERT INTO photo_tags (photo_idx, tag_id) VALUES ((SELECT photo_idx FROM photos WHERE photo_id = 2905), (SELECT tag_id FROM tags WHERE name = 'landscape'));
INSERT OR IGNORE INTO tags (name) VALUES ('color');
INSERT INTO photo_tags (photo_idx, tag_id) VALUES ((SELECT photo_idx FROM photos WHERE photo_id = 2905), (SELECT tag_id FROM tags WHERE name = 'color'));
INSERT OR IGNORE INTO tags (name) VALUES ('outdoors');
INSERT INTO photo_tags (photo_idx, tag_id) VALUES ((SELECT photo_idx FROM photos WHERE photo_id = 2905), (SELECT tag_id FROM tags WHERE name = 'outdoors'));
INSERT OR IGNORE INTO tags (name) VALUES ('scenic');
INSERT INTO photo_tags (photo_idx, tag_id) VALUES ((SELECT photo_idx FROM photos WHERE photo_id = 2905), (SELECT tag_id FROM tags WHERE name = 'scenic'));
INSERT OR IGNORE INTO tags (name) VALUES ('green');
INSERT INTO photo_tags (photo_idx, tag_id) VALUES ((SELECT photo_idx FROM photos WHERE photo_id = 2905), (SELECT tag_id FROM tags WHERE name = 'green'));
INSERT OR IGNORE INTO tags (name) VALUES ('white');
INSERT INTO photo_tags (photo_idx, tag_id) VALUES ((SELECT photo_idx FROM photos WHERE photo_id = 2905), (SELECT tag_id FROM tags WHERE name = 'white'));
INSERT OR IGNORE INTO tags (name) VALUES ('yellow');
INSERT INTO photo_tags (photo_idx, tag_id) VALUES ((SELECT photo_idx FROM photos WHERE photo_id = 2905), (SELECT tag_id FROM tags WHERE name = 'yellow'));
INSERT OR IGNORE INTO tags (name) VALUES ('aspen');
INSERT INTO photo_tags (photo_idx, tag_id) VALUES ((SELECT photo_idx FROM photos WHERE photo_id = 2905), (SELECT tag_id FROM tags WHERE name = 'aspen'));
INSERT OR IGNORE INTO tags (name) VALUES ('foliage');
INSERT INTO photo_tags (photo_idx, tag_id) VALUES ((SELECT photo_idx FROM photos WHERE photo_id = 2905), (SELECT tag_id FROM tags WHERE name = 'foliage'));
INSERT OR IGNORE INTO tags (name) VALUES ('forest');
INSERT INTO photo_tags (photo_idx, tag_id) VALUES ((SELECT photo_idx FROM photos WHERE photo_id = 2905), (SELECT tag_id FROM tags WHERE name = 'forest'));
INSERT OR IGNORE INTO tags (name) VALUES ('trees');
INSERT INTO photo_tags (photo_idx, tag_id) VALUES ((SELECT photo_idx FROM photos WHERE photo_id = 2905), (SELECT tag_id FROM tags WHERE name = 'trees'));

INSERT INTO photos (photo_id, photo_title, photo_collection, photo_location, photo_year, camera, film_stock, film_format) VALUES (2906, 'Autumn in Colorado', 'Colorado', 'Near Aspen, Colorado', 2005, 'Hasselblad H1', 'PhaseOne P25', '6 x 4.5 cm');
INSERT INTO photos_fts (photo_idx, photo_id, photo_title, photo_collection, photo_location, photo_year, camera, film_stock, film_format, tag_names) VALUES ((SELECT photo_idx FROM photos WHERE photo_id = 2906), 2906, 'Autumn in Colorado', 'Colorado', 'Near Aspen, Colorado', 2005, 'Hasselblad H1', 'PhaseOne P25', '6 x 4.5 cm', 'horizontal,autumn,fall,landscape,color,outdoors,scenic,yellow,aspen,foliage,forest,trees');
INSERT OR IGNORE INTO tags (name) VALUES ('horizontal');
INSERT INTO photo_tags (photo_idx, tag_id) VALUES ((SELECT photo_idx FROM photos WHERE photo_id = 2906), (SELECT tag_id FROM tags WHERE name = 'horizontal'));
INSERT OR IGNORE INTO tags (name) VALUES ('autumn');
INSERT INTO photo_tags (photo_idx, tag_id) VALUES ((SELECT photo_idx FROM photos WHERE photo_id = 2906), (SELECT tag_id FROM tags WHERE name = 'autumn'));
INSERT OR IGNORE INTO tags (name) VALUES ('fall');
INSERT INTO photo_tags (photo_idx, tag_id) VALUES ((SELECT photo_idx FROM photos WHERE photo_id = 2906), (SELECT tag_id FROM tags WHERE name = 'fall'));
INSERT OR IGNORE INTO tags (name) VALUES ('landscape');
INSERT INTO photo_tags (photo_idx, tag_id) VALUES ((SELECT photo_idx FROM photos WHERE photo_id = 2906), (SELECT tag_id FROM tags WHERE name = 'landscape'));
INSERT OR IGNORE INTO tags (name) VALUES ('color');
INSERT INTO photo_tags (photo_idx, tag_id) VALUES ((SELECT photo_idx FROM photos WHERE photo_id = 2906), (SELECT tag_id FROM tags WHERE name = 'color'));
INSERT OR IGNORE INTO tags (name) VALUES ('outdoors');
INSERT INTO photo_tags (photo_idx, tag_id) VALUES ((SELECT photo_idx FROM photos WHERE photo_id = 2906), (SELECT tag_id FROM tags WHERE name = 'outdoors'));
INSERT OR IGNORE INTO tags (name) VALUES ('scenic');
INSERT INTO photo_tags (photo_idx, tag_id) VALUES ((SELECT photo_idx FROM photos WHERE photo_id = 2906), (SELECT tag_id FROM tags WHERE name = 'scenic'));
INSERT OR IGNORE INTO tags (name) VALUES ('yellow');
INSERT INTO photo_tags (photo_idx, tag_id) VALUES ((SELECT photo_idx FROM photos WHERE photo_id = 2906), (SELECT tag_id FROM tags WHERE name = 'yellow'));
INSERT OR IGNORE INTO tags (name) VALUES ('aspen');
INSERT INTO photo_tags (photo_idx, tag_id) VALUES ((SELECT photo_idx FROM photos WHERE photo_id = 2906), (SELECT tag_id FROM tags WHERE name = 'aspen'));
INSERT OR IGNORE INTO tags (name) VALUES ('foliage');
INSERT INTO photo_tags (photo_idx, tag_id) VALUES ((SELECT photo_idx FROM photos WHERE photo_id = 2906), (SELECT tag_id FROM tags WHERE name = 'foliage'));
INSERT OR IGNORE INTO tags (name) VALUES ('forest');
INSERT INTO photo_tags (photo_idx, tag_id) VALUES ((SELECT photo_idx FROM photos WHERE photo_id = 2906), (SELECT tag_id FROM tags WHERE name = 'forest'));
INSERT OR IGNORE INTO tags (name) VALUES ('trees');
INSERT INTO photo_tags (photo_idx, tag_id) VALUES ((SELECT photo_idx FROM photos WHERE photo_id = 2906), (SELECT tag_id FROM tags WHERE name = 'trees'));

INSERT INTO photos (photo_id, photo_title, photo_collection, photo_location, photo_year, camera, film_stock, film_format) VALUES (2907, 'Autumn in Colorado', 'Colorado', 'Colorado', 2005, 'Hasselblad H1', 'PhaseOne P25', '6 x 4.5 cm');
INSERT INTO photos_fts (photo_idx, photo_id, photo_title, photo_collection, photo_location, photo_year, camera, film_stock, film_format, tag_names) VALUES ((SELECT photo_idx FROM photos WHERE photo_id = 2907), 2907, 'Autumn in Colorado', 'Colorado', 'Colorado', 2005, 'Hasselblad H1', 'PhaseOne P25', '6 x 4.5 cm', 'horizontal,autumn,fall,landscape,color,outdoors,scenic,white,yellow,aspen,foliage,forest,grass,trees');
INSERT OR IGNORE INTO tags (name) VALUES ('horizontal');
INSERT INTO photo_tags (photo_idx, tag_id) VALUES ((SELECT photo_idx FROM photos WHERE photo_id = 2907), (SELECT tag_id FROM tags WHERE name = 'horizontal'));
INSERT OR IGNORE INTO tags (name) VALUES ('autumn');
INSERT INTO photo_tags (photo_idx, tag_id) VALUES ((SELECT photo_idx FROM photos WHERE photo_id = 2907), (SELECT tag_id FROM tags WHERE name = 'autumn'));
INSERT OR IGNORE INTO tags (name) VALUES ('fall');
INSERT INTO photo_tags (photo_idx, tag_id) VALUES ((SELECT photo_idx FROM photos WHERE photo_id = 2907), (SELECT tag_id FROM tags WHERE name = 'fall'));
INSERT OR IGNORE INTO tags (name) VALUES ('landscape');
INSERT INTO photo_tags (photo_idx, tag_id) VALUES ((SELECT photo_idx FROM photos WHERE photo_id = 2907), (SELECT tag_id FROM tags WHERE name = 'landscape'));
INSERT OR IGNORE INTO tags (name) VALUES ('color');
INSERT INTO photo_tags (photo_idx, tag_id) VALUES ((SELECT photo_idx FROM photos WHERE photo_id = 2907), (SELECT tag_id FROM tags WHERE name = 'color'));
INSERT OR IGNORE INTO tags (name) VALUES ('outdoors');
INSERT INTO photo_tags (photo_idx, tag_id) VALUES ((SELECT photo_idx FROM photos WHERE photo_id = 2907), (SELECT tag_id FROM tags WHERE name = 'outdoors'));
INSERT OR IGNORE INTO tags (name) VALUES ('scenic');
INSERT INTO photo_tags (photo_idx, tag_id) VALUES ((SELECT photo_idx FROM photos WHERE photo_id = 2907), (SELECT tag_id FROM tags WHERE name = 'scenic'));
INSERT OR IGNORE INTO tags (name) VALUES ('white');
INSERT INTO photo_tags (photo_idx, tag_id) VALUES ((SELECT photo_idx FROM photos WHERE photo_id = 2907), (SELECT tag_id FROM tags WHERE name = 'white'));
INSERT OR IGNORE INTO tags (name) VALUES ('yellow');
INSERT INTO photo_tags (photo_idx, tag_id) VALUES ((SELECT photo_idx FROM photos WHERE photo_id = 2907), (SELECT tag_id FROM tags WHERE name = 'yellow'));
INSERT OR IGNORE INTO tags (name) VALUES ('aspen');
INSERT INTO photo_tags (photo_idx, tag_id) VALUES ((SELECT photo_idx FROM photos WHERE photo_id = 2907), (SELECT tag_id FROM tags WHERE name = 'aspen'));
INSERT OR IGNORE INTO tags (name) VALUES ('foliage');
INSERT INTO photo_tags (photo_idx, tag_id) VALUES ((SELECT photo_idx FROM photos WHERE photo_id = 2907), (SELECT tag_id FROM tags WHERE name = 'foliage'));
INSERT OR IGNORE INTO tags (name) VALUES ('forest');
INSERT INTO photo_tags (photo_idx, tag_id) VALUES ((SELECT photo_idx FROM photos WHERE photo_id = 2907), (SELECT tag_id FROM tags WHERE name = 'forest'));
INSERT OR IGNORE INTO tags (name) VALUES ('grass');
INSERT INTO photo_tags (photo_idx, tag_id) VALUES ((SELECT photo_idx FROM photos WHERE photo_id = 2907), (SELECT tag_id FROM tags WHERE name = 'grass'));
INSERT OR IGNORE INTO tags (name) VALUES ('trees');
INSERT INTO photo_tags (photo_idx, tag_id) VALUES ((SELECT photo_idx FROM photos WHERE photo_id = 2907), (SELECT tag_id FROM tags WHERE name = 'trees'));

INSERT INTO photos (photo_id, photo_title, photo_collection, photo_location, photo_year, camera, film_stock, film_format) VALUES (2908, 'Autumn in Colorado', 'Colorado', 'Colorado', 2005, 'Hasselblad H1', 'PhaseOne P25', '6 x 4.5 cm');
INSERT INTO photos_fts (photo_idx, photo_id, photo_title, photo_collection, photo_location, photo_year, camera, film_stock, film_format, tag_names) VALUES ((SELECT photo_idx FROM photos WHERE photo_id = 2908), 2908, 'Autumn in Colorado', 'Colorado', 'Colorado', 2005, 'Hasselblad H1', 'PhaseOne P25', '6 x 4.5 cm', 'horizontal,autumn,fall,landscape,color,outdoors,scenic,white,yellow,aspen,foliage,forest,trees');
INSERT OR IGNORE INTO tags (name) VALUES ('horizontal');
INSERT INTO photo_tags (photo_idx, tag_id) VALUES ((SELECT photo_idx FROM photos WHERE photo_id = 2908), (SELECT tag_id FROM tags WHERE name = 'horizontal'));
INSERT OR IGNORE INTO tags (name) VALUES ('autumn');
INSERT INTO photo_tags (photo_idx, tag_id) VALUES ((SELECT photo_idx FROM photos WHERE photo_id = 2908), (SELECT tag_id FROM tags WHERE name = 'autumn'));
INSERT OR IGNORE INTO tags (name) VALUES ('fall');
INSERT INTO photo_tags (photo_idx, tag_id) VALUES ((SELECT photo_idx FROM photos WHERE photo_id = 2908), (SELECT tag_id FROM tags WHERE name = 'fall'));
INSERT OR IGNORE INTO tags (name) VALUES ('landscape');
INSERT INTO photo_tags (photo_idx, tag_id) VALUES ((SELECT photo_idx FROM photos WHERE photo_id = 2908), (SELECT tag_id FROM tags WHERE name = 'landscape'));
INSERT OR IGNORE INTO tags (name) VALUES ('color');
INSERT INTO photo_tags (photo_idx, tag_id) VALUES ((SELECT photo_idx FROM photos WHERE photo_id = 2908), (SELECT tag_id FROM tags WHERE name = 'color'));
INSERT OR IGNORE INTO tags (name) VALUES ('outdoors');
INSERT INTO photo_tags (photo_idx, tag_id) VALUES ((SELECT photo_idx FROM photos WHERE photo_id = 2908), (SELECT tag_id FROM tags WHERE name = 'outdoors'));
INSERT OR IGNORE INTO tags (name) VALUES ('scenic');
INSERT INTO photo_tags (photo_idx, tag_id) VALUES ((SELECT photo_idx FROM photos WHERE photo_id = 2908), (SELECT tag_id FROM tags WHERE name = 'scenic'));
INSERT OR IGNORE INTO tags (name) VALUES ('white');
INSERT INTO photo_tags (photo_idx, tag_id) VALUES ((SELECT photo_idx FROM photos WHERE photo_id = 2908), (SELECT tag_id FROM tags WHERE name = 'white'));
INSERT OR IGNORE INTO tags (name) VALUES ('yellow');
INSERT INTO photo_tags (photo_idx, tag_id) VALUES ((SELECT photo_idx FROM photos WHERE photo_id = 2908), (SELECT tag_id FROM tags WHERE name = 'yellow'));
INSERT OR IGNORE INTO tags (name) VALUES ('aspen');
INSERT INTO photo_tags (photo_idx, tag_id) VALUES ((SELECT photo_idx FROM photos WHERE photo_id = 2908), (SELECT tag_id FROM tags WHERE name = 'aspen'));
INSERT OR IGNORE INTO tags (name) VALUES ('foliage');
INSERT INTO photo_tags (photo_idx, tag_id) VALUES ((SELECT photo_idx FROM photos WHERE photo_id = 2908), (SELECT tag_id FROM tags WHERE name = 'foliage'));
INSERT OR IGNORE INTO tags (name) VALUES ('forest');
INSERT INTO photo_tags (photo_idx, tag_id) VALUES ((SELECT photo_idx FROM photos WHERE photo_id = 2908), (SELECT tag_id FROM tags WHERE name = 'forest'));
INSERT OR IGNORE INTO tags (name) VALUES ('trees');
INSERT INTO photo_tags (photo_idx, tag_id) VALUES ((SELECT photo_idx FROM photos WHERE photo_id = 2908), (SELECT tag_id FROM tags WHERE name = 'trees'));

INSERT INTO photos (photo_id, photo_title, photo_collection, photo_location, photo_year, camera, film_stock, film_format) VALUES (2909, 'Autumn in Colorado', 'Colorado', 'Colorado', 2005, 'Hasselblad H1', 'PhaseOne P25', '6 x 4.5 cm');
INSERT INTO photos_fts (photo_idx, photo_id, photo_title, photo_collection, photo_location, photo_year, camera, film_stock, film_format, tag_names) VALUES ((SELECT photo_idx FROM photos WHERE photo_id = 2909), 2909, 'Autumn in Colorado', 'Colorado', 'Colorado', 2005, 'Hasselblad H1', 'PhaseOne P25', '6 x 4.5 cm', 'horizontal,autumn,fall,landscape,color,outdoors,scenic,popular,white,yellow,aspen,foliage,forest,grass,trees');
INSERT OR IGNORE INTO tags (name) VALUES ('horizontal');
INSERT INTO photo_tags (photo_idx, tag_id) VALUES ((SELECT photo_idx FROM photos WHERE photo_id = 2909), (SELECT tag_id FROM tags WHERE name = 'horizontal'));
INSERT OR IGNORE INTO tags (name) VALUES ('autumn');
INSERT INTO photo_tags (photo_idx, tag_id) VALUES ((SELECT photo_idx FROM photos WHERE photo_id = 2909), (SELECT tag_id FROM tags WHERE name = 'autumn'));
INSERT OR IGNORE INTO tags (name) VALUES ('fall');
INSERT INTO photo_tags (photo_idx, tag_id) VALUES ((SELECT photo_idx FROM photos WHERE photo_id = 2909), (SELECT tag_id FROM tags WHERE name = 'fall'));
INSERT OR IGNORE INTO tags (name) VALUES ('landscape');
INSERT INTO photo_tags (photo_idx, tag_id) VALUES ((SELECT photo_idx FROM photos WHERE photo_id = 2909), (SELECT tag_id FROM tags WHERE name = 'landscape'));
INSERT OR IGNORE INTO tags (name) VALUES ('color');
INSERT INTO photo_tags (photo_idx, tag_id) VALUES ((SELECT photo_idx FROM photos WHERE photo_id = 2909), (SELECT tag_id FROM tags WHERE name = 'color'));
INSERT OR IGNORE INTO tags (name) VALUES ('outdoors');
INSERT INTO photo_tags (photo_idx, tag_id) VALUES ((SELECT photo_idx FROM photos WHERE photo_id = 2909), (SELECT tag_id FROM tags WHERE name = 'outdoors'));
INSERT OR IGNORE INTO tags (name) VALUES ('scenic');
INSERT INTO photo_tags (photo_idx, tag_id) VALUES ((SELECT photo_idx FROM photos WHERE photo_id = 2909), (SELECT tag_id FROM tags WHERE name = 'scenic'));
INSERT OR IGNORE INTO tags (name) VALUES ('popular');
INSERT INTO photo_tags (photo_idx, tag_id) VALUES ((SELECT photo_idx FROM photos WHERE photo_id = 2909), (SELECT tag_id FROM tags WHERE name = 'popular'));
INSERT OR IGNORE INTO tags (name) VALUES ('white');
INSERT INTO photo_tags (photo_idx, tag_id) VALUES ((SELECT photo_idx FROM photos WHERE photo_id = 2909), (SELECT tag_id FROM tags WHERE name = 'white'));
INSERT OR IGNORE INTO tags (name) VALUES ('yellow');
INSERT INTO photo_tags (photo_idx, tag_id) VALUES ((SELECT photo_idx FROM photos WHERE photo_id = 2909), (SELECT tag_id FROM tags WHERE name = 'yellow'));
INSERT OR IGNORE INTO tags (name) VALUES ('aspen');
INSERT INTO photo_tags (photo_idx, tag_id) VALUES ((SELECT photo_idx FROM photos WHERE photo_id = 2909), (SELECT tag_id FROM tags WHERE name = 'aspen'));
INSERT OR IGNORE INTO tags (name) VALUES ('foliage');
INSERT INTO photo_tags (photo_idx, tag_id) VALUES ((SELECT photo_idx FROM photos WHERE photo_id = 2909), (SELECT tag_id FROM tags WHERE name = 'foliage'));
INSERT OR IGNORE INTO tags (name) VALUES ('forest');
INSERT INTO photo_tags (photo_idx, tag_id) VALUES ((SELECT photo_idx FROM photos WHERE photo_id = 2909), (SELECT tag_id FROM tags WHERE name = 'forest'));
INSERT OR IGNORE INTO tags (name) VALUES ('grass');
INSERT INTO photo_tags (photo_idx, tag_id) VALUES ((SELECT photo_idx FROM photos WHERE photo_id = 2909), (SELECT tag_id FROM tags WHERE name = 'grass'));
INSERT OR IGNORE INTO tags (name) VALUES ('trees');
INSERT INTO photo_tags (photo_idx, tag_id) VALUES ((SELECT photo_idx FROM photos WHERE photo_id = 2909), (SELECT tag_id FROM tags WHERE name = 'trees'));

INSERT INTO photos (photo_id, photo_title, photo_collection, photo_location, photo_year, camera, film_stock, film_format) VALUES (2910, 'Autumn in Colorado', 'Colorado', 'Colorado', 2005, 'Hasselblad H1', 'PhaseOne P25', '6 x 4.5 cm');
INSERT INTO photos_fts (photo_idx, photo_id, photo_title, photo_collection, photo_location, photo_year, camera, film_stock, film_format, tag_names) VALUES ((SELECT photo_idx FROM photos WHERE photo_id = 2910), 2910, 'Autumn in Colorado', 'Colorado', 'Colorado', 2005, 'Hasselblad H1', 'PhaseOne P25', '6 x 4.5 cm', 'horizontal,autumn,fall,landscape,color,outdoors,scenic,yellow,aspen,foliage,forest,grass,trees');
INSERT OR IGNORE INTO tags (name) VALUES ('horizontal');
INSERT INTO photo_tags (photo_idx, tag_id) VALUES ((SELECT photo_idx FROM photos WHERE photo_id = 2910), (SELECT tag_id FROM tags WHERE name = 'horizontal'));
INSERT OR IGNORE INTO tags (name) VALUES ('autumn');
INSERT INTO photo_tags (photo_idx, tag_id) VALUES ((SELECT photo_idx FROM photos WHERE photo_id = 2910), (SELECT tag_id FROM tags WHERE name = 'autumn'));
INSERT OR IGNORE INTO tags (name) VALUES ('fall');
INSERT INTO photo_tags (photo_idx, tag_id) VALUES ((SELECT photo_idx FROM photos WHERE photo_id = 2910), (SELECT tag_id FROM tags WHERE name = 'fall'));
INSERT OR IGNORE INTO tags (name) VALUES ('landscape');
INSERT INTO photo_tags (photo_idx, tag_id) VALUES ((SELECT photo_idx FROM photos WHERE photo_id = 2910), (SELECT tag_id FROM tags WHERE name = 'landscape'));
INSERT OR IGNORE INTO tags (name) VALUES ('color');
INSERT INTO photo_tags (photo_idx, tag_id) VALUES ((SELECT photo_idx FROM photos WHERE photo_id = 2910), (SELECT tag_id FROM tags WHERE name = 'color'));
INSERT OR IGNORE INTO tags (name) VALUES ('outdoors');
INSERT INTO photo_tags (photo_idx, tag_id) VALUES ((SELECT photo_idx FROM photos WHERE photo_id = 2910), (SELECT tag_id FROM tags WHERE name = 'outdoors'));
INSERT OR IGNORE INTO tags (name) VALUES ('scenic');
INSERT INTO photo_tags (photo_idx, tag_id) VALUES ((SELECT photo_idx FROM photos WHERE photo_id = 2910), (SELECT tag_id FROM tags WHERE name = 'scenic'));
INSERT OR IGNORE INTO tags (name) VALUES ('yellow');
INSERT INTO photo_tags (photo_idx, tag_id) VALUES ((SELECT photo_idx FROM photos WHERE photo_id = 2910), (SELECT tag_id FROM tags WHERE name = 'yellow'));
INSERT OR IGNORE INTO tags (name) VALUES ('aspen');
INSERT INTO photo_tags (photo_idx, tag_id) VALUES ((SELECT photo_idx FROM photos WHERE photo_id = 2910), (SELECT tag_id FROM tags WHERE name = 'aspen'));
INSERT OR IGNORE INTO tags (name) VALUES ('foliage');
INSERT INTO photo_tags (photo_idx, tag_id) VALUES ((SELECT photo_idx FROM photos WHERE photo_id = 2910), (SELECT tag_id FROM tags WHERE name = 'foliage'));
INSERT OR IGNORE INTO tags (name) VALUES ('forest');
INSERT INTO photo_tags (photo_idx, tag_id) VALUES ((SELECT photo_idx FROM photos WHERE photo_id = 2910), (SELECT tag_id FROM tags WHERE name = 'forest'));
INSERT OR IGNORE INTO tags (name) VALUES ('grass');
INSERT INTO photo_tags (photo_idx, tag_id) VALUES ((SELECT photo_idx FROM photos WHERE photo_id = 2910), (SELECT tag_id FROM tags WHERE name = 'grass'));
INSERT OR IGNORE INTO tags (name) VALUES ('trees');
INSERT INTO photo_tags (photo_idx, tag_id) VALUES ((SELECT photo_idx FROM photos WHERE photo_id = 2910), (SELECT tag_id FROM tags WHERE name = 'trees'));

INSERT INTO photos (photo_id, photo_title, photo_collection, photo_location, photo_year, camera, film_stock, film_format) VALUES (2911, 'Autumn in Colorado', 'Colorado', 'Colorado', 2005, 'Hasselblad H1', 'PhaseOne P25', '6 x 4.5 cm');
INSERT INTO photos_fts (photo_idx, photo_id, photo_title, photo_collection, photo_location, photo_year, camera, film_stock, film_format, tag_names) VALUES ((SELECT photo_idx FROM photos WHERE photo_id = 2911), 2911, 'Autumn in Colorado', 'Colorado', 'Colorado', 2005, 'Hasselblad H1', 'PhaseOne P25', '6 x 4.5 cm', 'horizontal,autumn,fall,landscape,color,outdoors,scenic,yellow,aspen,foliage,forest,grass,trees');
INSERT OR IGNORE INTO tags (name) VALUES ('horizontal');
INSERT INTO photo_tags (photo_idx, tag_id) VALUES ((SELECT photo_idx FROM photos WHERE photo_id = 2911), (SELECT tag_id FROM tags WHERE name = 'horizontal'));
INSERT OR IGNORE INTO tags (name) VALUES ('autumn');
INSERT INTO photo_tags (photo_idx, tag_id) VALUES ((SELECT photo_idx FROM photos WHERE photo_id = 2911), (SELECT tag_id FROM tags WHERE name = 'autumn'));
INSERT OR IGNORE INTO tags (name) VALUES ('fall');
INSERT INTO photo_tags (photo_idx, tag_id) VALUES ((SELECT photo_idx FROM photos WHERE photo_id = 2911), (SELECT tag_id FROM tags WHERE name = 'fall'));
INSERT OR IGNORE INTO tags (name) VALUES ('landscape');
INSERT INTO photo_tags (photo_idx, tag_id) VALUES ((SELECT photo_idx FROM photos WHERE photo_id = 2911), (SELECT tag_id FROM tags WHERE name = 'landscape'));
INSERT OR IGNORE INTO tags (name) VALUES ('color');
INSERT INTO photo_tags (photo_idx, tag_id) VALUES ((SELECT photo_idx FROM photos WHERE photo_id = 2911), (SELECT tag_id FROM tags WHERE name = 'color'));
INSERT OR IGNORE INTO tags (name) VALUES ('outdoors');
INSERT INTO photo_tags (photo_idx, tag_id) VALUES ((SELECT photo_idx FROM photos WHERE photo_id = 2911), (SELECT tag_id FROM tags WHERE name = 'outdoors'));
INSERT OR IGNORE INTO tags (name) VALUES ('scenic');
INSERT INTO photo_tags (photo_idx, tag_id) VALUES ((SELECT photo_idx FROM photos WHERE photo_id = 2911), (SELECT tag_id FROM tags WHERE name = 'scenic'));
INSERT OR IGNORE INTO tags (name) VALUES ('yellow');
INSERT INTO photo_tags (photo_idx, tag_id) VALUES ((SELECT photo_idx FROM photos WHERE photo_id = 2911), (SELECT tag_id FROM tags WHERE name = 'yellow'));
INSERT OR IGNORE INTO tags (name) VALUES ('aspen');
INSERT INTO photo_tags (photo_idx, tag_id) VALUES ((SELECT photo_idx FROM photos WHERE photo_id = 2911), (SELECT tag_id FROM tags WHERE name = 'aspen'));
INSERT OR IGNORE INTO tags (name) VALUES ('foliage');
INSERT INTO photo_tags (photo_idx, tag_id) VALUES ((SELECT photo_idx FROM photos WHERE photo_id = 2911), (SELECT tag_id FROM tags WHERE name = 'foliage'));
INSERT OR IGNORE INTO tags (name) VALUES ('forest');
INSERT INTO photo_tags (photo_idx, tag_id) VALUES ((SELECT photo_idx FROM photos WHERE photo_id = 2911), (SELECT tag_id FROM tags WHERE name = 'forest'));
INSERT OR IGNORE INTO tags (name) VALUES ('grass');
INSERT INTO photo_tags (photo_idx, tag_id) VALUES ((SELECT photo_idx FROM photos WHERE photo_id = 2911), (SELECT tag_id FROM tags WHERE name = 'grass'));
INSERT OR IGNORE INTO tags (name) VALUES ('trees');
INSERT INTO photo_tags (photo_idx, tag_id) VALUES ((SELECT photo_idx FROM photos WHERE photo_id = 2911), (SELECT tag_id FROM tags WHERE name = 'trees'));

INSERT INTO photos (photo_id, photo_title, photo_collection, photo_location, photo_year, camera, film_stock, film_format) VALUES (2912, 'Autumn in Colorado', 'Colorado', 'Colorado', 2005, 'Hasselblad H1', 'PhaseOne P25', '6 x 4.5 cm');
INSERT INTO photos_fts (photo_idx, photo_id, photo_title, photo_collection, photo_location, photo_year, camera, film_stock, film_format, tag_names) VALUES ((SELECT photo_idx FROM photos WHERE photo_id = 2912), 2912, 'Autumn in Colorado', 'Colorado', 'Colorado', 2005, 'Hasselblad H1', 'PhaseOne P25', '6 x 4.5 cm', 'horizontal,autumn,fall,landscape,color,outdoors,scenic,white,yellow,aspen,foliage,forest,grass,trees');
INSERT OR IGNORE INTO tags (name) VALUES ('horizontal');
INSERT INTO photo_tags (photo_idx, tag_id) VALUES ((SELECT photo_idx FROM photos WHERE photo_id = 2912), (SELECT tag_id FROM tags WHERE name = 'horizontal'));
INSERT OR IGNORE INTO tags (name) VALUES ('autumn');
INSERT INTO photo_tags (photo_idx, tag_id) VALUES ((SELECT photo_idx FROM photos WHERE photo_id = 2912), (SELECT tag_id FROM tags WHERE name = 'autumn'));
INSERT OR IGNORE INTO tags (name) VALUES ('fall');
INSERT INTO photo_tags (photo_idx, tag_id) VALUES ((SELECT photo_idx FROM photos WHERE photo_id = 2912), (SELECT tag_id FROM tags WHERE name = 'fall'));
INSERT OR IGNORE INTO tags (name) VALUES ('landscape');
INSERT INTO photo_tags (photo_idx, tag_id) VALUES ((SELECT photo_idx FROM photos WHERE photo_id = 2912), (SELECT tag_id FROM tags WHERE name = 'landscape'));
INSERT OR IGNORE INTO tags (name) VALUES ('color');
INSERT INTO photo_tags (photo_idx, tag_id) VALUES ((SELECT photo_idx FROM photos WHERE photo_id = 2912), (SELECT tag_id FROM tags WHERE name = 'color'));
INSERT OR IGNORE INTO tags (name) VALUES ('outdoors');
INSERT INTO photo_tags (photo_idx, tag_id) VALUES ((SELECT photo_idx FROM photos WHERE photo_id = 2912), (SELECT tag_id FROM tags WHERE name = 'outdoors'));
INSERT OR IGNORE INTO tags (name) VALUES ('scenic');
INSERT INTO photo_tags (photo_idx, tag_id) VALUES ((SELECT photo_idx FROM photos WHERE photo_id = 2912), (SELECT tag_id FROM tags WHERE name = 'scenic'));
INSERT OR IGNORE INTO tags (name) VALUES ('white');
INSERT INTO photo_tags (photo_idx, tag_id) VALUES ((SELECT photo_idx FROM photos WHERE photo_id = 2912), (SELECT tag_id FROM tags WHERE name = 'white'));
INSERT OR IGNORE INTO tags (name) VALUES ('yellow');
INSERT INTO photo_tags (photo_idx, tag_id) VALUES ((SELECT photo_idx FROM photos WHERE photo_id = 2912), (SELECT tag_id FROM tags WHERE name = 'yellow'));
INSERT OR IGNORE INTO tags (name) VALUES ('aspen');
INSERT INTO photo_tags (photo_idx, tag_id) VALUES ((SELECT photo_idx FROM photos WHERE photo_id = 2912), (SELECT tag_id FROM tags WHERE name = 'aspen'));
INSERT OR IGNORE INTO tags (name) VALUES ('foliage');
INSERT INTO photo_tags (photo_idx, tag_id) VALUES ((SELECT photo_idx FROM photos WHERE photo_id = 2912), (SELECT tag_id FROM tags WHERE name = 'foliage'));
INSERT OR IGNORE INTO tags (name) VALUES ('forest');
INSERT INTO photo_tags (photo_idx, tag_id) VALUES ((SELECT photo_idx FROM photos WHERE photo_id = 2912), (SELECT tag_id FROM tags WHERE name = 'forest'));
INSERT OR IGNORE INTO tags (name) VALUES ('grass');
INSERT INTO photo_tags (photo_idx, tag_id) VALUES ((SELECT photo_idx FROM photos WHERE photo_id = 2912), (SELECT tag_id FROM tags WHERE name = 'grass'));
INSERT OR IGNORE INTO tags (name) VALUES ('trees');
INSERT INTO photo_tags (photo_idx, tag_id) VALUES ((SELECT photo_idx FROM photos WHERE photo_id = 2912), (SELECT tag_id FROM tags WHERE name = 'trees'));

INSERT INTO photos (photo_id, photo_title, photo_collection, photo_location, photo_year, camera, film_stock, film_format) VALUES (2913, 'Autumn in Colorado', 'Colorado', 'Colorado', 2005, 'Hasselblad H1', 'PhaseOne P25', '6 x 4.5 cm');
INSERT INTO photos_fts (photo_idx, photo_id, photo_title, photo_collection, photo_location, photo_year, camera, film_stock, film_format, tag_names) VALUES ((SELECT photo_idx FROM photos WHERE photo_id = 2913), 2913, 'Autumn in Colorado', 'Colorado', 'Colorado', 2005, 'Hasselblad H1', 'PhaseOne P25', '6 x 4.5 cm', 'horizontal,autumn,fall,landscape,color,outdoors,scenic,green,yellow,aspen,foliage,forest,trees');
INSERT OR IGNORE INTO tags (name) VALUES ('horizontal');
INSERT INTO photo_tags (photo_idx, tag_id) VALUES ((SELECT photo_idx FROM photos WHERE photo_id = 2913), (SELECT tag_id FROM tags WHERE name = 'horizontal'));
INSERT OR IGNORE INTO tags (name) VALUES ('autumn');
INSERT INTO photo_tags (photo_idx, tag_id) VALUES ((SELECT photo_idx FROM photos WHERE photo_id = 2913), (SELECT tag_id FROM tags WHERE name = 'autumn'));
INSERT OR IGNORE INTO tags (name) VALUES ('fall');
INSERT INTO photo_tags (photo_idx, tag_id) VALUES ((SELECT photo_idx FROM photos WHERE photo_id = 2913), (SELECT tag_id FROM tags WHERE name = 'fall'));
INSERT OR IGNORE INTO tags (name) VALUES ('landscape');
INSERT INTO photo_tags (photo_idx, tag_id) VALUES ((SELECT photo_idx FROM photos WHERE photo_id = 2913), (SELECT tag_id FROM tags WHERE name = 'landscape'));
INSERT OR IGNORE INTO tags (name) VALUES ('color');
INSERT INTO photo_tags (photo_idx, tag_id) VALUES ((SELECT photo_idx FROM photos WHERE photo_id = 2913), (SELECT tag_id FROM tags WHERE name = 'color'));
INSERT OR IGNORE INTO tags (name) VALUES ('outdoors');
INSERT INTO photo_tags (photo_idx, tag_id) VALUES ((SELECT photo_idx FROM photos WHERE photo_id = 2913), (SELECT tag_id FROM tags WHERE name = 'outdoors'));
INSERT OR IGNORE INTO tags (name) VALUES ('scenic');
INSERT INTO photo_tags (photo_idx, tag_id) VALUES ((SELECT photo_idx FROM photos WHERE photo_id = 2913), (SELECT tag_id FROM tags WHERE name = 'scenic'));
INSERT OR IGNORE INTO tags (name) VALUES ('green');
INSERT INTO photo_tags (photo_idx, tag_id) VALUES ((SELECT photo_idx FROM photos WHERE photo_id = 2913), (SELECT tag_id FROM tags WHERE name = 'green'));
INSERT OR IGNORE INTO tags (name) VALUES ('yellow');
INSERT INTO photo_tags (photo_idx, tag_id) VALUES ((SELECT photo_idx FROM photos WHERE photo_id = 2913), (SELECT tag_id FROM tags WHERE name = 'yellow'));
INSERT OR IGNORE INTO tags (name) VALUES ('aspen');
INSERT INTO photo_tags (photo_idx, tag_id) VALUES ((SELECT photo_idx FROM photos WHERE photo_id = 2913), (SELECT tag_id FROM tags WHERE name = 'aspen'));
INSERT OR IGNORE INTO tags (name) VALUES ('foliage');
INSERT INTO photo_tags (photo_idx, tag_id) VALUES ((SELECT photo_idx FROM photos WHERE photo_id = 2913), (SELECT tag_id FROM tags WHERE name = 'foliage'));
INSERT OR IGNORE INTO tags (name) VALUES ('forest');
INSERT INTO photo_tags (photo_idx, tag_id) VALUES ((SELECT photo_idx FROM photos WHERE photo_id = 2913), (SELECT tag_id FROM tags WHERE name = 'forest'));
INSERT OR IGNORE INTO tags (name) VALUES ('trees');
INSERT INTO photo_tags (photo_idx, tag_id) VALUES ((SELECT photo_idx FROM photos WHERE photo_id = 2913), (SELECT tag_id FROM tags WHERE name = 'trees'));

INSERT INTO photos (photo_id, photo_title, photo_collection, photo_location, photo_year, camera, film_stock, film_format) VALUES (2915, 'Autumn in Colorado', 'Colorado', 'Colorado', 2005, 'Hasselblad H1', 'PhaseOne P25', '6 x 4.5 cm');
INSERT INTO photos_fts (photo_idx, photo_id, photo_title, photo_collection, photo_location, photo_year, camera, film_stock, film_format, tag_names) VALUES ((SELECT photo_idx FROM photos WHERE photo_id = 2915), 2915, 'Autumn in Colorado', 'Colorado', 'Colorado', 2005, 'Hasselblad H1', 'PhaseOne P25', '6 x 4.5 cm', 'horizontal,autumn,fall,landscape,color,outdoors,scenic,green,yellow,aspen,foliage,forest,trees');
INSERT OR IGNORE INTO tags (name) VALUES ('horizontal');
INSERT INTO photo_tags (photo_idx, tag_id) VALUES ((SELECT photo_idx FROM photos WHERE photo_id = 2915), (SELECT tag_id FROM tags WHERE name = 'horizontal'));
INSERT OR IGNORE INTO tags (name) VALUES ('autumn');
INSERT INTO photo_tags (photo_idx, tag_id) VALUES ((SELECT photo_idx FROM photos WHERE photo_id = 2915), (SELECT tag_id FROM tags WHERE name = 'autumn'));
INSERT OR IGNORE INTO tags (name) VALUES ('fall');
INSERT INTO photo_tags (photo_idx, tag_id) VALUES ((SELECT photo_idx FROM photos WHERE photo_id = 2915), (SELECT tag_id FROM tags WHERE name = 'fall'));
INSERT OR IGNORE INTO tags (name) VALUES ('landscape');
INSERT INTO photo_tags (photo_idx, tag_id) VALUES ((SELECT photo_idx FROM photos WHERE photo_id = 2915), (SELECT tag_id FROM tags WHERE name = 'landscape'));
INSERT OR IGNORE INTO tags (name) VALUES ('color');
INSERT INTO photo_tags (photo_idx, tag_id) VALUES ((SELECT photo_idx FROM photos WHERE photo_id = 2915), (SELECT tag_id FROM tags WHERE name = 'color'));
INSERT OR IGNORE INTO tags (name) VALUES ('outdoors');
INSERT INTO photo_tags (photo_idx, tag_id) VALUES ((SELECT photo_idx FROM photos WHERE photo_id = 2915), (SELECT tag_id FROM tags WHERE name = 'outdoors'));
INSERT OR IGNORE INTO tags (name) VALUES ('scenic');
INSERT INTO photo_tags (photo_idx, tag_id) VALUES ((SELECT photo_idx FROM photos WHERE photo_id = 2915), (SELECT tag_id FROM tags WHERE name = 'scenic'));
INSERT OR IGNORE INTO tags (name) VALUES ('green');
INSERT INTO photo_tags (photo_idx, tag_id) VALUES ((SELECT photo_idx FROM photos WHERE photo_id = 2915), (SELECT tag_id FROM tags WHERE name = 'green'));
INSERT OR IGNORE INTO tags (name) VALUES ('yellow');
INSERT INTO photo_tags (photo_idx, tag_id) VALUES ((SELECT photo_idx FROM photos WHERE photo_id = 2915), (SELECT tag_id FROM tags WHERE name = 'yellow'));
INSERT OR IGNORE INTO tags (name) VALUES ('aspen');
INSERT INTO photo_tags (photo_idx, tag_id) VALUES ((SELECT photo_idx FROM photos WHERE photo_id = 2915), (SELECT tag_id FROM tags WHERE name = 'aspen'));
INSERT OR IGNORE INTO tags (name) VALUES ('foliage');
INSERT INTO photo_tags (photo_idx, tag_id) VALUES ((SELECT photo_idx FROM photos WHERE photo_id = 2915), (SELECT tag_id FROM tags WHERE name = 'foliage'));
INSERT OR IGNORE INTO tags (name) VALUES ('forest');
INSERT INTO photo_tags (photo_idx, tag_id) VALUES ((SELECT photo_idx FROM photos WHERE photo_id = 2915), (SELECT tag_id FROM tags WHERE name = 'forest'));
INSERT OR IGNORE INTO tags (name) VALUES ('trees');
INSERT INTO photo_tags (photo_idx, tag_id) VALUES ((SELECT photo_idx FROM photos WHERE photo_id = 2915), (SELECT tag_id FROM tags WHERE name = 'trees'));

INSERT INTO photos (photo_id, photo_title, photo_collection, photo_location, photo_year, camera, film_stock, film_format) VALUES (2916, 'Autumn in Colorado', 'Colorado', 'Colorado', 2005, 'Hasselblad H1', 'PhaseOne P25', '6 x 4.5 cm');
INSERT INTO photos_fts (photo_idx, photo_id, photo_title, photo_collection, photo_location, photo_year, camera, film_stock, film_format, tag_names) VALUES ((SELECT photo_idx FROM photos WHERE photo_id = 2916), 2916, 'Autumn in Colorado', 'Colorado', 'Colorado', 2005, 'Hasselblad H1', 'PhaseOne P25', '6 x 4.5 cm', 'horizontal,autumn,fall,landscape,color,outdoors,scenic,green,yellow,aspen,foliage,forest,trees');
INSERT OR IGNORE INTO tags (name) VALUES ('horizontal');
INSERT INTO photo_tags (photo_idx, tag_id) VALUES ((SELECT photo_idx FROM photos WHERE photo_id = 2916), (SELECT tag_id FROM tags WHERE name = 'horizontal'));
INSERT OR IGNORE INTO tags (name) VALUES ('autumn');
INSERT INTO photo_tags (photo_idx, tag_id) VALUES ((SELECT photo_idx FROM photos WHERE photo_id = 2916), (SELECT tag_id FROM tags WHERE name = 'autumn'));
INSERT OR IGNORE INTO tags (name) VALUES ('fall');
INSERT INTO photo_tags (photo_idx, tag_id) VALUES ((SELECT photo_idx FROM photos WHERE photo_id = 2916), (SELECT tag_id FROM tags WHERE name = 'fall'));
INSERT OR IGNORE INTO tags (name) VALUES ('landscape');
INSERT INTO photo_tags (photo_idx, tag_id) VALUES ((SELECT photo_idx FROM photos WHERE photo_id = 2916), (SELECT tag_id FROM tags WHERE name = 'landscape'));
INSERT OR IGNORE INTO tags (name) VALUES ('color');
INSERT INTO photo_tags (photo_idx, tag_id) VALUES ((SELECT photo_idx FROM photos WHERE photo_id = 2916), (SELECT tag_id FROM tags WHERE name = 'color'));
INSERT OR IGNORE INTO tags (name) VALUES ('outdoors');
INSERT INTO photo_tags (photo_idx, tag_id) VALUES ((SELECT photo_idx FROM photos WHERE photo_id = 2916), (SELECT tag_id FROM tags WHERE name = 'outdoors'));
INSERT OR IGNORE INTO tags (name) VALUES ('scenic');
INSERT INTO photo_tags (photo_idx, tag_id) VALUES ((SELECT photo_idx FROM photos WHERE photo_id = 2916), (SELECT tag_id FROM tags WHERE name = 'scenic'));
INSERT OR IGNORE INTO tags (name) VALUES ('green');
INSERT INTO photo_tags (photo_idx, tag_id) VALUES ((SELECT photo_idx FROM photos WHERE photo_id = 2916), (SELECT tag_id FROM tags WHERE name = 'green'));
INSERT OR IGNORE INTO tags (name) VALUES ('yellow');
INSERT INTO photo_tags (photo_idx, tag_id) VALUES ((SELECT photo_idx FROM photos WHERE photo_id = 2916), (SELECT tag_id FROM tags WHERE name = 'yellow'));
INSERT OR IGNORE INTO tags (name) VALUES ('aspen');
INSERT INTO photo_tags (photo_idx, tag_id) VALUES ((SELECT photo_idx FROM photos WHERE photo_id = 2916), (SELECT tag_id FROM tags WHERE name = 'aspen'));
INSERT OR IGNORE INTO tags (name) VALUES ('foliage');
INSERT INTO photo_tags (photo_idx, tag_id) VALUES ((SELECT photo_idx FROM photos WHERE photo_id = 2916), (SELECT tag_id FROM tags WHERE name = 'foliage'));
INSERT OR IGNORE INTO tags (name) VALUES ('forest');
INSERT INTO photo_tags (photo_idx, tag_id) VALUES ((SELECT photo_idx FROM photos WHERE photo_id = 2916), (SELECT tag_id FROM tags WHERE name = 'forest'));
INSERT OR IGNORE INTO tags (name) VALUES ('trees');
INSERT INTO photo_tags (photo_idx, tag_id) VALUES ((SELECT photo_idx FROM photos WHERE photo_id = 2916), (SELECT tag_id FROM tags WHERE name = 'trees'));

INSERT INTO photos (photo_id, photo_title, photo_collection, photo_location, photo_year, camera, film_stock, film_format) VALUES (2917, 'Autumn in Colorado', 'Colorado', 'Colorado', 2005, 'Hasselblad H1', 'PhaseOne P25', '6 x 4.5 cm');
INSERT INTO photos_fts (photo_idx, photo_id, photo_title, photo_collection, photo_location, photo_year, camera, film_stock, film_format, tag_names) VALUES ((SELECT photo_idx FROM photos WHERE photo_id = 2917), 2917, 'Autumn in Colorado', 'Colorado', 'Colorado', 2005, 'Hasselblad H1', 'PhaseOne P25', '6 x 4.5 cm', 'horizontal,autumn,fall,landscape,color,outdoors,scenic,green,yellow,aspen,foliage,forest,trees');
INSERT OR IGNORE INTO tags (name) VALUES ('horizontal');
INSERT INTO photo_tags (photo_idx, tag_id) VALUES ((SELECT photo_idx FROM photos WHERE photo_id = 2917), (SELECT tag_id FROM tags WHERE name = 'horizontal'));
INSERT OR IGNORE INTO tags (name) VALUES ('autumn');
INSERT INTO photo_tags (photo_idx, tag_id) VALUES ((SELECT photo_idx FROM photos WHERE photo_id = 2917), (SELECT tag_id FROM tags WHERE name = 'autumn'));
INSERT OR IGNORE INTO tags (name) VALUES ('fall');
INSERT INTO photo_tags (photo_idx, tag_id) VALUES ((SELECT photo_idx FROM photos WHERE photo_id = 2917), (SELECT tag_id FROM tags WHERE name = 'fall'));
INSERT OR IGNORE INTO tags (name) VALUES ('landscape');
INSERT INTO photo_tags (photo_idx, tag_id) VALUES ((SELECT photo_idx FROM photos WHERE photo_id = 2917), (SELECT tag_id FROM tags WHERE name = 'landscape'));
INSERT OR IGNORE INTO tags (name) VALUES ('color');
INSERT INTO photo_tags (photo_idx, tag_id) VALUES ((SELECT photo_idx FROM photos WHERE photo_id = 2917), (SELECT tag_id FROM tags WHERE name = 'color'));
INSERT OR IGNORE INTO tags (name) VALUES ('outdoors');
INSERT INTO photo_tags (photo_idx, tag_id) VALUES ((SELECT photo_idx FROM photos WHERE photo_id = 2917), (SELECT tag_id FROM tags WHERE name = 'outdoors'));
INSERT OR IGNORE INTO tags (name) VALUES ('scenic');
INSERT INTO photo_tags (photo_idx, tag_id) VALUES ((SELECT photo_idx FROM photos WHERE photo_id = 2917), (SELECT tag_id FROM tags WHERE name = 'scenic'));
INSERT OR IGNORE INTO tags (name) VALUES ('green');
INSERT INTO photo_tags (photo_idx, tag_id) VALUES ((SELECT photo_idx FROM photos WHERE photo_id = 2917), (SELECT tag_id FROM tags WHERE name = 'green'));
INSERT OR IGNORE INTO tags (name) VALUES ('yellow');
INSERT INTO photo_tags (photo_idx, tag_id) VALUES ((SELECT photo_idx FROM photos WHERE photo_id = 2917), (SELECT tag_id FROM tags WHERE name = 'yellow'));
INSERT OR IGNORE INTO tags (name) VALUES ('aspen');
INSERT INTO photo_tags (photo_idx, tag_id) VALUES ((SELECT photo_idx FROM photos WHERE photo_id = 2917), (SELECT tag_id FROM tags WHERE name = 'aspen'));
INSERT OR IGNORE INTO tags (name) VALUES ('foliage');
INSERT INTO photo_tags (photo_idx, tag_id) VALUES ((SELECT photo_idx FROM photos WHERE photo_id = 2917), (SELECT tag_id FROM tags WHERE name = 'foliage'));
INSERT OR IGNORE INTO tags (name) VALUES ('forest');
INSERT INTO photo_tags (photo_idx, tag_id) VALUES ((SELECT photo_idx FROM photos WHERE photo_id = 2917), (SELECT tag_id FROM tags WHERE name = 'forest'));
INSERT OR IGNORE INTO tags (name) VALUES ('trees');
INSERT INTO photo_tags (photo_idx, tag_id) VALUES ((SELECT photo_idx FROM photos WHERE photo_id = 2917), (SELECT tag_id FROM tags WHERE name = 'trees'));

INSERT INTO photos (photo_id, photo_title, photo_collection, photo_location, photo_year, camera, film_stock, film_format) VALUES (2918, 'Autumn in Colorado', 'Colorado', 'Colorado', 2005, 'Hasselblad H1', 'PhaseOne P25', '6 x 4.5 cm');
INSERT INTO photos_fts (photo_idx, photo_id, photo_title, photo_collection, photo_location, photo_year, camera, film_stock, film_format, tag_names) VALUES ((SELECT photo_idx FROM photos WHERE photo_id = 2918), 2918, 'Autumn in Colorado', 'Colorado', 'Colorado', 2005, 'Hasselblad H1', 'PhaseOne P25', '6 x 4.5 cm', 'horizontal,autumn,fall,landscape,color,outdoors,scenic,white,yellow,aspen,foliage,forest,trees');
INSERT OR IGNORE INTO tags (name) VALUES ('horizontal');
INSERT INTO photo_tags (photo_idx, tag_id) VALUES ((SELECT photo_idx FROM photos WHERE photo_id = 2918), (SELECT tag_id FROM tags WHERE name = 'horizontal'));
INSERT OR IGNORE INTO tags (name) VALUES ('autumn');
INSERT INTO photo_tags (photo_idx, tag_id) VALUES ((SELECT photo_idx FROM photos WHERE photo_id = 2918), (SELECT tag_id FROM tags WHERE name = 'autumn'));
INSERT OR IGNORE INTO tags (name) VALUES ('fall');
INSERT INTO photo_tags (photo_idx, tag_id) VALUES ((SELECT photo_idx FROM photos WHERE photo_id = 2918), (SELECT tag_id FROM tags WHERE name = 'fall'));
INSERT OR IGNORE INTO tags (name) VALUES ('landscape');
INSERT INTO photo_tags (photo_idx, tag_id) VALUES ((SELECT photo_idx FROM photos WHERE photo_id = 2918), (SELECT tag_id FROM tags WHERE name = 'landscape'));
INSERT OR IGNORE INTO tags (name) VALUES ('color');
INSERT INTO photo_tags (photo_idx, tag_id) VALUES ((SELECT photo_idx FROM photos WHERE photo_id = 2918), (SELECT tag_id FROM tags WHERE name = 'color'));
INSERT OR IGNORE INTO tags (name) VALUES ('outdoors');
INSERT INTO photo_tags (photo_idx, tag_id) VALUES ((SELECT photo_idx FROM photos WHERE photo_id = 2918), (SELECT tag_id FROM tags WHERE name = 'outdoors'));
INSERT OR IGNORE INTO tags (name) VALUES ('scenic');
INSERT INTO photo_tags (photo_idx, tag_id) VALUES ((SELECT photo_idx FROM photos WHERE photo_id = 2918), (SELECT tag_id FROM tags WHERE name = 'scenic'));
INSERT OR IGNORE INTO tags (name) VALUES ('white');
INSERT INTO photo_tags (photo_idx, tag_id) VALUES ((SELECT photo_idx FROM photos WHERE photo_id = 2918), (SELECT tag_id FROM tags WHERE name = 'white'));
INSERT OR IGNORE INTO tags (name) VALUES ('yellow');
INSERT INTO photo_tags (photo_idx, tag_id) VALUES ((SELECT photo_idx FROM photos WHERE photo_id = 2918), (SELECT tag_id FROM tags WHERE name = 'yellow'));
INSERT OR IGNORE INTO tags (name) VALUES ('aspen');
INSERT INTO photo_tags (photo_idx, tag_id) VALUES ((SELECT photo_idx FROM photos WHERE photo_id = 2918), (SELECT tag_id FROM tags WHERE name = 'aspen'));
INSERT OR IGNORE INTO tags (name) VALUES ('foliage');
INSERT INTO photo_tags (photo_idx, tag_id) VALUES ((SELECT photo_idx FROM photos WHERE photo_id = 2918), (SELECT tag_id FROM tags WHERE name = 'foliage'));
INSERT OR IGNORE INTO tags (name) VALUES ('forest');
INSERT INTO photo_tags (photo_idx, tag_id) VALUES ((SELECT photo_idx FROM photos WHERE photo_id = 2918), (SELECT tag_id FROM tags WHERE name = 'forest'));
INSERT OR IGNORE INTO tags (name) VALUES ('trees');
INSERT INTO photo_tags (photo_idx, tag_id) VALUES ((SELECT photo_idx FROM photos WHERE photo_id = 2918), (SELECT tag_id FROM tags WHERE name = 'trees'));

INSERT INTO photos (photo_id, photo_title, photo_collection, photo_location, photo_year, camera, film_stock, film_format) VALUES (2919, 'Autumn in Colorado', 'Colorado', 'Colorado', 2005, 'Hasselblad H1', 'PhaseOne P25', '6 x 4.5 cm');
INSERT INTO photos_fts (photo_idx, photo_id, photo_title, photo_collection, photo_location, photo_year, camera, film_stock, film_format, tag_names) VALUES ((SELECT photo_idx FROM photos WHERE photo_id = 2919), 2919, 'Autumn in Colorado', 'Colorado', 'Colorado', 2005, 'Hasselblad H1', 'PhaseOne P25', '6 x 4.5 cm', 'horizontal,autumn,fall,landscape,color,outdoors,scenic,blue,yellow,orange,white,aspen,clouds,foliage,forest,sky,trees');
INSERT OR IGNORE INTO tags (name) VALUES ('horizontal');
INSERT INTO photo_tags (photo_idx, tag_id) VALUES ((SELECT photo_idx FROM photos WHERE photo_id = 2919), (SELECT tag_id FROM tags WHERE name = 'horizontal'));
INSERT OR IGNORE INTO tags (name) VALUES ('autumn');
INSERT INTO photo_tags (photo_idx, tag_id) VALUES ((SELECT photo_idx FROM photos WHERE photo_id = 2919), (SELECT tag_id FROM tags WHERE name = 'autumn'));
INSERT OR IGNORE INTO tags (name) VALUES ('fall');
INSERT INTO photo_tags (photo_idx, tag_id) VALUES ((SELECT photo_idx FROM photos WHERE photo_id = 2919), (SELECT tag_id FROM tags WHERE name = 'fall'));
INSERT OR IGNORE INTO tags (name) VALUES ('landscape');
INSERT INTO photo_tags (photo_idx, tag_id) VALUES ((SELECT photo_idx FROM photos WHERE photo_id = 2919), (SELECT tag_id FROM tags WHERE name = 'landscape'));
INSERT OR IGNORE INTO tags (name) VALUES ('color');
INSERT INTO photo_tags (photo_idx, tag_id) VALUES ((SELECT photo_idx FROM photos WHERE photo_id = 2919), (SELECT tag_id FROM tags WHERE name = 'color'));
INSERT OR IGNORE INTO tags (name) VALUES ('outdoors');
INSERT INTO photo_tags (photo_idx, tag_id) VALUES ((SELECT photo_idx FROM photos WHERE photo_id = 2919), (SELECT tag_id FROM tags WHERE name = 'outdoors'));
INSERT OR IGNORE INTO tags (name) VALUES ('scenic');
INSERT INTO photo_tags (photo_idx, tag_id) VALUES ((SELECT photo_idx FROM photos WHERE photo_id = 2919), (SELECT tag_id FROM tags WHERE name = 'scenic'));
INSERT OR IGNORE INTO tags (name) VALUES ('blue');
INSERT INTO photo_tags (photo_idx, tag_id) VALUES ((SELECT photo_idx FROM photos WHERE photo_id = 2919), (SELECT tag_id FROM tags WHERE name = 'blue'));
INSERT OR IGNORE INTO tags (name) VALUES ('yellow');
INSERT INTO photo_tags (photo_idx, tag_id) VALUES ((SELECT photo_idx FROM photos WHERE photo_id = 2919), (SELECT tag_id FROM tags WHERE name = 'yellow'));
INSERT OR IGNORE INTO tags (name) VALUES ('orange');
INSERT INTO photo_tags (photo_idx, tag_id) VALUES ((SELECT photo_idx FROM photos WHERE photo_id = 2919), (SELECT tag_id FROM tags WHERE name = 'orange'));
INSERT OR IGNORE INTO tags (name) VALUES ('white');
INSERT INTO photo_tags (photo_idx, tag_id) VALUES ((SELECT photo_idx FROM photos WHERE photo_id = 2919), (SELECT tag_id FROM tags WHERE name = 'white'));
INSERT OR IGNORE INTO tags (name) VALUES ('aspen');
INSERT INTO photo_tags (photo_idx, tag_id) VALUES ((SELECT photo_idx FROM photos WHERE photo_id = 2919), (SELECT tag_id FROM tags WHERE name = 'aspen'));
INSERT OR IGNORE INTO tags (name) VALUES ('clouds');
INSERT INTO photo_tags (photo_idx, tag_id) VALUES ((SELECT photo_idx FROM photos WHERE photo_id = 2919), (SELECT tag_id FROM tags WHERE name = 'clouds'));
INSERT OR IGNORE INTO tags (name) VALUES ('foliage');
INSERT INTO photo_tags (photo_idx, tag_id) VALUES ((SELECT photo_idx FROM photos WHERE photo_id = 2919), (SELECT tag_id FROM tags WHERE name = 'foliage'));
INSERT OR IGNORE INTO tags (name) VALUES ('forest');
INSERT INTO photo_tags (photo_idx, tag_id) VALUES ((SELECT photo_idx FROM photos WHERE photo_id = 2919), (SELECT tag_id FROM tags WHERE name = 'forest'));
INSERT OR IGNORE INTO tags (name) VALUES ('sky');
INSERT INTO photo_tags (photo_idx, tag_id) VALUES ((SELECT photo_idx FROM photos WHERE photo_id = 2919), (SELECT tag_id FROM tags WHERE name = 'sky'));
INSERT OR IGNORE INTO tags (name) VALUES ('trees');
INSERT INTO photo_tags (photo_idx, tag_id) VALUES ((SELECT photo_idx FROM photos WHERE photo_id = 2919), (SELECT tag_id FROM tags WHERE name = 'trees'));

INSERT INTO photos (photo_id, photo_title, photo_collection, photo_location, photo_year, camera, film_stock, film_format) VALUES (2920, 'Autumn in Colorado', 'Colorado', 'Colorado', 2005, 'Hasselblad H1', 'PhaseOne P25', '6 x 4.5 cm');
INSERT INTO photos_fts (photo_idx, photo_id, photo_title, photo_collection, photo_location, photo_year, camera, film_stock, film_format, tag_names) VALUES ((SELECT photo_idx FROM photos WHERE photo_id = 2920), 2920, 'Autumn in Colorado', 'Colorado', 'Colorado', 2005, 'Hasselblad H1', 'PhaseOne P25', '6 x 4.5 cm', 'horizontal,autumn,fall,closeup,color,outdoors,black,blue,yellow,leaf,leaves,rock');
INSERT OR IGNORE INTO tags (name) VALUES ('horizontal');
INSERT INTO photo_tags (photo_idx, tag_id) VALUES ((SELECT photo_idx FROM photos WHERE photo_id = 2920), (SELECT tag_id FROM tags WHERE name = 'horizontal'));
INSERT OR IGNORE INTO tags (name) VALUES ('autumn');
INSERT INTO photo_tags (photo_idx, tag_id) VALUES ((SELECT photo_idx FROM photos WHERE photo_id = 2920), (SELECT tag_id FROM tags WHERE name = 'autumn'));
INSERT OR IGNORE INTO tags (name) VALUES ('fall');
INSERT INTO photo_tags (photo_idx, tag_id) VALUES ((SELECT photo_idx FROM photos WHERE photo_id = 2920), (SELECT tag_id FROM tags WHERE name = 'fall'));
INSERT OR IGNORE INTO tags (name) VALUES ('closeup');
INSERT INTO photo_tags (photo_idx, tag_id) VALUES ((SELECT photo_idx FROM photos WHERE photo_id = 2920), (SELECT tag_id FROM tags WHERE name = 'closeup'));
INSERT OR IGNORE INTO tags (name) VALUES ('color');
INSERT INTO photo_tags (photo_idx, tag_id) VALUES ((SELECT photo_idx FROM photos WHERE photo_id = 2920), (SELECT tag_id FROM tags WHERE name = 'color'));
INSERT OR IGNORE INTO tags (name) VALUES ('outdoors');
INSERT INTO photo_tags (photo_idx, tag_id) VALUES ((SELECT photo_idx FROM photos WHERE photo_id = 2920), (SELECT tag_id FROM tags WHERE name = 'outdoors'));
INSERT OR IGNORE INTO tags (name) VALUES ('black');
INSERT INTO photo_tags (photo_idx, tag_id) VALUES ((SELECT photo_idx FROM photos WHERE photo_id = 2920), (SELECT tag_id FROM tags WHERE name = 'black'));
INSERT OR IGNORE INTO tags (name) VALUES ('blue');
INSERT INTO photo_tags (photo_idx, tag_id) VALUES ((SELECT photo_idx FROM photos WHERE photo_id = 2920), (SELECT tag_id FROM tags WHERE name = 'blue'));
INSERT OR IGNORE INTO tags (name) VALUES ('yellow');
INSERT INTO photo_tags (photo_idx, tag_id) VALUES ((SELECT photo_idx FROM photos WHERE photo_id = 2920), (SELECT tag_id FROM tags WHERE name = 'yellow'));
INSERT OR IGNORE INTO tags (name) VALUES ('leaf');
INSERT INTO photo_tags (photo_idx, tag_id) VALUES ((SELECT photo_idx FROM photos WHERE photo_id = 2920), (SELECT tag_id FROM tags WHERE name = 'leaf'));
INSERT OR IGNORE INTO tags (name) VALUES ('leaves');
INSERT INTO photo_tags (photo_idx, tag_id) VALUES ((SELECT photo_idx FROM photos WHERE photo_id = 2920), (SELECT tag_id FROM tags WHERE name = 'leaves'));
INSERT OR IGNORE INTO tags (name) VALUES ('rock');
INSERT INTO photo_tags (photo_idx, tag_id) VALUES ((SELECT photo_idx FROM photos WHERE photo_id = 2920), (SELECT tag_id FROM tags WHERE name = 'rock'));

INSERT INTO photos (photo_id, photo_title, photo_collection, photo_location, photo_year, camera, film_stock, film_format) VALUES (2921, 'Autumn in Colorado', 'Colorado', 'Colorado', 2005, 'Hasselblad H1', 'PhaseOne P25', '6 x 4.5 cm');
INSERT INTO photos_fts (photo_idx, photo_id, photo_title, photo_collection, photo_location, photo_year, camera, film_stock, film_format, tag_names) VALUES ((SELECT photo_idx FROM photos WHERE photo_id = 2921), 2921, 'Autumn in Colorado', 'Colorado', 'Colorado', 2005, 'Hasselblad H1', 'PhaseOne P25', '6 x 4.5 cm', 'horizontal,autumn,fall,landscape,color,outdoors,scenic,white,yellow,aspen,foliage,forest,grass,trees');
INSERT OR IGNORE INTO tags (name) VALUES ('horizontal');
INSERT INTO photo_tags (photo_idx, tag_id) VALUES ((SELECT photo_idx FROM photos WHERE photo_id = 2921), (SELECT tag_id FROM tags WHERE name = 'horizontal'));
INSERT OR IGNORE INTO tags (name) VALUES ('autumn');
INSERT INTO photo_tags (photo_idx, tag_id) VALUES ((SELECT photo_idx FROM photos WHERE photo_id = 2921), (SELECT tag_id FROM tags WHERE name = 'autumn'));
INSERT OR IGNORE INTO tags (name) VALUES ('fall');
INSERT INTO photo_tags (photo_idx, tag_id) VALUES ((SELECT photo_idx FROM photos WHERE photo_id = 2921), (SELECT tag_id FROM tags WHERE name = 'fall'));
INSERT OR IGNORE INTO tags (name) VALUES ('landscape');
INSERT INTO photo_tags (photo_idx, tag_id) VALUES ((SELECT photo_idx FROM photos WHERE photo_id = 2921), (SELECT tag_id FROM tags WHERE name = 'landscape'));
INSERT OR IGNORE INTO tags (name) VALUES ('color');
INSERT INTO photo_tags (photo_idx, tag_id) VALUES ((SELECT photo_idx FROM photos WHERE photo_id = 2921), (SELECT tag_id FROM tags WHERE name = 'color'));
INSERT OR IGNORE INTO tags (name) VALUES ('outdoors');
INSERT INTO photo_tags (photo_idx, tag_id) VALUES ((SELECT photo_idx FROM photos WHERE photo_id = 2921), (SELECT tag_id FROM tags WHERE name = 'outdoors'));
INSERT OR IGNORE INTO tags (name) VALUES ('scenic');
INSERT INTO photo_tags (photo_idx, tag_id) VALUES ((SELECT photo_idx FROM photos WHERE photo_id = 2921), (SELECT tag_id FROM tags WHERE name = 'scenic'));
INSERT OR IGNORE INTO tags (name) VALUES ('white');
INSERT INTO photo_tags (photo_idx, tag_id) VALUES ((SELECT photo_idx FROM photos WHERE photo_id = 2921), (SELECT tag_id FROM tags WHERE name = 'white'));
INSERT OR IGNORE INTO tags (name) VALUES ('yellow');
INSERT INTO photo_tags (photo_idx, tag_id) VALUES ((SELECT photo_idx FROM photos WHERE photo_id = 2921), (SELECT tag_id FROM tags WHERE name = 'yellow'));
INSERT OR IGNORE INTO tags (name) VALUES ('aspen');
INSERT INTO photo_tags (photo_idx, tag_id) VALUES ((SELECT photo_idx FROM photos WHERE photo_id = 2921), (SELECT tag_id FROM tags WHERE name = 'aspen'));
INSERT OR IGNORE INTO tags (name) VALUES ('foliage');
INSERT INTO photo_tags (photo_idx, tag_id) VALUES ((SELECT photo_idx FROM photos WHERE photo_id = 2921), (SELECT tag_id FROM tags WHERE name = 'foliage'));
INSERT OR IGNORE INTO tags (name) VALUES ('forest');
INSERT INTO photo_tags (photo_idx, tag_id) VALUES ((SELECT photo_idx FROM photos WHERE photo_id = 2921), (SELECT tag_id FROM tags WHERE name = 'forest'));
INSERT OR IGNORE INTO tags (name) VALUES ('grass');
INSERT INTO photo_tags (photo_idx, tag_id) VALUES ((SELECT photo_idx FROM photos WHERE photo_id = 2921), (SELECT tag_id FROM tags WHERE name = 'grass'));
INSERT OR IGNORE INTO tags (name) VALUES ('trees');
INSERT INTO photo_tags (photo_idx, tag_id) VALUES ((SELECT photo_idx FROM photos WHERE photo_id = 2921), (SELECT tag_id FROM tags WHERE name = 'trees'));

INSERT INTO photos (photo_id, photo_title, photo_collection, photo_location, photo_year, camera, film_stock, film_format) VALUES (2922, 'Autumn in Colorado', 'Colorado', 'Near Aspen, Colorado', 2005, 'Hasselblad H1', 'PhaseOne P25', '6 x 4.5 cm');
INSERT INTO photos_fts (photo_idx, photo_id, photo_title, photo_collection, photo_location, photo_year, camera, film_stock, film_format, tag_names) VALUES ((SELECT photo_idx FROM photos WHERE photo_id = 2922), 2922, 'Autumn in Colorado', 'Colorado', 'Near Aspen, Colorado', 2005, 'Hasselblad H1', 'PhaseOne P25', '6 x 4.5 cm', 'horizontal,autumn,fall,landscape,color,outdoors,scenic,white,yellow,aspen,foliage,forest,grass,trees');
INSERT OR IGNORE INTO tags (name) VALUES ('horizontal');
INSERT INTO photo_tags (photo_idx, tag_id) VALUES ((SELECT photo_idx FROM photos WHERE photo_id = 2922), (SELECT tag_id FROM tags WHERE name = 'horizontal'));
INSERT OR IGNORE INTO tags (name) VALUES ('autumn');
INSERT INTO photo_tags (photo_idx, tag_id) VALUES ((SELECT photo_idx FROM photos WHERE photo_id = 2922), (SELECT tag_id FROM tags WHERE name = 'autumn'));
INSERT OR IGNORE INTO tags (name) VALUES ('fall');
INSERT INTO photo_tags (photo_idx, tag_id) VALUES ((SELECT photo_idx FROM photos WHERE photo_id = 2922), (SELECT tag_id FROM tags WHERE name = 'fall'));
INSERT OR IGNORE INTO tags (name) VALUES ('landscape');
INSERT INTO photo_tags (photo_idx, tag_id) VALUES ((SELECT photo_idx FROM photos WHERE photo_id = 2922), (SELECT tag_id FROM tags WHERE name = 'landscape'));
INSERT OR IGNORE INTO tags (name) VALUES ('color');
INSERT INTO photo_tags (photo_idx, tag_id) VALUES ((SELECT photo_idx FROM photos WHERE photo_id = 2922), (SELECT tag_id FROM tags WHERE name = 'color'));
INSERT OR IGNORE INTO tags (name) VALUES ('outdoors');
INSERT INTO photo_tags (photo_idx, tag_id) VALUES ((SELECT photo_idx FROM photos WHERE photo_id = 2922), (SELECT tag_id FROM tags WHERE name = 'outdoors'));
INSERT OR IGNORE INTO tags (name) VALUES ('scenic');
INSERT INTO photo_tags (photo_idx, tag_id) VALUES ((SELECT photo_idx FROM photos WHERE photo_id = 2922), (SELECT tag_id FROM tags WHERE name = 'scenic'));
INSERT OR IGNORE INTO tags (name) VALUES ('white');
INSERT INTO photo_tags (photo_idx, tag_id) VALUES ((SELECT photo_idx FROM photos WHERE photo_id = 2922), (SELECT tag_id FROM tags WHERE name = 'white'));
INSERT OR IGNORE INTO tags (name) VALUES ('yellow');
INSERT INTO photo_tags (photo_idx, tag_id) VALUES ((SELECT photo_idx FROM photos WHERE photo_id = 2922), (SELECT tag_id FROM tags WHERE name = 'yellow'));
INSERT OR IGNORE INTO tags (name) VALUES ('aspen');
INSERT INTO photo_tags (photo_idx, tag_id) VALUES ((SELECT photo_idx FROM photos WHERE photo_id = 2922), (SELECT tag_id FROM tags WHERE name = 'aspen'));
INSERT OR IGNORE INTO tags (name) VALUES ('foliage');
INSERT INTO photo_tags (photo_idx, tag_id) VALUES ((SELECT photo_idx FROM photos WHERE photo_id = 2922), (SELECT tag_id FROM tags WHERE name = 'foliage'));
INSERT OR IGNORE INTO tags (name) VALUES ('forest');
INSERT INTO photo_tags (photo_idx, tag_id) VALUES ((SELECT photo_idx FROM photos WHERE photo_id = 2922), (SELECT tag_id FROM tags WHERE name = 'forest'));
INSERT OR IGNORE INTO tags (name) VALUES ('grass');
INSERT INTO photo_tags (photo_idx, tag_id) VALUES ((SELECT photo_idx FROM photos WHERE photo_id = 2922), (SELECT tag_id FROM tags WHERE name = 'grass'));
INSERT OR IGNORE INTO tags (name) VALUES ('trees');
INSERT INTO photo_tags (photo_idx, tag_id) VALUES ((SELECT photo_idx FROM photos WHERE photo_id = 2922), (SELECT tag_id FROM tags WHERE name = 'trees'));

INSERT INTO photos (photo_id, photo_title, photo_collection, photo_location, photo_year, camera, film_stock, film_format) VALUES (2923, 'Autumn in Colorado', 'Colorado', 'Near Aspen, Colorado', 2005, 'Hasselblad H1', 'PhaseOne P25', '6 x 4.5 cm');
INSERT INTO photos_fts (photo_idx, photo_id, photo_title, photo_collection, photo_location, photo_year, camera, film_stock, film_format, tag_names) VALUES ((SELECT photo_idx FROM photos WHERE photo_id = 2923), 2923, 'Autumn in Colorado', 'Colorado', 'Near Aspen, Colorado', 2005, 'Hasselblad H1', 'PhaseOne P25', '6 x 4.5 cm', 'horizontal,autumn,fall,landscape,color,outdoors,scenic,white,yellow,aspen,foliage,forest,grass,trees');
INSERT OR IGNORE INTO tags (name) VALUES ('horizontal');
INSERT INTO photo_tags (photo_idx, tag_id) VALUES ((SELECT photo_idx FROM photos WHERE photo_id = 2923), (SELECT tag_id FROM tags WHERE name = 'horizontal'));
INSERT OR IGNORE INTO tags (name) VALUES ('autumn');
INSERT INTO photo_tags (photo_idx, tag_id) VALUES ((SELECT photo_idx FROM photos WHERE photo_id = 2923), (SELECT tag_id FROM tags WHERE name = 'autumn'));
INSERT OR IGNORE INTO tags (name) VALUES ('fall');
INSERT INTO photo_tags (photo_idx, tag_id) VALUES ((SELECT photo_idx FROM photos WHERE photo_id = 2923), (SELECT tag_id FROM tags WHERE name = 'fall'));
INSERT OR IGNORE INTO tags (name) VALUES ('landscape');
INSERT INTO photo_tags (photo_idx, tag_id) VALUES ((SELECT photo_idx FROM photos WHERE photo_id = 2923), (SELECT tag_id FROM tags WHERE name = 'landscape'));
INSERT OR IGNORE INTO tags (name) VALUES ('color');
INSERT INTO photo_tags (photo_idx, tag_id) VALUES ((SELECT photo_idx FROM photos WHERE photo_id = 2923), (SELECT tag_id FROM tags WHERE name = 'color'));
INSERT OR IGNORE INTO tags (name) VALUES ('outdoors');
INSERT INTO photo_tags (photo_idx, tag_id) VALUES ((SELECT photo_idx FROM photos WHERE photo_id = 2923), (SELECT tag_id FROM tags WHERE name = 'outdoors'));
INSERT OR IGNORE INTO tags (name) VALUES ('scenic');
INSERT INTO photo_tags (photo_idx, tag_id) VALUES ((SELECT photo_idx FROM photos WHERE photo_id = 2923), (SELECT tag_id FROM tags WHERE name = 'scenic'));
INSERT OR IGNORE INTO tags (name) VALUES ('white');
INSERT INTO photo_tags (photo_idx, tag_id) VALUES ((SELECT photo_idx FROM photos WHERE photo_id = 2923), (SELECT tag_id FROM tags WHERE name = 'white'));
INSERT OR IGNORE INTO tags (name) VALUES ('yellow');
INSERT INTO photo_tags (photo_idx, tag_id) VALUES ((SELECT photo_idx FROM photos WHERE photo_id = 2923), (SELECT tag_id FROM tags WHERE name = 'yellow'));
INSERT OR IGNORE INTO tags (name) VALUES ('aspen');
INSERT INTO photo_tags (photo_idx, tag_id) VALUES ((SELECT photo_idx FROM photos WHERE photo_id = 2923), (SELECT tag_id FROM tags WHERE name = 'aspen'));
INSERT OR IGNORE INTO tags (name) VALUES ('foliage');
INSERT INTO photo_tags (photo_idx, tag_id) VALUES ((SELECT photo_idx FROM photos WHERE photo_id = 2923), (SELECT tag_id FROM tags WHERE name = 'foliage'));
INSERT OR IGNORE INTO tags (name) VALUES ('forest');
INSERT INTO photo_tags (photo_idx, tag_id) VALUES ((SELECT photo_idx FROM photos WHERE photo_id = 2923), (SELECT tag_id FROM tags WHERE name = 'forest'));
INSERT OR IGNORE INTO tags (name) VALUES ('grass');
INSERT INTO photo_tags (photo_idx, tag_id) VALUES ((SELECT photo_idx FROM photos WHERE photo_id = 2923), (SELECT tag_id FROM tags WHERE name = 'grass'));
INSERT OR IGNORE INTO tags (name) VALUES ('trees');
INSERT INTO photo_tags (photo_idx, tag_id) VALUES ((SELECT photo_idx FROM photos WHERE photo_id = 2923), (SELECT tag_id FROM tags WHERE name = 'trees'));

INSERT INTO photos (photo_id, photo_title, photo_collection, photo_location, photo_year, camera, film_stock, film_format) VALUES (2924, 'Autumn in Colorado', 'Colorado', 'Near Aspen, Colorado', 2005, 'Hasselblad H1', 'PhaseOne P25', '6 x 4.5 cm');
INSERT INTO photos_fts (photo_idx, photo_id, photo_title, photo_collection, photo_location, photo_year, camera, film_stock, film_format, tag_names) VALUES ((SELECT photo_idx FROM photos WHERE photo_id = 2924), 2924, 'Autumn in Colorado', 'Colorado', 'Near Aspen, Colorado', 2005, 'Hasselblad H1', 'PhaseOne P25', '6 x 4.5 cm', 'horizontal,autumn,fall,landscape,color,outdoors,scenic,popular,white,yellow,aspen,foliage,forest,trees');
INSERT OR IGNORE INTO tags (name) VALUES ('horizontal');
INSERT INTO photo_tags (photo_idx, tag_id) VALUES ((SELECT photo_idx FROM photos WHERE photo_id = 2924), (SELECT tag_id FROM tags WHERE name = 'horizontal'));
INSERT OR IGNORE INTO tags (name) VALUES ('autumn');
INSERT INTO photo_tags (photo_idx, tag_id) VALUES ((SELECT photo_idx FROM photos WHERE photo_id = 2924), (SELECT tag_id FROM tags WHERE name = 'autumn'));
INSERT OR IGNORE INTO tags (name) VALUES ('fall');
INSERT INTO photo_tags (photo_idx, tag_id) VALUES ((SELECT photo_idx FROM photos WHERE photo_id = 2924), (SELECT tag_id FROM tags WHERE name = 'fall'));
INSERT OR IGNORE INTO tags (name) VALUES ('landscape');
INSERT INTO photo_tags (photo_idx, tag_id) VALUES ((SELECT photo_idx FROM photos WHERE photo_id = 2924), (SELECT tag_id FROM tags WHERE name = 'landscape'));
INSERT OR IGNORE INTO tags (name) VALUES ('color');
INSERT INTO photo_tags (photo_idx, tag_id) VALUES ((SELECT photo_idx FROM photos WHERE photo_id = 2924), (SELECT tag_id FROM tags WHERE name = 'color'));
INSERT OR IGNORE INTO tags (name) VALUES ('outdoors');
INSERT INTO photo_tags (photo_idx, tag_id) VALUES ((SELECT photo_idx FROM photos WHERE photo_id = 2924), (SELECT tag_id FROM tags WHERE name = 'outdoors'));
INSERT OR IGNORE INTO tags (name) VALUES ('scenic');
INSERT INTO photo_tags (photo_idx, tag_id) VALUES ((SELECT photo_idx FROM photos WHERE photo_id = 2924), (SELECT tag_id FROM tags WHERE name = 'scenic'));
INSERT OR IGNORE INTO tags (name) VALUES ('popular');
INSERT INTO photo_tags (photo_idx, tag_id) VALUES ((SELECT photo_idx FROM photos WHERE photo_id = 2924), (SELECT tag_id FROM tags WHERE name = 'popular'));
INSERT OR IGNORE INTO tags (name) VALUES ('white');
INSERT INTO photo_tags (photo_idx, tag_id) VALUES ((SELECT photo_idx FROM photos WHERE photo_id = 2924), (SELECT tag_id FROM tags WHERE name = 'white'));
INSERT OR IGNORE INTO tags (name) VALUES ('yellow');
INSERT INTO photo_tags (photo_idx, tag_id) VALUES ((SELECT photo_idx FROM photos WHERE photo_id = 2924), (SELECT tag_id FROM tags WHERE name = 'yellow'));
INSERT OR IGNORE INTO tags (name) VALUES ('aspen');
INSERT INTO photo_tags (photo_idx, tag_id) VALUES ((SELECT photo_idx FROM photos WHERE photo_id = 2924), (SELECT tag_id FROM tags WHERE name = 'aspen'));
INSERT OR IGNORE INTO tags (name) VALUES ('foliage');
INSERT INTO photo_tags (photo_idx, tag_id) VALUES ((SELECT photo_idx FROM photos WHERE photo_id = 2924), (SELECT tag_id FROM tags WHERE name = 'foliage'));
INSERT OR IGNORE INTO tags (name) VALUES ('forest');
INSERT INTO photo_tags (photo_idx, tag_id) VALUES ((SELECT photo_idx FROM photos WHERE photo_id = 2924), (SELECT tag_id FROM tags WHERE name = 'forest'));
INSERT OR IGNORE INTO tags (name) VALUES ('trees');
INSERT INTO photo_tags (photo_idx, tag_id) VALUES ((SELECT photo_idx FROM photos WHERE photo_id = 2924), (SELECT tag_id FROM tags WHERE name = 'trees'));

INSERT INTO photos (photo_id, photo_title, photo_collection, photo_location, photo_year, camera, film_stock, film_format) VALUES (2925, 'Autumn in Colorado', 'Colorado', 'Near Aspen, Colorado', 2005, 'Hasselblad H1', 'PhaseOne P25', '6 x 4.5 cm');
INSERT INTO photos_fts (photo_idx, photo_id, photo_title, photo_collection, photo_location, photo_year, camera, film_stock, film_format, tag_names) VALUES ((SELECT photo_idx FROM photos WHERE photo_id = 2925), 2925, 'Autumn in Colorado', 'Colorado', 'Near Aspen, Colorado', 2005, 'Hasselblad H1', 'PhaseOne P25', '6 x 4.5 cm', 'horizontal,autumn,fall,landscape,color,outdoors,scenic,white,yellow,aspen,foliage,forest,grass,trees');
INSERT OR IGNORE INTO tags (name) VALUES ('horizontal');
INSERT INTO photo_tags (photo_idx, tag_id) VALUES ((SELECT photo_idx FROM photos WHERE photo_id = 2925), (SELECT tag_id FROM tags WHERE name = 'horizontal'));
INSERT OR IGNORE INTO tags (name) VALUES ('autumn');
INSERT INTO photo_tags (photo_idx, tag_id) VALUES ((SELECT photo_idx FROM photos WHERE photo_id = 2925), (SELECT tag_id FROM tags WHERE name = 'autumn'));
INSERT OR IGNORE INTO tags (name) VALUES ('fall');
INSERT INTO photo_tags (photo_idx, tag_id) VALUES ((SELECT photo_idx FROM photos WHERE photo_id = 2925), (SELECT tag_id FROM tags WHERE name = 'fall'));
INSERT OR IGNORE INTO tags (name) VALUES ('landscape');
INSERT INTO photo_tags (photo_idx, tag_id) VALUES ((SELECT photo_idx FROM photos WHERE photo_id = 2925), (SELECT tag_id FROM tags WHERE name = 'landscape'));
INSERT OR IGNORE INTO tags (name) VALUES ('color');
INSERT INTO photo_tags (photo_idx, tag_id) VALUES ((SELECT photo_idx FROM photos WHERE photo_id = 2925), (SELECT tag_id FROM tags WHERE name = 'color'));
INSERT OR IGNORE INTO tags (name) VALUES ('outdoors');
INSERT INTO photo_tags (photo_idx, tag_id) VALUES ((SELECT photo_idx FROM photos WHERE photo_id = 2925), (SELECT tag_id FROM tags WHERE name = 'outdoors'));
INSERT OR IGNORE INTO tags (name) VALUES ('scenic');
INSERT INTO photo_tags (photo_idx, tag_id) VALUES ((SELECT photo_idx FROM photos WHERE photo_id = 2925), (SELECT tag_id FROM tags WHERE name = 'scenic'));
INSERT OR IGNORE INTO tags (name) VALUES ('white');
INSERT INTO photo_tags (photo_idx, tag_id) VALUES ((SELECT photo_idx FROM photos WHERE photo_id = 2925), (SELECT tag_id FROM tags WHERE name = 'white'));
INSERT OR IGNORE INTO tags (name) VALUES ('yellow');
INSERT INTO photo_tags (photo_idx, tag_id) VALUES ((SELECT photo_idx FROM photos WHERE photo_id = 2925), (SELECT tag_id FROM tags WHERE name = 'yellow'));
INSERT OR IGNORE INTO tags (name) VALUES ('aspen');
INSERT INTO photo_tags (photo_idx, tag_id) VALUES ((SELECT photo_idx FROM photos WHERE photo_id = 2925), (SELECT tag_id FROM tags WHERE name = 'aspen'));
INSERT OR IGNORE INTO tags (name) VALUES ('foliage');
INSERT INTO photo_tags (photo_idx, tag_id) VALUES ((SELECT photo_idx FROM photos WHERE photo_id = 2925), (SELECT tag_id FROM tags WHERE name = 'foliage'));
INSERT OR IGNORE INTO tags (name) VALUES ('forest');
INSERT INTO photo_tags (photo_idx, tag_id) VALUES ((SELECT photo_idx FROM photos WHERE photo_id = 2925), (SELECT tag_id FROM tags WHERE name = 'forest'));
INSERT OR IGNORE INTO tags (name) VALUES ('grass');
INSERT INTO photo_tags (photo_idx, tag_id) VALUES ((SELECT photo_idx FROM photos WHERE photo_id = 2925), (SELECT tag_id FROM tags WHERE name = 'grass'));
INSERT OR IGNORE INTO tags (name) VALUES ('trees');
INSERT INTO photo_tags (photo_idx, tag_id) VALUES ((SELECT photo_idx FROM photos WHERE photo_id = 2925), (SELECT tag_id FROM tags WHERE name = 'trees'));

INSERT INTO photos (photo_id, photo_title, photo_collection, photo_location, photo_year, camera, film_stock, film_format) VALUES (2926, 'Autumn in Colorado', 'Colorado', 'Near Aspen, Colorado', 2005, 'Hasselblad H1', 'PhaseOne P25', '6 x 4.5 cm');
INSERT INTO photos_fts (photo_idx, photo_id, photo_title, photo_collection, photo_location, photo_year, camera, film_stock, film_format, tag_names) VALUES ((SELECT photo_idx FROM photos WHERE photo_id = 2926), 2926, 'Autumn in Colorado', 'Colorado', 'Near Aspen, Colorado', 2005, 'Hasselblad H1', 'PhaseOne P25', '6 x 4.5 cm', 'horizontal,autumn,fall,landscape,color,outdoors,scenic,white,yellow,aspen,foliage,forest,grass,trees');
INSERT OR IGNORE INTO tags (name) VALUES ('horizontal');
INSERT INTO photo_tags (photo_idx, tag_id) VALUES ((SELECT photo_idx FROM photos WHERE photo_id = 2926), (SELECT tag_id FROM tags WHERE name = 'horizontal'));
INSERT OR IGNORE INTO tags (name) VALUES ('autumn');
INSERT INTO photo_tags (photo_idx, tag_id) VALUES ((SELECT photo_idx FROM photos WHERE photo_id = 2926), (SELECT tag_id FROM tags WHERE name = 'autumn'));
INSERT OR IGNORE INTO tags (name) VALUES ('fall');
INSERT INTO photo_tags (photo_idx, tag_id) VALUES ((SELECT photo_idx FROM photos WHERE photo_id = 2926), (SELECT tag_id FROM tags WHERE name = 'fall'));
INSERT OR IGNORE INTO tags (name) VALUES ('landscape');
INSERT INTO photo_tags (photo_idx, tag_id) VALUES ((SELECT photo_idx FROM photos WHERE photo_id = 2926), (SELECT tag_id FROM tags WHERE name = 'landscape'));
INSERT OR IGNORE INTO tags (name) VALUES ('color');
INSERT INTO photo_tags (photo_idx, tag_id) VALUES ((SELECT photo_idx FROM photos WHERE photo_id = 2926), (SELECT tag_id FROM tags WHERE name = 'color'));
INSERT OR IGNORE INTO tags (name) VALUES ('outdoors');
INSERT INTO photo_tags (photo_idx, tag_id) VALUES ((SELECT photo_idx FROM photos WHERE photo_id = 2926), (SELECT tag_id FROM tags WHERE name = 'outdoors'));
INSERT OR IGNORE INTO tags (name) VALUES ('scenic');
INSERT INTO photo_tags (photo_idx, tag_id) VALUES ((SELECT photo_idx FROM photos WHERE photo_id = 2926), (SELECT tag_id FROM tags WHERE name = 'scenic'));
INSERT OR IGNORE INTO tags (name) VALUES ('white');
INSERT INTO photo_tags (photo_idx, tag_id) VALUES ((SELECT photo_idx FROM photos WHERE photo_id = 2926), (SELECT tag_id FROM tags WHERE name = 'white'));
INSERT OR IGNORE INTO tags (name) VALUES ('yellow');
INSERT INTO photo_tags (photo_idx, tag_id) VALUES ((SELECT photo_idx FROM photos WHERE photo_id = 2926), (SELECT tag_id FROM tags WHERE name = 'yellow'));
INSERT OR IGNORE INTO tags (name) VALUES ('aspen');
INSERT INTO photo_tags (photo_idx, tag_id) VALUES ((SELECT photo_idx FROM photos WHERE photo_id = 2926), (SELECT tag_id FROM tags WHERE name = 'aspen'));
INSERT OR IGNORE INTO tags (name) VALUES ('foliage');
INSERT INTO photo_tags (photo_idx, tag_id) VALUES ((SELECT photo_idx FROM photos WHERE photo_id = 2926), (SELECT tag_id FROM tags WHERE name = 'foliage'));
INSERT OR IGNORE INTO tags (name) VALUES ('forest');
INSERT INTO photo_tags (photo_idx, tag_id) VALUES ((SELECT photo_idx FROM photos WHERE photo_id = 2926), (SELECT tag_id FROM tags WHERE name = 'forest'));
INSERT OR IGNORE INTO tags (name) VALUES ('grass');
INSERT INTO photo_tags (photo_idx, tag_id) VALUES ((SELECT photo_idx FROM photos WHERE photo_id = 2926), (SELECT tag_id FROM tags WHERE name = 'grass'));
INSERT OR IGNORE INTO tags (name) VALUES ('trees');
INSERT INTO photo_tags (photo_idx, tag_id) VALUES ((SELECT photo_idx FROM photos WHERE photo_id = 2926), (SELECT tag_id FROM tags WHERE name = 'trees'));

INSERT INTO photos (photo_id, photo_title, photo_collection, photo_location, photo_year, camera, film_stock, film_format) VALUES (2927, 'Autumn in Colorado', 'Colorado', 'Near Aspen, Colorado', 2005, 'Hasselblad H1', 'PhaseOne P25', '6 x 4.5 cm');
INSERT INTO photos_fts (photo_idx, photo_id, photo_title, photo_collection, photo_location, photo_year, camera, film_stock, film_format, tag_names) VALUES ((SELECT photo_idx FROM photos WHERE photo_id = 2927), 2927, 'Autumn in Colorado', 'Colorado', 'Near Aspen, Colorado', 2005, 'Hasselblad H1', 'PhaseOne P25', '6 x 4.5 cm', 'horizontal,autumn,fall,landscape,color,outdoors,scenic,yellow,aspen,foliage,forest,trees');
INSERT OR IGNORE INTO tags (name) VALUES ('horizontal');
INSERT INTO photo_tags (photo_idx, tag_id) VALUES ((SELECT photo_idx FROM photos WHERE photo_id = 2927), (SELECT tag_id FROM tags WHERE name = 'horizontal'));
INSERT OR IGNORE INTO tags (name) VALUES ('autumn');
INSERT INTO photo_tags (photo_idx, tag_id) VALUES ((SELECT photo_idx FROM photos WHERE photo_id = 2927), (SELECT tag_id FROM tags WHERE name = 'autumn'));
INSERT OR IGNORE INTO tags (name) VALUES ('fall');
INSERT INTO photo_tags (photo_idx, tag_id) VALUES ((SELECT photo_idx FROM photos WHERE photo_id = 2927), (SELECT tag_id FROM tags WHERE name = 'fall'));
INSERT OR IGNORE INTO tags (name) VALUES ('landscape');
INSERT INTO photo_tags (photo_idx, tag_id) VALUES ((SELECT photo_idx FROM photos WHERE photo_id = 2927), (SELECT tag_id FROM tags WHERE name = 'landscape'));
INSERT OR IGNORE INTO tags (name) VALUES ('color');
INSERT INTO photo_tags (photo_idx, tag_id) VALUES ((SELECT photo_idx FROM photos WHERE photo_id = 2927), (SELECT tag_id FROM tags WHERE name = 'color'));
INSERT OR IGNORE INTO tags (name) VALUES ('outdoors');
INSERT INTO photo_tags (photo_idx, tag_id) VALUES ((SELECT photo_idx FROM photos WHERE photo_id = 2927), (SELECT tag_id FROM tags WHERE name = 'outdoors'));
INSERT OR IGNORE INTO tags (name) VALUES ('scenic');
INSERT INTO photo_tags (photo_idx, tag_id) VALUES ((SELECT photo_idx FROM photos WHERE photo_id = 2927), (SELECT tag_id FROM tags WHERE name = 'scenic'));
INSERT OR IGNORE INTO tags (name) VALUES ('yellow');
INSERT INTO photo_tags (photo_idx, tag_id) VALUES ((SELECT photo_idx FROM photos WHERE photo_id = 2927), (SELECT tag_id FROM tags WHERE name = 'yellow'));
INSERT OR IGNORE INTO tags (name) VALUES ('aspen');
INSERT INTO photo_tags (photo_idx, tag_id) VALUES ((SELECT photo_idx FROM photos WHERE photo_id = 2927), (SELECT tag_id FROM tags WHERE name = 'aspen'));
INSERT OR IGNORE INTO tags (name) VALUES ('foliage');
INSERT INTO photo_tags (photo_idx, tag_id) VALUES ((SELECT photo_idx FROM photos WHERE photo_id = 2927), (SELECT tag_id FROM tags WHERE name = 'foliage'));
INSERT OR IGNORE INTO tags (name) VALUES ('forest');
INSERT INTO photo_tags (photo_idx, tag_id) VALUES ((SELECT photo_idx FROM photos WHERE photo_id = 2927), (SELECT tag_id FROM tags WHERE name = 'forest'));
INSERT OR IGNORE INTO tags (name) VALUES ('trees');
INSERT INTO photo_tags (photo_idx, tag_id) VALUES ((SELECT photo_idx FROM photos WHERE photo_id = 2927), (SELECT tag_id FROM tags WHERE name = 'trees'));

INSERT INTO photos (photo_id, photo_title, photo_collection, photo_location, photo_year, camera, film_stock, film_format) VALUES (2928, 'Autumn in Colorado', 'Colorado', 'Near Aspen, Colorado', 2005, 'Hasselblad H1', 'PhaseOne P25', '6 x 4.5 cm');
INSERT INTO photos_fts (photo_idx, photo_id, photo_title, photo_collection, photo_location, photo_year, camera, film_stock, film_format, tag_names) VALUES ((SELECT photo_idx FROM photos WHERE photo_id = 2928), 2928, 'Autumn in Colorado', 'Colorado', 'Near Aspen, Colorado', 2005, 'Hasselblad H1', 'PhaseOne P25', '6 x 4.5 cm', 'horizontal,autumn,fall,landscape,color,outdoors,scenic,popular,white,yellow,aspen,foliage,forest,trees');
INSERT OR IGNORE INTO tags (name) VALUES ('horizontal');
INSERT INTO photo_tags (photo_idx, tag_id) VALUES ((SELECT photo_idx FROM photos WHERE photo_id = 2928), (SELECT tag_id FROM tags WHERE name = 'horizontal'));
INSERT OR IGNORE INTO tags (name) VALUES ('autumn');
INSERT INTO photo_tags (photo_idx, tag_id) VALUES ((SELECT photo_idx FROM photos WHERE photo_id = 2928), (SELECT tag_id FROM tags WHERE name = 'autumn'));
INSERT OR IGNORE INTO tags (name) VALUES ('fall');
INSERT INTO photo_tags (photo_idx, tag_id) VALUES ((SELECT photo_idx FROM photos WHERE photo_id = 2928), (SELECT tag_id FROM tags WHERE name = 'fall'));
INSERT OR IGNORE INTO tags (name) VALUES ('landscape');
INSERT INTO photo_tags (photo_idx, tag_id) VALUES ((SELECT photo_idx FROM photos WHERE photo_id = 2928), (SELECT tag_id FROM tags WHERE name = 'landscape'));
INSERT OR IGNORE INTO tags (name) VALUES ('color');
INSERT INTO photo_tags (photo_idx, tag_id) VALUES ((SELECT photo_idx FROM photos WHERE photo_id = 2928), (SELECT tag_id FROM tags WHERE name = 'color'));
INSERT OR IGNORE INTO tags (name) VALUES ('outdoors');
INSERT INTO photo_tags (photo_idx, tag_id) VALUES ((SELECT photo_idx FROM photos WHERE photo_id = 2928), (SELECT tag_id FROM tags WHERE name = 'outdoors'));
INSERT OR IGNORE INTO tags (name) VALUES ('scenic');
INSERT INTO photo_tags (photo_idx, tag_id) VALUES ((SELECT photo_idx FROM photos WHERE photo_id = 2928), (SELECT tag_id FROM tags WHERE name = 'scenic'));
INSERT OR IGNORE INTO tags (name) VALUES ('popular');
INSERT INTO photo_tags (photo_idx, tag_id) VALUES ((SELECT photo_idx FROM photos WHERE photo_id = 2928), (SELECT tag_id FROM tags WHERE name = 'popular'));
INSERT OR IGNORE INTO tags (name) VALUES ('white');
INSERT INTO photo_tags (photo_idx, tag_id) VALUES ((SELECT photo_idx FROM photos WHERE photo_id = 2928), (SELECT tag_id FROM tags WHERE name = 'white'));
INSERT OR IGNORE INTO tags (name) VALUES ('yellow');
INSERT INTO photo_tags (photo_idx, tag_id) VALUES ((SELECT photo_idx FROM photos WHERE photo_id = 2928), (SELECT tag_id FROM tags WHERE name = 'yellow'));
INSERT OR IGNORE INTO tags (name) VALUES ('aspen');
INSERT INTO photo_tags (photo_idx, tag_id) VALUES ((SELECT photo_idx FROM photos WHERE photo_id = 2928), (SELECT tag_id FROM tags WHERE name = 'aspen'));
INSERT OR IGNORE INTO tags (name) VALUES ('foliage');
INSERT INTO photo_tags (photo_idx, tag_id) VALUES ((SELECT photo_idx FROM photos WHERE photo_id = 2928), (SELECT tag_id FROM tags WHERE name = 'foliage'));
INSERT OR IGNORE INTO tags (name) VALUES ('forest');
INSERT INTO photo_tags (photo_idx, tag_id) VALUES ((SELECT photo_idx FROM photos WHERE photo_id = 2928), (SELECT tag_id FROM tags WHERE name = 'forest'));
INSERT OR IGNORE INTO tags (name) VALUES ('trees');
INSERT INTO photo_tags (photo_idx, tag_id) VALUES ((SELECT photo_idx FROM photos WHERE photo_id = 2928), (SELECT tag_id FROM tags WHERE name = 'trees'));

INSERT INTO photos (photo_id, photo_title, photo_collection, photo_location, photo_year, camera, film_stock, film_format) VALUES (2929, 'Autumn in Colorado', 'Colorado', 'Colorado', 2005, 'Hasselblad H1', 'PhaseOne P25', '6 x 4.5 cm');
INSERT INTO photos_fts (photo_idx, photo_id, photo_title, photo_collection, photo_location, photo_year, camera, film_stock, film_format, tag_names) VALUES ((SELECT photo_idx FROM photos WHERE photo_id = 2929), 2929, 'Autumn in Colorado', 'Colorado', 'Colorado', 2005, 'Hasselblad H1', 'PhaseOne P25', '6 x 4.5 cm', 'horizontal,autumn,fall,landscape,color,outdoors,scenic,blue,yellow,white,aspen,clouds,foliage,forest,sky,trees');
INSERT OR IGNORE INTO tags (name) VALUES ('horizontal');
INSERT INTO photo_tags (photo_idx, tag_id) VALUES ((SELECT photo_idx FROM photos WHERE photo_id = 2929), (SELECT tag_id FROM tags WHERE name = 'horizontal'));
INSERT OR IGNORE INTO tags (name) VALUES ('autumn');
INSERT INTO photo_tags (photo_idx, tag_id) VALUES ((SELECT photo_idx FROM photos WHERE photo_id = 2929), (SELECT tag_id FROM tags WHERE name = 'autumn'));
INSERT OR IGNORE INTO tags (name) VALUES ('fall');
INSERT INTO photo_tags (photo_idx, tag_id) VALUES ((SELECT photo_idx FROM photos WHERE photo_id = 2929), (SELECT tag_id FROM tags WHERE name = 'fall'));
INSERT OR IGNORE INTO tags (name) VALUES ('landscape');
INSERT INTO photo_tags (photo_idx, tag_id) VALUES ((SELECT photo_idx FROM photos WHERE photo_id = 2929), (SELECT tag_id FROM tags WHERE name = 'landscape'));
INSERT OR IGNORE INTO tags (name) VALUES ('color');
INSERT INTO photo_tags (photo_idx, tag_id) VALUES ((SELECT photo_idx FROM photos WHERE photo_id = 2929), (SELECT tag_id FROM tags WHERE name = 'color'));
INSERT OR IGNORE INTO tags (name) VALUES ('outdoors');
INSERT INTO photo_tags (photo_idx, tag_id) VALUES ((SELECT photo_idx FROM photos WHERE photo_id = 2929), (SELECT tag_id FROM tags WHERE name = 'outdoors'));
INSERT OR IGNORE INTO tags (name) VALUES ('scenic');
INSERT INTO photo_tags (photo_idx, tag_id) VALUES ((SELECT photo_idx FROM photos WHERE photo_id = 2929), (SELECT tag_id FROM tags WHERE name = 'scenic'));
INSERT OR IGNORE INTO tags (name) VALUES ('blue');
INSERT INTO photo_tags (photo_idx, tag_id) VALUES ((SELECT photo_idx FROM photos WHERE photo_id = 2929), (SELECT tag_id FROM tags WHERE name = 'blue'));
INSERT OR IGNORE INTO tags (name) VALUES ('yellow');
INSERT INTO photo_tags (photo_idx, tag_id) VALUES ((SELECT photo_idx FROM photos WHERE photo_id = 2929), (SELECT tag_id FROM tags WHERE name = 'yellow'));
INSERT OR IGNORE INTO tags (name) VALUES ('white');
INSERT INTO photo_tags (photo_idx, tag_id) VALUES ((SELECT photo_idx FROM photos WHERE photo_id = 2929), (SELECT tag_id FROM tags WHERE name = 'white'));
INSERT OR IGNORE INTO tags (name) VALUES ('aspen');
INSERT INTO photo_tags (photo_idx, tag_id) VALUES ((SELECT photo_idx FROM photos WHERE photo_id = 2929), (SELECT tag_id FROM tags WHERE name = 'aspen'));
INSERT OR IGNORE INTO tags (name) VALUES ('clouds');
INSERT INTO photo_tags (photo_idx, tag_id) VALUES ((SELECT photo_idx FROM photos WHERE photo_id = 2929), (SELECT tag_id FROM tags WHERE name = 'clouds'));
INSERT OR IGNORE INTO tags (name) VALUES ('foliage');
INSERT INTO photo_tags (photo_idx, tag_id) VALUES ((SELECT photo_idx FROM photos WHERE photo_id = 2929), (SELECT tag_id FROM tags WHERE name = 'foliage'));
INSERT OR IGNORE INTO tags (name) VALUES ('forest');
INSERT INTO photo_tags (photo_idx, tag_id) VALUES ((SELECT photo_idx FROM photos WHERE photo_id = 2929), (SELECT tag_id FROM tags WHERE name = 'forest'));
INSERT OR IGNORE INTO tags (name) VALUES ('sky');
INSERT INTO photo_tags (photo_idx, tag_id) VALUES ((SELECT photo_idx FROM photos WHERE photo_id = 2929), (SELECT tag_id FROM tags WHERE name = 'sky'));
INSERT OR IGNORE INTO tags (name) VALUES ('trees');
INSERT INTO photo_tags (photo_idx, tag_id) VALUES ((SELECT photo_idx FROM photos WHERE photo_id = 2929), (SELECT tag_id FROM tags WHERE name = 'trees'));

INSERT INTO photos (photo_id, photo_title, photo_collection, photo_location, photo_year, camera, film_stock, film_format) VALUES (2930, 'Autumn in Colorado', 'Colorado', 'Colorado', 2005, 'Hasselblad H1', 'PhaseOne P25', '6 x 4.5 cm');
INSERT INTO photos_fts (photo_idx, photo_id, photo_title, photo_collection, photo_location, photo_year, camera, film_stock, film_format, tag_names) VALUES ((SELECT photo_idx FROM photos WHERE photo_id = 2930), 2930, 'Autumn in Colorado', 'Colorado', 'Colorado', 2005, 'Hasselblad H1', 'PhaseOne P25', '6 x 4.5 cm', 'horizontal,autumn,fall,landscape,color,outdoors,scenic,blue,yellow,aspen,foliage,forest,trees');
INSERT OR IGNORE INTO tags (name) VALUES ('horizontal');
INSERT INTO photo_tags (photo_idx, tag_id) VALUES ((SELECT photo_idx FROM photos WHERE photo_id = 2930), (SELECT tag_id FROM tags WHERE name = 'horizontal'));
INSERT OR IGNORE INTO tags (name) VALUES ('autumn');
INSERT INTO photo_tags (photo_idx, tag_id) VALUES ((SELECT photo_idx FROM photos WHERE photo_id = 2930), (SELECT tag_id FROM tags WHERE name = 'autumn'));
INSERT OR IGNORE INTO tags (name) VALUES ('fall');
INSERT INTO photo_tags (photo_idx, tag_id) VALUES ((SELECT photo_idx FROM photos WHERE photo_id = 2930), (SELECT tag_id FROM tags WHERE name = 'fall'));
INSERT OR IGNORE INTO tags (name) VALUES ('landscape');
INSERT INTO photo_tags (photo_idx, tag_id) VALUES ((SELECT photo_idx FROM photos WHERE photo_id = 2930), (SELECT tag_id FROM tags WHERE name = 'landscape'));
INSERT OR IGNORE INTO tags (name) VALUES ('color');
INSERT INTO photo_tags (photo_idx, tag_id) VALUES ((SELECT photo_idx FROM photos WHERE photo_id = 2930), (SELECT tag_id FROM tags WHERE name = 'color'));
INSERT OR IGNORE INTO tags (name) VALUES ('outdoors');
INSERT INTO photo_tags (photo_idx, tag_id) VALUES ((SELECT photo_idx FROM photos WHERE photo_id = 2930), (SELECT tag_id FROM tags WHERE name = 'outdoors'));
INSERT OR IGNORE INTO tags (name) VALUES ('scenic');
INSERT INTO photo_tags (photo_idx, tag_id) VALUES ((SELECT photo_idx FROM photos WHERE photo_id = 2930), (SELECT tag_id FROM tags WHERE name = 'scenic'));
INSERT OR IGNORE INTO tags (name) VALUES ('blue');
INSERT INTO photo_tags (photo_idx, tag_id) VALUES ((SELECT photo_idx FROM photos WHERE photo_id = 2930), (SELECT tag_id FROM tags WHERE name = 'blue'));
INSERT OR IGNORE INTO tags (name) VALUES ('yellow');
INSERT INTO photo_tags (photo_idx, tag_id) VALUES ((SELECT photo_idx FROM photos WHERE photo_id = 2930), (SELECT tag_id FROM tags WHERE name = 'yellow'));
INSERT OR IGNORE INTO tags (name) VALUES ('aspen');
INSERT INTO photo_tags (photo_idx, tag_id) VALUES ((SELECT photo_idx FROM photos WHERE photo_id = 2930), (SELECT tag_id FROM tags WHERE name = 'aspen'));
INSERT OR IGNORE INTO tags (name) VALUES ('foliage');
INSERT INTO photo_tags (photo_idx, tag_id) VALUES ((SELECT photo_idx FROM photos WHERE photo_id = 2930), (SELECT tag_id FROM tags WHERE name = 'foliage'));
INSERT OR IGNORE INTO tags (name) VALUES ('forest');
INSERT INTO photo_tags (photo_idx, tag_id) VALUES ((SELECT photo_idx FROM photos WHERE photo_id = 2930), (SELECT tag_id FROM tags WHERE name = 'forest'));
INSERT OR IGNORE INTO tags (name) VALUES ('trees');
INSERT INTO photo_tags (photo_idx, tag_id) VALUES ((SELECT photo_idx FROM photos WHERE photo_id = 2930), (SELECT tag_id FROM tags WHERE name = 'trees'));

INSERT INTO photos (photo_id, photo_title, photo_collection, photo_location, photo_year, camera, film_stock, film_format) VALUES (2931, 'Autumn in Colorado', 'Colorado', 'Colorado', 2005, 'Hasselblad H1', 'PhaseOne P25', '6 x 4.5 cm');
INSERT INTO photos_fts (photo_idx, photo_id, photo_title, photo_collection, photo_location, photo_year, camera, film_stock, film_format, tag_names) VALUES ((SELECT photo_idx FROM photos WHERE photo_id = 2931), 2931, 'Autumn in Colorado', 'Colorado', 'Colorado', 2005, 'Hasselblad H1', 'PhaseOne P25', '6 x 4.5 cm', 'horizontal,autumn,fall,landscape,color,outdoors,scenic,blue,yellow,white,aspen,clouds,foliage,forest,sky,trees');
INSERT OR IGNORE INTO tags (name) VALUES ('horizontal');
INSERT INTO photo_tags (photo_idx, tag_id) VALUES ((SELECT photo_idx FROM photos WHERE photo_id = 2931), (SELECT tag_id FROM tags WHERE name = 'horizontal'));
INSERT OR IGNORE INTO tags (name) VALUES ('autumn');
INSERT INTO photo_tags (photo_idx, tag_id) VALUES ((SELECT photo_idx FROM photos WHERE photo_id = 2931), (SELECT tag_id FROM tags WHERE name = 'autumn'));
INSERT OR IGNORE INTO tags (name) VALUES ('fall');
INSERT INTO photo_tags (photo_idx, tag_id) VALUES ((SELECT photo_idx FROM photos WHERE photo_id = 2931), (SELECT tag_id FROM tags WHERE name = 'fall'));
INSERT OR IGNORE INTO tags (name) VALUES ('landscape');
INSERT INTO photo_tags (photo_idx, tag_id) VALUES ((SELECT photo_idx FROM photos WHERE photo_id = 2931), (SELECT tag_id FROM tags WHERE name = 'landscape'));
INSERT OR IGNORE INTO tags (name) VALUES ('color');
INSERT INTO photo_tags (photo_idx, tag_id) VALUES ((SELECT photo_idx FROM photos WHERE photo_id = 2931), (SELECT tag_id FROM tags WHERE name = 'color'));
INSERT OR IGNORE INTO tags (name) VALUES ('outdoors');
INSERT INTO photo_tags (photo_idx, tag_id) VALUES ((SELECT photo_idx FROM photos WHERE photo_id = 2931), (SELECT tag_id FROM tags WHERE name = 'outdoors'));
INSERT OR IGNORE INTO tags (name) VALUES ('scenic');
INSERT INTO photo_tags (photo_idx, tag_id) VALUES ((SELECT photo_idx FROM photos WHERE photo_id = 2931), (SELECT tag_id FROM tags WHERE name = 'scenic'));
INSERT OR IGNORE INTO tags (name) VALUES ('blue');
INSERT INTO photo_tags (photo_idx, tag_id) VALUES ((SELECT photo_idx FROM photos WHERE photo_id = 2931), (SELECT tag_id FROM tags WHERE name = 'blue'));
INSERT OR IGNORE INTO tags (name) VALUES ('yellow');
INSERT INTO photo_tags (photo_idx, tag_id) VALUES ((SELECT photo_idx FROM photos WHERE photo_id = 2931), (SELECT tag_id FROM tags WHERE name = 'yellow'));
INSERT OR IGNORE INTO tags (name) VALUES ('white');
INSERT INTO photo_tags (photo_idx, tag_id) VALUES ((SELECT photo_idx FROM photos WHERE photo_id = 2931), (SELECT tag_id FROM tags WHERE name = 'white'));
INSERT OR IGNORE INTO tags (name) VALUES ('aspen');
INSERT INTO photo_tags (photo_idx, tag_id) VALUES ((SELECT photo_idx FROM photos WHERE photo_id = 2931), (SELECT tag_id FROM tags WHERE name = 'aspen'));
INSERT OR IGNORE INTO tags (name) VALUES ('clouds');
INSERT INTO photo_tags (photo_idx, tag_id) VALUES ((SELECT photo_idx FROM photos WHERE photo_id = 2931), (SELECT tag_id FROM tags WHERE name = 'clouds'));
INSERT OR IGNORE INTO tags (name) VALUES ('foliage');
INSERT INTO photo_tags (photo_idx, tag_id) VALUES ((SELECT photo_idx FROM photos WHERE photo_id = 2931), (SELECT tag_id FROM tags WHERE name = 'foliage'));
INSERT OR IGNORE INTO tags (name) VALUES ('forest');
INSERT INTO photo_tags (photo_idx, tag_id) VALUES ((SELECT photo_idx FROM photos WHERE photo_id = 2931), (SELECT tag_id FROM tags WHERE name = 'forest'));
INSERT OR IGNORE INTO tags (name) VALUES ('sky');
INSERT INTO photo_tags (photo_idx, tag_id) VALUES ((SELECT photo_idx FROM photos WHERE photo_id = 2931), (SELECT tag_id FROM tags WHERE name = 'sky'));
INSERT OR IGNORE INTO tags (name) VALUES ('trees');
INSERT INTO photo_tags (photo_idx, tag_id) VALUES ((SELECT photo_idx FROM photos WHERE photo_id = 2931), (SELECT tag_id FROM tags WHERE name = 'trees'));

INSERT INTO photos (photo_id, photo_title, photo_collection, photo_location, photo_year, camera, film_stock, film_format) VALUES (2932, 'Autumn in Colorado', 'Colorado', 'Colorado', 2005, 'Hasselblad H1', 'PhaseOne P25', '6 x 4.5 cm');
INSERT INTO photos_fts (photo_idx, photo_id, photo_title, photo_collection, photo_location, photo_year, camera, film_stock, film_format, tag_names) VALUES ((SELECT photo_idx FROM photos WHERE photo_id = 2932), 2932, 'Autumn in Colorado', 'Colorado', 'Colorado', 2005, 'Hasselblad H1', 'PhaseOne P25', '6 x 4.5 cm', 'horizontal,autumn,fall,landscape,color,outdoors,scenic,popular,white,yellow,aspen,foliage,forest,trees');
INSERT OR IGNORE INTO tags (name) VALUES ('horizontal');
INSERT INTO photo_tags (photo_idx, tag_id) VALUES ((SELECT photo_idx FROM photos WHERE photo_id = 2932), (SELECT tag_id FROM tags WHERE name = 'horizontal'));
INSERT OR IGNORE INTO tags (name) VALUES ('autumn');
INSERT INTO photo_tags (photo_idx, tag_id) VALUES ((SELECT photo_idx FROM photos WHERE photo_id = 2932), (SELECT tag_id FROM tags WHERE name = 'autumn'));
INSERT OR IGNORE INTO tags (name) VALUES ('fall');
INSERT INTO photo_tags (photo_idx, tag_id) VALUES ((SELECT photo_idx FROM photos WHERE photo_id = 2932), (SELECT tag_id FROM tags WHERE name = 'fall'));
INSERT OR IGNORE INTO tags (name) VALUES ('landscape');
INSERT INTO photo_tags (photo_idx, tag_id) VALUES ((SELECT photo_idx FROM photos WHERE photo_id = 2932), (SELECT tag_id FROM tags WHERE name = 'landscape'));
INSERT OR IGNORE INTO tags (name) VALUES ('color');
INSERT INTO photo_tags (photo_idx, tag_id) VALUES ((SELECT photo_idx FROM photos WHERE photo_id = 2932), (SELECT tag_id FROM tags WHERE name = 'color'));
INSERT OR IGNORE INTO tags (name) VALUES ('outdoors');
INSERT INTO photo_tags (photo_idx, tag_id) VALUES ((SELECT photo_idx FROM photos WHERE photo_id = 2932), (SELECT tag_id FROM tags WHERE name = 'outdoors'));
INSERT OR IGNORE INTO tags (name) VALUES ('scenic');
INSERT INTO photo_tags (photo_idx, tag_id) VALUES ((SELECT photo_idx FROM photos WHERE photo_id = 2932), (SELECT tag_id FROM tags WHERE name = 'scenic'));
INSERT OR IGNORE INTO tags (name) VALUES ('popular');
INSERT INTO photo_tags (photo_idx, tag_id) VALUES ((SELECT photo_idx FROM photos WHERE photo_id = 2932), (SELECT tag_id FROM tags WHERE name = 'popular'));
INSERT OR IGNORE INTO tags (name) VALUES ('white');
INSERT INTO photo_tags (photo_idx, tag_id) VALUES ((SELECT photo_idx FROM photos WHERE photo_id = 2932), (SELECT tag_id FROM tags WHERE name = 'white'));
INSERT OR IGNORE INTO tags (name) VALUES ('yellow');
INSERT INTO photo_tags (photo_idx, tag_id) VALUES ((SELECT photo_idx FROM photos WHERE photo_id = 2932), (SELECT tag_id FROM tags WHERE name = 'yellow'));
INSERT OR IGNORE INTO tags (name) VALUES ('aspen');
INSERT INTO photo_tags (photo_idx, tag_id) VALUES ((SELECT photo_idx FROM photos WHERE photo_id = 2932), (SELECT tag_id FROM tags WHERE name = 'aspen'));
INSERT OR IGNORE INTO tags (name) VALUES ('foliage');
INSERT INTO photo_tags (photo_idx, tag_id) VALUES ((SELECT photo_idx FROM photos WHERE photo_id = 2932), (SELECT tag_id FROM tags WHERE name = 'foliage'));
INSERT OR IGNORE INTO tags (name) VALUES ('forest');
INSERT INTO photo_tags (photo_idx, tag_id) VALUES ((SELECT photo_idx FROM photos WHERE photo_id = 2932), (SELECT tag_id FROM tags WHERE name = 'forest'));
INSERT OR IGNORE INTO tags (name) VALUES ('trees');
INSERT INTO photo_tags (photo_idx, tag_id) VALUES ((SELECT photo_idx FROM photos WHERE photo_id = 2932), (SELECT tag_id FROM tags WHERE name = 'trees'));

INSERT INTO photos (photo_id, photo_title, photo_collection, photo_location, photo_year, camera, film_stock, film_format) VALUES (2933, 'Autumn in Colorado', 'Colorado', 'Colorado', 2005, 'Hasselblad H1', 'PhaseOne P25', '6 x 4.5 cm');
INSERT INTO photos_fts (photo_idx, photo_id, photo_title, photo_collection, photo_location, photo_year, camera, film_stock, film_format, tag_names) VALUES ((SELECT photo_idx FROM photos WHERE photo_id = 2933), 2933, 'Autumn in Colorado', 'Colorado', 'Colorado', 2005, 'Hasselblad H1', 'PhaseOne P25', '6 x 4.5 cm', 'horizontal,autumn,fall,landscape,color,outdoors,scenic,yellow,aspen,foliage,forest,trees');
INSERT OR IGNORE INTO tags (name) VALUES ('horizontal');
INSERT INTO photo_tags (photo_idx, tag_id) VALUES ((SELECT photo_idx FROM photos WHERE photo_id = 2933), (SELECT tag_id FROM tags WHERE name = 'horizontal'));
INSERT OR IGNORE INTO tags (name) VALUES ('autumn');
INSERT INTO photo_tags (photo_idx, tag_id) VALUES ((SELECT photo_idx FROM photos WHERE photo_id = 2933), (SELECT tag_id FROM tags WHERE name = 'autumn'));
INSERT OR IGNORE INTO tags (name) VALUES ('fall');
INSERT INTO photo_tags (photo_idx, tag_id) VALUES ((SELECT photo_idx FROM photos WHERE photo_id = 2933), (SELECT tag_id FROM tags WHERE name = 'fall'));
INSERT OR IGNORE INTO tags (name) VALUES ('landscape');
INSERT INTO photo_tags (photo_idx, tag_id) VALUES ((SELECT photo_idx FROM photos WHERE photo_id = 2933), (SELECT tag_id FROM tags WHERE name = 'landscape'));
INSERT OR IGNORE INTO tags (name) VALUES ('color');
INSERT INTO photo_tags (photo_idx, tag_id) VALUES ((SELECT photo_idx FROM photos WHERE photo_id = 2933), (SELECT tag_id FROM tags WHERE name = 'color'));
INSERT OR IGNORE INTO tags (name) VALUES ('outdoors');
INSERT INTO photo_tags (photo_idx, tag_id) VALUES ((SELECT photo_idx FROM photos WHERE photo_id = 2933), (SELECT tag_id FROM tags WHERE name = 'outdoors'));
INSERT OR IGNORE INTO tags (name) VALUES ('scenic');
INSERT INTO photo_tags (photo_idx, tag_id) VALUES ((SELECT photo_idx FROM photos WHERE photo_id = 2933), (SELECT tag_id FROM tags WHERE name = 'scenic'));
INSERT OR IGNORE INTO tags (name) VALUES ('yellow');
INSERT INTO photo_tags (photo_idx, tag_id) VALUES ((SELECT photo_idx FROM photos WHERE photo_id = 2933), (SELECT tag_id FROM tags WHERE name = 'yellow'));
INSERT OR IGNORE INTO tags (name) VALUES ('aspen');
INSERT INTO photo_tags (photo_idx, tag_id) VALUES ((SELECT photo_idx FROM photos WHERE photo_id = 2933), (SELECT tag_id FROM tags WHERE name = 'aspen'));
INSERT OR IGNORE INTO tags (name) VALUES ('foliage');
INSERT INTO photo_tags (photo_idx, tag_id) VALUES ((SELECT photo_idx FROM photos WHERE photo_id = 2933), (SELECT tag_id FROM tags WHERE name = 'foliage'));
INSERT OR IGNORE INTO tags (name) VALUES ('forest');
INSERT INTO photo_tags (photo_idx, tag_id) VALUES ((SELECT photo_idx FROM photos WHERE photo_id = 2933), (SELECT tag_id FROM tags WHERE name = 'forest'));
INSERT OR IGNORE INTO tags (name) VALUES ('trees');
INSERT INTO photo_tags (photo_idx, tag_id) VALUES ((SELECT photo_idx FROM photos WHERE photo_id = 2933), (SELECT tag_id FROM tags WHERE name = 'trees'));

INSERT INTO photos (photo_id, photo_title, photo_collection, photo_location, photo_year, camera, film_stock, film_format) VALUES (2934, 'Autumn in Colorado', 'Colorado', 'Near Sawpit, Colorado', 2005, 'Hasselblad H1', 'PhaseOne P25', '6 x 4.5 cm');
INSERT INTO photos_fts (photo_idx, photo_id, photo_title, photo_collection, photo_location, photo_year, camera, film_stock, film_format, tag_names) VALUES ((SELECT photo_idx FROM photos WHERE photo_id = 2934), 2934, 'Autumn in Colorado', 'Colorado', 'Near Sawpit, Colorado', 2005, 'Hasselblad H1', 'PhaseOne P25', '6 x 4.5 cm', 'horizontal,autumn,fall,landscape,color,outdoors,scenic,yellow,aspen,foliage,forest,trees');
INSERT OR IGNORE INTO tags (name) VALUES ('horizontal');
INSERT INTO photo_tags (photo_idx, tag_id) VALUES ((SELECT photo_idx FROM photos WHERE photo_id = 2934), (SELECT tag_id FROM tags WHERE name = 'horizontal'));
INSERT OR IGNORE INTO tags (name) VALUES ('autumn');
INSERT INTO photo_tags (photo_idx, tag_id) VALUES ((SELECT photo_idx FROM photos WHERE photo_id = 2934), (SELECT tag_id FROM tags WHERE name = 'autumn'));
INSERT OR IGNORE INTO tags (name) VALUES ('fall');
INSERT INTO photo_tags (photo_idx, tag_id) VALUES ((SELECT photo_idx FROM photos WHERE photo_id = 2934), (SELECT tag_id FROM tags WHERE name = 'fall'));
INSERT OR IGNORE INTO tags (name) VALUES ('landscape');
INSERT INTO photo_tags (photo_idx, tag_id) VALUES ((SELECT photo_idx FROM photos WHERE photo_id = 2934), (SELECT tag_id FROM tags WHERE name = 'landscape'));
INSERT OR IGNORE INTO tags (name) VALUES ('color');
INSERT INTO photo_tags (photo_idx, tag_id) VALUES ((SELECT photo_idx FROM photos WHERE photo_id = 2934), (SELECT tag_id FROM tags WHERE name = 'color'));
INSERT OR IGNORE INTO tags (name) VALUES ('outdoors');
INSERT INTO photo_tags (photo_idx, tag_id) VALUES ((SELECT photo_idx FROM photos WHERE photo_id = 2934), (SELECT tag_id FROM tags WHERE name = 'outdoors'));
INSERT OR IGNORE INTO tags (name) VALUES ('scenic');
INSERT INTO photo_tags (photo_idx, tag_id) VALUES ((SELECT photo_idx FROM photos WHERE photo_id = 2934), (SELECT tag_id FROM tags WHERE name = 'scenic'));
INSERT OR IGNORE INTO tags (name) VALUES ('yellow');
INSERT INTO photo_tags (photo_idx, tag_id) VALUES ((SELECT photo_idx FROM photos WHERE photo_id = 2934), (SELECT tag_id FROM tags WHERE name = 'yellow'));
INSERT OR IGNORE INTO tags (name) VALUES ('aspen');
INSERT INTO photo_tags (photo_idx, tag_id) VALUES ((SELECT photo_idx FROM photos WHERE photo_id = 2934), (SELECT tag_id FROM tags WHERE name = 'aspen'));
INSERT OR IGNORE INTO tags (name) VALUES ('foliage');
INSERT INTO photo_tags (photo_idx, tag_id) VALUES ((SELECT photo_idx FROM photos WHERE photo_id = 2934), (SELECT tag_id FROM tags WHERE name = 'foliage'));
INSERT OR IGNORE INTO tags (name) VALUES ('forest');
INSERT INTO photo_tags (photo_idx, tag_id) VALUES ((SELECT photo_idx FROM photos WHERE photo_id = 2934), (SELECT tag_id FROM tags WHERE name = 'forest'));
INSERT OR IGNORE INTO tags (name) VALUES ('trees');
INSERT INTO photo_tags (photo_idx, tag_id) VALUES ((SELECT photo_idx FROM photos WHERE photo_id = 2934), (SELECT tag_id FROM tags WHERE name = 'trees'));

INSERT INTO photos (photo_id, photo_title, photo_collection, photo_location, photo_year, camera, film_stock, film_format) VALUES (2935, 'Autumn in Colorado', 'Colorado', 'Near Sawpit, Colorado', 2005, 'Hasselblad H1', 'PhaseOne P25', '6 x 4.5 cm');
INSERT INTO photos_fts (photo_idx, photo_id, photo_title, photo_collection, photo_location, photo_year, camera, film_stock, film_format, tag_names) VALUES ((SELECT photo_idx FROM photos WHERE photo_id = 2935), 2935, 'Autumn in Colorado', 'Colorado', 'Near Sawpit, Colorado', 2005, 'Hasselblad H1', 'PhaseOne P25', '6 x 4.5 cm', 'horizontal,autumn,fall,landscape,color,outdoors,scenic,popular,yellow,aspen,foliage,forest,trees');
INSERT OR IGNORE INTO tags (name) VALUES ('horizontal');
INSERT INTO photo_tags (photo_idx, tag_id) VALUES ((SELECT photo_idx FROM photos WHERE photo_id = 2935), (SELECT tag_id FROM tags WHERE name = 'horizontal'));
INSERT OR IGNORE INTO tags (name) VALUES ('autumn');
INSERT INTO photo_tags (photo_idx, tag_id) VALUES ((SELECT photo_idx FROM photos WHERE photo_id = 2935), (SELECT tag_id FROM tags WHERE name = 'autumn'));
INSERT OR IGNORE INTO tags (name) VALUES ('fall');
INSERT INTO photo_tags (photo_idx, tag_id) VALUES ((SELECT photo_idx FROM photos WHERE photo_id = 2935), (SELECT tag_id FROM tags WHERE name = 'fall'));
INSERT OR IGNORE INTO tags (name) VALUES ('landscape');
INSERT INTO photo_tags (photo_idx, tag_id) VALUES ((SELECT photo_idx FROM photos WHERE photo_id = 2935), (SELECT tag_id FROM tags WHERE name = 'landscape'));
INSERT OR IGNORE INTO tags (name) VALUES ('color');
INSERT INTO photo_tags (photo_idx, tag_id) VALUES ((SELECT photo_idx FROM photos WHERE photo_id = 2935), (SELECT tag_id FROM tags WHERE name = 'color'));
INSERT OR IGNORE INTO tags (name) VALUES ('outdoors');
INSERT INTO photo_tags (photo_idx, tag_id) VALUES ((SELECT photo_idx FROM photos WHERE photo_id = 2935), (SELECT tag_id FROM tags WHERE name = 'outdoors'));
INSERT OR IGNORE INTO tags (name) VALUES ('scenic');
INSERT INTO photo_tags (photo_idx, tag_id) VALUES ((SELECT photo_idx FROM photos WHERE photo_id = 2935), (SELECT tag_id FROM tags WHERE name = 'scenic'));
INSERT OR IGNORE INTO tags (name) VALUES ('popular');
INSERT INTO photo_tags (photo_idx, tag_id) VALUES ((SELECT photo_idx FROM photos WHERE photo_id = 2935), (SELECT tag_id FROM tags WHERE name = 'popular'));
INSERT OR IGNORE INTO tags (name) VALUES ('yellow');
INSERT INTO photo_tags (photo_idx, tag_id) VALUES ((SELECT photo_idx FROM photos WHERE photo_id = 2935), (SELECT tag_id FROM tags WHERE name = 'yellow'));
INSERT OR IGNORE INTO tags (name) VALUES ('aspen');
INSERT INTO photo_tags (photo_idx, tag_id) VALUES ((SELECT photo_idx FROM photos WHERE photo_id = 2935), (SELECT tag_id FROM tags WHERE name = 'aspen'));
INSERT OR IGNORE INTO tags (name) VALUES ('foliage');
INSERT INTO photo_tags (photo_idx, tag_id) VALUES ((SELECT photo_idx FROM photos WHERE photo_id = 2935), (SELECT tag_id FROM tags WHERE name = 'foliage'));
INSERT OR IGNORE INTO tags (name) VALUES ('forest');
INSERT INTO photo_tags (photo_idx, tag_id) VALUES ((SELECT photo_idx FROM photos WHERE photo_id = 2935), (SELECT tag_id FROM tags WHERE name = 'forest'));
INSERT OR IGNORE INTO tags (name) VALUES ('trees');
INSERT INTO photo_tags (photo_idx, tag_id) VALUES ((SELECT photo_idx FROM photos WHERE photo_id = 2935), (SELECT tag_id FROM tags WHERE name = 'trees'));

INSERT INTO photos (photo_id, photo_title, photo_collection, photo_location, photo_year, camera, film_stock, film_format) VALUES (2936, 'Autumn in Colorado', 'Colorado', 'Near Sawpit, Colorado', 2005, 'Hasselblad H1', 'PhaseOne P25', '6 x 4.5 cm');
INSERT INTO photos_fts (photo_idx, photo_id, photo_title, photo_collection, photo_location, photo_year, camera, film_stock, film_format, tag_names) VALUES ((SELECT photo_idx FROM photos WHERE photo_id = 2936), 2936, 'Autumn in Colorado', 'Colorado', 'Near Sawpit, Colorado', 2005, 'Hasselblad H1', 'PhaseOne P25', '6 x 4.5 cm', 'horizontal,autumn,fall,landscape,color,outdoors,scenic,popular,white,yellow,aspen,foliage,forest,trees');
INSERT OR IGNORE INTO tags (name) VALUES ('horizontal');
INSERT INTO photo_tags (photo_idx, tag_id) VALUES ((SELECT photo_idx FROM photos WHERE photo_id = 2936), (SELECT tag_id FROM tags WHERE name = 'horizontal'));
INSERT OR IGNORE INTO tags (name) VALUES ('autumn');
INSERT INTO photo_tags (photo_idx, tag_id) VALUES ((SELECT photo_idx FROM photos WHERE photo_id = 2936), (SELECT tag_id FROM tags WHERE name = 'autumn'));
INSERT OR IGNORE INTO tags (name) VALUES ('fall');
INSERT INTO photo_tags (photo_idx, tag_id) VALUES ((SELECT photo_idx FROM photos WHERE photo_id = 2936), (SELECT tag_id FROM tags WHERE name = 'fall'));
INSERT OR IGNORE INTO tags (name) VALUES ('landscape');
INSERT INTO photo_tags (photo_idx, tag_id) VALUES ((SELECT photo_idx FROM photos WHERE photo_id = 2936), (SELECT tag_id FROM tags WHERE name = 'landscape'));
INSERT OR IGNORE INTO tags (name) VALUES ('color');
INSERT INTO photo_tags (photo_idx, tag_id) VALUES ((SELECT photo_idx FROM photos WHERE photo_id = 2936), (SELECT tag_id FROM tags WHERE name = 'color'));
INSERT OR IGNORE INTO tags (name) VALUES ('outdoors');
INSERT INTO photo_tags (photo_idx, tag_id) VALUES ((SELECT photo_idx FROM photos WHERE photo_id = 2936), (SELECT tag_id FROM tags WHERE name = 'outdoors'));
INSERT OR IGNORE INTO tags (name) VALUES ('scenic');
INSERT INTO photo_tags (photo_idx, tag_id) VALUES ((SELECT photo_idx FROM photos WHERE photo_id = 2936), (SELECT tag_id FROM tags WHERE name = 'scenic'));
INSERT OR IGNORE INTO tags (name) VALUES ('popular');
INSERT INTO photo_tags (photo_idx, tag_id) VALUES ((SELECT photo_idx FROM photos WHERE photo_id = 2936), (SELECT tag_id FROM tags WHERE name = 'popular'));
INSERT OR IGNORE INTO tags (name) VALUES ('white');
INSERT INTO photo_tags (photo_idx, tag_id) VALUES ((SELECT photo_idx FROM photos WHERE photo_id = 2936), (SELECT tag_id FROM tags WHERE name = 'white'));
INSERT OR IGNORE INTO tags (name) VALUES ('yellow');
INSERT INTO photo_tags (photo_idx, tag_id) VALUES ((SELECT photo_idx FROM photos WHERE photo_id = 2936), (SELECT tag_id FROM tags WHERE name = 'yellow'));
INSERT OR IGNORE INTO tags (name) VALUES ('aspen');
INSERT INTO photo_tags (photo_idx, tag_id) VALUES ((SELECT photo_idx FROM photos WHERE photo_id = 2936), (SELECT tag_id FROM tags WHERE name = 'aspen'));
INSERT OR IGNORE INTO tags (name) VALUES ('foliage');
INSERT INTO photo_tags (photo_idx, tag_id) VALUES ((SELECT photo_idx FROM photos WHERE photo_id = 2936), (SELECT tag_id FROM tags WHERE name = 'foliage'));
INSERT OR IGNORE INTO tags (name) VALUES ('forest');
INSERT INTO photo_tags (photo_idx, tag_id) VALUES ((SELECT photo_idx FROM photos WHERE photo_id = 2936), (SELECT tag_id FROM tags WHERE name = 'forest'));
INSERT OR IGNORE INTO tags (name) VALUES ('trees');
INSERT INTO photo_tags (photo_idx, tag_id) VALUES ((SELECT photo_idx FROM photos WHERE photo_id = 2936), (SELECT tag_id FROM tags WHERE name = 'trees'));

INSERT INTO photos (photo_id, photo_title, photo_collection, photo_location, photo_year, camera, film_stock, film_format) VALUES (2937, 'Autumn in Colorado', 'Colorado', 'Near Sawpit, Colorado', 2005, 'Hasselblad H1', 'PhaseOne P25', '6 x 4.5 cm');
INSERT INTO photos_fts (photo_idx, photo_id, photo_title, photo_collection, photo_location, photo_year, camera, film_stock, film_format, tag_names) VALUES ((SELECT photo_idx FROM photos WHERE photo_id = 2937), 2937, 'Autumn in Colorado', 'Colorado', 'Near Sawpit, Colorado', 2005, 'Hasselblad H1', 'PhaseOne P25', '6 x 4.5 cm', 'horizontal,autumn,fall,landscape,color,outdoors,scenic,white,yellow,aspen,foliage,forest,trees');
INSERT OR IGNORE INTO tags (name) VALUES ('horizontal');
INSERT INTO photo_tags (photo_idx, tag_id) VALUES ((SELECT photo_idx FROM photos WHERE photo_id = 2937), (SELECT tag_id FROM tags WHERE name = 'horizontal'));
INSERT OR IGNORE INTO tags (name) VALUES ('autumn');
INSERT INTO photo_tags (photo_idx, tag_id) VALUES ((SELECT photo_idx FROM photos WHERE photo_id = 2937), (SELECT tag_id FROM tags WHERE name = 'autumn'));
INSERT OR IGNORE INTO tags (name) VALUES ('fall');
INSERT INTO photo_tags (photo_idx, tag_id) VALUES ((SELECT photo_idx FROM photos WHERE photo_id = 2937), (SELECT tag_id FROM tags WHERE name = 'fall'));
INSERT OR IGNORE INTO tags (name) VALUES ('landscape');
INSERT INTO photo_tags (photo_idx, tag_id) VALUES ((SELECT photo_idx FROM photos WHERE photo_id = 2937), (SELECT tag_id FROM tags WHERE name = 'landscape'));
INSERT OR IGNORE INTO tags (name) VALUES ('color');
INSERT INTO photo_tags (photo_idx, tag_id) VALUES ((SELECT photo_idx FROM photos WHERE photo_id = 2937), (SELECT tag_id FROM tags WHERE name = 'color'));
INSERT OR IGNORE INTO tags (name) VALUES ('outdoors');
INSERT INTO photo_tags (photo_idx, tag_id) VALUES ((SELECT photo_idx FROM photos WHERE photo_id = 2937), (SELECT tag_id FROM tags WHERE name = 'outdoors'));
INSERT OR IGNORE INTO tags (name) VALUES ('scenic');
INSERT INTO photo_tags (photo_idx, tag_id) VALUES ((SELECT photo_idx FROM photos WHERE photo_id = 2937), (SELECT tag_id FROM tags WHERE name = 'scenic'));
INSERT OR IGNORE INTO tags (name) VALUES ('white');
INSERT INTO photo_tags (photo_idx, tag_id) VALUES ((SELECT photo_idx FROM photos WHERE photo_id = 2937), (SELECT tag_id FROM tags WHERE name = 'white'));
INSERT OR IGNORE INTO tags (name) VALUES ('yellow');
INSERT INTO photo_tags (photo_idx, tag_id) VALUES ((SELECT photo_idx FROM photos WHERE photo_id = 2937), (SELECT tag_id FROM tags WHERE name = 'yellow'));
INSERT OR IGNORE INTO tags (name) VALUES ('aspen');
INSERT INTO photo_tags (photo_idx, tag_id) VALUES ((SELECT photo_idx FROM photos WHERE photo_id = 2937), (SELECT tag_id FROM tags WHERE name = 'aspen'));
INSERT OR IGNORE INTO tags (name) VALUES ('foliage');
INSERT INTO photo_tags (photo_idx, tag_id) VALUES ((SELECT photo_idx FROM photos WHERE photo_id = 2937), (SELECT tag_id FROM tags WHERE name = 'foliage'));
INSERT OR IGNORE INTO tags (name) VALUES ('forest');
INSERT INTO photo_tags (photo_idx, tag_id) VALUES ((SELECT photo_idx FROM photos WHERE photo_id = 2937), (SELECT tag_id FROM tags WHERE name = 'forest'));
INSERT OR IGNORE INTO tags (name) VALUES ('trees');
INSERT INTO photo_tags (photo_idx, tag_id) VALUES ((SELECT photo_idx FROM photos WHERE photo_id = 2937), (SELECT tag_id FROM tags WHERE name = 'trees'));

INSERT INTO photos (photo_id, photo_title, photo_collection, photo_location, photo_year, camera, film_stock, film_format) VALUES (2938, 'Autumn in Colorado', 'Colorado', 'Near Sawpit, Colorado', 2005, 'Hasselblad H1', 'PhaseOne P25', '6 x 4.5 cm');
INSERT INTO photos_fts (photo_idx, photo_id, photo_title, photo_collection, photo_location, photo_year, camera, film_stock, film_format, tag_names) VALUES ((SELECT photo_idx FROM photos WHERE photo_id = 2938), 2938, 'Autumn in Colorado', 'Colorado', 'Near Sawpit, Colorado', 2005, 'Hasselblad H1', 'PhaseOne P25', '6 x 4.5 cm', 'horizontal,autumn,fall,landscape,color,outdoors,scenic,white,yellow,aspen,foliage,forest,trees');
INSERT OR IGNORE INTO tags (name) VALUES ('horizontal');
INSERT INTO photo_tags (photo_idx, tag_id) VALUES ((SELECT photo_idx FROM photos WHERE photo_id = 2938), (SELECT tag_id FROM tags WHERE name = 'horizontal'));
INSERT OR IGNORE INTO tags (name) VALUES ('autumn');
INSERT INTO photo_tags (photo_idx, tag_id) VALUES ((SELECT photo_idx FROM photos WHERE photo_id = 2938), (SELECT tag_id FROM tags WHERE name = 'autumn'));
INSERT OR IGNORE INTO tags (name) VALUES ('fall');
INSERT INTO photo_tags (photo_idx, tag_id) VALUES ((SELECT photo_idx FROM photos WHERE photo_id = 2938), (SELECT tag_id FROM tags WHERE name = 'fall'));
INSERT OR IGNORE INTO tags (name) VALUES ('landscape');
INSERT INTO photo_tags (photo_idx, tag_id) VALUES ((SELECT photo_idx FROM photos WHERE photo_id = 2938), (SELECT tag_id FROM tags WHERE name = 'landscape'));
INSERT OR IGNORE INTO tags (name) VALUES ('color');
INSERT INTO photo_tags (photo_idx, tag_id) VALUES ((SELECT photo_idx FROM photos WHERE photo_id = 2938), (SELECT tag_id FROM tags WHERE name = 'color'));
INSERT OR IGNORE INTO tags (name) VALUES ('outdoors');
INSERT INTO photo_tags (photo_idx, tag_id) VALUES ((SELECT photo_idx FROM photos WHERE photo_id = 2938), (SELECT tag_id FROM tags WHERE name = 'outdoors'));
INSERT OR IGNORE INTO tags (name) VALUES ('scenic');
INSERT INTO photo_tags (photo_idx, tag_id) VALUES ((SELECT photo_idx FROM photos WHERE photo_id = 2938), (SELECT tag_id FROM tags WHERE name = 'scenic'));
INSERT OR IGNORE INTO tags (name) VALUES ('white');
INSERT INTO photo_tags (photo_idx, tag_id) VALUES ((SELECT photo_idx FROM photos WHERE photo_id = 2938), (SELECT tag_id FROM tags WHERE name = 'white'));
INSERT OR IGNORE INTO tags (name) VALUES ('yellow');
INSERT INTO photo_tags (photo_idx, tag_id) VALUES ((SELECT photo_idx FROM photos WHERE photo_id = 2938), (SELECT tag_id FROM tags WHERE name = 'yellow'));
INSERT OR IGNORE INTO tags (name) VALUES ('aspen');
INSERT INTO photo_tags (photo_idx, tag_id) VALUES ((SELECT photo_idx FROM photos WHERE photo_id = 2938), (SELECT tag_id FROM tags WHERE name = 'aspen'));
INSERT OR IGNORE INTO tags (name) VALUES ('foliage');
INSERT INTO photo_tags (photo_idx, tag_id) VALUES ((SELECT photo_idx FROM photos WHERE photo_id = 2938), (SELECT tag_id FROM tags WHERE name = 'foliage'));
INSERT OR IGNORE INTO tags (name) VALUES ('forest');
INSERT INTO photo_tags (photo_idx, tag_id) VALUES ((SELECT photo_idx FROM photos WHERE photo_id = 2938), (SELECT tag_id FROM tags WHERE name = 'forest'));
INSERT OR IGNORE INTO tags (name) VALUES ('trees');
INSERT INTO photo_tags (photo_idx, tag_id) VALUES ((SELECT photo_idx FROM photos WHERE photo_id = 2938), (SELECT tag_id FROM tags WHERE name = 'trees'));

INSERT INTO photos (photo_id, photo_title, photo_collection, photo_location, photo_year, camera, film_stock, film_format) VALUES (2939, 'Autumn in Colorado', 'Colorado', 'Near Telluride, Colorado', 2005, 'Hasselblad H1', 'PhaseOne P25', '6 x 4.5 cm');
INSERT INTO photos_fts (photo_idx, photo_id, photo_title, photo_collection, photo_location, photo_year, camera, film_stock, film_format, tag_names) VALUES ((SELECT photo_idx FROM photos WHERE photo_id = 2939), 2939, 'Autumn in Colorado', 'Colorado', 'Near Telluride, Colorado', 2005, 'Hasselblad H1', 'PhaseOne P25', '6 x 4.5 cm', 'horizontal,autumn,fall,landscape,color,outdoors,scenic,white,yellow,aspen,foliage,forest,trees');
INSERT OR IGNORE INTO tags (name) VALUES ('horizontal');
INSERT INTO photo_tags (photo_idx, tag_id) VALUES ((SELECT photo_idx FROM photos WHERE photo_id = 2939), (SELECT tag_id FROM tags WHERE name = 'horizontal'));
INSERT OR IGNORE INTO tags (name) VALUES ('autumn');
INSERT INTO photo_tags (photo_idx, tag_id) VALUES ((SELECT photo_idx FROM photos WHERE photo_id = 2939), (SELECT tag_id FROM tags WHERE name = 'autumn'));
INSERT OR IGNORE INTO tags (name) VALUES ('fall');
INSERT INTO photo_tags (photo_idx, tag_id) VALUES ((SELECT photo_idx FROM photos WHERE photo_id = 2939), (SELECT tag_id FROM tags WHERE name = 'fall'));
INSERT OR IGNORE INTO tags (name) VALUES ('landscape');
INSERT INTO photo_tags (photo_idx, tag_id) VALUES ((SELECT photo_idx FROM photos WHERE photo_id = 2939), (SELECT tag_id FROM tags WHERE name = 'landscape'));
INSERT OR IGNORE INTO tags (name) VALUES ('color');
INSERT INTO photo_tags (photo_idx, tag_id) VALUES ((SELECT photo_idx FROM photos WHERE photo_id = 2939), (SELECT tag_id FROM tags WHERE name = 'color'));
INSERT OR IGNORE INTO tags (name) VALUES ('outdoors');
INSERT INTO photo_tags (photo_idx, tag_id) VALUES ((SELECT photo_idx FROM photos WHERE photo_id = 2939), (SELECT tag_id FROM tags WHERE name = 'outdoors'));
INSERT OR IGNORE INTO tags (name) VALUES ('scenic');
INSERT INTO photo_tags (photo_idx, tag_id) VALUES ((SELECT photo_idx FROM photos WHERE photo_id = 2939), (SELECT tag_id FROM tags WHERE name = 'scenic'));
INSERT OR IGNORE INTO tags (name) VALUES ('white');
INSERT INTO photo_tags (photo_idx, tag_id) VALUES ((SELECT photo_idx FROM photos WHERE photo_id = 2939), (SELECT tag_id FROM tags WHERE name = 'white'));
INSERT OR IGNORE INTO tags (name) VALUES ('yellow');
INSERT INTO photo_tags (photo_idx, tag_id) VALUES ((SELECT photo_idx FROM photos WHERE photo_id = 2939), (SELECT tag_id FROM tags WHERE name = 'yellow'));
INSERT OR IGNORE INTO tags (name) VALUES ('aspen');
INSERT INTO photo_tags (photo_idx, tag_id) VALUES ((SELECT photo_idx FROM photos WHERE photo_id = 2939), (SELECT tag_id FROM tags WHERE name = 'aspen'));
INSERT OR IGNORE INTO tags (name) VALUES ('foliage');
INSERT INTO photo_tags (photo_idx, tag_id) VALUES ((SELECT photo_idx FROM photos WHERE photo_id = 2939), (SELECT tag_id FROM tags WHERE name = 'foliage'));
INSERT OR IGNORE INTO tags (name) VALUES ('forest');
INSERT INTO photo_tags (photo_idx, tag_id) VALUES ((SELECT photo_idx FROM photos WHERE photo_id = 2939), (SELECT tag_id FROM tags WHERE name = 'forest'));
INSERT OR IGNORE INTO tags (name) VALUES ('trees');
INSERT INTO photo_tags (photo_idx, tag_id) VALUES ((SELECT photo_idx FROM photos WHERE photo_id = 2939), (SELECT tag_id FROM tags WHERE name = 'trees'));

INSERT INTO photos (photo_id, photo_title, photo_collection, photo_location, photo_year, camera, film_stock, film_format) VALUES (2940, 'Autumn in Colorado', 'Colorado', 'Near Telluride, Colorado', 2005, 'Hasselblad H1', 'PhaseOne P25', '6 x 4.5 cm');
INSERT INTO photos_fts (photo_idx, photo_id, photo_title, photo_collection, photo_location, photo_year, camera, film_stock, film_format, tag_names) VALUES ((SELECT photo_idx FROM photos WHERE photo_id = 2940), 2940, 'Autumn in Colorado', 'Colorado', 'Near Telluride, Colorado', 2005, 'Hasselblad H1', 'PhaseOne P25', '6 x 4.5 cm', 'horizontal,autumn,fall,landscape,color,outdoors,scenic,white,yellow,aspen,foliage,forest,trees');
INSERT OR IGNORE INTO tags (name) VALUES ('horizontal');
INSERT INTO photo_tags (photo_idx, tag_id) VALUES ((SELECT photo_idx FROM photos WHERE photo_id = 2940), (SELECT tag_id FROM tags WHERE name = 'horizontal'));
INSERT OR IGNORE INTO tags (name) VALUES ('autumn');
INSERT INTO photo_tags (photo_idx, tag_id) VALUES ((SELECT photo_idx FROM photos WHERE photo_id = 2940), (SELECT tag_id FROM tags WHERE name = 'autumn'));
INSERT OR IGNORE INTO tags (name) VALUES ('fall');
INSERT INTO photo_tags (photo_idx, tag_id) VALUES ((SELECT photo_idx FROM photos WHERE photo_id = 2940), (SELECT tag_id FROM tags WHERE name = 'fall'));
INSERT OR IGNORE INTO tags (name) VALUES ('landscape');
INSERT INTO photo_tags (photo_idx, tag_id) VALUES ((SELECT photo_idx FROM photos WHERE photo_id = 2940), (SELECT tag_id FROM tags WHERE name = 'landscape'));
INSERT OR IGNORE INTO tags (name) VALUES ('color');
INSERT INTO photo_tags (photo_idx, tag_id) VALUES ((SELECT photo_idx FROM photos WHERE photo_id = 2940), (SELECT tag_id FROM tags WHERE name = 'color'));
INSERT OR IGNORE INTO tags (name) VALUES ('outdoors');
INSERT INTO photo_tags (photo_idx, tag_id) VALUES ((SELECT photo_idx FROM photos WHERE photo_id = 2940), (SELECT tag_id FROM tags WHERE name = 'outdoors'));
INSERT OR IGNORE INTO tags (name) VALUES ('scenic');
INSERT INTO photo_tags (photo_idx, tag_id) VALUES ((SELECT photo_idx FROM photos WHERE photo_id = 2940), (SELECT tag_id FROM tags WHERE name = 'scenic'));
INSERT OR IGNORE INTO tags (name) VALUES ('white');
INSERT INTO photo_tags (photo_idx, tag_id) VALUES ((SELECT photo_idx FROM photos WHERE photo_id = 2940), (SELECT tag_id FROM tags WHERE name = 'white'));
INSERT OR IGNORE INTO tags (name) VALUES ('yellow');
INSERT INTO photo_tags (photo_idx, tag_id) VALUES ((SELECT photo_idx FROM photos WHERE photo_id = 2940), (SELECT tag_id FROM tags WHERE name = 'yellow'));
INSERT OR IGNORE INTO tags (name) VALUES ('aspen');
INSERT INTO photo_tags (photo_idx, tag_id) VALUES ((SELECT photo_idx FROM photos WHERE photo_id = 2940), (SELECT tag_id FROM tags WHERE name = 'aspen'));
INSERT OR IGNORE INTO tags (name) VALUES ('foliage');
INSERT INTO photo_tags (photo_idx, tag_id) VALUES ((SELECT photo_idx FROM photos WHERE photo_id = 2940), (SELECT tag_id FROM tags WHERE name = 'foliage'));
INSERT OR IGNORE INTO tags (name) VALUES ('forest');
INSERT INTO photo_tags (photo_idx, tag_id) VALUES ((SELECT photo_idx FROM photos WHERE photo_id = 2940), (SELECT tag_id FROM tags WHERE name = 'forest'));
INSERT OR IGNORE INTO tags (name) VALUES ('trees');
INSERT INTO photo_tags (photo_idx, tag_id) VALUES ((SELECT photo_idx FROM photos WHERE photo_id = 2940), (SELECT tag_id FROM tags WHERE name = 'trees'));

INSERT INTO photos (photo_id, photo_title, photo_collection, photo_location, photo_year, camera, film_stock, film_format) VALUES (2941, 'Autumn in Colorado', 'Colorado', 'Near Telluride, Colorado', 2005, 'Hasselblad H1', 'PhaseOne P25', '6 x 4.5 cm');
INSERT INTO photos_fts (photo_idx, photo_id, photo_title, photo_collection, photo_location, photo_year, camera, film_stock, film_format, tag_names) VALUES ((SELECT photo_idx FROM photos WHERE photo_id = 2941), 2941, 'Autumn in Colorado', 'Colorado', 'Near Telluride, Colorado', 2005, 'Hasselblad H1', 'PhaseOne P25', '6 x 4.5 cm', 'horizontal,autumn,fall,landscape,color,outdoors,scenic,popular,blue,yellow,aspen,foliage,forest,trees');
INSERT OR IGNORE INTO tags (name) VALUES ('horizontal');
INSERT INTO photo_tags (photo_idx, tag_id) VALUES ((SELECT photo_idx FROM photos WHERE photo_id = 2941), (SELECT tag_id FROM tags WHERE name = 'horizontal'));
INSERT OR IGNORE INTO tags (name) VALUES ('autumn');
INSERT INTO photo_tags (photo_idx, tag_id) VALUES ((SELECT photo_idx FROM photos WHERE photo_id = 2941), (SELECT tag_id FROM tags WHERE name = 'autumn'));
INSERT OR IGNORE INTO tags (name) VALUES ('fall');
INSERT INTO photo_tags (photo_idx, tag_id) VALUES ((SELECT photo_idx FROM photos WHERE photo_id = 2941), (SELECT tag_id FROM tags WHERE name = 'fall'));
INSERT OR IGNORE INTO tags (name) VALUES ('landscape');
INSERT INTO photo_tags (photo_idx, tag_id) VALUES ((SELECT photo_idx FROM photos WHERE photo_id = 2941), (SELECT tag_id FROM tags WHERE name = 'landscape'));
INSERT OR IGNORE INTO tags (name) VALUES ('color');
INSERT INTO photo_tags (photo_idx, tag_id) VALUES ((SELECT photo_idx FROM photos WHERE photo_id = 2941), (SELECT tag_id FROM tags WHERE name = 'color'));
INSERT OR IGNORE INTO tags (name) VALUES ('outdoors');
INSERT INTO photo_tags (photo_idx, tag_id) VALUES ((SELECT photo_idx FROM photos WHERE photo_id = 2941), (SELECT tag_id FROM tags WHERE name = 'outdoors'));
INSERT OR IGNORE INTO tags (name) VALUES ('scenic');
INSERT INTO photo_tags (photo_idx, tag_id) VALUES ((SELECT photo_idx FROM photos WHERE photo_id = 2941), (SELECT tag_id FROM tags WHERE name = 'scenic'));
INSERT OR IGNORE INTO tags (name) VALUES ('popular');
INSERT INTO photo_tags (photo_idx, tag_id) VALUES ((SELECT photo_idx FROM photos WHERE photo_id = 2941), (SELECT tag_id FROM tags WHERE name = 'popular'));
INSERT OR IGNORE INTO tags (name) VALUES ('blue');
INSERT INTO photo_tags (photo_idx, tag_id) VALUES ((SELECT photo_idx FROM photos WHERE photo_id = 2941), (SELECT tag_id FROM tags WHERE name = 'blue'));
INSERT OR IGNORE INTO tags (name) VALUES ('yellow');
INSERT INTO photo_tags (photo_idx, tag_id) VALUES ((SELECT photo_idx FROM photos WHERE photo_id = 2941), (SELECT tag_id FROM tags WHERE name = 'yellow'));
INSERT OR IGNORE INTO tags (name) VALUES ('aspen');
INSERT INTO photo_tags (photo_idx, tag_id) VALUES ((SELECT photo_idx FROM photos WHERE photo_id = 2941), (SELECT tag_id FROM tags WHERE name = 'aspen'));
INSERT OR IGNORE INTO tags (name) VALUES ('foliage');
INSERT INTO photo_tags (photo_idx, tag_id) VALUES ((SELECT photo_idx FROM photos WHERE photo_id = 2941), (SELECT tag_id FROM tags WHERE name = 'foliage'));
INSERT OR IGNORE INTO tags (name) VALUES ('forest');
INSERT INTO photo_tags (photo_idx, tag_id) VALUES ((SELECT photo_idx FROM photos WHERE photo_id = 2941), (SELECT tag_id FROM tags WHERE name = 'forest'));
INSERT OR IGNORE INTO tags (name) VALUES ('trees');
INSERT INTO photo_tags (photo_idx, tag_id) VALUES ((SELECT photo_idx FROM photos WHERE photo_id = 2941), (SELECT tag_id FROM tags WHERE name = 'trees'));

INSERT INTO photos (photo_id, photo_title, photo_collection, photo_location, photo_year, camera, film_stock, film_format) VALUES (2942, 'Autumn in Colorado', 'Colorado', 'Near Telluride, Colorado', 2005, 'Hasselblad H1', 'PhaseOne P25', '6 x 4.5 cm');
INSERT INTO photos_fts (photo_idx, photo_id, photo_title, photo_collection, photo_location, photo_year, camera, film_stock, film_format, tag_names) VALUES ((SELECT photo_idx FROM photos WHERE photo_id = 2942), 2942, 'Autumn in Colorado', 'Colorado', 'Near Telluride, Colorado', 2005, 'Hasselblad H1', 'PhaseOne P25', '6 x 4.5 cm', 'horizontal,autumn,fall,landscape,color,outdoors,scenic,yellow,aspen,foliage,forest,trees');
INSERT OR IGNORE INTO tags (name) VALUES ('horizontal');
INSERT INTO photo_tags (photo_idx, tag_id) VALUES ((SELECT photo_idx FROM photos WHERE photo_id = 2942), (SELECT tag_id FROM tags WHERE name = 'horizontal'));
INSERT OR IGNORE INTO tags (name) VALUES ('autumn');
INSERT INTO photo_tags (photo_idx, tag_id) VALUES ((SELECT photo_idx FROM photos WHERE photo_id = 2942), (SELECT tag_id FROM tags WHERE name = 'autumn'));
INSERT OR IGNORE INTO tags (name) VALUES ('fall');
INSERT INTO photo_tags (photo_idx, tag_id) VALUES ((SELECT photo_idx FROM photos WHERE photo_id = 2942), (SELECT tag_id FROM tags WHERE name = 'fall'));
INSERT OR IGNORE INTO tags (name) VALUES ('landscape');
INSERT INTO photo_tags (photo_idx, tag_id) VALUES ((SELECT photo_idx FROM photos WHERE photo_id = 2942), (SELECT tag_id FROM tags WHERE name = 'landscape'));
INSERT OR IGNORE INTO tags (name) VALUES ('color');
INSERT INTO photo_tags (photo_idx, tag_id) VALUES ((SELECT photo_idx FROM photos WHERE photo_id = 2942), (SELECT tag_id FROM tags WHERE name = 'color'));
INSERT OR IGNORE INTO tags (name) VALUES ('outdoors');
INSERT INTO photo_tags (photo_idx, tag_id) VALUES ((SELECT photo_idx FROM photos WHERE photo_id = 2942), (SELECT tag_id FROM tags WHERE name = 'outdoors'));
INSERT OR IGNORE INTO tags (name) VALUES ('scenic');
INSERT INTO photo_tags (photo_idx, tag_id) VALUES ((SELECT photo_idx FROM photos WHERE photo_id = 2942), (SELECT tag_id FROM tags WHERE name = 'scenic'));
INSERT OR IGNORE INTO tags (name) VALUES ('yellow');
INSERT INTO photo_tags (photo_idx, tag_id) VALUES ((SELECT photo_idx FROM photos WHERE photo_id = 2942), (SELECT tag_id FROM tags WHERE name = 'yellow'));
INSERT OR IGNORE INTO tags (name) VALUES ('aspen');
INSERT INTO photo_tags (photo_idx, tag_id) VALUES ((SELECT photo_idx FROM photos WHERE photo_id = 2942), (SELECT tag_id FROM tags WHERE name = 'aspen'));
INSERT OR IGNORE INTO tags (name) VALUES ('foliage');
INSERT INTO photo_tags (photo_idx, tag_id) VALUES ((SELECT photo_idx FROM photos WHERE photo_id = 2942), (SELECT tag_id FROM tags WHERE name = 'foliage'));
INSERT OR IGNORE INTO tags (name) VALUES ('forest');
INSERT INTO photo_tags (photo_idx, tag_id) VALUES ((SELECT photo_idx FROM photos WHERE photo_id = 2942), (SELECT tag_id FROM tags WHERE name = 'forest'));
INSERT OR IGNORE INTO tags (name) VALUES ('trees');
INSERT INTO photo_tags (photo_idx, tag_id) VALUES ((SELECT photo_idx FROM photos WHERE photo_id = 2942), (SELECT tag_id FROM tags WHERE name = 'trees'));

INSERT INTO photos (photo_id, photo_title, photo_collection, photo_location, photo_year, camera, film_stock, film_format) VALUES (2943, 'Autumn in Colorado', 'Colorado', 'Near Telluride, Colorado', 2005, 'Hasselblad H1', 'PhaseOne P25', '6 x 4.5 cm');
INSERT INTO photos_fts (photo_idx, photo_id, photo_title, photo_collection, photo_location, photo_year, camera, film_stock, film_format, tag_names) VALUES ((SELECT photo_idx FROM photos WHERE photo_id = 2943), 2943, 'Autumn in Colorado', 'Colorado', 'Near Telluride, Colorado', 2005, 'Hasselblad H1', 'PhaseOne P25', '6 x 4.5 cm', 'horizontal,autumn,fall,landscape,color,outdoors,scenic,yellow,aspen,foliage,forest,trees');
INSERT OR IGNORE INTO tags (name) VALUES ('horizontal');
INSERT INTO photo_tags (photo_idx, tag_id) VALUES ((SELECT photo_idx FROM photos WHERE photo_id = 2943), (SELECT tag_id FROM tags WHERE name = 'horizontal'));
INSERT OR IGNORE INTO tags (name) VALUES ('autumn');
INSERT INTO photo_tags (photo_idx, tag_id) VALUES ((SELECT photo_idx FROM photos WHERE photo_id = 2943), (SELECT tag_id FROM tags WHERE name = 'autumn'));
INSERT OR IGNORE INTO tags (name) VALUES ('fall');
INSERT INTO photo_tags (photo_idx, tag_id) VALUES ((SELECT photo_idx FROM photos WHERE photo_id = 2943), (SELECT tag_id FROM tags WHERE name = 'fall'));
INSERT OR IGNORE INTO tags (name) VALUES ('landscape');
INSERT INTO photo_tags (photo_idx, tag_id) VALUES ((SELECT photo_idx FROM photos WHERE photo_id = 2943), (SELECT tag_id FROM tags WHERE name = 'landscape'));
INSERT OR IGNORE INTO tags (name) VALUES ('color');
INSERT INTO photo_tags (photo_idx, tag_id) VALUES ((SELECT photo_idx FROM photos WHERE photo_id = 2943), (SELECT tag_id FROM tags WHERE name = 'color'));
INSERT OR IGNORE INTO tags (name) VALUES ('outdoors');
INSERT INTO photo_tags (photo_idx, tag_id) VALUES ((SELECT photo_idx FROM photos WHERE photo_id = 2943), (SELECT tag_id FROM tags WHERE name = 'outdoors'));
INSERT OR IGNORE INTO tags (name) VALUES ('scenic');
INSERT INTO photo_tags (photo_idx, tag_id) VALUES ((SELECT photo_idx FROM photos WHERE photo_id = 2943), (SELECT tag_id FROM tags WHERE name = 'scenic'));
INSERT OR IGNORE INTO tags (name) VALUES ('yellow');
INSERT INTO photo_tags (photo_idx, tag_id) VALUES ((SELECT photo_idx FROM photos WHERE photo_id = 2943), (SELECT tag_id FROM tags WHERE name = 'yellow'));
INSERT OR IGNORE INTO tags (name) VALUES ('aspen');
INSERT INTO photo_tags (photo_idx, tag_id) VALUES ((SELECT photo_idx FROM photos WHERE photo_id = 2943), (SELECT tag_id FROM tags WHERE name = 'aspen'));
INSERT OR IGNORE INTO tags (name) VALUES ('foliage');
INSERT INTO photo_tags (photo_idx, tag_id) VALUES ((SELECT photo_idx FROM photos WHERE photo_id = 2943), (SELECT tag_id FROM tags WHERE name = 'foliage'));
INSERT OR IGNORE INTO tags (name) VALUES ('forest');
INSERT INTO photo_tags (photo_idx, tag_id) VALUES ((SELECT photo_idx FROM photos WHERE photo_id = 2943), (SELECT tag_id FROM tags WHERE name = 'forest'));
INSERT OR IGNORE INTO tags (name) VALUES ('trees');
INSERT INTO photo_tags (photo_idx, tag_id) VALUES ((SELECT photo_idx FROM photos WHERE photo_id = 2943), (SELECT tag_id FROM tags WHERE name = 'trees'));

INSERT INTO photos (photo_id, photo_title, photo_collection, photo_location, photo_year, camera, film_stock, film_format) VALUES (2944, 'Autumn in Colorado', 'Colorado', 'Colorado', 2005, 'Hasselblad H1', 'PhaseOne P25', '6 x 4.5 cm');
INSERT INTO photos_fts (photo_idx, photo_id, photo_title, photo_collection, photo_location, photo_year, camera, film_stock, film_format, tag_names) VALUES ((SELECT photo_idx FROM photos WHERE photo_id = 2944), 2944, 'Autumn in Colorado', 'Colorado', 'Colorado', 2005, 'Hasselblad H1', 'PhaseOne P25', '6 x 4.5 cm', 'horizontal,autumn,fall,landscape,color,outdoors,scenic,green,orange,yellow,aspen,foliage,forest,trees');
INSERT OR IGNORE INTO tags (name) VALUES ('horizontal');
INSERT INTO photo_tags (photo_idx, tag_id) VALUES ((SELECT photo_idx FROM photos WHERE photo_id = 2944), (SELECT tag_id FROM tags WHERE name = 'horizontal'));
INSERT OR IGNORE INTO tags (name) VALUES ('autumn');
INSERT INTO photo_tags (photo_idx, tag_id) VALUES ((SELECT photo_idx FROM photos WHERE photo_id = 2944), (SELECT tag_id FROM tags WHERE name = 'autumn'));
INSERT OR IGNORE INTO tags (name) VALUES ('fall');
INSERT INTO photo_tags (photo_idx, tag_id) VALUES ((SELECT photo_idx FROM photos WHERE photo_id = 2944), (SELECT tag_id FROM tags WHERE name = 'fall'));
INSERT OR IGNORE INTO tags (name) VALUES ('landscape');
INSERT INTO photo_tags (photo_idx, tag_id) VALUES ((SELECT photo_idx FROM photos WHERE photo_id = 2944), (SELECT tag_id FROM tags WHERE name = 'landscape'));
INSERT OR IGNORE INTO tags (name) VALUES ('color');
INSERT INTO photo_tags (photo_idx, tag_id) VALUES ((SELECT photo_idx FROM photos WHERE photo_id = 2944), (SELECT tag_id FROM tags WHERE name = 'color'));
INSERT OR IGNORE INTO tags (name) VALUES ('outdoors');
INSERT INTO photo_tags (photo_idx, tag_id) VALUES ((SELECT photo_idx FROM photos WHERE photo_id = 2944), (SELECT tag_id FROM tags WHERE name = 'outdoors'));
INSERT OR IGNORE INTO tags (name) VALUES ('scenic');
INSERT INTO photo_tags (photo_idx, tag_id) VALUES ((SELECT photo_idx FROM photos WHERE photo_id = 2944), (SELECT tag_id FROM tags WHERE name = 'scenic'));
INSERT OR IGNORE INTO tags (name) VALUES ('green');
INSERT INTO photo_tags (photo_idx, tag_id) VALUES ((SELECT photo_idx FROM photos WHERE photo_id = 2944), (SELECT tag_id FROM tags WHERE name = 'green'));
INSERT OR IGNORE INTO tags (name) VALUES ('orange');
INSERT INTO photo_tags (photo_idx, tag_id) VALUES ((SELECT photo_idx FROM photos WHERE photo_id = 2944), (SELECT tag_id FROM tags WHERE name = 'orange'));
INSERT OR IGNORE INTO tags (name) VALUES ('yellow');
INSERT INTO photo_tags (photo_idx, tag_id) VALUES ((SELECT photo_idx FROM photos WHERE photo_id = 2944), (SELECT tag_id FROM tags WHERE name = 'yellow'));
INSERT OR IGNORE INTO tags (name) VALUES ('aspen');
INSERT INTO photo_tags (photo_idx, tag_id) VALUES ((SELECT photo_idx FROM photos WHERE photo_id = 2944), (SELECT tag_id FROM tags WHERE name = 'aspen'));
INSERT OR IGNORE INTO tags (name) VALUES ('foliage');
INSERT INTO photo_tags (photo_idx, tag_id) VALUES ((SELECT photo_idx FROM photos WHERE photo_id = 2944), (SELECT tag_id FROM tags WHERE name = 'foliage'));
INSERT OR IGNORE INTO tags (name) VALUES ('forest');
INSERT INTO photo_tags (photo_idx, tag_id) VALUES ((SELECT photo_idx FROM photos WHERE photo_id = 2944), (SELECT tag_id FROM tags WHERE name = 'forest'));
INSERT OR IGNORE INTO tags (name) VALUES ('trees');
INSERT INTO photo_tags (photo_idx, tag_id) VALUES ((SELECT photo_idx FROM photos WHERE photo_id = 2944), (SELECT tag_id FROM tags WHERE name = 'trees'));

INSERT INTO photos (photo_id, photo_title, photo_collection, photo_location, photo_year, camera, film_stock, film_format) VALUES (2945, 'Autumn in Colorado', 'Colorado', 'Colorado', 2005, 'Hasselblad H1', 'PhaseOne P25', '6 x 4.5 cm');
INSERT INTO photos_fts (photo_idx, photo_id, photo_title, photo_collection, photo_location, photo_year, camera, film_stock, film_format, tag_names) VALUES ((SELECT photo_idx FROM photos WHERE photo_id = 2945), 2945, 'Autumn in Colorado', 'Colorado', 'Colorado', 2005, 'Hasselblad H1', 'PhaseOne P25', '6 x 4.5 cm', 'vertical,autumn,fall,landscape,color,outdoors,scenic,green,orange,yellow,aspen,foliage,forest,trees');
INSERT OR IGNORE INTO tags (name) VALUES ('vertical');
INSERT INTO photo_tags (photo_idx, tag_id) VALUES ((SELECT photo_idx FROM photos WHERE photo_id = 2945), (SELECT tag_id FROM tags WHERE name = 'vertical'));
INSERT OR IGNORE INTO tags (name) VALUES ('autumn');
INSERT INTO photo_tags (photo_idx, tag_id) VALUES ((SELECT photo_idx FROM photos WHERE photo_id = 2945), (SELECT tag_id FROM tags WHERE name = 'autumn'));
INSERT OR IGNORE INTO tags (name) VALUES ('fall');
INSERT INTO photo_tags (photo_idx, tag_id) VALUES ((SELECT photo_idx FROM photos WHERE photo_id = 2945), (SELECT tag_id FROM tags WHERE name = 'fall'));
INSERT OR IGNORE INTO tags (name) VALUES ('landscape');
INSERT INTO photo_tags (photo_idx, tag_id) VALUES ((SELECT photo_idx FROM photos WHERE photo_id = 2945), (SELECT tag_id FROM tags WHERE name = 'landscape'));
INSERT OR IGNORE INTO tags (name) VALUES ('color');
INSERT INTO photo_tags (photo_idx, tag_id) VALUES ((SELECT photo_idx FROM photos WHERE photo_id = 2945), (SELECT tag_id FROM tags WHERE name = 'color'));
INSERT OR IGNORE INTO tags (name) VALUES ('outdoors');
INSERT INTO photo_tags (photo_idx, tag_id) VALUES ((SELECT photo_idx FROM photos WHERE photo_id = 2945), (SELECT tag_id FROM tags WHERE name = 'outdoors'));
INSERT OR IGNORE INTO tags (name) VALUES ('scenic');
INSERT INTO photo_tags (photo_idx, tag_id) VALUES ((SELECT photo_idx FROM photos WHERE photo_id = 2945), (SELECT tag_id FROM tags WHERE name = 'scenic'));
INSERT OR IGNORE INTO tags (name) VALUES ('green');
INSERT INTO photo_tags (photo_idx, tag_id) VALUES ((SELECT photo_idx FROM photos WHERE photo_id = 2945), (SELECT tag_id FROM tags WHERE name = 'green'));
INSERT OR IGNORE INTO tags (name) VALUES ('orange');
INSERT INTO photo_tags (photo_idx, tag_id) VALUES ((SELECT photo_idx FROM photos WHERE photo_id = 2945), (SELECT tag_id FROM tags WHERE name = 'orange'));
INSERT OR IGNORE INTO tags (name) VALUES ('yellow');
INSERT INTO photo_tags (photo_idx, tag_id) VALUES ((SELECT photo_idx FROM photos WHERE photo_id = 2945), (SELECT tag_id FROM tags WHERE name = 'yellow'));
INSERT OR IGNORE INTO tags (name) VALUES ('aspen');
INSERT INTO photo_tags (photo_idx, tag_id) VALUES ((SELECT photo_idx FROM photos WHERE photo_id = 2945), (SELECT tag_id FROM tags WHERE name = 'aspen'));
INSERT OR IGNORE INTO tags (name) VALUES ('foliage');
INSERT INTO photo_tags (photo_idx, tag_id) VALUES ((SELECT photo_idx FROM photos WHERE photo_id = 2945), (SELECT tag_id FROM tags WHERE name = 'foliage'));
INSERT OR IGNORE INTO tags (name) VALUES ('forest');
INSERT INTO photo_tags (photo_idx, tag_id) VALUES ((SELECT photo_idx FROM photos WHERE photo_id = 2945), (SELECT tag_id FROM tags WHERE name = 'forest'));
INSERT OR IGNORE INTO tags (name) VALUES ('trees');
INSERT INTO photo_tags (photo_idx, tag_id) VALUES ((SELECT photo_idx FROM photos WHERE photo_id = 2945), (SELECT tag_id FROM tags WHERE name = 'trees'));

INSERT INTO photos (photo_id, photo_title, photo_collection, photo_location, photo_year, camera, film_stock, film_format) VALUES (2946, 'Autumn in Colorado', 'Colorado', 'Colorado', 2005, 'Hasselblad H1', 'PhaseOne P25', '6 x 4.5 cm');
INSERT INTO photos_fts (photo_idx, photo_id, photo_title, photo_collection, photo_location, photo_year, camera, film_stock, film_format, tag_names) VALUES ((SELECT photo_idx FROM photos WHERE photo_id = 2946), 2946, 'Autumn in Colorado', 'Colorado', 'Colorado', 2005, 'Hasselblad H1', 'PhaseOne P25', '6 x 4.5 cm', 'horizontal,autumn,fall,landscape,color,outdoors,scenic,green,orange,yellow,aspen,foliage,forest,river,stream,trees,water');
INSERT OR IGNORE INTO tags (name) VALUES ('horizontal');
INSERT INTO photo_tags (photo_idx, tag_id) VALUES ((SELECT photo_idx FROM photos WHERE photo_id = 2946), (SELECT tag_id FROM tags WHERE name = 'horizontal'));
INSERT OR IGNORE INTO tags (name) VALUES ('autumn');
INSERT INTO photo_tags (photo_idx, tag_id) VALUES ((SELECT photo_idx FROM photos WHERE photo_id = 2946), (SELECT tag_id FROM tags WHERE name = 'autumn'));
INSERT OR IGNORE INTO tags (name) VALUES ('fall');
INSERT INTO photo_tags (photo_idx, tag_id) VALUES ((SELECT photo_idx FROM photos WHERE photo_id = 2946), (SELECT tag_id FROM tags WHERE name = 'fall'));
INSERT OR IGNORE INTO tags (name) VALUES ('landscape');
INSERT INTO photo_tags (photo_idx, tag_id) VALUES ((SELECT photo_idx FROM photos WHERE photo_id = 2946), (SELECT tag_id FROM tags WHERE name = 'landscape'));
INSERT OR IGNORE INTO tags (name) VALUES ('color');
INSERT INTO photo_tags (photo_idx, tag_id) VALUES ((SELECT photo_idx FROM photos WHERE photo_id = 2946), (SELECT tag_id FROM tags WHERE name = 'color'));
INSERT OR IGNORE INTO tags (name) VALUES ('outdoors');
INSERT INTO photo_tags (photo_idx, tag_id) VALUES ((SELECT photo_idx FROM photos WHERE photo_id = 2946), (SELECT tag_id FROM tags WHERE name = 'outdoors'));
INSERT OR IGNORE INTO tags (name) VALUES ('scenic');
INSERT INTO photo_tags (photo_idx, tag_id) VALUES ((SELECT photo_idx FROM photos WHERE photo_id = 2946), (SELECT tag_id FROM tags WHERE name = 'scenic'));
INSERT OR IGNORE INTO tags (name) VALUES ('green');
INSERT INTO photo_tags (photo_idx, tag_id) VALUES ((SELECT photo_idx FROM photos WHERE photo_id = 2946), (SELECT tag_id FROM tags WHERE name = 'green'));
INSERT OR IGNORE INTO tags (name) VALUES ('orange');
INSERT INTO photo_tags (photo_idx, tag_id) VALUES ((SELECT photo_idx FROM photos WHERE photo_id = 2946), (SELECT tag_id FROM tags WHERE name = 'orange'));
INSERT OR IGNORE INTO tags (name) VALUES ('yellow');
INSERT INTO photo_tags (photo_idx, tag_id) VALUES ((SELECT photo_idx FROM photos WHERE photo_id = 2946), (SELECT tag_id FROM tags WHERE name = 'yellow'));
INSERT OR IGNORE INTO tags (name) VALUES ('aspen');
INSERT INTO photo_tags (photo_idx, tag_id) VALUES ((SELECT photo_idx FROM photos WHERE photo_id = 2946), (SELECT tag_id FROM tags WHERE name = 'aspen'));
INSERT OR IGNORE INTO tags (name) VALUES ('foliage');
INSERT INTO photo_tags (photo_idx, tag_id) VALUES ((SELECT photo_idx FROM photos WHERE photo_id = 2946), (SELECT tag_id FROM tags WHERE name = 'foliage'));
INSERT OR IGNORE INTO tags (name) VALUES ('forest');
INSERT INTO photo_tags (photo_idx, tag_id) VALUES ((SELECT photo_idx FROM photos WHERE photo_id = 2946), (SELECT tag_id FROM tags WHERE name = 'forest'));
INSERT OR IGNORE INTO tags (name) VALUES ('river');
INSERT INTO photo_tags (photo_idx, tag_id) VALUES ((SELECT photo_idx FROM photos WHERE photo_id = 2946), (SELECT tag_id FROM tags WHERE name = 'river'));
INSERT OR IGNORE INTO tags (name) VALUES ('stream');
INSERT INTO photo_tags (photo_idx, tag_id) VALUES ((SELECT photo_idx FROM photos WHERE photo_id = 2946), (SELECT tag_id FROM tags WHERE name = 'stream'));
INSERT OR IGNORE INTO tags (name) VALUES ('trees');
INSERT INTO photo_tags (photo_idx, tag_id) VALUES ((SELECT photo_idx FROM photos WHERE photo_id = 2946), (SELECT tag_id FROM tags WHERE name = 'trees'));
INSERT OR IGNORE INTO tags (name) VALUES ('water');
INSERT INTO photo_tags (photo_idx, tag_id) VALUES ((SELECT photo_idx FROM photos WHERE photo_id = 2946), (SELECT tag_id FROM tags WHERE name = 'water'));

INSERT INTO photos (photo_id, photo_title, photo_collection, photo_location, photo_year, camera, film_stock, film_format) VALUES (2947, 'Autumn in Colorado', 'Colorado', 'Colorado', 2005, 'Hasselblad H1', 'PhaseOne P25', '6 x 4.5 cm');
INSERT INTO photos_fts (photo_idx, photo_id, photo_title, photo_collection, photo_location, photo_year, camera, film_stock, film_format, tag_names) VALUES ((SELECT photo_idx FROM photos WHERE photo_id = 2947), 2947, 'Autumn in Colorado', 'Colorado', 'Colorado', 2005, 'Hasselblad H1', 'PhaseOne P25', '6 x 4.5 cm', 'horizontal,autumn,fall,landscape,color,outdoors,scenic,orange,yellow,aspen,foliage,forest,trees');
INSERT OR IGNORE INTO tags (name) VALUES ('horizontal');
INSERT INTO photo_tags (photo_idx, tag_id) VALUES ((SELECT photo_idx FROM photos WHERE photo_id = 2947), (SELECT tag_id FROM tags WHERE name = 'horizontal'));
INSERT OR IGNORE INTO tags (name) VALUES ('autumn');
INSERT INTO photo_tags (photo_idx, tag_id) VALUES ((SELECT photo_idx FROM photos WHERE photo_id = 2947), (SELECT tag_id FROM tags WHERE name = 'autumn'));
INSERT OR IGNORE INTO tags (name) VALUES ('fall');
INSERT INTO photo_tags (photo_idx, tag_id) VALUES ((SELECT photo_idx FROM photos WHERE photo_id = 2947), (SELECT tag_id FROM tags WHERE name = 'fall'));
INSERT OR IGNORE INTO tags (name) VALUES ('landscape');
INSERT INTO photo_tags (photo_idx, tag_id) VALUES ((SELECT photo_idx FROM photos WHERE photo_id = 2947), (SELECT tag_id FROM tags WHERE name = 'landscape'));
INSERT OR IGNORE INTO tags (name) VALUES ('color');
INSERT INTO photo_tags (photo_idx, tag_id) VALUES ((SELECT photo_idx FROM photos WHERE photo_id = 2947), (SELECT tag_id FROM tags WHERE name = 'color'));
INSERT OR IGNORE INTO tags (name) VALUES ('outdoors');
INSERT INTO photo_tags (photo_idx, tag_id) VALUES ((SELECT photo_idx FROM photos WHERE photo_id = 2947), (SELECT tag_id FROM tags WHERE name = 'outdoors'));
INSERT OR IGNORE INTO tags (name) VALUES ('scenic');
INSERT INTO photo_tags (photo_idx, tag_id) VALUES ((SELECT photo_idx FROM photos WHERE photo_id = 2947), (SELECT tag_id FROM tags WHERE name = 'scenic'));
INSERT OR IGNORE INTO tags (name) VALUES ('orange');
INSERT INTO photo_tags (photo_idx, tag_id) VALUES ((SELECT photo_idx FROM photos WHERE photo_id = 2947), (SELECT tag_id FROM tags WHERE name = 'orange'));
INSERT OR IGNORE INTO tags (name) VALUES ('yellow');
INSERT INTO photo_tags (photo_idx, tag_id) VALUES ((SELECT photo_idx FROM photos WHERE photo_id = 2947), (SELECT tag_id FROM tags WHERE name = 'yellow'));
INSERT OR IGNORE INTO tags (name) VALUES ('aspen');
INSERT INTO photo_tags (photo_idx, tag_id) VALUES ((SELECT photo_idx FROM photos WHERE photo_id = 2947), (SELECT tag_id FROM tags WHERE name = 'aspen'));
INSERT OR IGNORE INTO tags (name) VALUES ('foliage');
INSERT INTO photo_tags (photo_idx, tag_id) VALUES ((SELECT photo_idx FROM photos WHERE photo_id = 2947), (SELECT tag_id FROM tags WHERE name = 'foliage'));
INSERT OR IGNORE INTO tags (name) VALUES ('forest');
INSERT INTO photo_tags (photo_idx, tag_id) VALUES ((SELECT photo_idx FROM photos WHERE photo_id = 2947), (SELECT tag_id FROM tags WHERE name = 'forest'));
INSERT OR IGNORE INTO tags (name) VALUES ('trees');
INSERT INTO photo_tags (photo_idx, tag_id) VALUES ((SELECT photo_idx FROM photos WHERE photo_id = 2947), (SELECT tag_id FROM tags WHERE name = 'trees'));

INSERT INTO photos (photo_id, photo_title, photo_collection, photo_location, photo_year, camera, film_stock, film_format) VALUES (2948, 'Autumn in Colorado', 'Colorado', 'Colorado', 2005, 'Hasselblad H1', 'PhaseOne P25', '6 x 4.5 cm');
INSERT INTO photos_fts (photo_idx, photo_id, photo_title, photo_collection, photo_location, photo_year, camera, film_stock, film_format, tag_names) VALUES ((SELECT photo_idx FROM photos WHERE photo_id = 2948), 2948, 'Autumn in Colorado', 'Colorado', 'Colorado', 2005, 'Hasselblad H1', 'PhaseOne P25', '6 x 4.5 cm', 'horizontal,autumn,fall,landscape,color,outdoors,scenic,orange,yellow,aspen,foliage,forest,trees');
INSERT OR IGNORE INTO tags (name) VALUES ('horizontal');
INSERT INTO photo_tags (photo_idx, tag_id) VALUES ((SELECT photo_idx FROM photos WHERE photo_id = 2948), (SELECT tag_id FROM tags WHERE name = 'horizontal'));
INSERT OR IGNORE INTO tags (name) VALUES ('autumn');
INSERT INTO photo_tags (photo_idx, tag_id) VALUES ((SELECT photo_idx FROM photos WHERE photo_id = 2948), (SELECT tag_id FROM tags WHERE name = 'autumn'));
INSERT OR IGNORE INTO tags (name) VALUES ('fall');
INSERT INTO photo_tags (photo_idx, tag_id) VALUES ((SELECT photo_idx FROM photos WHERE photo_id = 2948), (SELECT tag_id FROM tags WHERE name = 'fall'));
INSERT OR IGNORE INTO tags (name) VALUES ('landscape');
INSERT INTO photo_tags (photo_idx, tag_id) VALUES ((SELECT photo_idx FROM photos WHERE photo_id = 2948), (SELECT tag_id FROM tags WHERE name = 'landscape'));
INSERT OR IGNORE INTO tags (name) VALUES ('color');
INSERT INTO photo_tags (photo_idx, tag_id) VALUES ((SELECT photo_idx FROM photos WHERE photo_id = 2948), (SELECT tag_id FROM tags WHERE name = 'color'));
INSERT OR IGNORE INTO tags (name) VALUES ('outdoors');
INSERT INTO photo_tags (photo_idx, tag_id) VALUES ((SELECT photo_idx FROM photos WHERE photo_id = 2948), (SELECT tag_id FROM tags WHERE name = 'outdoors'));
INSERT OR IGNORE INTO tags (name) VALUES ('scenic');
INSERT INTO photo_tags (photo_idx, tag_id) VALUES ((SELECT photo_idx FROM photos WHERE photo_id = 2948), (SELECT tag_id FROM tags WHERE name = 'scenic'));
INSERT OR IGNORE INTO tags (name) VALUES ('orange');
INSERT INTO photo_tags (photo_idx, tag_id) VALUES ((SELECT photo_idx FROM photos WHERE photo_id = 2948), (SELECT tag_id FROM tags WHERE name = 'orange'));
INSERT OR IGNORE INTO tags (name) VALUES ('yellow');
INSERT INTO photo_tags (photo_idx, tag_id) VALUES ((SELECT photo_idx FROM photos WHERE photo_id = 2948), (SELECT tag_id FROM tags WHERE name = 'yellow'));
INSERT OR IGNORE INTO tags (name) VALUES ('aspen');
INSERT INTO photo_tags (photo_idx, tag_id) VALUES ((SELECT photo_idx FROM photos WHERE photo_id = 2948), (SELECT tag_id FROM tags WHERE name = 'aspen'));
INSERT OR IGNORE INTO tags (name) VALUES ('foliage');
INSERT INTO photo_tags (photo_idx, tag_id) VALUES ((SELECT photo_idx FROM photos WHERE photo_id = 2948), (SELECT tag_id FROM tags WHERE name = 'foliage'));
INSERT OR IGNORE INTO tags (name) VALUES ('forest');
INSERT INTO photo_tags (photo_idx, tag_id) VALUES ((SELECT photo_idx FROM photos WHERE photo_id = 2948), (SELECT tag_id FROM tags WHERE name = 'forest'));
INSERT OR IGNORE INTO tags (name) VALUES ('trees');
INSERT INTO photo_tags (photo_idx, tag_id) VALUES ((SELECT photo_idx FROM photos WHERE photo_id = 2948), (SELECT tag_id FROM tags WHERE name = 'trees'));

INSERT INTO photos (photo_id, photo_title, photo_collection, photo_location, photo_year, camera, film_stock, film_format) VALUES (2949, 'Autumn in Colorado', 'Colorado', 'Colorado', 2005, 'Hasselblad H1', 'PhaseOne P25', '6 x 4.5 cm');
INSERT INTO photos_fts (photo_idx, photo_id, photo_title, photo_collection, photo_location, photo_year, camera, film_stock, film_format, tag_names) VALUES ((SELECT photo_idx FROM photos WHERE photo_id = 2949), 2949, 'Autumn in Colorado', 'Colorado', 'Colorado', 2005, 'Hasselblad H1', 'PhaseOne P25', '6 x 4.5 cm', 'horizontal,autumn,fall,landscape,color,outdoors,scenic,green,orange,yellow,aspen,foliage,forest,trees');
INSERT OR IGNORE INTO tags (name) VALUES ('horizontal');
INSERT INTO photo_tags (photo_idx, tag_id) VALUES ((SELECT photo_idx FROM photos WHERE photo_id = 2949), (SELECT tag_id FROM tags WHERE name = 'horizontal'));
INSERT OR IGNORE INTO tags (name) VALUES ('autumn');
INSERT INTO photo_tags (photo_idx, tag_id) VALUES ((SELECT photo_idx FROM photos WHERE photo_id = 2949), (SELECT tag_id FROM tags WHERE name = 'autumn'));
INSERT OR IGNORE INTO tags (name) VALUES ('fall');
INSERT INTO photo_tags (photo_idx, tag_id) VALUES ((SELECT photo_idx FROM photos WHERE photo_id = 2949), (SELECT tag_id FROM tags WHERE name = 'fall'));
INSERT OR IGNORE INTO tags (name) VALUES ('landscape');
INSERT INTO photo_tags (photo_idx, tag_id) VALUES ((SELECT photo_idx FROM photos WHERE photo_id = 2949), (SELECT tag_id FROM tags WHERE name = 'landscape'));
INSERT OR IGNORE INTO tags (name) VALUES ('color');
INSERT INTO photo_tags (photo_idx, tag_id) VALUES ((SELECT photo_idx FROM photos WHERE photo_id = 2949), (SELECT tag_id FROM tags WHERE name = 'color'));
INSERT OR IGNORE INTO tags (name) VALUES ('outdoors');
INSERT INTO photo_tags (photo_idx, tag_id) VALUES ((SELECT photo_idx FROM photos WHERE photo_id = 2949), (SELECT tag_id FROM tags WHERE name = 'outdoors'));
INSERT OR IGNORE INTO tags (name) VALUES ('scenic');
INSERT INTO photo_tags (photo_idx, tag_id) VALUES ((SELECT photo_idx FROM photos WHERE photo_id = 2949), (SELECT tag_id FROM tags WHERE name = 'scenic'));
INSERT OR IGNORE INTO tags (name) VALUES ('green');
INSERT INTO photo_tags (photo_idx, tag_id) VALUES ((SELECT photo_idx FROM photos WHERE photo_id = 2949), (SELECT tag_id FROM tags WHERE name = 'green'));
INSERT OR IGNORE INTO tags (name) VALUES ('orange');
INSERT INTO photo_tags (photo_idx, tag_id) VALUES ((SELECT photo_idx FROM photos WHERE photo_id = 2949), (SELECT tag_id FROM tags WHERE name = 'orange'));
INSERT OR IGNORE INTO tags (name) VALUES ('yellow');
INSERT INTO photo_tags (photo_idx, tag_id) VALUES ((SELECT photo_idx FROM photos WHERE photo_id = 2949), (SELECT tag_id FROM tags WHERE name = 'yellow'));
INSERT OR IGNORE INTO tags (name) VALUES ('aspen');
INSERT INTO photo_tags (photo_idx, tag_id) VALUES ((SELECT photo_idx FROM photos WHERE photo_id = 2949), (SELECT tag_id FROM tags WHERE name = 'aspen'));
INSERT OR IGNORE INTO tags (name) VALUES ('foliage');
INSERT INTO photo_tags (photo_idx, tag_id) VALUES ((SELECT photo_idx FROM photos WHERE photo_id = 2949), (SELECT tag_id FROM tags WHERE name = 'foliage'));
INSERT OR IGNORE INTO tags (name) VALUES ('forest');
INSERT INTO photo_tags (photo_idx, tag_id) VALUES ((SELECT photo_idx FROM photos WHERE photo_id = 2949), (SELECT tag_id FROM tags WHERE name = 'forest'));
INSERT OR IGNORE INTO tags (name) VALUES ('trees');
INSERT INTO photo_tags (photo_idx, tag_id) VALUES ((SELECT photo_idx FROM photos WHERE photo_id = 2949), (SELECT tag_id FROM tags WHERE name = 'trees'));

INSERT INTO photos (photo_id, photo_title, photo_collection, photo_location, photo_year, camera, film_stock, film_format) VALUES (2950, 'Autumn in Colorado', 'Colorado', 'Colorado', 2005, 'Hasselblad H1', 'PhaseOne P25', '6 x 4.5 cm');
INSERT INTO photos_fts (photo_idx, photo_id, photo_title, photo_collection, photo_location, photo_year, camera, film_stock, film_format, tag_names) VALUES ((SELECT photo_idx FROM photos WHERE photo_id = 2950), 2950, 'Autumn in Colorado', 'Colorado', 'Colorado', 2005, 'Hasselblad H1', 'PhaseOne P25', '6 x 4.5 cm', 'horizontal,autumn,fall,landscape,color,outdoors,scenic,yellow,aspen,foliage,forest,trees');
INSERT OR IGNORE INTO tags (name) VALUES ('horizontal');
INSERT INTO photo_tags (photo_idx, tag_id) VALUES ((SELECT photo_idx FROM photos WHERE photo_id = 2950), (SELECT tag_id FROM tags WHERE name = 'horizontal'));
INSERT OR IGNORE INTO tags (name) VALUES ('autumn');
INSERT INTO photo_tags (photo_idx, tag_id) VALUES ((SELECT photo_idx FROM photos WHERE photo_id = 2950), (SELECT tag_id FROM tags WHERE name = 'autumn'));
INSERT OR IGNORE INTO tags (name) VALUES ('fall');
INSERT INTO photo_tags (photo_idx, tag_id) VALUES ((SELECT photo_idx FROM photos WHERE photo_id = 2950), (SELECT tag_id FROM tags WHERE name = 'fall'));
INSERT OR IGNORE INTO tags (name) VALUES ('landscape');
INSERT INTO photo_tags (photo_idx, tag_id) VALUES ((SELECT photo_idx FROM photos WHERE photo_id = 2950), (SELECT tag_id FROM tags WHERE name = 'landscape'));
INSERT OR IGNORE INTO tags (name) VALUES ('color');
INSERT INTO photo_tags (photo_idx, tag_id) VALUES ((SELECT photo_idx FROM photos WHERE photo_id = 2950), (SELECT tag_id FROM tags WHERE name = 'color'));
INSERT OR IGNORE INTO tags (name) VALUES ('outdoors');
INSERT INTO photo_tags (photo_idx, tag_id) VALUES ((SELECT photo_idx FROM photos WHERE photo_id = 2950), (SELECT tag_id FROM tags WHERE name = 'outdoors'));
INSERT OR IGNORE INTO tags (name) VALUES ('scenic');
INSERT INTO photo_tags (photo_idx, tag_id) VALUES ((SELECT photo_idx FROM photos WHERE photo_id = 2950), (SELECT tag_id FROM tags WHERE name = 'scenic'));
INSERT OR IGNORE INTO tags (name) VALUES ('yellow');
INSERT INTO photo_tags (photo_idx, tag_id) VALUES ((SELECT photo_idx FROM photos WHERE photo_id = 2950), (SELECT tag_id FROM tags WHERE name = 'yellow'));
INSERT OR IGNORE INTO tags (name) VALUES ('aspen');
INSERT INTO photo_tags (photo_idx, tag_id) VALUES ((SELECT photo_idx FROM photos WHERE photo_id = 2950), (SELECT tag_id FROM tags WHERE name = 'aspen'));
INSERT OR IGNORE INTO tags (name) VALUES ('foliage');
INSERT INTO photo_tags (photo_idx, tag_id) VALUES ((SELECT photo_idx FROM photos WHERE photo_id = 2950), (SELECT tag_id FROM tags WHERE name = 'foliage'));
INSERT OR IGNORE INTO tags (name) VALUES ('forest');
INSERT INTO photo_tags (photo_idx, tag_id) VALUES ((SELECT photo_idx FROM photos WHERE photo_id = 2950), (SELECT tag_id FROM tags WHERE name = 'forest'));
INSERT OR IGNORE INTO tags (name) VALUES ('trees');
INSERT INTO photo_tags (photo_idx, tag_id) VALUES ((SELECT photo_idx FROM photos WHERE photo_id = 2950), (SELECT tag_id FROM tags WHERE name = 'trees'));

INSERT INTO photos (photo_id, photo_title, photo_collection, photo_location, photo_year, camera, film_stock, film_format) VALUES (2951, 'Autumn in Colorado', 'Colorado', 'Colorado', 2005, 'Hasselblad H1', 'PhaseOne P25', '6 x 4.5 cm');
INSERT INTO photos_fts (photo_idx, photo_id, photo_title, photo_collection, photo_location, photo_year, camera, film_stock, film_format, tag_names) VALUES ((SELECT photo_idx FROM photos WHERE photo_id = 2951), 2951, 'Autumn in Colorado', 'Colorado', 'Colorado', 2005, 'Hasselblad H1', 'PhaseOne P25', '6 x 4.5 cm', 'horizontal,autumn,fall,landscape,color,outdoors,scenic,blue,yellow,white,aspen,clouds,foliage,forest,sky,trees');
INSERT OR IGNORE INTO tags (name) VALUES ('horizontal');
INSERT INTO photo_tags (photo_idx, tag_id) VALUES ((SELECT photo_idx FROM photos WHERE photo_id = 2951), (SELECT tag_id FROM tags WHERE name = 'horizontal'));
INSERT OR IGNORE INTO tags (name) VALUES ('autumn');
INSERT INTO photo_tags (photo_idx, tag_id) VALUES ((SELECT photo_idx FROM photos WHERE photo_id = 2951), (SELECT tag_id FROM tags WHERE name = 'autumn'));
INSERT OR IGNORE INTO tags (name) VALUES ('fall');
INSERT INTO photo_tags (photo_idx, tag_id) VALUES ((SELECT photo_idx FROM photos WHERE photo_id = 2951), (SELECT tag_id FROM tags WHERE name = 'fall'));
INSERT OR IGNORE INTO tags (name) VALUES ('landscape');
INSERT INTO photo_tags (photo_idx, tag_id) VALUES ((SELECT photo_idx FROM photos WHERE photo_id = 2951), (SELECT tag_id FROM tags WHERE name = 'landscape'));
INSERT OR IGNORE INTO tags (name) VALUES ('color');
INSERT INTO photo_tags (photo_idx, tag_id) VALUES ((SELECT photo_idx FROM photos WHERE photo_id = 2951), (SELECT tag_id FROM tags WHERE name = 'color'));
INSERT OR IGNORE INTO tags (name) VALUES ('outdoors');
INSERT INTO photo_tags (photo_idx, tag_id) VALUES ((SELECT photo_idx FROM photos WHERE photo_id = 2951), (SELECT tag_id FROM tags WHERE name = 'outdoors'));
INSERT OR IGNORE INTO tags (name) VALUES ('scenic');
INSERT INTO photo_tags (photo_idx, tag_id) VALUES ((SELECT photo_idx FROM photos WHERE photo_id = 2951), (SELECT tag_id FROM tags WHERE name = 'scenic'));
INSERT OR IGNORE INTO tags (name) VALUES ('blue');
INSERT INTO photo_tags (photo_idx, tag_id) VALUES ((SELECT photo_idx FROM photos WHERE photo_id = 2951), (SELECT tag_id FROM tags WHERE name = 'blue'));
INSERT OR IGNORE INTO tags (name) VALUES ('yellow');
INSERT INTO photo_tags (photo_idx, tag_id) VALUES ((SELECT photo_idx FROM photos WHERE photo_id = 2951), (SELECT tag_id FROM tags WHERE name = 'yellow'));
INSERT OR IGNORE INTO tags (name) VALUES ('white');
INSERT INTO photo_tags (photo_idx, tag_id) VALUES ((SELECT photo_idx FROM photos WHERE photo_id = 2951), (SELECT tag_id FROM tags WHERE name = 'white'));
INSERT OR IGNORE INTO tags (name) VALUES ('aspen');
INSERT INTO photo_tags (photo_idx, tag_id) VALUES ((SELECT photo_idx FROM photos WHERE photo_id = 2951), (SELECT tag_id FROM tags WHERE name = 'aspen'));
INSERT OR IGNORE INTO tags (name) VALUES ('clouds');
INSERT INTO photo_tags (photo_idx, tag_id) VALUES ((SELECT photo_idx FROM photos WHERE photo_id = 2951), (SELECT tag_id FROM tags WHERE name = 'clouds'));
INSERT OR IGNORE INTO tags (name) VALUES ('foliage');
INSERT INTO photo_tags (photo_idx, tag_id) VALUES ((SELECT photo_idx FROM photos WHERE photo_id = 2951), (SELECT tag_id FROM tags WHERE name = 'foliage'));
INSERT OR IGNORE INTO tags (name) VALUES ('forest');
INSERT INTO photo_tags (photo_idx, tag_id) VALUES ((SELECT photo_idx FROM photos WHERE photo_id = 2951), (SELECT tag_id FROM tags WHERE name = 'forest'));
INSERT OR IGNORE INTO tags (name) VALUES ('sky');
INSERT INTO photo_tags (photo_idx, tag_id) VALUES ((SELECT photo_idx FROM photos WHERE photo_id = 2951), (SELECT tag_id FROM tags WHERE name = 'sky'));
INSERT OR IGNORE INTO tags (name) VALUES ('trees');
INSERT INTO photo_tags (photo_idx, tag_id) VALUES ((SELECT photo_idx FROM photos WHERE photo_id = 2951), (SELECT tag_id FROM tags WHERE name = 'trees'));

INSERT INTO photos (photo_id, photo_title, photo_collection, photo_location, photo_year, camera, film_stock, film_format) VALUES (2952, 'Autumn in Colorado', 'Colorado', 'Colorado', 2005, 'Hasselblad H1', 'PhaseOne P25', '6 x 4.5 cm');
INSERT INTO photos_fts (photo_idx, photo_id, photo_title, photo_collection, photo_location, photo_year, camera, film_stock, film_format, tag_names) VALUES ((SELECT photo_idx FROM photos WHERE photo_id = 2952), 2952, 'Autumn in Colorado', 'Colorado', 'Colorado', 2005, 'Hasselblad H1', 'PhaseOne P25', '6 x 4.5 cm', 'horizontal,autumn,fall,landscape,color,outdoors,scenic,yellow,aspen,foliage,forest,trees');
INSERT OR IGNORE INTO tags (name) VALUES ('horizontal');
INSERT INTO photo_tags (photo_idx, tag_id) VALUES ((SELECT photo_idx FROM photos WHERE photo_id = 2952), (SELECT tag_id FROM tags WHERE name = 'horizontal'));
INSERT OR IGNORE INTO tags (name) VALUES ('autumn');
INSERT INTO photo_tags (photo_idx, tag_id) VALUES ((SELECT photo_idx FROM photos WHERE photo_id = 2952), (SELECT tag_id FROM tags WHERE name = 'autumn'));
INSERT OR IGNORE INTO tags (name) VALUES ('fall');
INSERT INTO photo_tags (photo_idx, tag_id) VALUES ((SELECT photo_idx FROM photos WHERE photo_id = 2952), (SELECT tag_id FROM tags WHERE name = 'fall'));
INSERT OR IGNORE INTO tags (name) VALUES ('landscape');
INSERT INTO photo_tags (photo_idx, tag_id) VALUES ((SELECT photo_idx FROM photos WHERE photo_id = 2952), (SELECT tag_id FROM tags WHERE name = 'landscape'));
INSERT OR IGNORE INTO tags (name) VALUES ('color');
INSERT INTO photo_tags (photo_idx, tag_id) VALUES ((SELECT photo_idx FROM photos WHERE photo_id = 2952), (SELECT tag_id FROM tags WHERE name = 'color'));
INSERT OR IGNORE INTO tags (name) VALUES ('outdoors');
INSERT INTO photo_tags (photo_idx, tag_id) VALUES ((SELECT photo_idx FROM photos WHERE photo_id = 2952), (SELECT tag_id FROM tags WHERE name = 'outdoors'));
INSERT OR IGNORE INTO tags (name) VALUES ('scenic');
INSERT INTO photo_tags (photo_idx, tag_id) VALUES ((SELECT photo_idx FROM photos WHERE photo_id = 2952), (SELECT tag_id FROM tags WHERE name = 'scenic'));
INSERT OR IGNORE INTO tags (name) VALUES ('yellow');
INSERT INTO photo_tags (photo_idx, tag_id) VALUES ((SELECT photo_idx FROM photos WHERE photo_id = 2952), (SELECT tag_id FROM tags WHERE name = 'yellow'));
INSERT OR IGNORE INTO tags (name) VALUES ('aspen');
INSERT INTO photo_tags (photo_idx, tag_id) VALUES ((SELECT photo_idx FROM photos WHERE photo_id = 2952), (SELECT tag_id FROM tags WHERE name = 'aspen'));
INSERT OR IGNORE INTO tags (name) VALUES ('foliage');
INSERT INTO photo_tags (photo_idx, tag_id) VALUES ((SELECT photo_idx FROM photos WHERE photo_id = 2952), (SELECT tag_id FROM tags WHERE name = 'foliage'));
INSERT OR IGNORE INTO tags (name) VALUES ('forest');
INSERT INTO photo_tags (photo_idx, tag_id) VALUES ((SELECT photo_idx FROM photos WHERE photo_id = 2952), (SELECT tag_id FROM tags WHERE name = 'forest'));
INSERT OR IGNORE INTO tags (name) VALUES ('trees');
INSERT INTO photo_tags (photo_idx, tag_id) VALUES ((SELECT photo_idx FROM photos WHERE photo_id = 2952), (SELECT tag_id FROM tags WHERE name = 'trees'));

INSERT INTO photos (photo_id, photo_title, photo_collection, photo_location, photo_year, camera, film_stock, film_format) VALUES (2953, 'Autumn in Colorado', 'Colorado', 'Colorado', 2005, 'Hasselblad H1', 'PhaseOne P25', '6 x 4.5 cm');
INSERT INTO photos_fts (photo_idx, photo_id, photo_title, photo_collection, photo_location, photo_year, camera, film_stock, film_format, tag_names) VALUES ((SELECT photo_idx FROM photos WHERE photo_id = 2953), 2953, 'Autumn in Colorado', 'Colorado', 'Colorado', 2005, 'Hasselblad H1', 'PhaseOne P25', '6 x 4.5 cm', 'horizontal,autumn,fall,landscape,color,outdoors,scenic,green,yellow,aspen,foliage,forest,trees');
INSERT OR IGNORE INTO tags (name) VALUES ('horizontal');
INSERT INTO photo_tags (photo_idx, tag_id) VALUES ((SELECT photo_idx FROM photos WHERE photo_id = 2953), (SELECT tag_id FROM tags WHERE name = 'horizontal'));
INSERT OR IGNORE INTO tags (name) VALUES ('autumn');
INSERT INTO photo_tags (photo_idx, tag_id) VALUES ((SELECT photo_idx FROM photos WHERE photo_id = 2953), (SELECT tag_id FROM tags WHERE name = 'autumn'));
INSERT OR IGNORE INTO tags (name) VALUES ('fall');
INSERT INTO photo_tags (photo_idx, tag_id) VALUES ((SELECT photo_idx FROM photos WHERE photo_id = 2953), (SELECT tag_id FROM tags WHERE name = 'fall'));
INSERT OR IGNORE INTO tags (name) VALUES ('landscape');
INSERT INTO photo_tags (photo_idx, tag_id) VALUES ((SELECT photo_idx FROM photos WHERE photo_id = 2953), (SELECT tag_id FROM tags WHERE name = 'landscape'));
INSERT OR IGNORE INTO tags (name) VALUES ('color');
INSERT INTO photo_tags (photo_idx, tag_id) VALUES ((SELECT photo_idx FROM photos WHERE photo_id = 2953), (SELECT tag_id FROM tags WHERE name = 'color'));
INSERT OR IGNORE INTO tags (name) VALUES ('outdoors');
INSERT INTO photo_tags (photo_idx, tag_id) VALUES ((SELECT photo_idx FROM photos WHERE photo_id = 2953), (SELECT tag_id FROM tags WHERE name = 'outdoors'));
INSERT OR IGNORE INTO tags (name) VALUES ('scenic');
INSERT INTO photo_tags (photo_idx, tag_id) VALUES ((SELECT photo_idx FROM photos WHERE photo_id = 2953), (SELECT tag_id FROM tags WHERE name = 'scenic'));
INSERT OR IGNORE INTO tags (name) VALUES ('green');
INSERT INTO photo_tags (photo_idx, tag_id) VALUES ((SELECT photo_idx FROM photos WHERE photo_id = 2953), (SELECT tag_id FROM tags WHERE name = 'green'));
INSERT OR IGNORE INTO tags (name) VALUES ('yellow');
INSERT INTO photo_tags (photo_idx, tag_id) VALUES ((SELECT photo_idx FROM photos WHERE photo_id = 2953), (SELECT tag_id FROM tags WHERE name = 'yellow'));
INSERT OR IGNORE INTO tags (name) VALUES ('aspen');
INSERT INTO photo_tags (photo_idx, tag_id) VALUES ((SELECT photo_idx FROM photos WHERE photo_id = 2953), (SELECT tag_id FROM tags WHERE name = 'aspen'));
INSERT OR IGNORE INTO tags (name) VALUES ('foliage');
INSERT INTO photo_tags (photo_idx, tag_id) VALUES ((SELECT photo_idx FROM photos WHERE photo_id = 2953), (SELECT tag_id FROM tags WHERE name = 'foliage'));
INSERT OR IGNORE INTO tags (name) VALUES ('forest');
INSERT INTO photo_tags (photo_idx, tag_id) VALUES ((SELECT photo_idx FROM photos WHERE photo_id = 2953), (SELECT tag_id FROM tags WHERE name = 'forest'));
INSERT OR IGNORE INTO tags (name) VALUES ('trees');
INSERT INTO photo_tags (photo_idx, tag_id) VALUES ((SELECT photo_idx FROM photos WHERE photo_id = 2953), (SELECT tag_id FROM tags WHERE name = 'trees'));

INSERT INTO photos (photo_id, photo_title, photo_collection, photo_location, photo_year, camera, film_stock, film_format) VALUES (2954, 'Autumn in Colorado', 'Colorado', 'Colorado', 2005, 'Hasselblad H1', 'PhaseOne P25', '6 x 4.5 cm');
INSERT INTO photos_fts (photo_idx, photo_id, photo_title, photo_collection, photo_location, photo_year, camera, film_stock, film_format, tag_names) VALUES ((SELECT photo_idx FROM photos WHERE photo_id = 2954), 2954, 'Autumn in Colorado', 'Colorado', 'Colorado', 2005, 'Hasselblad H1', 'PhaseOne P25', '6 x 4.5 cm', 'horizontal,autumn,fall,landscape,color,outdoors,scenic,yellow,aspen,foliage,forest,trees');
INSERT OR IGNORE INTO tags (name) VALUES ('horizontal');
INSERT INTO photo_tags (photo_idx, tag_id) VALUES ((SELECT photo_idx FROM photos WHERE photo_id = 2954), (SELECT tag_id FROM tags WHERE name = 'horizontal'));
INSERT OR IGNORE INTO tags (name) VALUES ('autumn');
INSERT INTO photo_tags (photo_idx, tag_id) VALUES ((SELECT photo_idx FROM photos WHERE photo_id = 2954), (SELECT tag_id FROM tags WHERE name = 'autumn'));
INSERT OR IGNORE INTO tags (name) VALUES ('fall');
INSERT INTO photo_tags (photo_idx, tag_id) VALUES ((SELECT photo_idx FROM photos WHERE photo_id = 2954), (SELECT tag_id FROM tags WHERE name = 'fall'));
INSERT OR IGNORE INTO tags (name) VALUES ('landscape');
INSERT INTO photo_tags (photo_idx, tag_id) VALUES ((SELECT photo_idx FROM photos WHERE photo_id = 2954), (SELECT tag_id FROM tags WHERE name = 'landscape'));
INSERT OR IGNORE INTO tags (name) VALUES ('color');
INSERT INTO photo_tags (photo_idx, tag_id) VALUES ((SELECT photo_idx FROM photos WHERE photo_id = 2954), (SELECT tag_id FROM tags WHERE name = 'color'));
INSERT OR IGNORE INTO tags (name) VALUES ('outdoors');
INSERT INTO photo_tags (photo_idx, tag_id) VALUES ((SELECT photo_idx FROM photos WHERE photo_id = 2954), (SELECT tag_id FROM tags WHERE name = 'outdoors'));
INSERT OR IGNORE INTO tags (name) VALUES ('scenic');
INSERT INTO photo_tags (photo_idx, tag_id) VALUES ((SELECT photo_idx FROM photos WHERE photo_id = 2954), (SELECT tag_id FROM tags WHERE name = 'scenic'));
INSERT OR IGNORE INTO tags (name) VALUES ('yellow');
INSERT INTO photo_tags (photo_idx, tag_id) VALUES ((SELECT photo_idx FROM photos WHERE photo_id = 2954), (SELECT tag_id FROM tags WHERE name = 'yellow'));
INSERT OR IGNORE INTO tags (name) VALUES ('aspen');
INSERT INTO photo_tags (photo_idx, tag_id) VALUES ((SELECT photo_idx FROM photos WHERE photo_id = 2954), (SELECT tag_id FROM tags WHERE name = 'aspen'));
INSERT OR IGNORE INTO tags (name) VALUES ('foliage');
INSERT INTO photo_tags (photo_idx, tag_id) VALUES ((SELECT photo_idx FROM photos WHERE photo_id = 2954), (SELECT tag_id FROM tags WHERE name = 'foliage'));
INSERT OR IGNORE INTO tags (name) VALUES ('forest');
INSERT INTO photo_tags (photo_idx, tag_id) VALUES ((SELECT photo_idx FROM photos WHERE photo_id = 2954), (SELECT tag_id FROM tags WHERE name = 'forest'));
INSERT OR IGNORE INTO tags (name) VALUES ('trees');
INSERT INTO photo_tags (photo_idx, tag_id) VALUES ((SELECT photo_idx FROM photos WHERE photo_id = 2954), (SELECT tag_id FROM tags WHERE name = 'trees'));

INSERT INTO photos (photo_id, photo_title, photo_collection, photo_location, photo_year, camera, film_stock, film_format) VALUES (2955, 'Autumn in Colorado', 'Colorado', 'Colorado', 2005, 'Hasselblad H1', 'PhaseOne P25', '6 x 4.5 cm');
INSERT INTO photos_fts (photo_idx, photo_id, photo_title, photo_collection, photo_location, photo_year, camera, film_stock, film_format, tag_names) VALUES ((SELECT photo_idx FROM photos WHERE photo_id = 2955), 2955, 'Autumn in Colorado', 'Colorado', 'Colorado', 2005, 'Hasselblad H1', 'PhaseOne P25', '6 x 4.5 cm', 'horizontal,autumn,fall,landscape,color,outdoors,scenic,yellow,aspen,foliage,forest,trees');
INSERT OR IGNORE INTO tags (name) VALUES ('horizontal');
INSERT INTO photo_tags (photo_idx, tag_id) VALUES ((SELECT photo_idx FROM photos WHERE photo_id = 2955), (SELECT tag_id FROM tags WHERE name = 'horizontal'));
INSERT OR IGNORE INTO tags (name) VALUES ('autumn');
INSERT INTO photo_tags (photo_idx, tag_id) VALUES ((SELECT photo_idx FROM photos WHERE photo_id = 2955), (SELECT tag_id FROM tags WHERE name = 'autumn'));
INSERT OR IGNORE INTO tags (name) VALUES ('fall');
INSERT INTO photo_tags (photo_idx, tag_id) VALUES ((SELECT photo_idx FROM photos WHERE photo_id = 2955), (SELECT tag_id FROM tags WHERE name = 'fall'));
INSERT OR IGNORE INTO tags (name) VALUES ('landscape');
INSERT INTO photo_tags (photo_idx, tag_id) VALUES ((SELECT photo_idx FROM photos WHERE photo_id = 2955), (SELECT tag_id FROM tags WHERE name = 'landscape'));
INSERT OR IGNORE INTO tags (name) VALUES ('color');
INSERT INTO photo_tags (photo_idx, tag_id) VALUES ((SELECT photo_idx FROM photos WHERE photo_id = 2955), (SELECT tag_id FROM tags WHERE name = 'color'));
INSERT OR IGNORE INTO tags (name) VALUES ('outdoors');
INSERT INTO photo_tags (photo_idx, tag_id) VALUES ((SELECT photo_idx FROM photos WHERE photo_id = 2955), (SELECT tag_id FROM tags WHERE name = 'outdoors'));
INSERT OR IGNORE INTO tags (name) VALUES ('scenic');
INSERT INTO photo_tags (photo_idx, tag_id) VALUES ((SELECT photo_idx FROM photos WHERE photo_id = 2955), (SELECT tag_id FROM tags WHERE name = 'scenic'));
INSERT OR IGNORE INTO tags (name) VALUES ('yellow');
INSERT INTO photo_tags (photo_idx, tag_id) VALUES ((SELECT photo_idx FROM photos WHERE photo_id = 2955), (SELECT tag_id FROM tags WHERE name = 'yellow'));
INSERT OR IGNORE INTO tags (name) VALUES ('aspen');
INSERT INTO photo_tags (photo_idx, tag_id) VALUES ((SELECT photo_idx FROM photos WHERE photo_id = 2955), (SELECT tag_id FROM tags WHERE name = 'aspen'));
INSERT OR IGNORE INTO tags (name) VALUES ('foliage');
INSERT INTO photo_tags (photo_idx, tag_id) VALUES ((SELECT photo_idx FROM photos WHERE photo_id = 2955), (SELECT tag_id FROM tags WHERE name = 'foliage'));
INSERT OR IGNORE INTO tags (name) VALUES ('forest');
INSERT INTO photo_tags (photo_idx, tag_id) VALUES ((SELECT photo_idx FROM photos WHERE photo_id = 2955), (SELECT tag_id FROM tags WHERE name = 'forest'));
INSERT OR IGNORE INTO tags (name) VALUES ('trees');
INSERT INTO photo_tags (photo_idx, tag_id) VALUES ((SELECT photo_idx FROM photos WHERE photo_id = 2955), (SELECT tag_id FROM tags WHERE name = 'trees'));

INSERT INTO photos (photo_id, photo_title, photo_collection, photo_location, photo_year, camera, film_stock, film_format) VALUES (2956, 'Autumn in Colorado', 'Colorado', 'Colorado', 2005, 'Hasselblad H1', 'PhaseOne P25', '6 x 4.5 cm');
INSERT INTO photos_fts (photo_idx, photo_id, photo_title, photo_collection, photo_location, photo_year, camera, film_stock, film_format, tag_names) VALUES ((SELECT photo_idx FROM photos WHERE photo_id = 2956), 2956, 'Autumn in Colorado', 'Colorado', 'Colorado', 2005, 'Hasselblad H1', 'PhaseOne P25', '6 x 4.5 cm', 'horizontal,autumn,fall,landscape,color,outdoors,scenic,orange,yellow,foliage,forest,mist,fog,trees');
INSERT OR IGNORE INTO tags (name) VALUES ('horizontal');
INSERT INTO photo_tags (photo_idx, tag_id) VALUES ((SELECT photo_idx FROM photos WHERE photo_id = 2956), (SELECT tag_id FROM tags WHERE name = 'horizontal'));
INSERT OR IGNORE INTO tags (name) VALUES ('autumn');
INSERT INTO photo_tags (photo_idx, tag_id) VALUES ((SELECT photo_idx FROM photos WHERE photo_id = 2956), (SELECT tag_id FROM tags WHERE name = 'autumn'));
INSERT OR IGNORE INTO tags (name) VALUES ('fall');
INSERT INTO photo_tags (photo_idx, tag_id) VALUES ((SELECT photo_idx FROM photos WHERE photo_id = 2956), (SELECT tag_id FROM tags WHERE name = 'fall'));
INSERT OR IGNORE INTO tags (name) VALUES ('landscape');
INSERT INTO photo_tags (photo_idx, tag_id) VALUES ((SELECT photo_idx FROM photos WHERE photo_id = 2956), (SELECT tag_id FROM tags WHERE name = 'landscape'));
INSERT OR IGNORE INTO tags (name) VALUES ('color');
INSERT INTO photo_tags (photo_idx, tag_id) VALUES ((SELECT photo_idx FROM photos WHERE photo_id = 2956), (SELECT tag_id FROM tags WHERE name = 'color'));
INSERT OR IGNORE INTO tags (name) VALUES ('outdoors');
INSERT INTO photo_tags (photo_idx, tag_id) VALUES ((SELECT photo_idx FROM photos WHERE photo_id = 2956), (SELECT tag_id FROM tags WHERE name = 'outdoors'));
INSERT OR IGNORE INTO tags (name) VALUES ('scenic');
INSERT INTO photo_tags (photo_idx, tag_id) VALUES ((SELECT photo_idx FROM photos WHERE photo_id = 2956), (SELECT tag_id FROM tags WHERE name = 'scenic'));
INSERT OR IGNORE INTO tags (name) VALUES ('orange');
INSERT INTO photo_tags (photo_idx, tag_id) VALUES ((SELECT photo_idx FROM photos WHERE photo_id = 2956), (SELECT tag_id FROM tags WHERE name = 'orange'));
INSERT OR IGNORE INTO tags (name) VALUES ('yellow');
INSERT INTO photo_tags (photo_idx, tag_id) VALUES ((SELECT photo_idx FROM photos WHERE photo_id = 2956), (SELECT tag_id FROM tags WHERE name = 'yellow'));
INSERT OR IGNORE INTO tags (name) VALUES ('foliage');
INSERT INTO photo_tags (photo_idx, tag_id) VALUES ((SELECT photo_idx FROM photos WHERE photo_id = 2956), (SELECT tag_id FROM tags WHERE name = 'foliage'));
INSERT OR IGNORE INTO tags (name) VALUES ('forest');
INSERT INTO photo_tags (photo_idx, tag_id) VALUES ((SELECT photo_idx FROM photos WHERE photo_id = 2956), (SELECT tag_id FROM tags WHERE name = 'forest'));
INSERT OR IGNORE INTO tags (name) VALUES ('mist');
INSERT INTO photo_tags (photo_idx, tag_id) VALUES ((SELECT photo_idx FROM photos WHERE photo_id = 2956), (SELECT tag_id FROM tags WHERE name = 'mist'));
INSERT OR IGNORE INTO tags (name) VALUES ('fog');
INSERT INTO photo_tags (photo_idx, tag_id) VALUES ((SELECT photo_idx FROM photos WHERE photo_id = 2956), (SELECT tag_id FROM tags WHERE name = 'fog'));
INSERT OR IGNORE INTO tags (name) VALUES ('trees');
INSERT INTO photo_tags (photo_idx, tag_id) VALUES ((SELECT photo_idx FROM photos WHERE photo_id = 2956), (SELECT tag_id FROM tags WHERE name = 'trees'));

INSERT INTO photos (photo_id, photo_title, photo_collection, photo_location, photo_year, camera, film_stock, film_format) VALUES (2957, 'Autumn in Colorado', 'Colorado', 'Near Telluride, Colorado', 2005, 'Hasselblad H1', 'PhaseOne P25', '6 x 4.5 cm');
INSERT INTO photos_fts (photo_idx, photo_id, photo_title, photo_collection, photo_location, photo_year, camera, film_stock, film_format, tag_names) VALUES ((SELECT photo_idx FROM photos WHERE photo_id = 2957), 2957, 'Autumn in Colorado', 'Colorado', 'Near Telluride, Colorado', 2005, 'Hasselblad H1', 'PhaseOne P25', '6 x 4.5 cm', 'horizontal,autumn,fall,landscape,color,outdoors,scenic,gray,orange,white,fog,foliage,forest,mist,snow,trees');
INSERT OR IGNORE INTO tags (name) VALUES ('horizontal');
INSERT INTO photo_tags (photo_idx, tag_id) VALUES ((SELECT photo_idx FROM photos WHERE photo_id = 2957), (SELECT tag_id FROM tags WHERE name = 'horizontal'));
INSERT OR IGNORE INTO tags (name) VALUES ('autumn');
INSERT INTO photo_tags (photo_idx, tag_id) VALUES ((SELECT photo_idx FROM photos WHERE photo_id = 2957), (SELECT tag_id FROM tags WHERE name = 'autumn'));
INSERT OR IGNORE INTO tags (name) VALUES ('fall');
INSERT INTO photo_tags (photo_idx, tag_id) VALUES ((SELECT photo_idx FROM photos WHERE photo_id = 2957), (SELECT tag_id FROM tags WHERE name = 'fall'));
INSERT OR IGNORE INTO tags (name) VALUES ('landscape');
INSERT INTO photo_tags (photo_idx, tag_id) VALUES ((SELECT photo_idx FROM photos WHERE photo_id = 2957), (SELECT tag_id FROM tags WHERE name = 'landscape'));
INSERT OR IGNORE INTO tags (name) VALUES ('color');
INSERT INTO photo_tags (photo_idx, tag_id) VALUES ((SELECT photo_idx FROM photos WHERE photo_id = 2957), (SELECT tag_id FROM tags WHERE name = 'color'));
INSERT OR IGNORE INTO tags (name) VALUES ('outdoors');
INSERT INTO photo_tags (photo_idx, tag_id) VALUES ((SELECT photo_idx FROM photos WHERE photo_id = 2957), (SELECT tag_id FROM tags WHERE name = 'outdoors'));
INSERT OR IGNORE INTO tags (name) VALUES ('scenic');
INSERT INTO photo_tags (photo_idx, tag_id) VALUES ((SELECT photo_idx FROM photos WHERE photo_id = 2957), (SELECT tag_id FROM tags WHERE name = 'scenic'));
INSERT OR IGNORE INTO tags (name) VALUES ('gray');
INSERT INTO photo_tags (photo_idx, tag_id) VALUES ((SELECT photo_idx FROM photos WHERE photo_id = 2957), (SELECT tag_id FROM tags WHERE name = 'gray'));
INSERT OR IGNORE INTO tags (name) VALUES ('orange');
INSERT INTO photo_tags (photo_idx, tag_id) VALUES ((SELECT photo_idx FROM photos WHERE photo_id = 2957), (SELECT tag_id FROM tags WHERE name = 'orange'));
INSERT OR IGNORE INTO tags (name) VALUES ('white');
INSERT INTO photo_tags (photo_idx, tag_id) VALUES ((SELECT photo_idx FROM photos WHERE photo_id = 2957), (SELECT tag_id FROM tags WHERE name = 'white'));
INSERT OR IGNORE INTO tags (name) VALUES ('fog');
INSERT INTO photo_tags (photo_idx, tag_id) VALUES ((SELECT photo_idx FROM photos WHERE photo_id = 2957), (SELECT tag_id FROM tags WHERE name = 'fog'));
INSERT OR IGNORE INTO tags (name) VALUES ('foliage');
INSERT INTO photo_tags (photo_idx, tag_id) VALUES ((SELECT photo_idx FROM photos WHERE photo_id = 2957), (SELECT tag_id FROM tags WHERE name = 'foliage'));
INSERT OR IGNORE INTO tags (name) VALUES ('forest');
INSERT INTO photo_tags (photo_idx, tag_id) VALUES ((SELECT photo_idx FROM photos WHERE photo_id = 2957), (SELECT tag_id FROM tags WHERE name = 'forest'));
INSERT OR IGNORE INTO tags (name) VALUES ('mist');
INSERT INTO photo_tags (photo_idx, tag_id) VALUES ((SELECT photo_idx FROM photos WHERE photo_id = 2957), (SELECT tag_id FROM tags WHERE name = 'mist'));
INSERT OR IGNORE INTO tags (name) VALUES ('snow');
INSERT INTO photo_tags (photo_idx, tag_id) VALUES ((SELECT photo_idx FROM photos WHERE photo_id = 2957), (SELECT tag_id FROM tags WHERE name = 'snow'));
INSERT OR IGNORE INTO tags (name) VALUES ('trees');
INSERT INTO photo_tags (photo_idx, tag_id) VALUES ((SELECT photo_idx FROM photos WHERE photo_id = 2957), (SELECT tag_id FROM tags WHERE name = 'trees'));

INSERT INTO photos (photo_id, photo_title, photo_collection, photo_location, photo_year, camera, film_stock, film_format) VALUES (2958, 'Autumn in Colorado', 'Colorado', 'Near Telluride, Colorado', 2005, 'Hasselblad H1', 'PhaseOne P25', '6 x 4.5 cm');
INSERT INTO photos_fts (photo_idx, photo_id, photo_title, photo_collection, photo_location, photo_year, camera, film_stock, film_format, tag_names) VALUES ((SELECT photo_idx FROM photos WHERE photo_id = 2958), 2958, 'Autumn in Colorado', 'Colorado', 'Near Telluride, Colorado', 2005, 'Hasselblad H1', 'PhaseOne P25', '6 x 4.5 cm', 'horizontal,autumn,fall,landscape,color,outdoors,scenic,popular,gray,orange,white,fog,foliage,forest,mist,snow,trees');
INSERT OR IGNORE INTO tags (name) VALUES ('horizontal');
INSERT INTO photo_tags (photo_idx, tag_id) VALUES ((SELECT photo_idx FROM photos WHERE photo_id = 2958), (SELECT tag_id FROM tags WHERE name = 'horizontal'));
INSERT OR IGNORE INTO tags (name) VALUES ('autumn');
INSERT INTO photo_tags (photo_idx, tag_id) VALUES ((SELECT photo_idx FROM photos WHERE photo_id = 2958), (SELECT tag_id FROM tags WHERE name = 'autumn'));
INSERT OR IGNORE INTO tags (name) VALUES ('fall');
INSERT INTO photo_tags (photo_idx, tag_id) VALUES ((SELECT photo_idx FROM photos WHERE photo_id = 2958), (SELECT tag_id FROM tags WHERE name = 'fall'));
INSERT OR IGNORE INTO tags (name) VALUES ('landscape');
INSERT INTO photo_tags (photo_idx, tag_id) VALUES ((SELECT photo_idx FROM photos WHERE photo_id = 2958), (SELECT tag_id FROM tags WHERE name = 'landscape'));
INSERT OR IGNORE INTO tags (name) VALUES ('color');
INSERT INTO photo_tags (photo_idx, tag_id) VALUES ((SELECT photo_idx FROM photos WHERE photo_id = 2958), (SELECT tag_id FROM tags WHERE name = 'color'));
INSERT OR IGNORE INTO tags (name) VALUES ('outdoors');
INSERT INTO photo_tags (photo_idx, tag_id) VALUES ((SELECT photo_idx FROM photos WHERE photo_id = 2958), (SELECT tag_id FROM tags WHERE name = 'outdoors'));
INSERT OR IGNORE INTO tags (name) VALUES ('scenic');
INSERT INTO photo_tags (photo_idx, tag_id) VALUES ((SELECT photo_idx FROM photos WHERE photo_id = 2958), (SELECT tag_id FROM tags WHERE name = 'scenic'));
INSERT OR IGNORE INTO tags (name) VALUES ('popular');
INSERT INTO photo_tags (photo_idx, tag_id) VALUES ((SELECT photo_idx FROM photos WHERE photo_id = 2958), (SELECT tag_id FROM tags WHERE name = 'popular'));
INSERT OR IGNORE INTO tags (name) VALUES ('gray');
INSERT INTO photo_tags (photo_idx, tag_id) VALUES ((SELECT photo_idx FROM photos WHERE photo_id = 2958), (SELECT tag_id FROM tags WHERE name = 'gray'));
INSERT OR IGNORE INTO tags (name) VALUES ('orange');
INSERT INTO photo_tags (photo_idx, tag_id) VALUES ((SELECT photo_idx FROM photos WHERE photo_id = 2958), (SELECT tag_id FROM tags WHERE name = 'orange'));
INSERT OR IGNORE INTO tags (name) VALUES ('white');
INSERT INTO photo_tags (photo_idx, tag_id) VALUES ((SELECT photo_idx FROM photos WHERE photo_id = 2958), (SELECT tag_id FROM tags WHERE name = 'white'));
INSERT OR IGNORE INTO tags (name) VALUES ('fog');
INSERT INTO photo_tags (photo_idx, tag_id) VALUES ((SELECT photo_idx FROM photos WHERE photo_id = 2958), (SELECT tag_id FROM tags WHERE name = 'fog'));
INSERT OR IGNORE INTO tags (name) VALUES ('foliage');
INSERT INTO photo_tags (photo_idx, tag_id) VALUES ((SELECT photo_idx FROM photos WHERE photo_id = 2958), (SELECT tag_id FROM tags WHERE name = 'foliage'));
INSERT OR IGNORE INTO tags (name) VALUES ('forest');
INSERT INTO photo_tags (photo_idx, tag_id) VALUES ((SELECT photo_idx FROM photos WHERE photo_id = 2958), (SELECT tag_id FROM tags WHERE name = 'forest'));
INSERT OR IGNORE INTO tags (name) VALUES ('mist');
INSERT INTO photo_tags (photo_idx, tag_id) VALUES ((SELECT photo_idx FROM photos WHERE photo_id = 2958), (SELECT tag_id FROM tags WHERE name = 'mist'));
INSERT OR IGNORE INTO tags (name) VALUES ('snow');
INSERT INTO photo_tags (photo_idx, tag_id) VALUES ((SELECT photo_idx FROM photos WHERE photo_id = 2958), (SELECT tag_id FROM tags WHERE name = 'snow'));
INSERT OR IGNORE INTO tags (name) VALUES ('trees');
INSERT INTO photo_tags (photo_idx, tag_id) VALUES ((SELECT photo_idx FROM photos WHERE photo_id = 2958), (SELECT tag_id FROM tags WHERE name = 'trees'));

INSERT INTO photos (photo_id, photo_title, photo_collection, photo_location, photo_year, camera, film_stock, film_format) VALUES (2959, 'Autumn in Colorado', 'Colorado', 'Near Telluride, Colorado', 2005, 'Hasselblad H1', 'PhaseOne P25', '6 x 4.5 cm');
INSERT INTO photos_fts (photo_idx, photo_id, photo_title, photo_collection, photo_location, photo_year, camera, film_stock, film_format, tag_names) VALUES ((SELECT photo_idx FROM photos WHERE photo_id = 2959), 2959, 'Autumn in Colorado', 'Colorado', 'Near Telluride, Colorado', 2005, 'Hasselblad H1', 'PhaseOne P25', '6 x 4.5 cm', 'horizontal,autumn,fall,landscape,color,outdoors,scenic,popular,gray,yellow,white,fog,foliage,forest,mist,snow,trees');
INSERT OR IGNORE INTO tags (name) VALUES ('horizontal');
INSERT INTO photo_tags (photo_idx, tag_id) VALUES ((SELECT photo_idx FROM photos WHERE photo_id = 2959), (SELECT tag_id FROM tags WHERE name = 'horizontal'));
INSERT OR IGNORE INTO tags (name) VALUES ('autumn');
INSERT INTO photo_tags (photo_idx, tag_id) VALUES ((SELECT photo_idx FROM photos WHERE photo_id = 2959), (SELECT tag_id FROM tags WHERE name = 'autumn'));
INSERT OR IGNORE INTO tags (name) VALUES ('fall');
INSERT INTO photo_tags (photo_idx, tag_id) VALUES ((SELECT photo_idx FROM photos WHERE photo_id = 2959), (SELECT tag_id FROM tags WHERE name = 'fall'));
INSERT OR IGNORE INTO tags (name) VALUES ('landscape');
INSERT INTO photo_tags (photo_idx, tag_id) VALUES ((SELECT photo_idx FROM photos WHERE photo_id = 2959), (SELECT tag_id FROM tags WHERE name = 'landscape'));
INSERT OR IGNORE INTO tags (name) VALUES ('color');
INSERT INTO photo_tags (photo_idx, tag_id) VALUES ((SELECT photo_idx FROM photos WHERE photo_id = 2959), (SELECT tag_id FROM tags WHERE name = 'color'));
INSERT OR IGNORE INTO tags (name) VALUES ('outdoors');
INSERT INTO photo_tags (photo_idx, tag_id) VALUES ((SELECT photo_idx FROM photos WHERE photo_id = 2959), (SELECT tag_id FROM tags WHERE name = 'outdoors'));
INSERT OR IGNORE INTO tags (name) VALUES ('scenic');
INSERT INTO photo_tags (photo_idx, tag_id) VALUES ((SELECT photo_idx FROM photos WHERE photo_id = 2959), (SELECT tag_id FROM tags WHERE name = 'scenic'));
INSERT OR IGNORE INTO tags (name) VALUES ('popular');
INSERT INTO photo_tags (photo_idx, tag_id) VALUES ((SELECT photo_idx FROM photos WHERE photo_id = 2959), (SELECT tag_id FROM tags WHERE name = 'popular'));
INSERT OR IGNORE INTO tags (name) VALUES ('gray');
INSERT INTO photo_tags (photo_idx, tag_id) VALUES ((SELECT photo_idx FROM photos WHERE photo_id = 2959), (SELECT tag_id FROM tags WHERE name = 'gray'));
INSERT OR IGNORE INTO tags (name) VALUES ('yellow');
INSERT INTO photo_tags (photo_idx, tag_id) VALUES ((SELECT photo_idx FROM photos WHERE photo_id = 2959), (SELECT tag_id FROM tags WHERE name = 'yellow'));
INSERT OR IGNORE INTO tags (name) VALUES ('white');
INSERT INTO photo_tags (photo_idx, tag_id) VALUES ((SELECT photo_idx FROM photos WHERE photo_id = 2959), (SELECT tag_id FROM tags WHERE name = 'white'));
INSERT OR IGNORE INTO tags (name) VALUES ('fog');
INSERT INTO photo_tags (photo_idx, tag_id) VALUES ((SELECT photo_idx FROM photos WHERE photo_id = 2959), (SELECT tag_id FROM tags WHERE name = 'fog'));
INSERT OR IGNORE INTO tags (name) VALUES ('foliage');
INSERT INTO photo_tags (photo_idx, tag_id) VALUES ((SELECT photo_idx FROM photos WHERE photo_id = 2959), (SELECT tag_id FROM tags WHERE name = 'foliage'));
INSERT OR IGNORE INTO tags (name) VALUES ('forest');
INSERT INTO photo_tags (photo_idx, tag_id) VALUES ((SELECT photo_idx FROM photos WHERE photo_id = 2959), (SELECT tag_id FROM tags WHERE name = 'forest'));
INSERT OR IGNORE INTO tags (name) VALUES ('mist');
INSERT INTO photo_tags (photo_idx, tag_id) VALUES ((SELECT photo_idx FROM photos WHERE photo_id = 2959), (SELECT tag_id FROM tags WHERE name = 'mist'));
INSERT OR IGNORE INTO tags (name) VALUES ('snow');
INSERT INTO photo_tags (photo_idx, tag_id) VALUES ((SELECT photo_idx FROM photos WHERE photo_id = 2959), (SELECT tag_id FROM tags WHERE name = 'snow'));
INSERT OR IGNORE INTO tags (name) VALUES ('trees');
INSERT INTO photo_tags (photo_idx, tag_id) VALUES ((SELECT photo_idx FROM photos WHERE photo_id = 2959), (SELECT tag_id FROM tags WHERE name = 'trees'));

INSERT INTO photos (photo_id, photo_title, photo_collection, photo_location, photo_year, camera, film_stock, film_format) VALUES (2960, 'Autumn in Colorado', 'Colorado', 'Near Telluride, Colorado', 2005, 'Hasselblad H1', 'PhaseOne P25', '6 x 4.5 cm');
INSERT INTO photos_fts (photo_idx, photo_id, photo_title, photo_collection, photo_location, photo_year, camera, film_stock, film_format, tag_names) VALUES ((SELECT photo_idx FROM photos WHERE photo_id = 2960), 2960, 'Autumn in Colorado', 'Colorado', 'Near Telluride, Colorado', 2005, 'Hasselblad H1', 'PhaseOne P25', '6 x 4.5 cm', 'horizontal,autumn,fall,landscape,color,outdoors,scenic,yellow,aspen,foliage,forest,trees');
INSERT OR IGNORE INTO tags (name) VALUES ('horizontal');
INSERT INTO photo_tags (photo_idx, tag_id) VALUES ((SELECT photo_idx FROM photos WHERE photo_id = 2960), (SELECT tag_id FROM tags WHERE name = 'horizontal'));
INSERT OR IGNORE INTO tags (name) VALUES ('autumn');
INSERT INTO photo_tags (photo_idx, tag_id) VALUES ((SELECT photo_idx FROM photos WHERE photo_id = 2960), (SELECT tag_id FROM tags WHERE name = 'autumn'));
INSERT OR IGNORE INTO tags (name) VALUES ('fall');
INSERT INTO photo_tags (photo_idx, tag_id) VALUES ((SELECT photo_idx FROM photos WHERE photo_id = 2960), (SELECT tag_id FROM tags WHERE name = 'fall'));
INSERT OR IGNORE INTO tags (name) VALUES ('landscape');
INSERT INTO photo_tags (photo_idx, tag_id) VALUES ((SELECT photo_idx FROM photos WHERE photo_id = 2960), (SELECT tag_id FROM tags WHERE name = 'landscape'));
INSERT OR IGNORE INTO tags (name) VALUES ('color');
INSERT INTO photo_tags (photo_idx, tag_id) VALUES ((SELECT photo_idx FROM photos WHERE photo_id = 2960), (SELECT tag_id FROM tags WHERE name = 'color'));
INSERT OR IGNORE INTO tags (name) VALUES ('outdoors');
INSERT INTO photo_tags (photo_idx, tag_id) VALUES ((SELECT photo_idx FROM photos WHERE photo_id = 2960), (SELECT tag_id FROM tags WHERE name = 'outdoors'));
INSERT OR IGNORE INTO tags (name) VALUES ('scenic');
INSERT INTO photo_tags (photo_idx, tag_id) VALUES ((SELECT photo_idx FROM photos WHERE photo_id = 2960), (SELECT tag_id FROM tags WHERE name = 'scenic'));
INSERT OR IGNORE INTO tags (name) VALUES ('yellow');
INSERT INTO photo_tags (photo_idx, tag_id) VALUES ((SELECT photo_idx FROM photos WHERE photo_id = 2960), (SELECT tag_id FROM tags WHERE name = 'yellow'));
INSERT OR IGNORE INTO tags (name) VALUES ('aspen');
INSERT INTO photo_tags (photo_idx, tag_id) VALUES ((SELECT photo_idx FROM photos WHERE photo_id = 2960), (SELECT tag_id FROM tags WHERE name = 'aspen'));
INSERT OR IGNORE INTO tags (name) VALUES ('foliage');
INSERT INTO photo_tags (photo_idx, tag_id) VALUES ((SELECT photo_idx FROM photos WHERE photo_id = 2960), (SELECT tag_id FROM tags WHERE name = 'foliage'));
INSERT OR IGNORE INTO tags (name) VALUES ('forest');
INSERT INTO photo_tags (photo_idx, tag_id) VALUES ((SELECT photo_idx FROM photos WHERE photo_id = 2960), (SELECT tag_id FROM tags WHERE name = 'forest'));
INSERT OR IGNORE INTO tags (name) VALUES ('trees');
INSERT INTO photo_tags (photo_idx, tag_id) VALUES ((SELECT photo_idx FROM photos WHERE photo_id = 2960), (SELECT tag_id FROM tags WHERE name = 'trees'));

INSERT INTO photos (photo_id, photo_title, photo_collection, photo_location, photo_year, camera, film_stock, film_format) VALUES (2961, 'Autumn in Colorado', 'Colorado', 'Near Telluride, Colorado', 2005, 'Hasselblad H1', 'PhaseOne P25', '6 x 4.5 cm');
INSERT INTO photos_fts (photo_idx, photo_id, photo_title, photo_collection, photo_location, photo_year, camera, film_stock, film_format, tag_names) VALUES ((SELECT photo_idx FROM photos WHERE photo_id = 2961), 2961, 'Autumn in Colorado', 'Colorado', 'Near Telluride, Colorado', 2005, 'Hasselblad H1', 'PhaseOne P25', '6 x 4.5 cm', 'vertical,autumn,fall,landscape,color,outdoors,scenic,yellow,aspen,foliage,forest,trees');
INSERT OR IGNORE INTO tags (name) VALUES ('vertical');
INSERT INTO photo_tags (photo_idx, tag_id) VALUES ((SELECT photo_idx FROM photos WHERE photo_id = 2961), (SELECT tag_id FROM tags WHERE name = 'vertical'));
INSERT OR IGNORE INTO tags (name) VALUES ('autumn');
INSERT INTO photo_tags (photo_idx, tag_id) VALUES ((SELECT photo_idx FROM photos WHERE photo_id = 2961), (SELECT tag_id FROM tags WHERE name = 'autumn'));
INSERT OR IGNORE INTO tags (name) VALUES ('fall');
INSERT INTO photo_tags (photo_idx, tag_id) VALUES ((SELECT photo_idx FROM photos WHERE photo_id = 2961), (SELECT tag_id FROM tags WHERE name = 'fall'));
INSERT OR IGNORE INTO tags (name) VALUES ('landscape');
INSERT INTO photo_tags (photo_idx, tag_id) VALUES ((SELECT photo_idx FROM photos WHERE photo_id = 2961), (SELECT tag_id FROM tags WHERE name = 'landscape'));
INSERT OR IGNORE INTO tags (name) VALUES ('color');
INSERT INTO photo_tags (photo_idx, tag_id) VALUES ((SELECT photo_idx FROM photos WHERE photo_id = 2961), (SELECT tag_id FROM tags WHERE name = 'color'));
INSERT OR IGNORE INTO tags (name) VALUES ('outdoors');
INSERT INTO photo_tags (photo_idx, tag_id) VALUES ((SELECT photo_idx FROM photos WHERE photo_id = 2961), (SELECT tag_id FROM tags WHERE name = 'outdoors'));
INSERT OR IGNORE INTO tags (name) VALUES ('scenic');
INSERT INTO photo_tags (photo_idx, tag_id) VALUES ((SELECT photo_idx FROM photos WHERE photo_id = 2961), (SELECT tag_id FROM tags WHERE name = 'scenic'));
INSERT OR IGNORE INTO tags (name) VALUES ('yellow');
INSERT INTO photo_tags (photo_idx, tag_id) VALUES ((SELECT photo_idx FROM photos WHERE photo_id = 2961), (SELECT tag_id FROM tags WHERE name = 'yellow'));
INSERT OR IGNORE INTO tags (name) VALUES ('aspen');
INSERT INTO photo_tags (photo_idx, tag_id) VALUES ((SELECT photo_idx FROM photos WHERE photo_id = 2961), (SELECT tag_id FROM tags WHERE name = 'aspen'));
INSERT OR IGNORE INTO tags (name) VALUES ('foliage');
INSERT INTO photo_tags (photo_idx, tag_id) VALUES ((SELECT photo_idx FROM photos WHERE photo_id = 2961), (SELECT tag_id FROM tags WHERE name = 'foliage'));
INSERT OR IGNORE INTO tags (name) VALUES ('forest');
INSERT INTO photo_tags (photo_idx, tag_id) VALUES ((SELECT photo_idx FROM photos WHERE photo_id = 2961), (SELECT tag_id FROM tags WHERE name = 'forest'));
INSERT OR IGNORE INTO tags (name) VALUES ('trees');
INSERT INTO photo_tags (photo_idx, tag_id) VALUES ((SELECT photo_idx FROM photos WHERE photo_id = 2961), (SELECT tag_id FROM tags WHERE name = 'trees'));

INSERT INTO photos (photo_id, photo_title, photo_collection, photo_location, photo_year, camera, film_stock, film_format) VALUES (2962, 'Autumn in Colorado', 'Colorado', 'Near Telluride, Colorado', 2005, 'Hasselblad H1', 'PhaseOne P25', '6 x 4.5 cm');
INSERT INTO photos_fts (photo_idx, photo_id, photo_title, photo_collection, photo_location, photo_year, camera, film_stock, film_format, tag_names) VALUES ((SELECT photo_idx FROM photos WHERE photo_id = 2962), 2962, 'Autumn in Colorado', 'Colorado', 'Near Telluride, Colorado', 2005, 'Hasselblad H1', 'PhaseOne P25', '6 x 4.5 cm', 'horizontal,autumn,fall,landscape,color,outdoors,scenic,yellow,aspen,foliage,forest,trees');
INSERT OR IGNORE INTO tags (name) VALUES ('horizontal');
INSERT INTO photo_tags (photo_idx, tag_id) VALUES ((SELECT photo_idx FROM photos WHERE photo_id = 2962), (SELECT tag_id FROM tags WHERE name = 'horizontal'));
INSERT OR IGNORE INTO tags (name) VALUES ('autumn');
INSERT INTO photo_tags (photo_idx, tag_id) VALUES ((SELECT photo_idx FROM photos WHERE photo_id = 2962), (SELECT tag_id FROM tags WHERE name = 'autumn'));
INSERT OR IGNORE INTO tags (name) VALUES ('fall');
INSERT INTO photo_tags (photo_idx, tag_id) VALUES ((SELECT photo_idx FROM photos WHERE photo_id = 2962), (SELECT tag_id FROM tags WHERE name = 'fall'));
INSERT OR IGNORE INTO tags (name) VALUES ('landscape');
INSERT INTO photo_tags (photo_idx, tag_id) VALUES ((SELECT photo_idx FROM photos WHERE photo_id = 2962), (SELECT tag_id FROM tags WHERE name = 'landscape'));
INSERT OR IGNORE INTO tags (name) VALUES ('color');
INSERT INTO photo_tags (photo_idx, tag_id) VALUES ((SELECT photo_idx FROM photos WHERE photo_id = 2962), (SELECT tag_id FROM tags WHERE name = 'color'));
INSERT OR IGNORE INTO tags (name) VALUES ('outdoors');
INSERT INTO photo_tags (photo_idx, tag_id) VALUES ((SELECT photo_idx FROM photos WHERE photo_id = 2962), (SELECT tag_id FROM tags WHERE name = 'outdoors'));
INSERT OR IGNORE INTO tags (name) VALUES ('scenic');
INSERT INTO photo_tags (photo_idx, tag_id) VALUES ((SELECT photo_idx FROM photos WHERE photo_id = 2962), (SELECT tag_id FROM tags WHERE name = 'scenic'));
INSERT OR IGNORE INTO tags (name) VALUES ('yellow');
INSERT INTO photo_tags (photo_idx, tag_id) VALUES ((SELECT photo_idx FROM photos WHERE photo_id = 2962), (SELECT tag_id FROM tags WHERE name = 'yellow'));
INSERT OR IGNORE INTO tags (name) VALUES ('aspen');
INSERT INTO photo_tags (photo_idx, tag_id) VALUES ((SELECT photo_idx FROM photos WHERE photo_id = 2962), (SELECT tag_id FROM tags WHERE name = 'aspen'));
INSERT OR IGNORE INTO tags (name) VALUES ('foliage');
INSERT INTO photo_tags (photo_idx, tag_id) VALUES ((SELECT photo_idx FROM photos WHERE photo_id = 2962), (SELECT tag_id FROM tags WHERE name = 'foliage'));
INSERT OR IGNORE INTO tags (name) VALUES ('forest');
INSERT INTO photo_tags (photo_idx, tag_id) VALUES ((SELECT photo_idx FROM photos WHERE photo_id = 2962), (SELECT tag_id FROM tags WHERE name = 'forest'));
INSERT OR IGNORE INTO tags (name) VALUES ('trees');
INSERT INTO photo_tags (photo_idx, tag_id) VALUES ((SELECT photo_idx FROM photos WHERE photo_id = 2962), (SELECT tag_id FROM tags WHERE name = 'trees'));

INSERT INTO photos (photo_id, photo_title, photo_collection, photo_location, photo_year, camera, film_stock, film_format) VALUES (2963, 'Autumn in Colorado', 'Colorado', 'Near Telluride, Colorado', 2005, 'Hasselblad H1', 'PhaseOne P25', '6 x 4.5 cm');
INSERT INTO photos_fts (photo_idx, photo_id, photo_title, photo_collection, photo_location, photo_year, camera, film_stock, film_format, tag_names) VALUES ((SELECT photo_idx FROM photos WHERE photo_id = 2963), 2963, 'Autumn in Colorado', 'Colorado', 'Near Telluride, Colorado', 2005, 'Hasselblad H1', 'PhaseOne P25', '6 x 4.5 cm', 'horizontal,autumn,fall,landscape,color,outdoors,scenic,popular,yellow,aspen,foliage,forest,trees');
INSERT OR IGNORE INTO tags (name) VALUES ('horizontal');
INSERT INTO photo_tags (photo_idx, tag_id) VALUES ((SELECT photo_idx FROM photos WHERE photo_id = 2963), (SELECT tag_id FROM tags WHERE name = 'horizontal'));
INSERT OR IGNORE INTO tags (name) VALUES ('autumn');
INSERT INTO photo_tags (photo_idx, tag_id) VALUES ((SELECT photo_idx FROM photos WHERE photo_id = 2963), (SELECT tag_id FROM tags WHERE name = 'autumn'));
INSERT OR IGNORE INTO tags (name) VALUES ('fall');
INSERT INTO photo_tags (photo_idx, tag_id) VALUES ((SELECT photo_idx FROM photos WHERE photo_id = 2963), (SELECT tag_id FROM tags WHERE name = 'fall'));
INSERT OR IGNORE INTO tags (name) VALUES ('landscape');
INSERT INTO photo_tags (photo_idx, tag_id) VALUES ((SELECT photo_idx FROM photos WHERE photo_id = 2963), (SELECT tag_id FROM tags WHERE name = 'landscape'));
INSERT OR IGNORE INTO tags (name) VALUES ('color');
INSERT INTO photo_tags (photo_idx, tag_id) VALUES ((SELECT photo_idx FROM photos WHERE photo_id = 2963), (SELECT tag_id FROM tags WHERE name = 'color'));
INSERT OR IGNORE INTO tags (name) VALUES ('outdoors');
INSERT INTO photo_tags (photo_idx, tag_id) VALUES ((SELECT photo_idx FROM photos WHERE photo_id = 2963), (SELECT tag_id FROM tags WHERE name = 'outdoors'));
INSERT OR IGNORE INTO tags (name) VALUES ('scenic');
INSERT INTO photo_tags (photo_idx, tag_id) VALUES ((SELECT photo_idx FROM photos WHERE photo_id = 2963), (SELECT tag_id FROM tags WHERE name = 'scenic'));
INSERT OR IGNORE INTO tags (name) VALUES ('popular');
INSERT INTO photo_tags (photo_idx, tag_id) VALUES ((SELECT photo_idx FROM photos WHERE photo_id = 2963), (SELECT tag_id FROM tags WHERE name = 'popular'));
INSERT OR IGNORE INTO tags (name) VALUES ('yellow');
INSERT INTO photo_tags (photo_idx, tag_id) VALUES ((SELECT photo_idx FROM photos WHERE photo_id = 2963), (SELECT tag_id FROM tags WHERE name = 'yellow'));
INSERT OR IGNORE INTO tags (name) VALUES ('aspen');
INSERT INTO photo_tags (photo_idx, tag_id) VALUES ((SELECT photo_idx FROM photos WHERE photo_id = 2963), (SELECT tag_id FROM tags WHERE name = 'aspen'));
INSERT OR IGNORE INTO tags (name) VALUES ('foliage');
INSERT INTO photo_tags (photo_idx, tag_id) VALUES ((SELECT photo_idx FROM photos WHERE photo_id = 2963), (SELECT tag_id FROM tags WHERE name = 'foliage'));
INSERT OR IGNORE INTO tags (name) VALUES ('forest');
INSERT INTO photo_tags (photo_idx, tag_id) VALUES ((SELECT photo_idx FROM photos WHERE photo_id = 2963), (SELECT tag_id FROM tags WHERE name = 'forest'));
INSERT OR IGNORE INTO tags (name) VALUES ('trees');
INSERT INTO photo_tags (photo_idx, tag_id) VALUES ((SELECT photo_idx FROM photos WHERE photo_id = 2963), (SELECT tag_id FROM tags WHERE name = 'trees'));

INSERT INTO photos (photo_id, photo_title, photo_collection, photo_location, photo_year, camera, film_stock, film_format) VALUES (2964, 'Autumn in Colorado', 'Colorado', 'Colorado', 2005, 'Hasselblad H1', 'PhaseOne P25', '6 x 4.5 cm');
INSERT INTO photos_fts (photo_idx, photo_id, photo_title, photo_collection, photo_location, photo_year, camera, film_stock, film_format, tag_names) VALUES ((SELECT photo_idx FROM photos WHERE photo_id = 2964), 2964, 'Autumn in Colorado', 'Colorado', 'Colorado', 2005, 'Hasselblad H1', 'PhaseOne P25', '6 x 4.5 cm', 'horizontal,autumn,fall,landscape,color,outdoors,scenic,yellow,aspen,foliage,forest,trees');
INSERT OR IGNORE INTO tags (name) VALUES ('horizontal');
INSERT INTO photo_tags (photo_idx, tag_id) VALUES ((SELECT photo_idx FROM photos WHERE photo_id = 2964), (SELECT tag_id FROM tags WHERE name = 'horizontal'));
INSERT OR IGNORE INTO tags (name) VALUES ('autumn');
INSERT INTO photo_tags (photo_idx, tag_id) VALUES ((SELECT photo_idx FROM photos WHERE photo_id = 2964), (SELECT tag_id FROM tags WHERE name = 'autumn'));
INSERT OR IGNORE INTO tags (name) VALUES ('fall');
INSERT INTO photo_tags (photo_idx, tag_id) VALUES ((SELECT photo_idx FROM photos WHERE photo_id = 2964), (SELECT tag_id FROM tags WHERE name = 'fall'));
INSERT OR IGNORE INTO tags (name) VALUES ('landscape');
INSERT INTO photo_tags (photo_idx, tag_id) VALUES ((SELECT photo_idx FROM photos WHERE photo_id = 2964), (SELECT tag_id FROM tags WHERE name = 'landscape'));
INSERT OR IGNORE INTO tags (name) VALUES ('color');
INSERT INTO photo_tags (photo_idx, tag_id) VALUES ((SELECT photo_idx FROM photos WHERE photo_id = 2964), (SELECT tag_id FROM tags WHERE name = 'color'));
INSERT OR IGNORE INTO tags (name) VALUES ('outdoors');
INSERT INTO photo_tags (photo_idx, tag_id) VALUES ((SELECT photo_idx FROM photos WHERE photo_id = 2964), (SELECT tag_id FROM tags WHERE name = 'outdoors'));
INSERT OR IGNORE INTO tags (name) VALUES ('scenic');
INSERT INTO photo_tags (photo_idx, tag_id) VALUES ((SELECT photo_idx FROM photos WHERE photo_id = 2964), (SELECT tag_id FROM tags WHERE name = 'scenic'));
INSERT OR IGNORE INTO tags (name) VALUES ('yellow');
INSERT INTO photo_tags (photo_idx, tag_id) VALUES ((SELECT photo_idx FROM photos WHERE photo_id = 2964), (SELECT tag_id FROM tags WHERE name = 'yellow'));
INSERT OR IGNORE INTO tags (name) VALUES ('aspen');
INSERT INTO photo_tags (photo_idx, tag_id) VALUES ((SELECT photo_idx FROM photos WHERE photo_id = 2964), (SELECT tag_id FROM tags WHERE name = 'aspen'));
INSERT OR IGNORE INTO tags (name) VALUES ('foliage');
INSERT INTO photo_tags (photo_idx, tag_id) VALUES ((SELECT photo_idx FROM photos WHERE photo_id = 2964), (SELECT tag_id FROM tags WHERE name = 'foliage'));
INSERT OR IGNORE INTO tags (name) VALUES ('forest');
INSERT INTO photo_tags (photo_idx, tag_id) VALUES ((SELECT photo_idx FROM photos WHERE photo_id = 2964), (SELECT tag_id FROM tags WHERE name = 'forest'));
INSERT OR IGNORE INTO tags (name) VALUES ('trees');
INSERT INTO photo_tags (photo_idx, tag_id) VALUES ((SELECT photo_idx FROM photos WHERE photo_id = 2964), (SELECT tag_id FROM tags WHERE name = 'trees'));

INSERT INTO photos (photo_id, photo_title, photo_collection, photo_location, photo_year, camera, film_stock, film_format) VALUES (2965, 'Autumn in Colorado', 'Colorado', 'Colorado', 2005, 'Hasselblad H1', 'PhaseOne P25', '6 x 4.5 cm');
INSERT INTO photos_fts (photo_idx, photo_id, photo_title, photo_collection, photo_location, photo_year, camera, film_stock, film_format, tag_names) VALUES ((SELECT photo_idx FROM photos WHERE photo_id = 2965), 2965, 'Autumn in Colorado', 'Colorado', 'Colorado', 2005, 'Hasselblad H1', 'PhaseOne P25', '6 x 4.5 cm', 'horizontal,autumn,fall,landscape,color,outdoors,scenic,blue,white,clouds,sky');
INSERT OR IGNORE INTO tags (name) VALUES ('horizontal');
INSERT INTO photo_tags (photo_idx, tag_id) VALUES ((SELECT photo_idx FROM photos WHERE photo_id = 2965), (SELECT tag_id FROM tags WHERE name = 'horizontal'));
INSERT OR IGNORE INTO tags (name) VALUES ('autumn');
INSERT INTO photo_tags (photo_idx, tag_id) VALUES ((SELECT photo_idx FROM photos WHERE photo_id = 2965), (SELECT tag_id FROM tags WHERE name = 'autumn'));
INSERT OR IGNORE INTO tags (name) VALUES ('fall');
INSERT INTO photo_tags (photo_idx, tag_id) VALUES ((SELECT photo_idx FROM photos WHERE photo_id = 2965), (SELECT tag_id FROM tags WHERE name = 'fall'));
INSERT OR IGNORE INTO tags (name) VALUES ('landscape');
INSERT INTO photo_tags (photo_idx, tag_id) VALUES ((SELECT photo_idx FROM photos WHERE photo_id = 2965), (SELECT tag_id FROM tags WHERE name = 'landscape'));
INSERT OR IGNORE INTO tags (name) VALUES ('color');
INSERT INTO photo_tags (photo_idx, tag_id) VALUES ((SELECT photo_idx FROM photos WHERE photo_id = 2965), (SELECT tag_id FROM tags WHERE name = 'color'));
INSERT OR IGNORE INTO tags (name) VALUES ('outdoors');
INSERT INTO photo_tags (photo_idx, tag_id) VALUES ((SELECT photo_idx FROM photos WHERE photo_id = 2965), (SELECT tag_id FROM tags WHERE name = 'outdoors'));
INSERT OR IGNORE INTO tags (name) VALUES ('scenic');
INSERT INTO photo_tags (photo_idx, tag_id) VALUES ((SELECT photo_idx FROM photos WHERE photo_id = 2965), (SELECT tag_id FROM tags WHERE name = 'scenic'));
INSERT OR IGNORE INTO tags (name) VALUES ('blue');
INSERT INTO photo_tags (photo_idx, tag_id) VALUES ((SELECT photo_idx FROM photos WHERE photo_id = 2965), (SELECT tag_id FROM tags WHERE name = 'blue'));
INSERT OR IGNORE INTO tags (name) VALUES ('white');
INSERT INTO photo_tags (photo_idx, tag_id) VALUES ((SELECT photo_idx FROM photos WHERE photo_id = 2965), (SELECT tag_id FROM tags WHERE name = 'white'));
INSERT OR IGNORE INTO tags (name) VALUES ('clouds');
INSERT INTO photo_tags (photo_idx, tag_id) VALUES ((SELECT photo_idx FROM photos WHERE photo_id = 2965), (SELECT tag_id FROM tags WHERE name = 'clouds'));
INSERT OR IGNORE INTO tags (name) VALUES ('sky');
INSERT INTO photo_tags (photo_idx, tag_id) VALUES ((SELECT photo_idx FROM photos WHERE photo_id = 2965), (SELECT tag_id FROM tags WHERE name = 'sky'));

INSERT INTO photos (photo_id, photo_title, photo_collection, photo_location, photo_year, camera, film_stock, film_format) VALUES (3001, 'Pietersite', 'Rocks', 'Outjo District, Kunene Region, Namibia', 2006, 'BetterLight', 'BetterLight Super6K-2', '72 x 96 mm');
INSERT INTO photos_fts (photo_idx, photo_id, photo_title, photo_collection, photo_location, photo_year, camera, film_stock, film_format, tag_names) VALUES ((SELECT photo_idx FROM photos WHERE photo_id = 3001), 3001, 'Pietersite', 'Rocks', 'Outjo District, Kunene Region, Namibia', 2006, 'BetterLight', 'BetterLight Super6K-2', '72 x 96 mm', 'horizontal,abstract,closeup,color,studio,yellow,rock');
INSERT OR IGNORE INTO tags (name) VALUES ('horizontal');
INSERT INTO photo_tags (photo_idx, tag_id) VALUES ((SELECT photo_idx FROM photos WHERE photo_id = 3001), (SELECT tag_id FROM tags WHERE name = 'horizontal'));
INSERT OR IGNORE INTO tags (name) VALUES ('abstract');
INSERT INTO photo_tags (photo_idx, tag_id) VALUES ((SELECT photo_idx FROM photos WHERE photo_id = 3001), (SELECT tag_id FROM tags WHERE name = 'abstract'));
INSERT OR IGNORE INTO tags (name) VALUES ('closeup');
INSERT INTO photo_tags (photo_idx, tag_id) VALUES ((SELECT photo_idx FROM photos WHERE photo_id = 3001), (SELECT tag_id FROM tags WHERE name = 'closeup'));
INSERT OR IGNORE INTO tags (name) VALUES ('color');
INSERT INTO photo_tags (photo_idx, tag_id) VALUES ((SELECT photo_idx FROM photos WHERE photo_id = 3001), (SELECT tag_id FROM tags WHERE name = 'color'));
INSERT OR IGNORE INTO tags (name) VALUES ('studio');
INSERT INTO photo_tags (photo_idx, tag_id) VALUES ((SELECT photo_idx FROM photos WHERE photo_id = 3001), (SELECT tag_id FROM tags WHERE name = 'studio'));
INSERT OR IGNORE INTO tags (name) VALUES ('yellow');
INSERT INTO photo_tags (photo_idx, tag_id) VALUES ((SELECT photo_idx FROM photos WHERE photo_id = 3001), (SELECT tag_id FROM tags WHERE name = 'yellow'));
INSERT OR IGNORE INTO tags (name) VALUES ('rock');
INSERT INTO photo_tags (photo_idx, tag_id) VALUES ((SELECT photo_idx FROM photos WHERE photo_id = 3001), (SELECT tag_id FROM tags WHERE name = 'rock'));

INSERT INTO photos (photo_id, photo_title, photo_collection, photo_location, photo_year, camera, film_stock, film_format) VALUES (3002, 'Pietersite', 'Rocks', 'Outjo District, Kunene Region, Namibia', 2006, 'BetterLight', 'BetterLight Super6K-2', '72 x 96 mm');
INSERT INTO photos_fts (photo_idx, photo_id, photo_title, photo_collection, photo_location, photo_year, camera, film_stock, film_format, tag_names) VALUES ((SELECT photo_idx FROM photos WHERE photo_id = 3002), 3002, 'Pietersite', 'Rocks', 'Outjo District, Kunene Region, Namibia', 2006, 'BetterLight', 'BetterLight Super6K-2', '72 x 96 mm', 'horizontal,abstract,closeup,color,studio,black,yellow,rock');
INSERT OR IGNORE INTO tags (name) VALUES ('horizontal');
INSERT INTO photo_tags (photo_idx, tag_id) VALUES ((SELECT photo_idx FROM photos WHERE photo_id = 3002), (SELECT tag_id FROM tags WHERE name = 'horizontal'));
INSERT OR IGNORE INTO tags (name) VALUES ('abstract');
INSERT INTO photo_tags (photo_idx, tag_id) VALUES ((SELECT photo_idx FROM photos WHERE photo_id = 3002), (SELECT tag_id FROM tags WHERE name = 'abstract'));
INSERT OR IGNORE INTO tags (name) VALUES ('closeup');
INSERT INTO photo_tags (photo_idx, tag_id) VALUES ((SELECT photo_idx FROM photos WHERE photo_id = 3002), (SELECT tag_id FROM tags WHERE name = 'closeup'));
INSERT OR IGNORE INTO tags (name) VALUES ('color');
INSERT INTO photo_tags (photo_idx, tag_id) VALUES ((SELECT photo_idx FROM photos WHERE photo_id = 3002), (SELECT tag_id FROM tags WHERE name = 'color'));
INSERT OR IGNORE INTO tags (name) VALUES ('studio');
INSERT INTO photo_tags (photo_idx, tag_id) VALUES ((SELECT photo_idx FROM photos WHERE photo_id = 3002), (SELECT tag_id FROM tags WHERE name = 'studio'));
INSERT OR IGNORE INTO tags (name) VALUES ('black');
INSERT INTO photo_tags (photo_idx, tag_id) VALUES ((SELECT photo_idx FROM photos WHERE photo_id = 3002), (SELECT tag_id FROM tags WHERE name = 'black'));
INSERT OR IGNORE INTO tags (name) VALUES ('yellow');
INSERT INTO photo_tags (photo_idx, tag_id) VALUES ((SELECT photo_idx FROM photos WHERE photo_id = 3002), (SELECT tag_id FROM tags WHERE name = 'yellow'));
INSERT OR IGNORE INTO tags (name) VALUES ('rock');
INSERT INTO photo_tags (photo_idx, tag_id) VALUES ((SELECT photo_idx FROM photos WHERE photo_id = 3002), (SELECT tag_id FROM tags WHERE name = 'rock'));

INSERT INTO photos (photo_id, photo_title, photo_collection, photo_location, photo_year, camera, film_stock, film_format) VALUES (3003, 'Pietersite', 'Rocks', 'Outjo District, Kunene Region, Namibia', 2006, 'BetterLight', 'BetterLight Super6K-2', '72 x 96 mm');
INSERT INTO photos_fts (photo_idx, photo_id, photo_title, photo_collection, photo_location, photo_year, camera, film_stock, film_format, tag_names) VALUES ((SELECT photo_idx FROM photos WHERE photo_id = 3003), 3003, 'Pietersite', 'Rocks', 'Outjo District, Kunene Region, Namibia', 2006, 'BetterLight', 'BetterLight Super6K-2', '72 x 96 mm', 'horizontal,abstract,closeup,color,studio,black,brown,rock');
INSERT OR IGNORE INTO tags (name) VALUES ('horizontal');
INSERT INTO photo_tags (photo_idx, tag_id) VALUES ((SELECT photo_idx FROM photos WHERE photo_id = 3003), (SELECT tag_id FROM tags WHERE name = 'horizontal'));
INSERT OR IGNORE INTO tags (name) VALUES ('abstract');
INSERT INTO photo_tags (photo_idx, tag_id) VALUES ((SELECT photo_idx FROM photos WHERE photo_id = 3003), (SELECT tag_id FROM tags WHERE name = 'abstract'));
INSERT OR IGNORE INTO tags (name) VALUES ('closeup');
INSERT INTO photo_tags (photo_idx, tag_id) VALUES ((SELECT photo_idx FROM photos WHERE photo_id = 3003), (SELECT tag_id FROM tags WHERE name = 'closeup'));
INSERT OR IGNORE INTO tags (name) VALUES ('color');
INSERT INTO photo_tags (photo_idx, tag_id) VALUES ((SELECT photo_idx FROM photos WHERE photo_id = 3003), (SELECT tag_id FROM tags WHERE name = 'color'));
INSERT OR IGNORE INTO tags (name) VALUES ('studio');
INSERT INTO photo_tags (photo_idx, tag_id) VALUES ((SELECT photo_idx FROM photos WHERE photo_id = 3003), (SELECT tag_id FROM tags WHERE name = 'studio'));
INSERT OR IGNORE INTO tags (name) VALUES ('black');
INSERT INTO photo_tags (photo_idx, tag_id) VALUES ((SELECT photo_idx FROM photos WHERE photo_id = 3003), (SELECT tag_id FROM tags WHERE name = 'black'));
INSERT OR IGNORE INTO tags (name) VALUES ('brown');
INSERT INTO photo_tags (photo_idx, tag_id) VALUES ((SELECT photo_idx FROM photos WHERE photo_id = 3003), (SELECT tag_id FROM tags WHERE name = 'brown'));
INSERT OR IGNORE INTO tags (name) VALUES ('rock');
INSERT INTO photo_tags (photo_idx, tag_id) VALUES ((SELECT photo_idx FROM photos WHERE photo_id = 3003), (SELECT tag_id FROM tags WHERE name = 'rock'));

INSERT INTO photos (photo_id, photo_title, photo_collection, photo_location, photo_year, camera, film_stock, film_format) VALUES (3004, 'Picasso Marble', 'Rocks', 'Minersville area, Mineral Mountains, Beaver County, Utah', 2006, 'BetterLight', 'BetterLight Super6K-2', '72 x 96 mm');
INSERT INTO photos_fts (photo_idx, photo_id, photo_title, photo_collection, photo_location, photo_year, camera, film_stock, film_format, tag_names) VALUES ((SELECT photo_idx FROM photos WHERE photo_id = 3004), 3004, 'Picasso Marble', 'Rocks', 'Minersville area, Mineral Mountains, Beaver County, Utah', 2006, 'BetterLight', 'BetterLight Super6K-2', '72 x 96 mm', 'horizontal,abstract,closeup,color,studio,gray,rock');
INSERT OR IGNORE INTO tags (name) VALUES ('horizontal');
INSERT INTO photo_tags (photo_idx, tag_id) VALUES ((SELECT photo_idx FROM photos WHERE photo_id = 3004), (SELECT tag_id FROM tags WHERE name = 'horizontal'));
INSERT OR IGNORE INTO tags (name) VALUES ('abstract');
INSERT INTO photo_tags (photo_idx, tag_id) VALUES ((SELECT photo_idx FROM photos WHERE photo_id = 3004), (SELECT tag_id FROM tags WHERE name = 'abstract'));
INSERT OR IGNORE INTO tags (name) VALUES ('closeup');
INSERT INTO photo_tags (photo_idx, tag_id) VALUES ((SELECT photo_idx FROM photos WHERE photo_id = 3004), (SELECT tag_id FROM tags WHERE name = 'closeup'));
INSERT OR IGNORE INTO tags (name) VALUES ('color');
INSERT INTO photo_tags (photo_idx, tag_id) VALUES ((SELECT photo_idx FROM photos WHERE photo_id = 3004), (SELECT tag_id FROM tags WHERE name = 'color'));
INSERT OR IGNORE INTO tags (name) VALUES ('studio');
INSERT INTO photo_tags (photo_idx, tag_id) VALUES ((SELECT photo_idx FROM photos WHERE photo_id = 3004), (SELECT tag_id FROM tags WHERE name = 'studio'));
INSERT OR IGNORE INTO tags (name) VALUES ('gray');
INSERT INTO photo_tags (photo_idx, tag_id) VALUES ((SELECT photo_idx FROM photos WHERE photo_id = 3004), (SELECT tag_id FROM tags WHERE name = 'gray'));
INSERT OR IGNORE INTO tags (name) VALUES ('rock');
INSERT INTO photo_tags (photo_idx, tag_id) VALUES ((SELECT photo_idx FROM photos WHERE photo_id = 3004), (SELECT tag_id FROM tags WHERE name = 'rock'));

INSERT INTO photos (photo_id, photo_title, photo_collection, photo_location, photo_year, camera, film_stock, film_format) VALUES (3005, 'Chrysocolla', 'Rocks', 'Katanga Copper Belt, Democratic Republic of the Congo', 2006, 'BetterLight', 'BetterLight Super6K-2', '72 x 96 mm');
INSERT INTO photos_fts (photo_idx, photo_id, photo_title, photo_collection, photo_location, photo_year, camera, film_stock, film_format, tag_names) VALUES ((SELECT photo_idx FROM photos WHERE photo_id = 3005), 3005, 'Chrysocolla', 'Rocks', 'Katanga Copper Belt, Democratic Republic of the Congo', 2006, 'BetterLight', 'BetterLight Super6K-2', '72 x 96 mm', 'horizontal,abstract,closeup,color,studio,blue,green,rock');
INSERT OR IGNORE INTO tags (name) VALUES ('horizontal');
INSERT INTO photo_tags (photo_idx, tag_id) VALUES ((SELECT photo_idx FROM photos WHERE photo_id = 3005), (SELECT tag_id FROM tags WHERE name = 'horizontal'));
INSERT OR IGNORE INTO tags (name) VALUES ('abstract');
INSERT INTO photo_tags (photo_idx, tag_id) VALUES ((SELECT photo_idx FROM photos WHERE photo_id = 3005), (SELECT tag_id FROM tags WHERE name = 'abstract'));
INSERT OR IGNORE INTO tags (name) VALUES ('closeup');
INSERT INTO photo_tags (photo_idx, tag_id) VALUES ((SELECT photo_idx FROM photos WHERE photo_id = 3005), (SELECT tag_id FROM tags WHERE name = 'closeup'));
INSERT OR IGNORE INTO tags (name) VALUES ('color');
INSERT INTO photo_tags (photo_idx, tag_id) VALUES ((SELECT photo_idx FROM photos WHERE photo_id = 3005), (SELECT tag_id FROM tags WHERE name = 'color'));
INSERT OR IGNORE INTO tags (name) VALUES ('studio');
INSERT INTO photo_tags (photo_idx, tag_id) VALUES ((SELECT photo_idx FROM photos WHERE photo_id = 3005), (SELECT tag_id FROM tags WHERE name = 'studio'));
INSERT OR IGNORE INTO tags (name) VALUES ('blue');
INSERT INTO photo_tags (photo_idx, tag_id) VALUES ((SELECT photo_idx FROM photos WHERE photo_id = 3005), (SELECT tag_id FROM tags WHERE name = 'blue'));
INSERT OR IGNORE INTO tags (name) VALUES ('green');
INSERT INTO photo_tags (photo_idx, tag_id) VALUES ((SELECT photo_idx FROM photos WHERE photo_id = 3005), (SELECT tag_id FROM tags WHERE name = 'green'));
INSERT OR IGNORE INTO tags (name) VALUES ('rock');
INSERT INTO photo_tags (photo_idx, tag_id) VALUES ((SELECT photo_idx FROM photos WHERE photo_id = 3005), (SELECT tag_id FROM tags WHERE name = 'rock'));

INSERT INTO photos (photo_id, photo_title, photo_collection, photo_location, photo_year, camera, film_stock, film_format) VALUES (3006, 'Pietersite', 'Rocks', 'Outjo District, Kunene Region, Namibia', 2006, 'BetterLight', 'BetterLight Super6K-2', '72 x 96 mm');
INSERT INTO photos_fts (photo_idx, photo_id, photo_title, photo_collection, photo_location, photo_year, camera, film_stock, film_format, tag_names) VALUES ((SELECT photo_idx FROM photos WHERE photo_id = 3006), 3006, 'Pietersite', 'Rocks', 'Outjo District, Kunene Region, Namibia', 2006, 'BetterLight', 'BetterLight Super6K-2', '72 x 96 mm', 'horizontal,abstract,closeup,color,studio,black,orange,rock');
INSERT OR IGNORE INTO tags (name) VALUES ('horizontal');
INSERT INTO photo_tags (photo_idx, tag_id) VALUES ((SELECT photo_idx FROM photos WHERE photo_id = 3006), (SELECT tag_id FROM tags WHERE name = 'horizontal'));
INSERT OR IGNORE INTO tags (name) VALUES ('abstract');
INSERT INTO photo_tags (photo_idx, tag_id) VALUES ((SELECT photo_idx FROM photos WHERE photo_id = 3006), (SELECT tag_id FROM tags WHERE name = 'abstract'));
INSERT OR IGNORE INTO tags (name) VALUES ('closeup');
INSERT INTO photo_tags (photo_idx, tag_id) VALUES ((SELECT photo_idx FROM photos WHERE photo_id = 3006), (SELECT tag_id FROM tags WHERE name = 'closeup'));
INSERT OR IGNORE INTO tags (name) VALUES ('color');
INSERT INTO photo_tags (photo_idx, tag_id) VALUES ((SELECT photo_idx FROM photos WHERE photo_id = 3006), (SELECT tag_id FROM tags WHERE name = 'color'));
INSERT OR IGNORE INTO tags (name) VALUES ('studio');
INSERT INTO photo_tags (photo_idx, tag_id) VALUES ((SELECT photo_idx FROM photos WHERE photo_id = 3006), (SELECT tag_id FROM tags WHERE name = 'studio'));
INSERT OR IGNORE INTO tags (name) VALUES ('black');
INSERT INTO photo_tags (photo_idx, tag_id) VALUES ((SELECT photo_idx FROM photos WHERE photo_id = 3006), (SELECT tag_id FROM tags WHERE name = 'black'));
INSERT OR IGNORE INTO tags (name) VALUES ('orange');
INSERT INTO photo_tags (photo_idx, tag_id) VALUES ((SELECT photo_idx FROM photos WHERE photo_id = 3006), (SELECT tag_id FROM tags WHERE name = 'orange'));
INSERT OR IGNORE INTO tags (name) VALUES ('rock');
INSERT INTO photo_tags (photo_idx, tag_id) VALUES ((SELECT photo_idx FROM photos WHERE photo_id = 3006), (SELECT tag_id FROM tags WHERE name = 'rock'));

INSERT INTO photos (photo_id, photo_title, photo_collection, photo_location, photo_year, camera, film_stock, film_format) VALUES (3007, 'Pietersite', 'Rocks', 'Outjo District, Kunene Region, Namibia', 2006, 'BetterLight', 'BetterLight Super6K-2', '72 x 96 mm');
INSERT INTO photos_fts (photo_idx, photo_id, photo_title, photo_collection, photo_location, photo_year, camera, film_stock, film_format, tag_names) VALUES ((SELECT photo_idx FROM photos WHERE photo_id = 3007), 3007, 'Pietersite', 'Rocks', 'Outjo District, Kunene Region, Namibia', 2006, 'BetterLight', 'BetterLight Super6K-2', '72 x 96 mm', 'horizontal,abstract,closeup,color,studio,black,blue,yellow,rock');
INSERT OR IGNORE INTO tags (name) VALUES ('horizontal');
INSERT INTO photo_tags (photo_idx, tag_id) VALUES ((SELECT photo_idx FROM photos WHERE photo_id = 3007), (SELECT tag_id FROM tags WHERE name = 'horizontal'));
INSERT OR IGNORE INTO tags (name) VALUES ('abstract');
INSERT INTO photo_tags (photo_idx, tag_id) VALUES ((SELECT photo_idx FROM photos WHERE photo_id = 3007), (SELECT tag_id FROM tags WHERE name = 'abstract'));
INSERT OR IGNORE INTO tags (name) VALUES ('closeup');
INSERT INTO photo_tags (photo_idx, tag_id) VALUES ((SELECT photo_idx FROM photos WHERE photo_id = 3007), (SELECT tag_id FROM tags WHERE name = 'closeup'));
INSERT OR IGNORE INTO tags (name) VALUES ('color');
INSERT INTO photo_tags (photo_idx, tag_id) VALUES ((SELECT photo_idx FROM photos WHERE photo_id = 3007), (SELECT tag_id FROM tags WHERE name = 'color'));
INSERT OR IGNORE INTO tags (name) VALUES ('studio');
INSERT INTO photo_tags (photo_idx, tag_id) VALUES ((SELECT photo_idx FROM photos WHERE photo_id = 3007), (SELECT tag_id FROM tags WHERE name = 'studio'));
INSERT OR IGNORE INTO tags (name) VALUES ('black');
INSERT INTO photo_tags (photo_idx, tag_id) VALUES ((SELECT photo_idx FROM photos WHERE photo_id = 3007), (SELECT tag_id FROM tags WHERE name = 'black'));
INSERT OR IGNORE INTO tags (name) VALUES ('blue');
INSERT INTO photo_tags (photo_idx, tag_id) VALUES ((SELECT photo_idx FROM photos WHERE photo_id = 3007), (SELECT tag_id FROM tags WHERE name = 'blue'));
INSERT OR IGNORE INTO tags (name) VALUES ('yellow');
INSERT INTO photo_tags (photo_idx, tag_id) VALUES ((SELECT photo_idx FROM photos WHERE photo_id = 3007), (SELECT tag_id FROM tags WHERE name = 'yellow'));
INSERT OR IGNORE INTO tags (name) VALUES ('rock');
INSERT INTO photo_tags (photo_idx, tag_id) VALUES ((SELECT photo_idx FROM photos WHERE photo_id = 3007), (SELECT tag_id FROM tags WHERE name = 'rock'));

INSERT INTO photos (photo_id, photo_title, photo_collection, photo_location, photo_year, camera, film_stock, film_format) VALUES (3008, 'Pietersite', 'Rocks', 'Outjo District, Kunene Region, Namibia', 2006, 'BetterLight', 'BetterLight Super6K-2', '72 x 96 mm');
INSERT INTO photos_fts (photo_idx, photo_id, photo_title, photo_collection, photo_location, photo_year, camera, film_stock, film_format, tag_names) VALUES ((SELECT photo_idx FROM photos WHERE photo_id = 3008), 3008, 'Pietersite', 'Rocks', 'Outjo District, Kunene Region, Namibia', 2006, 'BetterLight', 'BetterLight Super6K-2', '72 x 96 mm', 'vertical,abstract,closeup,color,studio,orange,blue,black,rock');
INSERT OR IGNORE INTO tags (name) VALUES ('vertical');
INSERT INTO photo_tags (photo_idx, tag_id) VALUES ((SELECT photo_idx FROM photos WHERE photo_id = 3008), (SELECT tag_id FROM tags WHERE name = 'vertical'));
INSERT OR IGNORE INTO tags (name) VALUES ('abstract');
INSERT INTO photo_tags (photo_idx, tag_id) VALUES ((SELECT photo_idx FROM photos WHERE photo_id = 3008), (SELECT tag_id FROM tags WHERE name = 'abstract'));
INSERT OR IGNORE INTO tags (name) VALUES ('closeup');
INSERT INTO photo_tags (photo_idx, tag_id) VALUES ((SELECT photo_idx FROM photos WHERE photo_id = 3008), (SELECT tag_id FROM tags WHERE name = 'closeup'));
INSERT OR IGNORE INTO tags (name) VALUES ('color');
INSERT INTO photo_tags (photo_idx, tag_id) VALUES ((SELECT photo_idx FROM photos WHERE photo_id = 3008), (SELECT tag_id FROM tags WHERE name = 'color'));
INSERT OR IGNORE INTO tags (name) VALUES ('studio');
INSERT INTO photo_tags (photo_idx, tag_id) VALUES ((SELECT photo_idx FROM photos WHERE photo_id = 3008), (SELECT tag_id FROM tags WHERE name = 'studio'));
INSERT OR IGNORE INTO tags (name) VALUES ('orange');
INSERT INTO photo_tags (photo_idx, tag_id) VALUES ((SELECT photo_idx FROM photos WHERE photo_id = 3008), (SELECT tag_id FROM tags WHERE name = 'orange'));
INSERT OR IGNORE INTO tags (name) VALUES ('blue');
INSERT INTO photo_tags (photo_idx, tag_id) VALUES ((SELECT photo_idx FROM photos WHERE photo_id = 3008), (SELECT tag_id FROM tags WHERE name = 'blue'));
INSERT OR IGNORE INTO tags (name) VALUES ('black');
INSERT INTO photo_tags (photo_idx, tag_id) VALUES ((SELECT photo_idx FROM photos WHERE photo_id = 3008), (SELECT tag_id FROM tags WHERE name = 'black'));
INSERT OR IGNORE INTO tags (name) VALUES ('rock');
INSERT INTO photo_tags (photo_idx, tag_id) VALUES ((SELECT photo_idx FROM photos WHERE photo_id = 3008), (SELECT tag_id FROM tags WHERE name = 'rock'));

INSERT INTO photos (photo_id, photo_title, photo_collection, photo_location, photo_year, camera, film_stock, film_format) VALUES (3009, 'Chrysocolla', 'Rocks', 'Katanga Copper Belt, Democratic Republic of the Congo', 2006, 'BetterLight', 'BetterLight Super6K-2', '72 x 96 mm');
INSERT INTO photos_fts (photo_idx, photo_id, photo_title, photo_collection, photo_location, photo_year, camera, film_stock, film_format, tag_names) VALUES ((SELECT photo_idx FROM photos WHERE photo_id = 3009), 3009, 'Chrysocolla', 'Rocks', 'Katanga Copper Belt, Democratic Republic of the Congo', 2006, 'BetterLight', 'BetterLight Super6K-2', '72 x 96 mm', 'horizontal,abstract,closeup,color,blue,green,rock');
INSERT OR IGNORE INTO tags (name) VALUES ('horizontal');
INSERT INTO photo_tags (photo_idx, tag_id) VALUES ((SELECT photo_idx FROM photos WHERE photo_id = 3009), (SELECT tag_id FROM tags WHERE name = 'horizontal'));
INSERT OR IGNORE INTO tags (name) VALUES ('abstract');
INSERT INTO photo_tags (photo_idx, tag_id) VALUES ((SELECT photo_idx FROM photos WHERE photo_id = 3009), (SELECT tag_id FROM tags WHERE name = 'abstract'));
INSERT OR IGNORE INTO tags (name) VALUES ('closeup');
INSERT INTO photo_tags (photo_idx, tag_id) VALUES ((SELECT photo_idx FROM photos WHERE photo_id = 3009), (SELECT tag_id FROM tags WHERE name = 'closeup'));
INSERT OR IGNORE INTO tags (name) VALUES ('color');
INSERT INTO photo_tags (photo_idx, tag_id) VALUES ((SELECT photo_idx FROM photos WHERE photo_id = 3009), (SELECT tag_id FROM tags WHERE name = 'color'));
INSERT OR IGNORE INTO tags (name) VALUES ('blue');
INSERT INTO photo_tags (photo_idx, tag_id) VALUES ((SELECT photo_idx FROM photos WHERE photo_id = 3009), (SELECT tag_id FROM tags WHERE name = 'blue'));
INSERT OR IGNORE INTO tags (name) VALUES ('green');
INSERT INTO photo_tags (photo_idx, tag_id) VALUES ((SELECT photo_idx FROM photos WHERE photo_id = 3009), (SELECT tag_id FROM tags WHERE name = 'green'));
INSERT OR IGNORE INTO tags (name) VALUES ('rock');
INSERT INTO photo_tags (photo_idx, tag_id) VALUES ((SELECT photo_idx FROM photos WHERE photo_id = 3009), (SELECT tag_id FROM tags WHERE name = 'rock'));

INSERT INTO photos (photo_id, photo_title, photo_collection, photo_location, photo_year, camera, film_stock, film_format) VALUES (3010, 'Marra Mamba Tiger''s-Eye', 'Rocks', 'Mount Brockman Station, Hamersley Ranges, Western Australia', 2006, 'BetterLight', 'BetterLight Super6K-2', '72 x 96 mm');
INSERT INTO photos_fts (photo_idx, photo_id, photo_title, photo_collection, photo_location, photo_year, camera, film_stock, film_format, tag_names) VALUES ((SELECT photo_idx FROM photos WHERE photo_id = 3010), 3010, 'Marra Mamba Tiger''s-Eye', 'Rocks', 'Mount Brockman Station, Hamersley Ranges, Western Australia', 2006, 'BetterLight', 'BetterLight Super6K-2', '72 x 96 mm', 'horizontal,abstract,closeup,color,yellow,gold,rock');
INSERT OR IGNORE INTO tags (name) VALUES ('horizontal');
INSERT INTO photo_tags (photo_idx, tag_id) VALUES ((SELECT photo_idx FROM photos WHERE photo_id = 3010), (SELECT tag_id FROM tags WHERE name = 'horizontal'));
INSERT OR IGNORE INTO tags (name) VALUES ('abstract');
INSERT INTO photo_tags (photo_idx, tag_id) VALUES ((SELECT photo_idx FROM photos WHERE photo_id = 3010), (SELECT tag_id FROM tags WHERE name = 'abstract'));
INSERT OR IGNORE INTO tags (name) VALUES ('closeup');
INSERT INTO photo_tags (photo_idx, tag_id) VALUES ((SELECT photo_idx FROM photos WHERE photo_id = 3010), (SELECT tag_id FROM tags WHERE name = 'closeup'));
INSERT OR IGNORE INTO tags (name) VALUES ('color');
INSERT INTO photo_tags (photo_idx, tag_id) VALUES ((SELECT photo_idx FROM photos WHERE photo_id = 3010), (SELECT tag_id FROM tags WHERE name = 'color'));
INSERT OR IGNORE INTO tags (name) VALUES ('yellow');
INSERT INTO photo_tags (photo_idx, tag_id) VALUES ((SELECT photo_idx FROM photos WHERE photo_id = 3010), (SELECT tag_id FROM tags WHERE name = 'yellow'));
INSERT OR IGNORE INTO tags (name) VALUES ('gold');
INSERT INTO photo_tags (photo_idx, tag_id) VALUES ((SELECT photo_idx FROM photos WHERE photo_id = 3010), (SELECT tag_id FROM tags WHERE name = 'gold'));
INSERT OR IGNORE INTO tags (name) VALUES ('rock');
INSERT INTO photo_tags (photo_idx, tag_id) VALUES ((SELECT photo_idx FROM photos WHERE photo_id = 3010), (SELECT tag_id FROM tags WHERE name = 'rock'));

INSERT INTO photos (photo_id, photo_title, photo_collection, photo_location, photo_year, camera, film_stock, film_format) VALUES (3401, 'Transparent Iceberg', 'Antarctica', 'Neko Harbor, Antarctica', 2007, 'Hasselblad H1', 'PhaseOne P45', '6 x 4.5 cm');
INSERT INTO photos_fts (photo_idx, photo_id, photo_title, photo_collection, photo_location, photo_year, camera, film_stock, film_format, tag_names) VALUES ((SELECT photo_idx FROM photos WHERE photo_id = 3401), 3401, 'Transparent Iceberg', 'Antarctica', 'Neko Harbor, Antarctica', 2007, 'Hasselblad H1', 'PhaseOne P45', '6 x 4.5 cm', 'horizontal,winter,color,landscape,outdoors,scenic,blue,white,snow,iceberg,water,sky,ocean');
INSERT OR IGNORE INTO tags (name) VALUES ('horizontal');
INSERT INTO photo_tags (photo_idx, tag_id) VALUES ((SELECT photo_idx FROM photos WHERE photo_id = 3401), (SELECT tag_id FROM tags WHERE name = 'horizontal'));
INSERT OR IGNORE INTO tags (name) VALUES ('winter');
INSERT INTO photo_tags (photo_idx, tag_id) VALUES ((SELECT photo_idx FROM photos WHERE photo_id = 3401), (SELECT tag_id FROM tags WHERE name = 'winter'));
INSERT OR IGNORE INTO tags (name) VALUES ('color');
INSERT INTO photo_tags (photo_idx, tag_id) VALUES ((SELECT photo_idx FROM photos WHERE photo_id = 3401), (SELECT tag_id FROM tags WHERE name = 'color'));
INSERT OR IGNORE INTO tags (name) VALUES ('landscape');
INSERT INTO photo_tags (photo_idx, tag_id) VALUES ((SELECT photo_idx FROM photos WHERE photo_id = 3401), (SELECT tag_id FROM tags WHERE name = 'landscape'));
INSERT OR IGNORE INTO tags (name) VALUES ('outdoors');
INSERT INTO photo_tags (photo_idx, tag_id) VALUES ((SELECT photo_idx FROM photos WHERE photo_id = 3401), (SELECT tag_id FROM tags WHERE name = 'outdoors'));
INSERT OR IGNORE INTO tags (name) VALUES ('scenic');
INSERT INTO photo_tags (photo_idx, tag_id) VALUES ((SELECT photo_idx FROM photos WHERE photo_id = 3401), (SELECT tag_id FROM tags WHERE name = 'scenic'));
INSERT OR IGNORE INTO tags (name) VALUES ('blue');
INSERT INTO photo_tags (photo_idx, tag_id) VALUES ((SELECT photo_idx FROM photos WHERE photo_id = 3401), (SELECT tag_id FROM tags WHERE name = 'blue'));
INSERT OR IGNORE INTO tags (name) VALUES ('white');
INSERT INTO photo_tags (photo_idx, tag_id) VALUES ((SELECT photo_idx FROM photos WHERE photo_id = 3401), (SELECT tag_id FROM tags WHERE name = 'white'));
INSERT OR IGNORE INTO tags (name) VALUES ('snow');
INSERT INTO photo_tags (photo_idx, tag_id) VALUES ((SELECT photo_idx FROM photos WHERE photo_id = 3401), (SELECT tag_id FROM tags WHERE name = 'snow'));
INSERT OR IGNORE INTO tags (name) VALUES ('iceberg');
INSERT INTO photo_tags (photo_idx, tag_id) VALUES ((SELECT photo_idx FROM photos WHERE photo_id = 3401), (SELECT tag_id FROM tags WHERE name = 'iceberg'));
INSERT OR IGNORE INTO tags (name) VALUES ('water');
INSERT INTO photo_tags (photo_idx, tag_id) VALUES ((SELECT photo_idx FROM photos WHERE photo_id = 3401), (SELECT tag_id FROM tags WHERE name = 'water'));
INSERT OR IGNORE INTO tags (name) VALUES ('sky');
INSERT INTO photo_tags (photo_idx, tag_id) VALUES ((SELECT photo_idx FROM photos WHERE photo_id = 3401), (SELECT tag_id FROM tags WHERE name = 'sky'));
INSERT OR IGNORE INTO tags (name) VALUES ('ocean');
INSERT INTO photo_tags (photo_idx, tag_id) VALUES ((SELECT photo_idx FROM photos WHERE photo_id = 3401), (SELECT tag_id FROM tags WHERE name = 'ocean'));

INSERT INTO photos (photo_id, photo_title, photo_collection, photo_location, photo_year, camera, film_stock, film_format) VALUES (3402, 'Paradise Bay', 'Antarctica', 'Paradise Bay, Antarctica', 2007, 'Hasselblad H1', 'PhaseOne P45', '6 x 4.5 cm');
INSERT INTO photos_fts (photo_idx, photo_id, photo_title, photo_collection, photo_location, photo_year, camera, film_stock, film_format, tag_names) VALUES ((SELECT photo_idx FROM photos WHERE photo_id = 3402), 3402, 'Paradise Bay', 'Antarctica', 'Paradise Bay, Antarctica', 2007, 'Hasselblad H1', 'PhaseOne P45', '6 x 4.5 cm', 'horizontal,winter,color,landscape,outdoors,scenic,blue,white,snow,iceberg,water,sky,ocean');
INSERT OR IGNORE INTO tags (name) VALUES ('horizontal');
INSERT INTO photo_tags (photo_idx, tag_id) VALUES ((SELECT photo_idx FROM photos WHERE photo_id = 3402), (SELECT tag_id FROM tags WHERE name = 'horizontal'));
INSERT OR IGNORE INTO tags (name) VALUES ('winter');
INSERT INTO photo_tags (photo_idx, tag_id) VALUES ((SELECT photo_idx FROM photos WHERE photo_id = 3402), (SELECT tag_id FROM tags WHERE name = 'winter'));
INSERT OR IGNORE INTO tags (name) VALUES ('color');
INSERT INTO photo_tags (photo_idx, tag_id) VALUES ((SELECT photo_idx FROM photos WHERE photo_id = 3402), (SELECT tag_id FROM tags WHERE name = 'color'));
INSERT OR IGNORE INTO tags (name) VALUES ('landscape');
INSERT INTO photo_tags (photo_idx, tag_id) VALUES ((SELECT photo_idx FROM photos WHERE photo_id = 3402), (SELECT tag_id FROM tags WHERE name = 'landscape'));
INSERT OR IGNORE INTO tags (name) VALUES ('outdoors');
INSERT INTO photo_tags (photo_idx, tag_id) VALUES ((SELECT photo_idx FROM photos WHERE photo_id = 3402), (SELECT tag_id FROM tags WHERE name = 'outdoors'));
INSERT OR IGNORE INTO tags (name) VALUES ('scenic');
INSERT INTO photo_tags (photo_idx, tag_id) VALUES ((SELECT photo_idx FROM photos WHERE photo_id = 3402), (SELECT tag_id FROM tags WHERE name = 'scenic'));
INSERT OR IGNORE INTO tags (name) VALUES ('blue');
INSERT INTO photo_tags (photo_idx, tag_id) VALUES ((SELECT photo_idx FROM photos WHERE photo_id = 3402), (SELECT tag_id FROM tags WHERE name = 'blue'));
INSERT OR IGNORE INTO tags (name) VALUES ('white');
INSERT INTO photo_tags (photo_idx, tag_id) VALUES ((SELECT photo_idx FROM photos WHERE photo_id = 3402), (SELECT tag_id FROM tags WHERE name = 'white'));
INSERT OR IGNORE INTO tags (name) VALUES ('snow');
INSERT INTO photo_tags (photo_idx, tag_id) VALUES ((SELECT photo_idx FROM photos WHERE photo_id = 3402), (SELECT tag_id FROM tags WHERE name = 'snow'));
INSERT OR IGNORE INTO tags (name) VALUES ('iceberg');
INSERT INTO photo_tags (photo_idx, tag_id) VALUES ((SELECT photo_idx FROM photos WHERE photo_id = 3402), (SELECT tag_id FROM tags WHERE name = 'iceberg'));
INSERT OR IGNORE INTO tags (name) VALUES ('water');
INSERT INTO photo_tags (photo_idx, tag_id) VALUES ((SELECT photo_idx FROM photos WHERE photo_id = 3402), (SELECT tag_id FROM tags WHERE name = 'water'));
INSERT OR IGNORE INTO tags (name) VALUES ('sky');
INSERT INTO photo_tags (photo_idx, tag_id) VALUES ((SELECT photo_idx FROM photos WHERE photo_id = 3402), (SELECT tag_id FROM tags WHERE name = 'sky'));
INSERT OR IGNORE INTO tags (name) VALUES ('ocean');
INSERT INTO photo_tags (photo_idx, tag_id) VALUES ((SELECT photo_idx FROM photos WHERE photo_id = 3402), (SELECT tag_id FROM tags WHERE name = 'ocean'));

INSERT INTO photos (photo_id, photo_title, photo_collection, photo_location, photo_year, camera, film_stock, film_format) VALUES (3403, 'Blue Iceberg', 'Antarctica', 'Iceberg Graveyard, Pleneau Bay, Antarctica', 2007, 'Hasselblad H1', 'PhaseOne P45', '6 x 4.5 cm');
INSERT INTO photos_fts (photo_idx, photo_id, photo_title, photo_collection, photo_location, photo_year, camera, film_stock, film_format, tag_names) VALUES ((SELECT photo_idx FROM photos WHERE photo_id = 3403), 3403, 'Blue Iceberg', 'Antarctica', 'Iceberg Graveyard, Pleneau Bay, Antarctica', 2007, 'Hasselblad H1', 'PhaseOne P45', '6 x 4.5 cm', 'horizontal,winter,color,landscape,outdoors,scenic,blue,gray,white,snow,iceberg,water,sky,ocean');
INSERT OR IGNORE INTO tags (name) VALUES ('horizontal');
INSERT INTO photo_tags (photo_idx, tag_id) VALUES ((SELECT photo_idx FROM photos WHERE photo_id = 3403), (SELECT tag_id FROM tags WHERE name = 'horizontal'));
INSERT OR IGNORE INTO tags (name) VALUES ('winter');
INSERT INTO photo_tags (photo_idx, tag_id) VALUES ((SELECT photo_idx FROM photos WHERE photo_id = 3403), (SELECT tag_id FROM tags WHERE name = 'winter'));
INSERT OR IGNORE INTO tags (name) VALUES ('color');
INSERT INTO photo_tags (photo_idx, tag_id) VALUES ((SELECT photo_idx FROM photos WHERE photo_id = 3403), (SELECT tag_id FROM tags WHERE name = 'color'));
INSERT OR IGNORE INTO tags (name) VALUES ('landscape');
INSERT INTO photo_tags (photo_idx, tag_id) VALUES ((SELECT photo_idx FROM photos WHERE photo_id = 3403), (SELECT tag_id FROM tags WHERE name = 'landscape'));
INSERT OR IGNORE INTO tags (name) VALUES ('outdoors');
INSERT INTO photo_tags (photo_idx, tag_id) VALUES ((SELECT photo_idx FROM photos WHERE photo_id = 3403), (SELECT tag_id FROM tags WHERE name = 'outdoors'));
INSERT OR IGNORE INTO tags (name) VALUES ('scenic');
INSERT INTO photo_tags (photo_idx, tag_id) VALUES ((SELECT photo_idx FROM photos WHERE photo_id = 3403), (SELECT tag_id FROM tags WHERE name = 'scenic'));
INSERT OR IGNORE INTO tags (name) VALUES ('blue');
INSERT INTO photo_tags (photo_idx, tag_id) VALUES ((SELECT photo_idx FROM photos WHERE photo_id = 3403), (SELECT tag_id FROM tags WHERE name = 'blue'));
INSERT OR IGNORE INTO tags (name) VALUES ('gray');
INSERT INTO photo_tags (photo_idx, tag_id) VALUES ((SELECT photo_idx FROM photos WHERE photo_id = 3403), (SELECT tag_id FROM tags WHERE name = 'gray'));
INSERT OR IGNORE INTO tags (name) VALUES ('white');
INSERT INTO photo_tags (photo_idx, tag_id) VALUES ((SELECT photo_idx FROM photos WHERE photo_id = 3403), (SELECT tag_id FROM tags WHERE name = 'white'));
INSERT OR IGNORE INTO tags (name) VALUES ('snow');
INSERT INTO photo_tags (photo_idx, tag_id) VALUES ((SELECT photo_idx FROM photos WHERE photo_id = 3403), (SELECT tag_id FROM tags WHERE name = 'snow'));
INSERT OR IGNORE INTO tags (name) VALUES ('iceberg');
INSERT INTO photo_tags (photo_idx, tag_id) VALUES ((SELECT photo_idx FROM photos WHERE photo_id = 3403), (SELECT tag_id FROM tags WHERE name = 'iceberg'));
INSERT OR IGNORE INTO tags (name) VALUES ('water');
INSERT INTO photo_tags (photo_idx, tag_id) VALUES ((SELECT photo_idx FROM photos WHERE photo_id = 3403), (SELECT tag_id FROM tags WHERE name = 'water'));
INSERT OR IGNORE INTO tags (name) VALUES ('sky');
INSERT INTO photo_tags (photo_idx, tag_id) VALUES ((SELECT photo_idx FROM photos WHERE photo_id = 3403), (SELECT tag_id FROM tags WHERE name = 'sky'));
INSERT OR IGNORE INTO tags (name) VALUES ('ocean');
INSERT INTO photo_tags (photo_idx, tag_id) VALUES ((SELECT photo_idx FROM photos WHERE photo_id = 3403), (SELECT tag_id FROM tags WHERE name = 'ocean'));

INSERT INTO photos (photo_id, photo_title, photo_collection, photo_location, photo_year, camera, film_stock, film_format) VALUES (3404, 'Rounded Iceberg', 'Antarctica', 'Iceberg Graveyard, Pleneau Bay, Antarctica', 2007, 'Hasselblad H1', 'PhaseOne P45', '6 x 4.5 cm');
INSERT INTO photos_fts (photo_idx, photo_id, photo_title, photo_collection, photo_location, photo_year, camera, film_stock, film_format, tag_names) VALUES ((SELECT photo_idx FROM photos WHERE photo_id = 3404), 3404, 'Rounded Iceberg', 'Antarctica', 'Iceberg Graveyard, Pleneau Bay, Antarctica', 2007, 'Hasselblad H1', 'PhaseOne P45', '6 x 4.5 cm', 'horizontal,winter,color,landscape,outdoors,scenic,blue,gray,white,snow,iceberg,water,sky,ocean');
INSERT OR IGNORE INTO tags (name) VALUES ('horizontal');
INSERT INTO photo_tags (photo_idx, tag_id) VALUES ((SELECT photo_idx FROM photos WHERE photo_id = 3404), (SELECT tag_id FROM tags WHERE name = 'horizontal'));
INSERT OR IGNORE INTO tags (name) VALUES ('winter');
INSERT INTO photo_tags (photo_idx, tag_id) VALUES ((SELECT photo_idx FROM photos WHERE photo_id = 3404), (SELECT tag_id FROM tags WHERE name = 'winter'));
INSERT OR IGNORE INTO tags (name) VALUES ('color');
INSERT INTO photo_tags (photo_idx, tag_id) VALUES ((SELECT photo_idx FROM photos WHERE photo_id = 3404), (SELECT tag_id FROM tags WHERE name = 'color'));
INSERT OR IGNORE INTO tags (name) VALUES ('landscape');
INSERT INTO photo_tags (photo_idx, tag_id) VALUES ((SELECT photo_idx FROM photos WHERE photo_id = 3404), (SELECT tag_id FROM tags WHERE name = 'landscape'));
INSERT OR IGNORE INTO tags (name) VALUES ('outdoors');
INSERT INTO photo_tags (photo_idx, tag_id) VALUES ((SELECT photo_idx FROM photos WHERE photo_id = 3404), (SELECT tag_id FROM tags WHERE name = 'outdoors'));
INSERT OR IGNORE INTO tags (name) VALUES ('scenic');
INSERT INTO photo_tags (photo_idx, tag_id) VALUES ((SELECT photo_idx FROM photos WHERE photo_id = 3404), (SELECT tag_id FROM tags WHERE name = 'scenic'));
INSERT OR IGNORE INTO tags (name) VALUES ('blue');
INSERT INTO photo_tags (photo_idx, tag_id) VALUES ((SELECT photo_idx FROM photos WHERE photo_id = 3404), (SELECT tag_id FROM tags WHERE name = 'blue'));
INSERT OR IGNORE INTO tags (name) VALUES ('gray');
INSERT INTO photo_tags (photo_idx, tag_id) VALUES ((SELECT photo_idx FROM photos WHERE photo_id = 3404), (SELECT tag_id FROM tags WHERE name = 'gray'));
INSERT OR IGNORE INTO tags (name) VALUES ('white');
INSERT INTO photo_tags (photo_idx, tag_id) VALUES ((SELECT photo_idx FROM photos WHERE photo_id = 3404), (SELECT tag_id FROM tags WHERE name = 'white'));
INSERT OR IGNORE INTO tags (name) VALUES ('snow');
INSERT INTO photo_tags (photo_idx, tag_id) VALUES ((SELECT photo_idx FROM photos WHERE photo_id = 3404), (SELECT tag_id FROM tags WHERE name = 'snow'));
INSERT OR IGNORE INTO tags (name) VALUES ('iceberg');
INSERT INTO photo_tags (photo_idx, tag_id) VALUES ((SELECT photo_idx FROM photos WHERE photo_id = 3404), (SELECT tag_id FROM tags WHERE name = 'iceberg'));
INSERT OR IGNORE INTO tags (name) VALUES ('water');
INSERT INTO photo_tags (photo_idx, tag_id) VALUES ((SELECT photo_idx FROM photos WHERE photo_id = 3404), (SELECT tag_id FROM tags WHERE name = 'water'));
INSERT OR IGNORE INTO tags (name) VALUES ('sky');
INSERT INTO photo_tags (photo_idx, tag_id) VALUES ((SELECT photo_idx FROM photos WHERE photo_id = 3404), (SELECT tag_id FROM tags WHERE name = 'sky'));
INSERT OR IGNORE INTO tags (name) VALUES ('ocean');
INSERT INTO photo_tags (photo_idx, tag_id) VALUES ((SELECT photo_idx FROM photos WHERE photo_id = 3404), (SELECT tag_id FROM tags WHERE name = 'ocean'));

INSERT INTO photos (photo_id, photo_title, photo_collection, photo_location, photo_year, camera, film_stock, film_format) VALUES (3405, 'Sculptured Iceberg', 'Antarctica', 'Iceberg Graveyard, Pleneau Bay, Antarctica', 2007, 'Hasselblad H1', 'PhaseOne P45', '6 x 4.5 cm');
INSERT INTO photos_fts (photo_idx, photo_id, photo_title, photo_collection, photo_location, photo_year, camera, film_stock, film_format, tag_names) VALUES ((SELECT photo_idx FROM photos WHERE photo_id = 3405), 3405, 'Sculptured Iceberg', 'Antarctica', 'Iceberg Graveyard, Pleneau Bay, Antarctica', 2007, 'Hasselblad H1', 'PhaseOne P45', '6 x 4.5 cm', 'horizontal,winter,color,landscape,outdoors,scenic,black,blue,gray,white,snow,iceberg,water,sky,ocean');
INSERT OR IGNORE INTO tags (name) VALUES ('horizontal');
INSERT INTO photo_tags (photo_idx, tag_id) VALUES ((SELECT photo_idx FROM photos WHERE photo_id = 3405), (SELECT tag_id FROM tags WHERE name = 'horizontal'));
INSERT OR IGNORE INTO tags (name) VALUES ('winter');
INSERT INTO photo_tags (photo_idx, tag_id) VALUES ((SELECT photo_idx FROM photos WHERE photo_id = 3405), (SELECT tag_id FROM tags WHERE name = 'winter'));
INSERT OR IGNORE INTO tags (name) VALUES ('color');
INSERT INTO photo_tags (photo_idx, tag_id) VALUES ((SELECT photo_idx FROM photos WHERE photo_id = 3405), (SELECT tag_id FROM tags WHERE name = 'color'));
INSERT OR IGNORE INTO tags (name) VALUES ('landscape');
INSERT INTO photo_tags (photo_idx, tag_id) VALUES ((SELECT photo_idx FROM photos WHERE photo_id = 3405), (SELECT tag_id FROM tags WHERE name = 'landscape'));
INSERT OR IGNORE INTO tags (name) VALUES ('outdoors');
INSERT INTO photo_tags (photo_idx, tag_id) VALUES ((SELECT photo_idx FROM photos WHERE photo_id = 3405), (SELECT tag_id FROM tags WHERE name = 'outdoors'));
INSERT OR IGNORE INTO tags (name) VALUES ('scenic');
INSERT INTO photo_tags (photo_idx, tag_id) VALUES ((SELECT photo_idx FROM photos WHERE photo_id = 3405), (SELECT tag_id FROM tags WHERE name = 'scenic'));
INSERT OR IGNORE INTO tags (name) VALUES ('black');
INSERT INTO photo_tags (photo_idx, tag_id) VALUES ((SELECT photo_idx FROM photos WHERE photo_id = 3405), (SELECT tag_id FROM tags WHERE name = 'black'));
INSERT OR IGNORE INTO tags (name) VALUES ('blue');
INSERT INTO photo_tags (photo_idx, tag_id) VALUES ((SELECT photo_idx FROM photos WHERE photo_id = 3405), (SELECT tag_id FROM tags WHERE name = 'blue'));
INSERT OR IGNORE INTO tags (name) VALUES ('gray');
INSERT INTO photo_tags (photo_idx, tag_id) VALUES ((SELECT photo_idx FROM photos WHERE photo_id = 3405), (SELECT tag_id FROM tags WHERE name = 'gray'));
INSERT OR IGNORE INTO tags (name) VALUES ('white');
INSERT INTO photo_tags (photo_idx, tag_id) VALUES ((SELECT photo_idx FROM photos WHERE photo_id = 3405), (SELECT tag_id FROM tags WHERE name = 'white'));
INSERT OR IGNORE INTO tags (name) VALUES ('snow');
INSERT INTO photo_tags (photo_idx, tag_id) VALUES ((SELECT photo_idx FROM photos WHERE photo_id = 3405), (SELECT tag_id FROM tags WHERE name = 'snow'));
INSERT OR IGNORE INTO tags (name) VALUES ('iceberg');
INSERT INTO photo_tags (photo_idx, tag_id) VALUES ((SELECT photo_idx FROM photos WHERE photo_id = 3405), (SELECT tag_id FROM tags WHERE name = 'iceberg'));
INSERT OR IGNORE INTO tags (name) VALUES ('water');
INSERT INTO photo_tags (photo_idx, tag_id) VALUES ((SELECT photo_idx FROM photos WHERE photo_id = 3405), (SELECT tag_id FROM tags WHERE name = 'water'));
INSERT OR IGNORE INTO tags (name) VALUES ('sky');
INSERT INTO photo_tags (photo_idx, tag_id) VALUES ((SELECT photo_idx FROM photos WHERE photo_id = 3405), (SELECT tag_id FROM tags WHERE name = 'sky'));
INSERT OR IGNORE INTO tags (name) VALUES ('ocean');
INSERT INTO photo_tags (photo_idx, tag_id) VALUES ((SELECT photo_idx FROM photos WHERE photo_id = 3405), (SELECT tag_id FROM tags WHERE name = 'ocean'));

INSERT INTO photos (photo_id, photo_title, photo_collection, photo_location, photo_year, camera, film_stock, film_format) VALUES (3406, 'Iceberg Arch and Columns', 'Antarctica', 'Iceberg Graveyard, Pleneau Bay, Antarctica', 2007, 'Hasselblad H1', 'PhaseOne P45', '6 x 4.5 cm');
INSERT INTO photos_fts (photo_idx, photo_id, photo_title, photo_collection, photo_location, photo_year, camera, film_stock, film_format, tag_names) VALUES ((SELECT photo_idx FROM photos WHERE photo_id = 3406), 3406, 'Iceberg Arch and Columns', 'Antarctica', 'Iceberg Graveyard, Pleneau Bay, Antarctica', 2007, 'Hasselblad H1', 'PhaseOne P45', '6 x 4.5 cm', 'horizontal,winter,color,landscape,outdoors,scenic,blue,white,snow,iceberg,water,sky,ocean');
INSERT OR IGNORE INTO tags (name) VALUES ('horizontal');
INSERT INTO photo_tags (photo_idx, tag_id) VALUES ((SELECT photo_idx FROM photos WHERE photo_id = 3406), (SELECT tag_id FROM tags WHERE name = 'horizontal'));
INSERT OR IGNORE INTO tags (name) VALUES ('winter');
INSERT INTO photo_tags (photo_idx, tag_id) VALUES ((SELECT photo_idx FROM photos WHERE photo_id = 3406), (SELECT tag_id FROM tags WHERE name = 'winter'));
INSERT OR IGNORE INTO tags (name) VALUES ('color');
INSERT INTO photo_tags (photo_idx, tag_id) VALUES ((SELECT photo_idx FROM photos WHERE photo_id = 3406), (SELECT tag_id FROM tags WHERE name = 'color'));
INSERT OR IGNORE INTO tags (name) VALUES ('landscape');
INSERT INTO photo_tags (photo_idx, tag_id) VALUES ((SELECT photo_idx FROM photos WHERE photo_id = 3406), (SELECT tag_id FROM tags WHERE name = 'landscape'));
INSERT OR IGNORE INTO tags (name) VALUES ('outdoors');
INSERT INTO photo_tags (photo_idx, tag_id) VALUES ((SELECT photo_idx FROM photos WHERE photo_id = 3406), (SELECT tag_id FROM tags WHERE name = 'outdoors'));
INSERT OR IGNORE INTO tags (name) VALUES ('scenic');
INSERT INTO photo_tags (photo_idx, tag_id) VALUES ((SELECT photo_idx FROM photos WHERE photo_id = 3406), (SELECT tag_id FROM tags WHERE name = 'scenic'));
INSERT OR IGNORE INTO tags (name) VALUES ('blue');
INSERT INTO photo_tags (photo_idx, tag_id) VALUES ((SELECT photo_idx FROM photos WHERE photo_id = 3406), (SELECT tag_id FROM tags WHERE name = 'blue'));
INSERT OR IGNORE INTO tags (name) VALUES ('white');
INSERT INTO photo_tags (photo_idx, tag_id) VALUES ((SELECT photo_idx FROM photos WHERE photo_id = 3406), (SELECT tag_id FROM tags WHERE name = 'white'));
INSERT OR IGNORE INTO tags (name) VALUES ('snow');
INSERT INTO photo_tags (photo_idx, tag_id) VALUES ((SELECT photo_idx FROM photos WHERE photo_id = 3406), (SELECT tag_id FROM tags WHERE name = 'snow'));
INSERT OR IGNORE INTO tags (name) VALUES ('iceberg');
INSERT INTO photo_tags (photo_idx, tag_id) VALUES ((SELECT photo_idx FROM photos WHERE photo_id = 3406), (SELECT tag_id FROM tags WHERE name = 'iceberg'));
INSERT OR IGNORE INTO tags (name) VALUES ('water');
INSERT INTO photo_tags (photo_idx, tag_id) VALUES ((SELECT photo_idx FROM photos WHERE photo_id = 3406), (SELECT tag_id FROM tags WHERE name = 'water'));
INSERT OR IGNORE INTO tags (name) VALUES ('sky');
INSERT INTO photo_tags (photo_idx, tag_id) VALUES ((SELECT photo_idx FROM photos WHERE photo_id = 3406), (SELECT tag_id FROM tags WHERE name = 'sky'));
INSERT OR IGNORE INTO tags (name) VALUES ('ocean');
INSERT INTO photo_tags (photo_idx, tag_id) VALUES ((SELECT photo_idx FROM photos WHERE photo_id = 3406), (SELECT tag_id FROM tags WHERE name = 'ocean'));

INSERT INTO photos (photo_id, photo_title, photo_collection, photo_location, photo_year, camera, film_stock, film_format) VALUES (3407, 'Iceberg Columns Detail', 'Antarctica', 'Iceberg Graveyard, Pleneau Bay, Antarctica', 2007, 'Hasselblad H1', 'PhaseOne P45', '6 x 4.5 cm');
INSERT INTO photos_fts (photo_idx, photo_id, photo_title, photo_collection, photo_location, photo_year, camera, film_stock, film_format, tag_names) VALUES ((SELECT photo_idx FROM photos WHERE photo_id = 3407), 3407, 'Iceberg Columns Detail', 'Antarctica', 'Iceberg Graveyard, Pleneau Bay, Antarctica', 2007, 'Hasselblad H1', 'PhaseOne P45', '6 x 4.5 cm', 'horizontal,winter,color,landscape,outdoors,scenic,blue,white,snow,iceberg,water,sky,ocean');
INSERT OR IGNORE INTO tags (name) VALUES ('horizontal');
INSERT INTO photo_tags (photo_idx, tag_id) VALUES ((SELECT photo_idx FROM photos WHERE photo_id = 3407), (SELECT tag_id FROM tags WHERE name = 'horizontal'));
INSERT OR IGNORE INTO tags (name) VALUES ('winter');
INSERT INTO photo_tags (photo_idx, tag_id) VALUES ((SELECT photo_idx FROM photos WHERE photo_id = 3407), (SELECT tag_id FROM tags WHERE name = 'winter'));
INSERT OR IGNORE INTO tags (name) VALUES ('color');
INSERT INTO photo_tags (photo_idx, tag_id) VALUES ((SELECT photo_idx FROM photos WHERE photo_id = 3407), (SELECT tag_id FROM tags WHERE name = 'color'));
INSERT OR IGNORE INTO tags (name) VALUES ('landscape');
INSERT INTO photo_tags (photo_idx, tag_id) VALUES ((SELECT photo_idx FROM photos WHERE photo_id = 3407), (SELECT tag_id FROM tags WHERE name = 'landscape'));
INSERT OR IGNORE INTO tags (name) VALUES ('outdoors');
INSERT INTO photo_tags (photo_idx, tag_id) VALUES ((SELECT photo_idx FROM photos WHERE photo_id = 3407), (SELECT tag_id FROM tags WHERE name = 'outdoors'));
INSERT OR IGNORE INTO tags (name) VALUES ('scenic');
INSERT INTO photo_tags (photo_idx, tag_id) VALUES ((SELECT photo_idx FROM photos WHERE photo_id = 3407), (SELECT tag_id FROM tags WHERE name = 'scenic'));
INSERT OR IGNORE INTO tags (name) VALUES ('blue');
INSERT INTO photo_tags (photo_idx, tag_id) VALUES ((SELECT photo_idx FROM photos WHERE photo_id = 3407), (SELECT tag_id FROM tags WHERE name = 'blue'));
INSERT OR IGNORE INTO tags (name) VALUES ('white');
INSERT INTO photo_tags (photo_idx, tag_id) VALUES ((SELECT photo_idx FROM photos WHERE photo_id = 3407), (SELECT tag_id FROM tags WHERE name = 'white'));
INSERT OR IGNORE INTO tags (name) VALUES ('snow');
INSERT INTO photo_tags (photo_idx, tag_id) VALUES ((SELECT photo_idx FROM photos WHERE photo_id = 3407), (SELECT tag_id FROM tags WHERE name = 'snow'));
INSERT OR IGNORE INTO tags (name) VALUES ('iceberg');
INSERT INTO photo_tags (photo_idx, tag_id) VALUES ((SELECT photo_idx FROM photos WHERE photo_id = 3407), (SELECT tag_id FROM tags WHERE name = 'iceberg'));
INSERT OR IGNORE INTO tags (name) VALUES ('water');
INSERT INTO photo_tags (photo_idx, tag_id) VALUES ((SELECT photo_idx FROM photos WHERE photo_id = 3407), (SELECT tag_id FROM tags WHERE name = 'water'));
INSERT OR IGNORE INTO tags (name) VALUES ('sky');
INSERT INTO photo_tags (photo_idx, tag_id) VALUES ((SELECT photo_idx FROM photos WHERE photo_id = 3407), (SELECT tag_id FROM tags WHERE name = 'sky'));
INSERT OR IGNORE INTO tags (name) VALUES ('ocean');
INSERT INTO photo_tags (photo_idx, tag_id) VALUES ((SELECT photo_idx FROM photos WHERE photo_id = 3407), (SELECT tag_id FROM tags WHERE name = 'ocean'));

INSERT INTO photos (photo_id, photo_title, photo_collection, photo_location, photo_year, camera, film_stock, film_format) VALUES (3408, 'Iceberg Columns', 'Antarctica', 'Iceberg Graveyard, Pleneau Bay, Antarctica', 2007, 'Hasselblad H1', 'PhaseOne P45', '6 x 4.5 cm');
INSERT INTO photos_fts (photo_idx, photo_id, photo_title, photo_collection, photo_location, photo_year, camera, film_stock, film_format, tag_names) VALUES ((SELECT photo_idx FROM photos WHERE photo_id = 3408), 3408, 'Iceberg Columns', 'Antarctica', 'Iceberg Graveyard, Pleneau Bay, Antarctica', 2007, 'Hasselblad H1', 'PhaseOne P45', '6 x 4.5 cm', 'horizontal,winter,color,landscape,outdoors,scenic,blue,white,snow,iceberg,water,sky,ocean');
INSERT OR IGNORE INTO tags (name) VALUES ('horizontal');
INSERT INTO photo_tags (photo_idx, tag_id) VALUES ((SELECT photo_idx FROM photos WHERE photo_id = 3408), (SELECT tag_id FROM tags WHERE name = 'horizontal'));
INSERT OR IGNORE INTO tags (name) VALUES ('winter');
INSERT INTO photo_tags (photo_idx, tag_id) VALUES ((SELECT photo_idx FROM photos WHERE photo_id = 3408), (SELECT tag_id FROM tags WHERE name = 'winter'));
INSERT OR IGNORE INTO tags (name) VALUES ('color');
INSERT INTO photo_tags (photo_idx, tag_id) VALUES ((SELECT photo_idx FROM photos WHERE photo_id = 3408), (SELECT tag_id FROM tags WHERE name = 'color'));
INSERT OR IGNORE INTO tags (name) VALUES ('landscape');
INSERT INTO photo_tags (photo_idx, tag_id) VALUES ((SELECT photo_idx FROM photos WHERE photo_id = 3408), (SELECT tag_id FROM tags WHERE name = 'landscape'));
INSERT OR IGNORE INTO tags (name) VALUES ('outdoors');
INSERT INTO photo_tags (photo_idx, tag_id) VALUES ((SELECT photo_idx FROM photos WHERE photo_id = 3408), (SELECT tag_id FROM tags WHERE name = 'outdoors'));
INSERT OR IGNORE INTO tags (name) VALUES ('scenic');
INSERT INTO photo_tags (photo_idx, tag_id) VALUES ((SELECT photo_idx FROM photos WHERE photo_id = 3408), (SELECT tag_id FROM tags WHERE name = 'scenic'));
INSERT OR IGNORE INTO tags (name) VALUES ('blue');
INSERT INTO photo_tags (photo_idx, tag_id) VALUES ((SELECT photo_idx FROM photos WHERE photo_id = 3408), (SELECT tag_id FROM tags WHERE name = 'blue'));
INSERT OR IGNORE INTO tags (name) VALUES ('white');
INSERT INTO photo_tags (photo_idx, tag_id) VALUES ((SELECT photo_idx FROM photos WHERE photo_id = 3408), (SELECT tag_id FROM tags WHERE name = 'white'));
INSERT OR IGNORE INTO tags (name) VALUES ('snow');
INSERT INTO photo_tags (photo_idx, tag_id) VALUES ((SELECT photo_idx FROM photos WHERE photo_id = 3408), (SELECT tag_id FROM tags WHERE name = 'snow'));
INSERT OR IGNORE INTO tags (name) VALUES ('iceberg');
INSERT INTO photo_tags (photo_idx, tag_id) VALUES ((SELECT photo_idx FROM photos WHERE photo_id = 3408), (SELECT tag_id FROM tags WHERE name = 'iceberg'));
INSERT OR IGNORE INTO tags (name) VALUES ('water');
INSERT INTO photo_tags (photo_idx, tag_id) VALUES ((SELECT photo_idx FROM photos WHERE photo_id = 3408), (SELECT tag_id FROM tags WHERE name = 'water'));
INSERT OR IGNORE INTO tags (name) VALUES ('sky');
INSERT INTO photo_tags (photo_idx, tag_id) VALUES ((SELECT photo_idx FROM photos WHERE photo_id = 3408), (SELECT tag_id FROM tags WHERE name = 'sky'));
INSERT OR IGNORE INTO tags (name) VALUES ('ocean');
INSERT INTO photo_tags (photo_idx, tag_id) VALUES ((SELECT photo_idx FROM photos WHERE photo_id = 3408), (SELECT tag_id FROM tags WHERE name = 'ocean'));

INSERT INTO photos (photo_id, photo_title, photo_collection, photo_location, photo_year, camera, film_stock, film_format) VALUES (3409, 'Iceberg Cleft', 'Antarctica', 'Iceberg Graveyard, Pleneau Bay, Antarctica', 2007, 'Hasselblad H1', 'PhaseOne P45', '6 x 4.5 cm');
INSERT INTO photos_fts (photo_idx, photo_id, photo_title, photo_collection, photo_location, photo_year, camera, film_stock, film_format, tag_names) VALUES ((SELECT photo_idx FROM photos WHERE photo_id = 3409), 3409, 'Iceberg Cleft', 'Antarctica', 'Iceberg Graveyard, Pleneau Bay, Antarctica', 2007, 'Hasselblad H1', 'PhaseOne P45', '6 x 4.5 cm', 'horizontal,winter,color,landscape,outdoors,scenic,blue,gray,white,snow,iceberg,water,sky,ocean');
INSERT OR IGNORE INTO tags (name) VALUES ('horizontal');
INSERT INTO photo_tags (photo_idx, tag_id) VALUES ((SELECT photo_idx FROM photos WHERE photo_id = 3409), (SELECT tag_id FROM tags WHERE name = 'horizontal'));
INSERT OR IGNORE INTO tags (name) VALUES ('winter');
INSERT INTO photo_tags (photo_idx, tag_id) VALUES ((SELECT photo_idx FROM photos WHERE photo_id = 3409), (SELECT tag_id FROM tags WHERE name = 'winter'));
INSERT OR IGNORE INTO tags (name) VALUES ('color');
INSERT INTO photo_tags (photo_idx, tag_id) VALUES ((SELECT photo_idx FROM photos WHERE photo_id = 3409), (SELECT tag_id FROM tags WHERE name = 'color'));
INSERT OR IGNORE INTO tags (name) VALUES ('landscape');
INSERT INTO photo_tags (photo_idx, tag_id) VALUES ((SELECT photo_idx FROM photos WHERE photo_id = 3409), (SELECT tag_id FROM tags WHERE name = 'landscape'));
INSERT OR IGNORE INTO tags (name) VALUES ('outdoors');
INSERT INTO photo_tags (photo_idx, tag_id) VALUES ((SELECT photo_idx FROM photos WHERE photo_id = 3409), (SELECT tag_id FROM tags WHERE name = 'outdoors'));
INSERT OR IGNORE INTO tags (name) VALUES ('scenic');
INSERT INTO photo_tags (photo_idx, tag_id) VALUES ((SELECT photo_idx FROM photos WHERE photo_id = 3409), (SELECT tag_id FROM tags WHERE name = 'scenic'));
INSERT OR IGNORE INTO tags (name) VALUES ('blue');
INSERT INTO photo_tags (photo_idx, tag_id) VALUES ((SELECT photo_idx FROM photos WHERE photo_id = 3409), (SELECT tag_id FROM tags WHERE name = 'blue'));
INSERT OR IGNORE INTO tags (name) VALUES ('gray');
INSERT INTO photo_tags (photo_idx, tag_id) VALUES ((SELECT photo_idx FROM photos WHERE photo_id = 3409), (SELECT tag_id FROM tags WHERE name = 'gray'));
INSERT OR IGNORE INTO tags (name) VALUES ('white');
INSERT INTO photo_tags (photo_idx, tag_id) VALUES ((SELECT photo_idx FROM photos WHERE photo_id = 3409), (SELECT tag_id FROM tags WHERE name = 'white'));
INSERT OR IGNORE INTO tags (name) VALUES ('snow');
INSERT INTO photo_tags (photo_idx, tag_id) VALUES ((SELECT photo_idx FROM photos WHERE photo_id = 3409), (SELECT tag_id FROM tags WHERE name = 'snow'));
INSERT OR IGNORE INTO tags (name) VALUES ('iceberg');
INSERT INTO photo_tags (photo_idx, tag_id) VALUES ((SELECT photo_idx FROM photos WHERE photo_id = 3409), (SELECT tag_id FROM tags WHERE name = 'iceberg'));
INSERT OR IGNORE INTO tags (name) VALUES ('water');
INSERT INTO photo_tags (photo_idx, tag_id) VALUES ((SELECT photo_idx FROM photos WHERE photo_id = 3409), (SELECT tag_id FROM tags WHERE name = 'water'));
INSERT OR IGNORE INTO tags (name) VALUES ('sky');
INSERT INTO photo_tags (photo_idx, tag_id) VALUES ((SELECT photo_idx FROM photos WHERE photo_id = 3409), (SELECT tag_id FROM tags WHERE name = 'sky'));
INSERT OR IGNORE INTO tags (name) VALUES ('ocean');
INSERT INTO photo_tags (photo_idx, tag_id) VALUES ((SELECT photo_idx FROM photos WHERE photo_id = 3409), (SELECT tag_id FROM tags WHERE name = 'ocean'));

INSERT INTO photos (photo_id, photo_title, photo_collection, photo_location, photo_year, camera, film_stock, film_format) VALUES (3410, 'Iceberg Fortress', 'Antarctica', 'Iceberg Graveyard, Pleneau Bay, Antarctica', 2007, 'Hasselblad H1', 'PhaseOne P45', '6 x 4.5 cm');
INSERT INTO photos_fts (photo_idx, photo_id, photo_title, photo_collection, photo_location, photo_year, camera, film_stock, film_format, tag_names) VALUES ((SELECT photo_idx FROM photos WHERE photo_id = 3410), 3410, 'Iceberg Fortress', 'Antarctica', 'Iceberg Graveyard, Pleneau Bay, Antarctica', 2007, 'Hasselblad H1', 'PhaseOne P45', '6 x 4.5 cm', 'horizontal,winter,color,landscape,outdoors,scenic,blue,white,snow,iceberg,water,ocean');
INSERT OR IGNORE INTO tags (name) VALUES ('horizontal');
INSERT INTO photo_tags (photo_idx, tag_id) VALUES ((SELECT photo_idx FROM photos WHERE photo_id = 3410), (SELECT tag_id FROM tags WHERE name = 'horizontal'));
INSERT OR IGNORE INTO tags (name) VALUES ('winter');
INSERT INTO photo_tags (photo_idx, tag_id) VALUES ((SELECT photo_idx FROM photos WHERE photo_id = 3410), (SELECT tag_id FROM tags WHERE name = 'winter'));
INSERT OR IGNORE INTO tags (name) VALUES ('color');
INSERT INTO photo_tags (photo_idx, tag_id) VALUES ((SELECT photo_idx FROM photos WHERE photo_id = 3410), (SELECT tag_id FROM tags WHERE name = 'color'));
INSERT OR IGNORE INTO tags (name) VALUES ('landscape');
INSERT INTO photo_tags (photo_idx, tag_id) VALUES ((SELECT photo_idx FROM photos WHERE photo_id = 3410), (SELECT tag_id FROM tags WHERE name = 'landscape'));
INSERT OR IGNORE INTO tags (name) VALUES ('outdoors');
INSERT INTO photo_tags (photo_idx, tag_id) VALUES ((SELECT photo_idx FROM photos WHERE photo_id = 3410), (SELECT tag_id FROM tags WHERE name = 'outdoors'));
INSERT OR IGNORE INTO tags (name) VALUES ('scenic');
INSERT INTO photo_tags (photo_idx, tag_id) VALUES ((SELECT photo_idx FROM photos WHERE photo_id = 3410), (SELECT tag_id FROM tags WHERE name = 'scenic'));
INSERT OR IGNORE INTO tags (name) VALUES ('blue');
INSERT INTO photo_tags (photo_idx, tag_id) VALUES ((SELECT photo_idx FROM photos WHERE photo_id = 3410), (SELECT tag_id FROM tags WHERE name = 'blue'));
INSERT OR IGNORE INTO tags (name) VALUES ('white');
INSERT INTO photo_tags (photo_idx, tag_id) VALUES ((SELECT photo_idx FROM photos WHERE photo_id = 3410), (SELECT tag_id FROM tags WHERE name = 'white'));
INSERT OR IGNORE INTO tags (name) VALUES ('snow');
INSERT INTO photo_tags (photo_idx, tag_id) VALUES ((SELECT photo_idx FROM photos WHERE photo_id = 3410), (SELECT tag_id FROM tags WHERE name = 'snow'));
INSERT OR IGNORE INTO tags (name) VALUES ('iceberg');
INSERT INTO photo_tags (photo_idx, tag_id) VALUES ((SELECT photo_idx FROM photos WHERE photo_id = 3410), (SELECT tag_id FROM tags WHERE name = 'iceberg'));
INSERT OR IGNORE INTO tags (name) VALUES ('water');
INSERT INTO photo_tags (photo_idx, tag_id) VALUES ((SELECT photo_idx FROM photos WHERE photo_id = 3410), (SELECT tag_id FROM tags WHERE name = 'water'));
INSERT OR IGNORE INTO tags (name) VALUES ('ocean');
INSERT INTO photo_tags (photo_idx, tag_id) VALUES ((SELECT photo_idx FROM photos WHERE photo_id = 3410), (SELECT tag_id FROM tags WHERE name = 'ocean'));

INSERT INTO photos (photo_id, photo_title, photo_collection, photo_location, photo_year, camera, film_stock, film_format) VALUES (3501, 'Green Wheat and Clouds', 'Washington', 'The Palouse, Washington', 2007, 'Hasselblad H1', 'PhaseOne P45 Plus', '6 x 4.5 cm');
INSERT INTO photos_fts (photo_idx, photo_id, photo_title, photo_collection, photo_location, photo_year, camera, film_stock, film_format, tag_names) VALUES ((SELECT photo_idx FROM photos WHERE photo_id = 3501), 3501, 'Green Wheat and Clouds', 'Washington', 'The Palouse, Washington', 2007, 'Hasselblad H1', 'PhaseOne P45 Plus', '6 x 4.5 cm', 'horizontal,color,landscape,outdoors,scenic,blue,green,white,sky,grass,field');
INSERT OR IGNORE INTO tags (name) VALUES ('horizontal');
INSERT INTO photo_tags (photo_idx, tag_id) VALUES ((SELECT photo_idx FROM photos WHERE photo_id = 3501), (SELECT tag_id FROM tags WHERE name = 'horizontal'));
INSERT OR IGNORE INTO tags (name) VALUES ('color');
INSERT INTO photo_tags (photo_idx, tag_id) VALUES ((SELECT photo_idx FROM photos WHERE photo_id = 3501), (SELECT tag_id FROM tags WHERE name = 'color'));
INSERT OR IGNORE INTO tags (name) VALUES ('landscape');
INSERT INTO photo_tags (photo_idx, tag_id) VALUES ((SELECT photo_idx FROM photos WHERE photo_id = 3501), (SELECT tag_id FROM tags WHERE name = 'landscape'));
INSERT OR IGNORE INTO tags (name) VALUES ('outdoors');
INSERT INTO photo_tags (photo_idx, tag_id) VALUES ((SELECT photo_idx FROM photos WHERE photo_id = 3501), (SELECT tag_id FROM tags WHERE name = 'outdoors'));
INSERT OR IGNORE INTO tags (name) VALUES ('scenic');
INSERT INTO photo_tags (photo_idx, tag_id) VALUES ((SELECT photo_idx FROM photos WHERE photo_id = 3501), (SELECT tag_id FROM tags WHERE name = 'scenic'));
INSERT OR IGNORE INTO tags (name) VALUES ('blue');
INSERT INTO photo_tags (photo_idx, tag_id) VALUES ((SELECT photo_idx FROM photos WHERE photo_id = 3501), (SELECT tag_id FROM tags WHERE name = 'blue'));
INSERT OR IGNORE INTO tags (name) VALUES ('green');
INSERT INTO photo_tags (photo_idx, tag_id) VALUES ((SELECT photo_idx FROM photos WHERE photo_id = 3501), (SELECT tag_id FROM tags WHERE name = 'green'));
INSERT OR IGNORE INTO tags (name) VALUES ('white');
INSERT INTO photo_tags (photo_idx, tag_id) VALUES ((SELECT photo_idx FROM photos WHERE photo_id = 3501), (SELECT tag_id FROM tags WHERE name = 'white'));
INSERT OR IGNORE INTO tags (name) VALUES ('sky');
INSERT INTO photo_tags (photo_idx, tag_id) VALUES ((SELECT photo_idx FROM photos WHERE photo_id = 3501), (SELECT tag_id FROM tags WHERE name = 'sky'));
INSERT OR IGNORE INTO tags (name) VALUES ('grass');
INSERT INTO photo_tags (photo_idx, tag_id) VALUES ((SELECT photo_idx FROM photos WHERE photo_id = 3501), (SELECT tag_id FROM tags WHERE name = 'grass'));
INSERT OR IGNORE INTO tags (name) VALUES ('field');
INSERT INTO photo_tags (photo_idx, tag_id) VALUES ((SELECT photo_idx FROM photos WHERE photo_id = 3501), (SELECT tag_id FROM tags WHERE name = 'field'));

INSERT INTO photos (photo_id, photo_title, photo_collection, photo_location, photo_year, camera, film_stock, film_format) VALUES (3502, 'Trees and Stream', 'Washington', 'Washington', 2007, 'Hasselblad H1', 'PhaseOne P45 Plus', '6 x 4.5 cm');
INSERT INTO photos_fts (photo_idx, photo_id, photo_title, photo_collection, photo_location, photo_year, camera, film_stock, film_format, tag_names) VALUES ((SELECT photo_idx FROM photos WHERE photo_id = 3502), 3502, 'Trees and Stream', 'Washington', 'Washington', 2007, 'Hasselblad H1', 'PhaseOne P45 Plus', '6 x 4.5 cm', 'horizontal,color,landscape,outdoors,scenic,green,white,leaf,leaves,river,stream,water');
INSERT OR IGNORE INTO tags (name) VALUES ('horizontal');
INSERT INTO photo_tags (photo_idx, tag_id) VALUES ((SELECT photo_idx FROM photos WHERE photo_id = 3502), (SELECT tag_id FROM tags WHERE name = 'horizontal'));
INSERT OR IGNORE INTO tags (name) VALUES ('color');
INSERT INTO photo_tags (photo_idx, tag_id) VALUES ((SELECT photo_idx FROM photos WHERE photo_id = 3502), (SELECT tag_id FROM tags WHERE name = 'color'));
INSERT OR IGNORE INTO tags (name) VALUES ('landscape');
INSERT INTO photo_tags (photo_idx, tag_id) VALUES ((SELECT photo_idx FROM photos WHERE photo_id = 3502), (SELECT tag_id FROM tags WHERE name = 'landscape'));
INSERT OR IGNORE INTO tags (name) VALUES ('outdoors');
INSERT INTO photo_tags (photo_idx, tag_id) VALUES ((SELECT photo_idx FROM photos WHERE photo_id = 3502), (SELECT tag_id FROM tags WHERE name = 'outdoors'));
INSERT OR IGNORE INTO tags (name) VALUES ('scenic');
INSERT INTO photo_tags (photo_idx, tag_id) VALUES ((SELECT photo_idx FROM photos WHERE photo_id = 3502), (SELECT tag_id FROM tags WHERE name = 'scenic'));
INSERT OR IGNORE INTO tags (name) VALUES ('green');
INSERT INTO photo_tags (photo_idx, tag_id) VALUES ((SELECT photo_idx FROM photos WHERE photo_id = 3502), (SELECT tag_id FROM tags WHERE name = 'green'));
INSERT OR IGNORE INTO tags (name) VALUES ('white');
INSERT INTO photo_tags (photo_idx, tag_id) VALUES ((SELECT photo_idx FROM photos WHERE photo_id = 3502), (SELECT tag_id FROM tags WHERE name = 'white'));
INSERT OR IGNORE INTO tags (name) VALUES ('leaf');
INSERT INTO photo_tags (photo_idx, tag_id) VALUES ((SELECT photo_idx FROM photos WHERE photo_id = 3502), (SELECT tag_id FROM tags WHERE name = 'leaf'));
INSERT OR IGNORE INTO tags (name) VALUES ('leaves');
INSERT INTO photo_tags (photo_idx, tag_id) VALUES ((SELECT photo_idx FROM photos WHERE photo_id = 3502), (SELECT tag_id FROM tags WHERE name = 'leaves'));
INSERT OR IGNORE INTO tags (name) VALUES ('river');
INSERT INTO photo_tags (photo_idx, tag_id) VALUES ((SELECT photo_idx FROM photos WHERE photo_id = 3502), (SELECT tag_id FROM tags WHERE name = 'river'));
INSERT OR IGNORE INTO tags (name) VALUES ('stream');
INSERT INTO photo_tags (photo_idx, tag_id) VALUES ((SELECT photo_idx FROM photos WHERE photo_id = 3502), (SELECT tag_id FROM tags WHERE name = 'stream'));
INSERT OR IGNORE INTO tags (name) VALUES ('water');
INSERT INTO photo_tags (photo_idx, tag_id) VALUES ((SELECT photo_idx FROM photos WHERE photo_id = 3502), (SELECT tag_id FROM tags WHERE name = 'water'));

INSERT INTO photos (photo_id, photo_title, photo_collection, photo_location, photo_year, camera, film_stock, film_format) VALUES (3503, 'Amber Waves of Grain', 'Washington', 'The Palouse, Washington', 2007, 'Hasselblad H1', 'PhaseOne P45 Plus', '6 x 4.5 cm');
INSERT INTO photos_fts (photo_idx, photo_id, photo_title, photo_collection, photo_location, photo_year, camera, film_stock, film_format, tag_names) VALUES ((SELECT photo_idx FROM photos WHERE photo_id = 3503), 3503, 'Amber Waves of Grain', 'Washington', 'The Palouse, Washington', 2007, 'Hasselblad H1', 'PhaseOne P45 Plus', '6 x 4.5 cm', 'horizontal,color,landscape,outdoors,scenic,blue,tan,white,sky,grass,field');
INSERT OR IGNORE INTO tags (name) VALUES ('horizontal');
INSERT INTO photo_tags (photo_idx, tag_id) VALUES ((SELECT photo_idx FROM photos WHERE photo_id = 3503), (SELECT tag_id FROM tags WHERE name = 'horizontal'));
INSERT OR IGNORE INTO tags (name) VALUES ('color');
INSERT INTO photo_tags (photo_idx, tag_id) VALUES ((SELECT photo_idx FROM photos WHERE photo_id = 3503), (SELECT tag_id FROM tags WHERE name = 'color'));
INSERT OR IGNORE INTO tags (name) VALUES ('landscape');
INSERT INTO photo_tags (photo_idx, tag_id) VALUES ((SELECT photo_idx FROM photos WHERE photo_id = 3503), (SELECT tag_id FROM tags WHERE name = 'landscape'));
INSERT OR IGNORE INTO tags (name) VALUES ('outdoors');
INSERT INTO photo_tags (photo_idx, tag_id) VALUES ((SELECT photo_idx FROM photos WHERE photo_id = 3503), (SELECT tag_id FROM tags WHERE name = 'outdoors'));
INSERT OR IGNORE INTO tags (name) VALUES ('scenic');
INSERT INTO photo_tags (photo_idx, tag_id) VALUES ((SELECT photo_idx FROM photos WHERE photo_id = 3503), (SELECT tag_id FROM tags WHERE name = 'scenic'));
INSERT OR IGNORE INTO tags (name) VALUES ('blue');
INSERT INTO photo_tags (photo_idx, tag_id) VALUES ((SELECT photo_idx FROM photos WHERE photo_id = 3503), (SELECT tag_id FROM tags WHERE name = 'blue'));
INSERT OR IGNORE INTO tags (name) VALUES ('tan');
INSERT INTO photo_tags (photo_idx, tag_id) VALUES ((SELECT photo_idx FROM photos WHERE photo_id = 3503), (SELECT tag_id FROM tags WHERE name = 'tan'));
INSERT OR IGNORE INTO tags (name) VALUES ('white');
INSERT INTO photo_tags (photo_idx, tag_id) VALUES ((SELECT photo_idx FROM photos WHERE photo_id = 3503), (SELECT tag_id FROM tags WHERE name = 'white'));
INSERT OR IGNORE INTO tags (name) VALUES ('sky');
INSERT INTO photo_tags (photo_idx, tag_id) VALUES ((SELECT photo_idx FROM photos WHERE photo_id = 3503), (SELECT tag_id FROM tags WHERE name = 'sky'));
INSERT OR IGNORE INTO tags (name) VALUES ('grass');
INSERT INTO photo_tags (photo_idx, tag_id) VALUES ((SELECT photo_idx FROM photos WHERE photo_id = 3503), (SELECT tag_id FROM tags WHERE name = 'grass'));
INSERT OR IGNORE INTO tags (name) VALUES ('field');
INSERT INTO photo_tags (photo_idx, tag_id) VALUES ((SELECT photo_idx FROM photos WHERE photo_id = 3503), (SELECT tag_id FROM tags WHERE name = 'field'));

INSERT INTO photos (photo_id, photo_title, photo_collection, photo_location, photo_year, camera, film_stock, film_format) VALUES (3504, 'Harvest of Wheat', 'Washington', 'The Palouse, Washington', 2007, 'Hasselblad H1', 'PhaseOne P45 Plus', '6 x 4.5 cm');
INSERT INTO photos_fts (photo_idx, photo_id, photo_title, photo_collection, photo_location, photo_year, camera, film_stock, film_format, tag_names) VALUES ((SELECT photo_idx FROM photos WHERE photo_id = 3504), 3504, 'Harvest of Wheat', 'Washington', 'The Palouse, Washington', 2007, 'Hasselblad H1', 'PhaseOne P45 Plus', '6 x 4.5 cm', 'horizontal,color,landscape,outdoors,scenic,blue,tan,white,sky,grass,field');
INSERT OR IGNORE INTO tags (name) VALUES ('horizontal');
INSERT INTO photo_tags (photo_idx, tag_id) VALUES ((SELECT photo_idx FROM photos WHERE photo_id = 3504), (SELECT tag_id FROM tags WHERE name = 'horizontal'));
INSERT OR IGNORE INTO tags (name) VALUES ('color');
INSERT INTO photo_tags (photo_idx, tag_id) VALUES ((SELECT photo_idx FROM photos WHERE photo_id = 3504), (SELECT tag_id FROM tags WHERE name = 'color'));
INSERT OR IGNORE INTO tags (name) VALUES ('landscape');
INSERT INTO photo_tags (photo_idx, tag_id) VALUES ((SELECT photo_idx FROM photos WHERE photo_id = 3504), (SELECT tag_id FROM tags WHERE name = 'landscape'));
INSERT OR IGNORE INTO tags (name) VALUES ('outdoors');
INSERT INTO photo_tags (photo_idx, tag_id) VALUES ((SELECT photo_idx FROM photos WHERE photo_id = 3504), (SELECT tag_id FROM tags WHERE name = 'outdoors'));
INSERT OR IGNORE INTO tags (name) VALUES ('scenic');
INSERT INTO photo_tags (photo_idx, tag_id) VALUES ((SELECT photo_idx FROM photos WHERE photo_id = 3504), (SELECT tag_id FROM tags WHERE name = 'scenic'));
INSERT OR IGNORE INTO tags (name) VALUES ('blue');
INSERT INTO photo_tags (photo_idx, tag_id) VALUES ((SELECT photo_idx FROM photos WHERE photo_id = 3504), (SELECT tag_id FROM tags WHERE name = 'blue'));
INSERT OR IGNORE INTO tags (name) VALUES ('tan');
INSERT INTO photo_tags (photo_idx, tag_id) VALUES ((SELECT photo_idx FROM photos WHERE photo_id = 3504), (SELECT tag_id FROM tags WHERE name = 'tan'));
INSERT OR IGNORE INTO tags (name) VALUES ('white');
INSERT INTO photo_tags (photo_idx, tag_id) VALUES ((SELECT photo_idx FROM photos WHERE photo_id = 3504), (SELECT tag_id FROM tags WHERE name = 'white'));
INSERT OR IGNORE INTO tags (name) VALUES ('sky');
INSERT INTO photo_tags (photo_idx, tag_id) VALUES ((SELECT photo_idx FROM photos WHERE photo_id = 3504), (SELECT tag_id FROM tags WHERE name = 'sky'));
INSERT OR IGNORE INTO tags (name) VALUES ('grass');
INSERT INTO photo_tags (photo_idx, tag_id) VALUES ((SELECT photo_idx FROM photos WHERE photo_id = 3504), (SELECT tag_id FROM tags WHERE name = 'grass'));
INSERT OR IGNORE INTO tags (name) VALUES ('field');
INSERT INTO photo_tags (photo_idx, tag_id) VALUES ((SELECT photo_idx FROM photos WHERE photo_id = 3504), (SELECT tag_id FROM tags WHERE name = 'field'));

INSERT INTO photos (photo_id, photo_title, photo_collection, photo_location, photo_year, camera, film_stock, film_format) VALUES (3505, 'Sweeping Clouds and Canola', 'Washington', 'The Palouse, Washington', 2007, 'Hasselblad H1', 'PhaseOne P45 Plus', '6 x 4.5 cm');
INSERT INTO photos_fts (photo_idx, photo_id, photo_title, photo_collection, photo_location, photo_year, camera, film_stock, film_format, tag_names) VALUES ((SELECT photo_idx FROM photos WHERE photo_id = 3505), 3505, 'Sweeping Clouds and Canola', 'Washington', 'The Palouse, Washington', 2007, 'Hasselblad H1', 'PhaseOne P45 Plus', '6 x 4.5 cm', 'horizontal,color,landscape,outdoors,scenic,blue,white,yellow,sky,grass,field');
INSERT OR IGNORE INTO tags (name) VALUES ('horizontal');
INSERT INTO photo_tags (photo_idx, tag_id) VALUES ((SELECT photo_idx FROM photos WHERE photo_id = 3505), (SELECT tag_id FROM tags WHERE name = 'horizontal'));
INSERT OR IGNORE INTO tags (name) VALUES ('color');
INSERT INTO photo_tags (photo_idx, tag_id) VALUES ((SELECT photo_idx FROM photos WHERE photo_id = 3505), (SELECT tag_id FROM tags WHERE name = 'color'));
INSERT OR IGNORE INTO tags (name) VALUES ('landscape');
INSERT INTO photo_tags (photo_idx, tag_id) VALUES ((SELECT photo_idx FROM photos WHERE photo_id = 3505), (SELECT tag_id FROM tags WHERE name = 'landscape'));
INSERT OR IGNORE INTO tags (name) VALUES ('outdoors');
INSERT INTO photo_tags (photo_idx, tag_id) VALUES ((SELECT photo_idx FROM photos WHERE photo_id = 3505), (SELECT tag_id FROM tags WHERE name = 'outdoors'));
INSERT OR IGNORE INTO tags (name) VALUES ('scenic');
INSERT INTO photo_tags (photo_idx, tag_id) VALUES ((SELECT photo_idx FROM photos WHERE photo_id = 3505), (SELECT tag_id FROM tags WHERE name = 'scenic'));
INSERT OR IGNORE INTO tags (name) VALUES ('blue');
INSERT INTO photo_tags (photo_idx, tag_id) VALUES ((SELECT photo_idx FROM photos WHERE photo_id = 3505), (SELECT tag_id FROM tags WHERE name = 'blue'));
INSERT OR IGNORE INTO tags (name) VALUES ('white');
INSERT INTO photo_tags (photo_idx, tag_id) VALUES ((SELECT photo_idx FROM photos WHERE photo_id = 3505), (SELECT tag_id FROM tags WHERE name = 'white'));
INSERT OR IGNORE INTO tags (name) VALUES ('yellow');
INSERT INTO photo_tags (photo_idx, tag_id) VALUES ((SELECT photo_idx FROM photos WHERE photo_id = 3505), (SELECT tag_id FROM tags WHERE name = 'yellow'));
INSERT OR IGNORE INTO tags (name) VALUES ('sky');
INSERT INTO photo_tags (photo_idx, tag_id) VALUES ((SELECT photo_idx FROM photos WHERE photo_id = 3505), (SELECT tag_id FROM tags WHERE name = 'sky'));
INSERT OR IGNORE INTO tags (name) VALUES ('grass');
INSERT INTO photo_tags (photo_idx, tag_id) VALUES ((SELECT photo_idx FROM photos WHERE photo_id = 3505), (SELECT tag_id FROM tags WHERE name = 'grass'));
INSERT OR IGNORE INTO tags (name) VALUES ('field');
INSERT INTO photo_tags (photo_idx, tag_id) VALUES ((SELECT photo_idx FROM photos WHERE photo_id = 3505), (SELECT tag_id FROM tags WHERE name = 'field'));

INSERT INTO photos (photo_id, photo_title, photo_collection, photo_location, photo_year, camera, film_stock, film_format) VALUES (3506, 'The Palouse', 'Washington', 'The Palouse, Washington', 2007, 'Hasselblad H1', 'PhaseOne P45 Plus', '6 x 4.5 cm');
INSERT INTO photos_fts (photo_idx, photo_id, photo_title, photo_collection, photo_location, photo_year, camera, film_stock, film_format, tag_names) VALUES ((SELECT photo_idx FROM photos WHERE photo_id = 3506), 3506, 'The Palouse', 'Washington', 'The Palouse, Washington', 2007, 'Hasselblad H1', 'PhaseOne P45 Plus', '6 x 4.5 cm', 'horizontal,color,landscape,outdoors,scenic,blue,green,white,sky,grass,field');
INSERT OR IGNORE INTO tags (name) VALUES ('horizontal');
INSERT INTO photo_tags (photo_idx, tag_id) VALUES ((SELECT photo_idx FROM photos WHERE photo_id = 3506), (SELECT tag_id FROM tags WHERE name = 'horizontal'));
INSERT OR IGNORE INTO tags (name) VALUES ('color');
INSERT INTO photo_tags (photo_idx, tag_id) VALUES ((SELECT photo_idx FROM photos WHERE photo_id = 3506), (SELECT tag_id FROM tags WHERE name = 'color'));
INSERT OR IGNORE INTO tags (name) VALUES ('landscape');
INSERT INTO photo_tags (photo_idx, tag_id) VALUES ((SELECT photo_idx FROM photos WHERE photo_id = 3506), (SELECT tag_id FROM tags WHERE name = 'landscape'));
INSERT OR IGNORE INTO tags (name) VALUES ('outdoors');
INSERT INTO photo_tags (photo_idx, tag_id) VALUES ((SELECT photo_idx FROM photos WHERE photo_id = 3506), (SELECT tag_id FROM tags WHERE name = 'outdoors'));
INSERT OR IGNORE INTO tags (name) VALUES ('scenic');
INSERT INTO photo_tags (photo_idx, tag_id) VALUES ((SELECT photo_idx FROM photos WHERE photo_id = 3506), (SELECT tag_id FROM tags WHERE name = 'scenic'));
INSERT OR IGNORE INTO tags (name) VALUES ('blue');
INSERT INTO photo_tags (photo_idx, tag_id) VALUES ((SELECT photo_idx FROM photos WHERE photo_id = 3506), (SELECT tag_id FROM tags WHERE name = 'blue'));
INSERT OR IGNORE INTO tags (name) VALUES ('green');
INSERT INTO photo_tags (photo_idx, tag_id) VALUES ((SELECT photo_idx FROM photos WHERE photo_id = 3506), (SELECT tag_id FROM tags WHERE name = 'green'));
INSERT OR IGNORE INTO tags (name) VALUES ('white');
INSERT INTO photo_tags (photo_idx, tag_id) VALUES ((SELECT photo_idx FROM photos WHERE photo_id = 3506), (SELECT tag_id FROM tags WHERE name = 'white'));
INSERT OR IGNORE INTO tags (name) VALUES ('sky');
INSERT INTO photo_tags (photo_idx, tag_id) VALUES ((SELECT photo_idx FROM photos WHERE photo_id = 3506), (SELECT tag_id FROM tags WHERE name = 'sky'));
INSERT OR IGNORE INTO tags (name) VALUES ('grass');
INSERT INTO photo_tags (photo_idx, tag_id) VALUES ((SELECT photo_idx FROM photos WHERE photo_id = 3506), (SELECT tag_id FROM tags WHERE name = 'grass'));
INSERT OR IGNORE INTO tags (name) VALUES ('field');
INSERT INTO photo_tags (photo_idx, tag_id) VALUES ((SELECT photo_idx FROM photos WHERE photo_id = 3506), (SELECT tag_id FROM tags WHERE name = 'field'));

INSERT INTO photos (photo_id, photo_title, photo_collection, photo_location, photo_year, camera, film_stock, film_format) VALUES (3507, 'The Palouse', 'Washington', 'The Palouse, Washington', 2007, 'Hasselblad H1', 'PhaseOne P45 Plus', '6 x 4.5 cm');
INSERT INTO photos_fts (photo_idx, photo_id, photo_title, photo_collection, photo_location, photo_year, camera, film_stock, film_format, tag_names) VALUES ((SELECT photo_idx FROM photos WHERE photo_id = 3507), 3507, 'The Palouse', 'Washington', 'The Palouse, Washington', 2007, 'Hasselblad H1', 'PhaseOne P45 Plus', '6 x 4.5 cm', 'horizontal,color,landscape,outdoors,scenic,blue,green,white,sky,grass,field');
INSERT OR IGNORE INTO tags (name) VALUES ('horizontal');
INSERT INTO photo_tags (photo_idx, tag_id) VALUES ((SELECT photo_idx FROM photos WHERE photo_id = 3507), (SELECT tag_id FROM tags WHERE name = 'horizontal'));
INSERT OR IGNORE INTO tags (name) VALUES ('color');
INSERT INTO photo_tags (photo_idx, tag_id) VALUES ((SELECT photo_idx FROM photos WHERE photo_id = 3507), (SELECT tag_id FROM tags WHERE name = 'color'));
INSERT OR IGNORE INTO tags (name) VALUES ('landscape');
INSERT INTO photo_tags (photo_idx, tag_id) VALUES ((SELECT photo_idx FROM photos WHERE photo_id = 3507), (SELECT tag_id FROM tags WHERE name = 'landscape'));
INSERT OR IGNORE INTO tags (name) VALUES ('outdoors');
INSERT INTO photo_tags (photo_idx, tag_id) VALUES ((SELECT photo_idx FROM photos WHERE photo_id = 3507), (SELECT tag_id FROM tags WHERE name = 'outdoors'));
INSERT OR IGNORE INTO tags (name) VALUES ('scenic');
INSERT INTO photo_tags (photo_idx, tag_id) VALUES ((SELECT photo_idx FROM photos WHERE photo_id = 3507), (SELECT tag_id FROM tags WHERE name = 'scenic'));
INSERT OR IGNORE INTO tags (name) VALUES ('blue');
INSERT INTO photo_tags (photo_idx, tag_id) VALUES ((SELECT photo_idx FROM photos WHERE photo_id = 3507), (SELECT tag_id FROM tags WHERE name = 'blue'));
INSERT OR IGNORE INTO tags (name) VALUES ('green');
INSERT INTO photo_tags (photo_idx, tag_id) VALUES ((SELECT photo_idx FROM photos WHERE photo_id = 3507), (SELECT tag_id FROM tags WHERE name = 'green'));
INSERT OR IGNORE INTO tags (name) VALUES ('white');
INSERT INTO photo_tags (photo_idx, tag_id) VALUES ((SELECT photo_idx FROM photos WHERE photo_id = 3507), (SELECT tag_id FROM tags WHERE name = 'white'));
INSERT OR IGNORE INTO tags (name) VALUES ('sky');
INSERT INTO photo_tags (photo_idx, tag_id) VALUES ((SELECT photo_idx FROM photos WHERE photo_id = 3507), (SELECT tag_id FROM tags WHERE name = 'sky'));
INSERT OR IGNORE INTO tags (name) VALUES ('grass');
INSERT INTO photo_tags (photo_idx, tag_id) VALUES ((SELECT photo_idx FROM photos WHERE photo_id = 3507), (SELECT tag_id FROM tags WHERE name = 'grass'));
INSERT OR IGNORE INTO tags (name) VALUES ('field');
INSERT INTO photo_tags (photo_idx, tag_id) VALUES ((SELECT photo_idx FROM photos WHERE photo_id = 3507), (SELECT tag_id FROM tags WHERE name = 'field'));

INSERT INTO photos (photo_id, photo_title, photo_collection, photo_location, photo_year, camera, film_stock, film_format) VALUES (3508, 'Canola Field', 'Washington', 'The Palouse, Washington', 2007, 'Hasselblad H1', 'PhaseOne P45 Plus', '6 x 4.5 cm');
INSERT INTO photos_fts (photo_idx, photo_id, photo_title, photo_collection, photo_location, photo_year, camera, film_stock, film_format, tag_names) VALUES ((SELECT photo_idx FROM photos WHERE photo_id = 3508), 3508, 'Canola Field', 'Washington', 'The Palouse, Washington', 2007, 'Hasselblad H1', 'PhaseOne P45 Plus', '6 x 4.5 cm', 'horizontal,color,landscape,outdoors,scenic,blue,white,yellow,sky,grass,field');
INSERT OR IGNORE INTO tags (name) VALUES ('horizontal');
INSERT INTO photo_tags (photo_idx, tag_id) VALUES ((SELECT photo_idx FROM photos WHERE photo_id = 3508), (SELECT tag_id FROM tags WHERE name = 'horizontal'));
INSERT OR IGNORE INTO tags (name) VALUES ('color');
INSERT INTO photo_tags (photo_idx, tag_id) VALUES ((SELECT photo_idx FROM photos WHERE photo_id = 3508), (SELECT tag_id FROM tags WHERE name = 'color'));
INSERT OR IGNORE INTO tags (name) VALUES ('landscape');
INSERT INTO photo_tags (photo_idx, tag_id) VALUES ((SELECT photo_idx FROM photos WHERE photo_id = 3508), (SELECT tag_id FROM tags WHERE name = 'landscape'));
INSERT OR IGNORE INTO tags (name) VALUES ('outdoors');
INSERT INTO photo_tags (photo_idx, tag_id) VALUES ((SELECT photo_idx FROM photos WHERE photo_id = 3508), (SELECT tag_id FROM tags WHERE name = 'outdoors'));
INSERT OR IGNORE INTO tags (name) VALUES ('scenic');
INSERT INTO photo_tags (photo_idx, tag_id) VALUES ((SELECT photo_idx FROM photos WHERE photo_id = 3508), (SELECT tag_id FROM tags WHERE name = 'scenic'));
INSERT OR IGNORE INTO tags (name) VALUES ('blue');
INSERT INTO photo_tags (photo_idx, tag_id) VALUES ((SELECT photo_idx FROM photos WHERE photo_id = 3508), (SELECT tag_id FROM tags WHERE name = 'blue'));
INSERT OR IGNORE INTO tags (name) VALUES ('white');
INSERT INTO photo_tags (photo_idx, tag_id) VALUES ((SELECT photo_idx FROM photos WHERE photo_id = 3508), (SELECT tag_id FROM tags WHERE name = 'white'));
INSERT OR IGNORE INTO tags (name) VALUES ('yellow');
INSERT INTO photo_tags (photo_idx, tag_id) VALUES ((SELECT photo_idx FROM photos WHERE photo_id = 3508), (SELECT tag_id FROM tags WHERE name = 'yellow'));
INSERT OR IGNORE INTO tags (name) VALUES ('sky');
INSERT INTO photo_tags (photo_idx, tag_id) VALUES ((SELECT photo_idx FROM photos WHERE photo_id = 3508), (SELECT tag_id FROM tags WHERE name = 'sky'));
INSERT OR IGNORE INTO tags (name) VALUES ('grass');
INSERT INTO photo_tags (photo_idx, tag_id) VALUES ((SELECT photo_idx FROM photos WHERE photo_id = 3508), (SELECT tag_id FROM tags WHERE name = 'grass'));
INSERT OR IGNORE INTO tags (name) VALUES ('field');
INSERT INTO photo_tags (photo_idx, tag_id) VALUES ((SELECT photo_idx FROM photos WHERE photo_id = 3508), (SELECT tag_id FROM tags WHERE name = 'field'));

INSERT INTO photos (photo_id, photo_title, photo_collection, photo_location, photo_year, camera, film_stock, film_format) VALUES (3509, 'Wheat and Clouds', 'Washington', 'The Palouse, Washington', 2007, 'Hasselblad H1', 'PhaseOne P45 Plus', '6 x 4.5 cm');
INSERT INTO photos_fts (photo_idx, photo_id, photo_title, photo_collection, photo_location, photo_year, camera, film_stock, film_format, tag_names) VALUES ((SELECT photo_idx FROM photos WHERE photo_id = 3509), 3509, 'Wheat and Clouds', 'Washington', 'The Palouse, Washington', 2007, 'Hasselblad H1', 'PhaseOne P45 Plus', '6 x 4.5 cm', 'horizontal,color,landscape,outdoors,scenic,blue,green,white,sky,grass,field');
INSERT OR IGNORE INTO tags (name) VALUES ('horizontal');
INSERT INTO photo_tags (photo_idx, tag_id) VALUES ((SELECT photo_idx FROM photos WHERE photo_id = 3509), (SELECT tag_id FROM tags WHERE name = 'horizontal'));
INSERT OR IGNORE INTO tags (name) VALUES ('color');
INSERT INTO photo_tags (photo_idx, tag_id) VALUES ((SELECT photo_idx FROM photos WHERE photo_id = 3509), (SELECT tag_id FROM tags WHERE name = 'color'));
INSERT OR IGNORE INTO tags (name) VALUES ('landscape');
INSERT INTO photo_tags (photo_idx, tag_id) VALUES ((SELECT photo_idx FROM photos WHERE photo_id = 3509), (SELECT tag_id FROM tags WHERE name = 'landscape'));
INSERT OR IGNORE INTO tags (name) VALUES ('outdoors');
INSERT INTO photo_tags (photo_idx, tag_id) VALUES ((SELECT photo_idx FROM photos WHERE photo_id = 3509), (SELECT tag_id FROM tags WHERE name = 'outdoors'));
INSERT OR IGNORE INTO tags (name) VALUES ('scenic');
INSERT INTO photo_tags (photo_idx, tag_id) VALUES ((SELECT photo_idx FROM photos WHERE photo_id = 3509), (SELECT tag_id FROM tags WHERE name = 'scenic'));
INSERT OR IGNORE INTO tags (name) VALUES ('blue');
INSERT INTO photo_tags (photo_idx, tag_id) VALUES ((SELECT photo_idx FROM photos WHERE photo_id = 3509), (SELECT tag_id FROM tags WHERE name = 'blue'));
INSERT OR IGNORE INTO tags (name) VALUES ('green');
INSERT INTO photo_tags (photo_idx, tag_id) VALUES ((SELECT photo_idx FROM photos WHERE photo_id = 3509), (SELECT tag_id FROM tags WHERE name = 'green'));
INSERT OR IGNORE INTO tags (name) VALUES ('white');
INSERT INTO photo_tags (photo_idx, tag_id) VALUES ((SELECT photo_idx FROM photos WHERE photo_id = 3509), (SELECT tag_id FROM tags WHERE name = 'white'));
INSERT OR IGNORE INTO tags (name) VALUES ('sky');
INSERT INTO photo_tags (photo_idx, tag_id) VALUES ((SELECT photo_idx FROM photos WHERE photo_id = 3509), (SELECT tag_id FROM tags WHERE name = 'sky'));
INSERT OR IGNORE INTO tags (name) VALUES ('grass');
INSERT INTO photo_tags (photo_idx, tag_id) VALUES ((SELECT photo_idx FROM photos WHERE photo_id = 3509), (SELECT tag_id FROM tags WHERE name = 'grass'));
INSERT OR IGNORE INTO tags (name) VALUES ('field');
INSERT INTO photo_tags (photo_idx, tag_id) VALUES ((SELECT photo_idx FROM photos WHERE photo_id = 3509), (SELECT tag_id FROM tags WHERE name = 'field'));

INSERT INTO photos (photo_id, photo_title, photo_collection, photo_location, photo_year, camera, film_stock, film_format) VALUES (3601, 'Dendritic Agate', 'Rocks', 'Madagascar', 2011, 'PhaseOne 645DF', 'PhaseOne P65 Plus', '6 x 4.5 cm');
INSERT INTO photos_fts (photo_idx, photo_id, photo_title, photo_collection, photo_location, photo_year, camera, film_stock, film_format, tag_names) VALUES ((SELECT photo_idx FROM photos WHERE photo_id = 3601), 3601, 'Dendritic Agate', 'Rocks', 'Madagascar', 2011, 'PhaseOne 645DF', 'PhaseOne P65 Plus', '6 x 4.5 cm', 'horizontal,abstract,closeup,color,studio,newest,black,rock');
INSERT OR IGNORE INTO tags (name) VALUES ('horizontal');
INSERT INTO photo_tags (photo_idx, tag_id) VALUES ((SELECT photo_idx FROM photos WHERE photo_id = 3601), (SELECT tag_id FROM tags WHERE name = 'horizontal'));
INSERT OR IGNORE INTO tags (name) VALUES ('abstract');
INSERT INTO photo_tags (photo_idx, tag_id) VALUES ((SELECT photo_idx FROM photos WHERE photo_id = 3601), (SELECT tag_id FROM tags WHERE name = 'abstract'));
INSERT OR IGNORE INTO tags (name) VALUES ('closeup');
INSERT INTO photo_tags (photo_idx, tag_id) VALUES ((SELECT photo_idx FROM photos WHERE photo_id = 3601), (SELECT tag_id FROM tags WHERE name = 'closeup'));
INSERT OR IGNORE INTO tags (name) VALUES ('color');
INSERT INTO photo_tags (photo_idx, tag_id) VALUES ((SELECT photo_idx FROM photos WHERE photo_id = 3601), (SELECT tag_id FROM tags WHERE name = 'color'));
INSERT OR IGNORE INTO tags (name) VALUES ('studio');
INSERT INTO photo_tags (photo_idx, tag_id) VALUES ((SELECT photo_idx FROM photos WHERE photo_id = 3601), (SELECT tag_id FROM tags WHERE name = 'studio'));
INSERT OR IGNORE INTO tags (name) VALUES ('newest');
INSERT INTO photo_tags (photo_idx, tag_id) VALUES ((SELECT photo_idx FROM photos WHERE photo_id = 3601), (SELECT tag_id FROM tags WHERE name = 'newest'));
INSERT OR IGNORE INTO tags (name) VALUES ('black');
INSERT INTO photo_tags (photo_idx, tag_id) VALUES ((SELECT photo_idx FROM photos WHERE photo_id = 3601), (SELECT tag_id FROM tags WHERE name = 'black'));
INSERT OR IGNORE INTO tags (name) VALUES ('rock');
INSERT INTO photo_tags (photo_idx, tag_id) VALUES ((SELECT photo_idx FROM photos WHERE photo_id = 3601), (SELECT tag_id FROM tags WHERE name = 'rock'));

INSERT INTO photos (photo_id, photo_title, photo_collection, photo_location, photo_year, camera, film_stock, film_format) VALUES (3602, 'Marra Mamba Tiger''s-Eye', 'Rocks', 'Mount Brockman Station, Hamersley Ranges, Western Australia', 2011, 'PhaseOne 645DF', 'PhaseOne P65 Plus', '6 x 4.5 cm');
INSERT INTO photos_fts (photo_idx, photo_id, photo_title, photo_collection, photo_location, photo_year, camera, film_stock, film_format, tag_names) VALUES ((SELECT photo_idx FROM photos WHERE photo_id = 3602), 3602, 'Marra Mamba Tiger''s-Eye', 'Rocks', 'Mount Brockman Station, Hamersley Ranges, Western Australia', 2011, 'PhaseOne 645DF', 'PhaseOne P65 Plus', '6 x 4.5 cm', 'horizontal,abstract,closeup,color,studio,newest,brown,gold,rock');
INSERT OR IGNORE INTO tags (name) VALUES ('horizontal');
INSERT INTO photo_tags (photo_idx, tag_id) VALUES ((SELECT photo_idx FROM photos WHERE photo_id = 3602), (SELECT tag_id FROM tags WHERE name = 'horizontal'));
INSERT OR IGNORE INTO tags (name) VALUES ('abstract');
INSERT INTO photo_tags (photo_idx, tag_id) VALUES ((SELECT photo_idx FROM photos WHERE photo_id = 3602), (SELECT tag_id FROM tags WHERE name = 'abstract'));
INSERT OR IGNORE INTO tags (name) VALUES ('closeup');
INSERT INTO photo_tags (photo_idx, tag_id) VALUES ((SELECT photo_idx FROM photos WHERE photo_id = 3602), (SELECT tag_id FROM tags WHERE name = 'closeup'));
INSERT OR IGNORE INTO tags (name) VALUES ('color');
INSERT INTO photo_tags (photo_idx, tag_id) VALUES ((SELECT photo_idx FROM photos WHERE photo_id = 3602), (SELECT tag_id FROM tags WHERE name = 'color'));
INSERT OR IGNORE INTO tags (name) VALUES ('studio');
INSERT INTO photo_tags (photo_idx, tag_id) VALUES ((SELECT photo_idx FROM photos WHERE photo_id = 3602), (SELECT tag_id FROM tags WHERE name = 'studio'));
INSERT OR IGNORE INTO tags (name) VALUES ('newest');
INSERT INTO photo_tags (photo_idx, tag_id) VALUES ((SELECT photo_idx FROM photos WHERE photo_id = 3602), (SELECT tag_id FROM tags WHERE name = 'newest'));
INSERT OR IGNORE INTO tags (name) VALUES ('brown');
INSERT INTO photo_tags (photo_idx, tag_id) VALUES ((SELECT photo_idx FROM photos WHERE photo_id = 3602), (SELECT tag_id FROM tags WHERE name = 'brown'));
INSERT OR IGNORE INTO tags (name) VALUES ('gold');
INSERT INTO photo_tags (photo_idx, tag_id) VALUES ((SELECT photo_idx FROM photos WHERE photo_id = 3602), (SELECT tag_id FROM tags WHERE name = 'gold'));
INSERT OR IGNORE INTO tags (name) VALUES ('rock');
INSERT INTO photo_tags (photo_idx, tag_id) VALUES ((SELECT photo_idx FROM photos WHERE photo_id = 3602), (SELECT tag_id FROM tags WHERE name = 'rock'));

INSERT INTO photos (photo_id, photo_title, photo_collection, photo_location, photo_year, camera, film_stock, film_format) VALUES (3603, 'Amethyst Sage Agate', 'Rocks', 'Quinn River south of Denio, Northern Nevada', 2011, 'PhaseOne 645DF', 'PhaseOne P65 Plus', '6 x 4.5 cm');
INSERT INTO photos_fts (photo_idx, photo_id, photo_title, photo_collection, photo_location, photo_year, camera, film_stock, film_format, tag_names) VALUES ((SELECT photo_idx FROM photos WHERE photo_id = 3603), 3603, 'Amethyst Sage Agate', 'Rocks', 'Quinn River south of Denio, Northern Nevada', 2011, 'PhaseOne 645DF', 'PhaseOne P65 Plus', '6 x 4.5 cm', 'horizontal,abstract,closeup,color,studio,newest,rock');
INSERT OR IGNORE INTO tags (name) VALUES ('horizontal');
INSERT INTO photo_tags (photo_idx, tag_id) VALUES ((SELECT photo_idx FROM photos WHERE photo_id = 3603), (SELECT tag_id FROM tags WHERE name = 'horizontal'));
INSERT OR IGNORE INTO tags (name) VALUES ('abstract');
INSERT INTO photo_tags (photo_idx, tag_id) VALUES ((SELECT photo_idx FROM photos WHERE photo_id = 3603), (SELECT tag_id FROM tags WHERE name = 'abstract'));
INSERT OR IGNORE INTO tags (name) VALUES ('closeup');
INSERT INTO photo_tags (photo_idx, tag_id) VALUES ((SELECT photo_idx FROM photos WHERE photo_id = 3603), (SELECT tag_id FROM tags WHERE name = 'closeup'));
INSERT OR IGNORE INTO tags (name) VALUES ('color');
INSERT INTO photo_tags (photo_idx, tag_id) VALUES ((SELECT photo_idx FROM photos WHERE photo_id = 3603), (SELECT tag_id FROM tags WHERE name = 'color'));
INSERT OR IGNORE INTO tags (name) VALUES ('studio');
INSERT INTO photo_tags (photo_idx, tag_id) VALUES ((SELECT photo_idx FROM photos WHERE photo_id = 3603), (SELECT tag_id FROM tags WHERE name = 'studio'));
INSERT OR IGNORE INTO tags (name) VALUES ('newest');
INSERT INTO photo_tags (photo_idx, tag_id) VALUES ((SELECT photo_idx FROM photos WHERE photo_id = 3603), (SELECT tag_id FROM tags WHERE name = 'newest'));
INSERT OR IGNORE INTO tags (name) VALUES ('rock');
INSERT INTO photo_tags (photo_idx, tag_id) VALUES ((SELECT photo_idx FROM photos WHERE photo_id = 3603), (SELECT tag_id FROM tags WHERE name = 'rock'));

INSERT INTO photos (photo_id, photo_title, photo_collection, photo_location, photo_year, camera, film_stock, film_format) VALUES (3604, 'Brazilian Agate', 'Rocks', 'Brazil', 2011, 'PhaseOne 645DF', 'PhaseOne P65 Plus', '6 x 4.5 cm');
INSERT INTO photos_fts (photo_idx, photo_id, photo_title, photo_collection, photo_location, photo_year, camera, film_stock, film_format, tag_names) VALUES ((SELECT photo_idx FROM photos WHERE photo_id = 3604), 3604, 'Brazilian Agate', 'Rocks', 'Brazil', 2011, 'PhaseOne 645DF', 'PhaseOne P65 Plus', '6 x 4.5 cm', 'horizontal,abstract,closeup,color,studio,newest,rock');
INSERT OR IGNORE INTO tags (name) VALUES ('horizontal');
INSERT INTO photo_tags (photo_idx, tag_id) VALUES ((SELECT photo_idx FROM photos WHERE photo_id = 3604), (SELECT tag_id FROM tags WHERE name = 'horizontal'));
INSERT OR IGNORE INTO tags (name) VALUES ('abstract');
INSERT INTO photo_tags (photo_idx, tag_id) VALUES ((SELECT photo_idx FROM photos WHERE photo_id = 3604), (SELECT tag_id FROM tags WHERE name = 'abstract'));
INSERT OR IGNORE INTO tags (name) VALUES ('closeup');
INSERT INTO photo_tags (photo_idx, tag_id) VALUES ((SELECT photo_idx FROM photos WHERE photo_id = 3604), (SELECT tag_id FROM tags WHERE name = 'closeup'));
INSERT OR IGNORE INTO tags (name) VALUES ('color');
INSERT INTO photo_tags (photo_idx, tag_id) VALUES ((SELECT photo_idx FROM photos WHERE photo_id = 3604), (SELECT tag_id FROM tags WHERE name = 'color'));
INSERT OR IGNORE INTO tags (name) VALUES ('studio');
INSERT INTO photo_tags (photo_idx, tag_id) VALUES ((SELECT photo_idx FROM photos WHERE photo_id = 3604), (SELECT tag_id FROM tags WHERE name = 'studio'));
INSERT OR IGNORE INTO tags (name) VALUES ('newest');
INSERT INTO photo_tags (photo_idx, tag_id) VALUES ((SELECT photo_idx FROM photos WHERE photo_id = 3604), (SELECT tag_id FROM tags WHERE name = 'newest'));
INSERT OR IGNORE INTO tags (name) VALUES ('rock');
INSERT INTO photo_tags (photo_idx, tag_id) VALUES ((SELECT photo_idx FROM photos WHERE photo_id = 3604), (SELECT tag_id FROM tags WHERE name = 'rock'));

INSERT INTO photos (photo_id, photo_title, photo_collection, photo_location, photo_year, camera, film_stock, film_format) VALUES (3605, 'Morrisonite', 'Rocks', 'Morrison Ranch, Owyhee River Canyon, Malheur County, Oregon', 2011, 'PhaseOne 645DF', 'PhaseOne P65 Plus', '6 x 4.5 cm');
INSERT INTO photos_fts (photo_idx, photo_id, photo_title, photo_collection, photo_location, photo_year, camera, film_stock, film_format, tag_names) VALUES ((SELECT photo_idx FROM photos WHERE photo_id = 3605), 3605, 'Morrisonite', 'Rocks', 'Morrison Ranch, Owyhee River Canyon, Malheur County, Oregon', 2011, 'PhaseOne 645DF', 'PhaseOne P65 Plus', '6 x 4.5 cm', 'horizontal,abstract,closeup,color,studio,newest,brown,tan,rock');
INSERT OR IGNORE INTO tags (name) VALUES ('horizontal');
INSERT INTO photo_tags (photo_idx, tag_id) VALUES ((SELECT photo_idx FROM photos WHERE photo_id = 3605), (SELECT tag_id FROM tags WHERE name = 'horizontal'));
INSERT OR IGNORE INTO tags (name) VALUES ('abstract');
INSERT INTO photo_tags (photo_idx, tag_id) VALUES ((SELECT photo_idx FROM photos WHERE photo_id = 3605), (SELECT tag_id FROM tags WHERE name = 'abstract'));
INSERT OR IGNORE INTO tags (name) VALUES ('closeup');
INSERT INTO photo_tags (photo_idx, tag_id) VALUES ((SELECT photo_idx FROM photos WHERE photo_id = 3605), (SELECT tag_id FROM tags WHERE name = 'closeup'));
INSERT OR IGNORE INTO tags (name) VALUES ('color');
INSERT INTO photo_tags (photo_idx, tag_id) VALUES ((SELECT photo_idx FROM photos WHERE photo_id = 3605), (SELECT tag_id FROM tags WHERE name = 'color'));
INSERT OR IGNORE INTO tags (name) VALUES ('studio');
INSERT INTO photo_tags (photo_idx, tag_id) VALUES ((SELECT photo_idx FROM photos WHERE photo_id = 3605), (SELECT tag_id FROM tags WHERE name = 'studio'));
INSERT OR IGNORE INTO tags (name) VALUES ('newest');
INSERT INTO photo_tags (photo_idx, tag_id) VALUES ((SELECT photo_idx FROM photos WHERE photo_id = 3605), (SELECT tag_id FROM tags WHERE name = 'newest'));
INSERT OR IGNORE INTO tags (name) VALUES ('brown');
INSERT INTO photo_tags (photo_idx, tag_id) VALUES ((SELECT photo_idx FROM photos WHERE photo_id = 3605), (SELECT tag_id FROM tags WHERE name = 'brown'));
INSERT OR IGNORE INTO tags (name) VALUES ('tan');
INSERT INTO photo_tags (photo_idx, tag_id) VALUES ((SELECT photo_idx FROM photos WHERE photo_id = 3605), (SELECT tag_id FROM tags WHERE name = 'tan'));
INSERT OR IGNORE INTO tags (name) VALUES ('rock');
INSERT INTO photo_tags (photo_idx, tag_id) VALUES ((SELECT photo_idx FROM photos WHERE photo_id = 3605), (SELECT tag_id FROM tags WHERE name = 'rock'));

INSERT INTO photos (photo_id, photo_title, photo_collection, photo_location, photo_year, camera, film_stock, film_format) VALUES (3606, 'Pietersite', 'Rocks', 'Outjo District, Kunene Region, Namibia', 2011, 'PhaseOne 645DF', 'PhaseOne P65 Plus', '6 x 4.5 cm');
INSERT INTO photos_fts (photo_idx, photo_id, photo_title, photo_collection, photo_location, photo_year, camera, film_stock, film_format, tag_names) VALUES ((SELECT photo_idx FROM photos WHERE photo_id = 3606), 3606, 'Pietersite', 'Rocks', 'Outjo District, Kunene Region, Namibia', 2011, 'PhaseOne 645DF', 'PhaseOne P65 Plus', '6 x 4.5 cm', 'horizontal,abstract,closeup,color,studio,newest,rock');
INSERT OR IGNORE INTO tags (name) VALUES ('horizontal');
INSERT INTO photo_tags (photo_idx, tag_id) VALUES ((SELECT photo_idx FROM photos WHERE photo_id = 3606), (SELECT tag_id FROM tags WHERE name = 'horizontal'));
INSERT OR IGNORE INTO tags (name) VALUES ('abstract');
INSERT INTO photo_tags (photo_idx, tag_id) VALUES ((SELECT photo_idx FROM photos WHERE photo_id = 3606), (SELECT tag_id FROM tags WHERE name = 'abstract'));
INSERT OR IGNORE INTO tags (name) VALUES ('closeup');
INSERT INTO photo_tags (photo_idx, tag_id) VALUES ((SELECT photo_idx FROM photos WHERE photo_id = 3606), (SELECT tag_id FROM tags WHERE name = 'closeup'));
INSERT OR IGNORE INTO tags (name) VALUES ('color');
INSERT INTO photo_tags (photo_idx, tag_id) VALUES ((SELECT photo_idx FROM photos WHERE photo_id = 3606), (SELECT tag_id FROM tags WHERE name = 'color'));
INSERT OR IGNORE INTO tags (name) VALUES ('studio');
INSERT INTO photo_tags (photo_idx, tag_id) VALUES ((SELECT photo_idx FROM photos WHERE photo_id = 3606), (SELECT tag_id FROM tags WHERE name = 'studio'));
INSERT OR IGNORE INTO tags (name) VALUES ('newest');
INSERT INTO photo_tags (photo_idx, tag_id) VALUES ((SELECT photo_idx FROM photos WHERE photo_id = 3606), (SELECT tag_id FROM tags WHERE name = 'newest'));
INSERT OR IGNORE INTO tags (name) VALUES ('rock');
INSERT INTO photo_tags (photo_idx, tag_id) VALUES ((SELECT photo_idx FROM photos WHERE photo_id = 3606), (SELECT tag_id FROM tags WHERE name = 'rock'));

INSERT INTO photos (photo_id, photo_title, photo_collection, photo_location, photo_year, camera, film_stock, film_format) VALUES (3607, 'Dali Stone', 'Rocks', 'Guangxi Province, China', 2011, 'PhaseOne 645DF', 'PhaseOne P65 Plus', '6 x 4.5 cm');
INSERT INTO photos_fts (photo_idx, photo_id, photo_title, photo_collection, photo_location, photo_year, camera, film_stock, film_format, tag_names) VALUES ((SELECT photo_idx FROM photos WHERE photo_id = 3607), 3607, 'Dali Stone', 'Rocks', 'Guangxi Province, China', 2011, 'PhaseOne 645DF', 'PhaseOne P65 Plus', '6 x 4.5 cm', 'horizontal,abstract,closeup,color,studio,newest,gray,yellow,rock');
INSERT OR IGNORE INTO tags (name) VALUES ('horizontal');
INSERT INTO photo_tags (photo_idx, tag_id) VALUES ((SELECT photo_idx FROM photos WHERE photo_id = 3607), (SELECT tag_id FROM tags WHERE name = 'horizontal'));
INSERT OR IGNORE INTO tags (name) VALUES ('abstract');
INSERT INTO photo_tags (photo_idx, tag_id) VALUES ((SELECT photo_idx FROM photos WHERE photo_id = 3607), (SELECT tag_id FROM tags WHERE name = 'abstract'));
INSERT OR IGNORE INTO tags (name) VALUES ('closeup');
INSERT INTO photo_tags (photo_idx, tag_id) VALUES ((SELECT photo_idx FROM photos WHERE photo_id = 3607), (SELECT tag_id FROM tags WHERE name = 'closeup'));
INSERT OR IGNORE INTO tags (name) VALUES ('color');
INSERT INTO photo_tags (photo_idx, tag_id) VALUES ((SELECT photo_idx FROM photos WHERE photo_id = 3607), (SELECT tag_id FROM tags WHERE name = 'color'));
INSERT OR IGNORE INTO tags (name) VALUES ('studio');
INSERT INTO photo_tags (photo_idx, tag_id) VALUES ((SELECT photo_idx FROM photos WHERE photo_id = 3607), (SELECT tag_id FROM tags WHERE name = 'studio'));
INSERT OR IGNORE INTO tags (name) VALUES ('newest');
INSERT INTO photo_tags (photo_idx, tag_id) VALUES ((SELECT photo_idx FROM photos WHERE photo_id = 3607), (SELECT tag_id FROM tags WHERE name = 'newest'));
INSERT OR IGNORE INTO tags (name) VALUES ('gray');
INSERT INTO photo_tags (photo_idx, tag_id) VALUES ((SELECT photo_idx FROM photos WHERE photo_id = 3607), (SELECT tag_id FROM tags WHERE name = 'gray'));
INSERT OR IGNORE INTO tags (name) VALUES ('yellow');
INSERT INTO photo_tags (photo_idx, tag_id) VALUES ((SELECT photo_idx FROM photos WHERE photo_id = 3607), (SELECT tag_id FROM tags WHERE name = 'yellow'));
INSERT OR IGNORE INTO tags (name) VALUES ('rock');
INSERT INTO photo_tags (photo_idx, tag_id) VALUES ((SELECT photo_idx FROM photos WHERE photo_id = 3607), (SELECT tag_id FROM tags WHERE name = 'rock'));

INSERT INTO photos (photo_id, photo_title, photo_collection, photo_location, photo_year, camera, film_stock, film_format) VALUES (3608, 'Plume Agate', 'Rocks', 'Graveyard Point, Malheur County, Oregon', 2011, 'PhaseOne 645DF', 'PhaseOne P65 Plus', '6 x 4.5 cm');
INSERT INTO photos_fts (photo_idx, photo_id, photo_title, photo_collection, photo_location, photo_year, camera, film_stock, film_format, tag_names) VALUES ((SELECT photo_idx FROM photos WHERE photo_id = 3608), 3608, 'Plume Agate', 'Rocks', 'Graveyard Point, Malheur County, Oregon', 2011, 'PhaseOne 645DF', 'PhaseOne P65 Plus', '6 x 4.5 cm', 'horizontal,abstract,closeup,color,studio,newest,blue,rock');
INSERT OR IGNORE INTO tags (name) VALUES ('horizontal');
INSERT INTO photo_tags (photo_idx, tag_id) VALUES ((SELECT photo_idx FROM photos WHERE photo_id = 3608), (SELECT tag_id FROM tags WHERE name = 'horizontal'));
INSERT OR IGNORE INTO tags (name) VALUES ('abstract');
INSERT INTO photo_tags (photo_idx, tag_id) VALUES ((SELECT photo_idx FROM photos WHERE photo_id = 3608), (SELECT tag_id FROM tags WHERE name = 'abstract'));
INSERT OR IGNORE INTO tags (name) VALUES ('closeup');
INSERT INTO photo_tags (photo_idx, tag_id) VALUES ((SELECT photo_idx FROM photos WHERE photo_id = 3608), (SELECT tag_id FROM tags WHERE name = 'closeup'));
INSERT OR IGNORE INTO tags (name) VALUES ('color');
INSERT INTO photo_tags (photo_idx, tag_id) VALUES ((SELECT photo_idx FROM photos WHERE photo_id = 3608), (SELECT tag_id FROM tags WHERE name = 'color'));
INSERT OR IGNORE INTO tags (name) VALUES ('studio');
INSERT INTO photo_tags (photo_idx, tag_id) VALUES ((SELECT photo_idx FROM photos WHERE photo_id = 3608), (SELECT tag_id FROM tags WHERE name = 'studio'));
INSERT OR IGNORE INTO tags (name) VALUES ('newest');
INSERT INTO photo_tags (photo_idx, tag_id) VALUES ((SELECT photo_idx FROM photos WHERE photo_id = 3608), (SELECT tag_id FROM tags WHERE name = 'newest'));
INSERT OR IGNORE INTO tags (name) VALUES ('blue');
INSERT INTO photo_tags (photo_idx, tag_id) VALUES ((SELECT photo_idx FROM photos WHERE photo_id = 3608), (SELECT tag_id FROM tags WHERE name = 'blue'));
INSERT OR IGNORE INTO tags (name) VALUES ('rock');
INSERT INTO photo_tags (photo_idx, tag_id) VALUES ((SELECT photo_idx FROM photos WHERE photo_id = 3608), (SELECT tag_id FROM tags WHERE name = 'rock'));

INSERT INTO photos (photo_id, photo_title, photo_collection, photo_location, photo_year, camera, film_stock, film_format) VALUES (3609, 'Marra Mamba Tiger''s-Eye', 'Rocks', 'Mount Brockman Station, Hamersley Ranges, Western Australia', 2011, 'PhaseOne 645DF', 'PhaseOne P65 Plus', '6 x 4.5 cm');
INSERT INTO photos_fts (photo_idx, photo_id, photo_title, photo_collection, photo_location, photo_year, camera, film_stock, film_format, tag_names) VALUES ((SELECT photo_idx FROM photos WHERE photo_id = 3609), 3609, 'Marra Mamba Tiger''s-Eye', 'Rocks', 'Mount Brockman Station, Hamersley Ranges, Western Australia', 2011, 'PhaseOne 645DF', 'PhaseOne P65 Plus', '6 x 4.5 cm', 'horizontal,abstract,closeup,color,studio,newest,gold,rock');
INSERT OR IGNORE INTO tags (name) VALUES ('horizontal');
INSERT INTO photo_tags (photo_idx, tag_id) VALUES ((SELECT photo_idx FROM photos WHERE photo_id = 3609), (SELECT tag_id FROM tags WHERE name = 'horizontal'));
INSERT OR IGNORE INTO tags (name) VALUES ('abstract');
INSERT INTO photo_tags (photo_idx, tag_id) VALUES ((SELECT photo_idx FROM photos WHERE photo_id = 3609), (SELECT tag_id FROM tags WHERE name = 'abstract'));
INSERT OR IGNORE INTO tags (name) VALUES ('closeup');
INSERT INTO photo_tags (photo_idx, tag_id) VALUES ((SELECT photo_idx FROM photos WHERE photo_id = 3609), (SELECT tag_id FROM tags WHERE name = 'closeup'));
INSERT OR IGNORE INTO tags (name) VALUES ('color');
INSERT INTO photo_tags (photo_idx, tag_id) VALUES ((SELECT photo_idx FROM photos WHERE photo_id = 3609), (SELECT tag_id FROM tags WHERE name = 'color'));
INSERT OR IGNORE INTO tags (name) VALUES ('studio');
INSERT INTO photo_tags (photo_idx, tag_id) VALUES ((SELECT photo_idx FROM photos WHERE photo_id = 3609), (SELECT tag_id FROM tags WHERE name = 'studio'));
INSERT OR IGNORE INTO tags (name) VALUES ('newest');
INSERT INTO photo_tags (photo_idx, tag_id) VALUES ((SELECT photo_idx FROM photos WHERE photo_id = 3609), (SELECT tag_id FROM tags WHERE name = 'newest'));
INSERT OR IGNORE INTO tags (name) VALUES ('gold');
INSERT INTO photo_tags (photo_idx, tag_id) VALUES ((SELECT photo_idx FROM photos WHERE photo_id = 3609), (SELECT tag_id FROM tags WHERE name = 'gold'));
INSERT OR IGNORE INTO tags (name) VALUES ('rock');
INSERT INTO photo_tags (photo_idx, tag_id) VALUES ((SELECT photo_idx FROM photos WHERE photo_id = 3609), (SELECT tag_id FROM tags WHERE name = 'rock'));

INSERT INTO photos (photo_id, photo_title, photo_collection, photo_location, photo_year, camera, film_stock, film_format) VALUES (3610, 'Petrified Wood', 'Rocks', 'Near Petrified Forest National Park, Arizona', 2011, 'PhaseOne 645DF', 'PhaseOne P65 Plus', '6 x 4.5 cm');
INSERT INTO photos_fts (photo_idx, photo_id, photo_title, photo_collection, photo_location, photo_year, camera, film_stock, film_format, tag_names) VALUES ((SELECT photo_idx FROM photos WHERE photo_id = 3610), 3610, 'Petrified Wood', 'Rocks', 'Near Petrified Forest National Park, Arizona', 2011, 'PhaseOne 645DF', 'PhaseOne P65 Plus', '6 x 4.5 cm', 'horizontal,abstract,closeup,color,studio,newest,red,rock');
INSERT OR IGNORE INTO tags (name) VALUES ('horizontal');
INSERT INTO photo_tags (photo_idx, tag_id) VALUES ((SELECT photo_idx FROM photos WHERE photo_id = 3610), (SELECT tag_id FROM tags WHERE name = 'horizontal'));
INSERT OR IGNORE INTO tags (name) VALUES ('abstract');
INSERT INTO photo_tags (photo_idx, tag_id) VALUES ((SELECT photo_idx FROM photos WHERE photo_id = 3610), (SELECT tag_id FROM tags WHERE name = 'abstract'));
INSERT OR IGNORE INTO tags (name) VALUES ('closeup');
INSERT INTO photo_tags (photo_idx, tag_id) VALUES ((SELECT photo_idx FROM photos WHERE photo_id = 3610), (SELECT tag_id FROM tags WHERE name = 'closeup'));
INSERT OR IGNORE INTO tags (name) VALUES ('color');
INSERT INTO photo_tags (photo_idx, tag_id) VALUES ((SELECT photo_idx FROM photos WHERE photo_id = 3610), (SELECT tag_id FROM tags WHERE name = 'color'));
INSERT OR IGNORE INTO tags (name) VALUES ('studio');
INSERT INTO photo_tags (photo_idx, tag_id) VALUES ((SELECT photo_idx FROM photos WHERE photo_id = 3610), (SELECT tag_id FROM tags WHERE name = 'studio'));
INSERT OR IGNORE INTO tags (name) VALUES ('newest');
INSERT INTO photo_tags (photo_idx, tag_id) VALUES ((SELECT photo_idx FROM photos WHERE photo_id = 3610), (SELECT tag_id FROM tags WHERE name = 'newest'));
INSERT OR IGNORE INTO tags (name) VALUES ('red');
INSERT INTO photo_tags (photo_idx, tag_id) VALUES ((SELECT photo_idx FROM photos WHERE photo_id = 3610), (SELECT tag_id FROM tags WHERE name = 'red'));
INSERT OR IGNORE INTO tags (name) VALUES ('rock');
INSERT INTO photo_tags (photo_idx, tag_id) VALUES ((SELECT photo_idx FROM photos WHERE photo_id = 3610), (SELECT tag_id FROM tags WHERE name = 'rock'));

INSERT INTO photos (photo_id, photo_title, photo_collection, photo_location, photo_year, camera, film_stock, film_format) VALUES (3611, 'Petrified Wood', 'Rocks', 'Near Petrified Forest National Park, Arizona', 2011, 'PhaseOne 645DF', 'PhaseOne P65 Plus', '6 x 4.5 cm');
INSERT INTO photos_fts (photo_idx, photo_id, photo_title, photo_collection, photo_location, photo_year, camera, film_stock, film_format, tag_names) VALUES ((SELECT photo_idx FROM photos WHERE photo_id = 3611), 3611, 'Petrified Wood', 'Rocks', 'Near Petrified Forest National Park, Arizona', 2011, 'PhaseOne 645DF', 'PhaseOne P65 Plus', '6 x 4.5 cm', 'horizontal,abstract,closeup,color,studio,newest,red,rock');
INSERT OR IGNORE INTO tags (name) VALUES ('horizontal');
INSERT INTO photo_tags (photo_idx, tag_id) VALUES ((SELECT photo_idx FROM photos WHERE photo_id = 3611), (SELECT tag_id FROM tags WHERE name = 'horizontal'));
INSERT OR IGNORE INTO tags (name) VALUES ('abstract');
INSERT INTO photo_tags (photo_idx, tag_id) VALUES ((SELECT photo_idx FROM photos WHERE photo_id = 3611), (SELECT tag_id FROM tags WHERE name = 'abstract'));
INSERT OR IGNORE INTO tags (name) VALUES ('closeup');
INSERT INTO photo_tags (photo_idx, tag_id) VALUES ((SELECT photo_idx FROM photos WHERE photo_id = 3611), (SELECT tag_id FROM tags WHERE name = 'closeup'));
INSERT OR IGNORE INTO tags (name) VALUES ('color');
INSERT INTO photo_tags (photo_idx, tag_id) VALUES ((SELECT photo_idx FROM photos WHERE photo_id = 3611), (SELECT tag_id FROM tags WHERE name = 'color'));
INSERT OR IGNORE INTO tags (name) VALUES ('studio');
INSERT INTO photo_tags (photo_idx, tag_id) VALUES ((SELECT photo_idx FROM photos WHERE photo_id = 3611), (SELECT tag_id FROM tags WHERE name = 'studio'));
INSERT OR IGNORE INTO tags (name) VALUES ('newest');
INSERT INTO photo_tags (photo_idx, tag_id) VALUES ((SELECT photo_idx FROM photos WHERE photo_id = 3611), (SELECT tag_id FROM tags WHERE name = 'newest'));
INSERT OR IGNORE INTO tags (name) VALUES ('red');
INSERT INTO photo_tags (photo_idx, tag_id) VALUES ((SELECT photo_idx FROM photos WHERE photo_id = 3611), (SELECT tag_id FROM tags WHERE name = 'red'));
INSERT OR IGNORE INTO tags (name) VALUES ('rock');
INSERT INTO photo_tags (photo_idx, tag_id) VALUES ((SELECT photo_idx FROM photos WHERE photo_id = 3611), (SELECT tag_id FROM tags WHERE name = 'rock'));

INSERT INTO photos (photo_id, photo_title, photo_collection, photo_location, photo_year, camera, film_stock, film_format) VALUES (3612, 'Petrified Wood', 'Rocks', 'Near Petrified Forest National Park, Arizona', 2011, 'PhaseOne 645DF', 'PhaseOne P65 Plus', '6 x 4.5 cm');
INSERT INTO photos_fts (photo_idx, photo_id, photo_title, photo_collection, photo_location, photo_year, camera, film_stock, film_format, tag_names) VALUES ((SELECT photo_idx FROM photos WHERE photo_id = 3612), 3612, 'Petrified Wood', 'Rocks', 'Near Petrified Forest National Park, Arizona', 2011, 'PhaseOne 645DF', 'PhaseOne P65 Plus', '6 x 4.5 cm', 'horizontal,abstract,closeup,color,studio,newest,green,red,rock');
INSERT OR IGNORE INTO tags (name) VALUES ('horizontal');
INSERT INTO photo_tags (photo_idx, tag_id) VALUES ((SELECT photo_idx FROM photos WHERE photo_id = 3612), (SELECT tag_id FROM tags WHERE name = 'horizontal'));
INSERT OR IGNORE INTO tags (name) VALUES ('abstract');
INSERT INTO photo_tags (photo_idx, tag_id) VALUES ((SELECT photo_idx FROM photos WHERE photo_id = 3612), (SELECT tag_id FROM tags WHERE name = 'abstract'));
INSERT OR IGNORE INTO tags (name) VALUES ('closeup');
INSERT INTO photo_tags (photo_idx, tag_id) VALUES ((SELECT photo_idx FROM photos WHERE photo_id = 3612), (SELECT tag_id FROM tags WHERE name = 'closeup'));
INSERT OR IGNORE INTO tags (name) VALUES ('color');
INSERT INTO photo_tags (photo_idx, tag_id) VALUES ((SELECT photo_idx FROM photos WHERE photo_id = 3612), (SELECT tag_id FROM tags WHERE name = 'color'));
INSERT OR IGNORE INTO tags (name) VALUES ('studio');
INSERT INTO photo_tags (photo_idx, tag_id) VALUES ((SELECT photo_idx FROM photos WHERE photo_id = 3612), (SELECT tag_id FROM tags WHERE name = 'studio'));
INSERT OR IGNORE INTO tags (name) VALUES ('newest');
INSERT INTO photo_tags (photo_idx, tag_id) VALUES ((SELECT photo_idx FROM photos WHERE photo_id = 3612), (SELECT tag_id FROM tags WHERE name = 'newest'));
INSERT OR IGNORE INTO tags (name) VALUES ('green');
INSERT INTO photo_tags (photo_idx, tag_id) VALUES ((SELECT photo_idx FROM photos WHERE photo_id = 3612), (SELECT tag_id FROM tags WHERE name = 'green'));
INSERT OR IGNORE INTO tags (name) VALUES ('red');
INSERT INTO photo_tags (photo_idx, tag_id) VALUES ((SELECT photo_idx FROM photos WHERE photo_id = 3612), (SELECT tag_id FROM tags WHERE name = 'red'));
INSERT OR IGNORE INTO tags (name) VALUES ('rock');
INSERT INTO photo_tags (photo_idx, tag_id) VALUES ((SELECT photo_idx FROM photos WHERE photo_id = 3612), (SELECT tag_id FROM tags WHERE name = 'rock'));

INSERT INTO photos (photo_id, photo_title, photo_collection, photo_location, photo_year, camera, film_stock, film_format) VALUES (3613, 'Ocean Jasper', 'Rocks', 'Madagascar', 2011, 'PhaseOne 645DF', 'PhaseOne P65 Plus', '6 x 4.5 cm');
INSERT INTO photos_fts (photo_idx, photo_id, photo_title, photo_collection, photo_location, photo_year, camera, film_stock, film_format, tag_names) VALUES ((SELECT photo_idx FROM photos WHERE photo_id = 3613), 3613, 'Ocean Jasper', 'Rocks', 'Madagascar', 2011, 'PhaseOne 645DF', 'PhaseOne P65 Plus', '6 x 4.5 cm', 'horizontal,abstract,closeup,color,studio,newest,red,rock');
INSERT OR IGNORE INTO tags (name) VALUES ('horizontal');
INSERT INTO photo_tags (photo_idx, tag_id) VALUES ((SELECT photo_idx FROM photos WHERE photo_id = 3613), (SELECT tag_id FROM tags WHERE name = 'horizontal'));
INSERT OR IGNORE INTO tags (name) VALUES ('abstract');
INSERT INTO photo_tags (photo_idx, tag_id) VALUES ((SELECT photo_idx FROM photos WHERE photo_id = 3613), (SELECT tag_id FROM tags WHERE name = 'abstract'));
INSERT OR IGNORE INTO tags (name) VALUES ('closeup');
INSERT INTO photo_tags (photo_idx, tag_id) VALUES ((SELECT photo_idx FROM photos WHERE photo_id = 3613), (SELECT tag_id FROM tags WHERE name = 'closeup'));
INSERT OR IGNORE INTO tags (name) VALUES ('color');
INSERT INTO photo_tags (photo_idx, tag_id) VALUES ((SELECT photo_idx FROM photos WHERE photo_id = 3613), (SELECT tag_id FROM tags WHERE name = 'color'));
INSERT OR IGNORE INTO tags (name) VALUES ('studio');
INSERT INTO photo_tags (photo_idx, tag_id) VALUES ((SELECT photo_idx FROM photos WHERE photo_id = 3613), (SELECT tag_id FROM tags WHERE name = 'studio'));
INSERT OR IGNORE INTO tags (name) VALUES ('newest');
INSERT INTO photo_tags (photo_idx, tag_id) VALUES ((SELECT photo_idx FROM photos WHERE photo_id = 3613), (SELECT tag_id FROM tags WHERE name = 'newest'));
INSERT OR IGNORE INTO tags (name) VALUES ('red');
INSERT INTO photo_tags (photo_idx, tag_id) VALUES ((SELECT photo_idx FROM photos WHERE photo_id = 3613), (SELECT tag_id FROM tags WHERE name = 'red'));
INSERT OR IGNORE INTO tags (name) VALUES ('rock');
INSERT INTO photo_tags (photo_idx, tag_id) VALUES ((SELECT photo_idx FROM photos WHERE photo_id = 3613), (SELECT tag_id FROM tags WHERE name = 'rock'));

INSERT INTO photos (photo_id, photo_title, photo_collection, photo_location, photo_year, camera, film_stock, film_format) VALUES (3614, 'Rocky Butte Picture Jasper', 'Rocks', 'Owyhee Mountains, Eastern Oregon', 2011, 'PhaseOne 645DF', 'PhaseOne P65 Plus', '6 x 4.5 cm');
INSERT INTO photos_fts (photo_idx, photo_id, photo_title, photo_collection, photo_location, photo_year, camera, film_stock, film_format, tag_names) VALUES ((SELECT photo_idx FROM photos WHERE photo_id = 3614), 3614, 'Rocky Butte Picture Jasper', 'Rocks', 'Owyhee Mountains, Eastern Oregon', 2011, 'PhaseOne 645DF', 'PhaseOne P65 Plus', '6 x 4.5 cm', 'horizontal,abstract,closeup,color,studio,newest,brown,tan,rock');
INSERT OR IGNORE INTO tags (name) VALUES ('horizontal');
INSERT INTO photo_tags (photo_idx, tag_id) VALUES ((SELECT photo_idx FROM photos WHERE photo_id = 3614), (SELECT tag_id FROM tags WHERE name = 'horizontal'));
INSERT OR IGNORE INTO tags (name) VALUES ('abstract');
INSERT INTO photo_tags (photo_idx, tag_id) VALUES ((SELECT photo_idx FROM photos WHERE photo_id = 3614), (SELECT tag_id FROM tags WHERE name = 'abstract'));
INSERT OR IGNORE INTO tags (name) VALUES ('closeup');
INSERT INTO photo_tags (photo_idx, tag_id) VALUES ((SELECT photo_idx FROM photos WHERE photo_id = 3614), (SELECT tag_id FROM tags WHERE name = 'closeup'));
INSERT OR IGNORE INTO tags (name) VALUES ('color');
INSERT INTO photo_tags (photo_idx, tag_id) VALUES ((SELECT photo_idx FROM photos WHERE photo_id = 3614), (SELECT tag_id FROM tags WHERE name = 'color'));
INSERT OR IGNORE INTO tags (name) VALUES ('studio');
INSERT INTO photo_tags (photo_idx, tag_id) VALUES ((SELECT photo_idx FROM photos WHERE photo_id = 3614), (SELECT tag_id FROM tags WHERE name = 'studio'));
INSERT OR IGNORE INTO tags (name) VALUES ('newest');
INSERT INTO photo_tags (photo_idx, tag_id) VALUES ((SELECT photo_idx FROM photos WHERE photo_id = 3614), (SELECT tag_id FROM tags WHERE name = 'newest'));
INSERT OR IGNORE INTO tags (name) VALUES ('brown');
INSERT INTO photo_tags (photo_idx, tag_id) VALUES ((SELECT photo_idx FROM photos WHERE photo_id = 3614), (SELECT tag_id FROM tags WHERE name = 'brown'));
INSERT OR IGNORE INTO tags (name) VALUES ('tan');
INSERT INTO photo_tags (photo_idx, tag_id) VALUES ((SELECT photo_idx FROM photos WHERE photo_id = 3614), (SELECT tag_id FROM tags WHERE name = 'tan'));
INSERT OR IGNORE INTO tags (name) VALUES ('rock');
INSERT INTO photo_tags (photo_idx, tag_id) VALUES ((SELECT photo_idx FROM photos WHERE photo_id = 3614), (SELECT tag_id FROM tags WHERE name = 'rock'));

INSERT INTO photos (photo_id, photo_title, photo_collection, photo_location, photo_year, camera, film_stock, film_format) VALUES (3615, 'Chrysocolla and Cuprite', 'Rocks', 'Millpillas Mine, Sonora, Mexico', 2011, 'PhaseOne 645DF', 'PhaseOne P65 Plus', '6 x 4.5 cm');
INSERT INTO photos_fts (photo_idx, photo_id, photo_title, photo_collection, photo_location, photo_year, camera, film_stock, film_format, tag_names) VALUES ((SELECT photo_idx FROM photos WHERE photo_id = 3615), 3615, 'Chrysocolla and Cuprite', 'Rocks', 'Millpillas Mine, Sonora, Mexico', 2011, 'PhaseOne 645DF', 'PhaseOne P65 Plus', '6 x 4.5 cm', 'vertical,abstract,closeup,color,studio,newest,green,red,rock');
INSERT OR IGNORE INTO tags (name) VALUES ('vertical');
INSERT INTO photo_tags (photo_idx, tag_id) VALUES ((SELECT photo_idx FROM photos WHERE photo_id = 3615), (SELECT tag_id FROM tags WHERE name = 'vertical'));
INSERT OR IGNORE INTO tags (name) VALUES ('abstract');
INSERT INTO photo_tags (photo_idx, tag_id) VALUES ((SELECT photo_idx FROM photos WHERE photo_id = 3615), (SELECT tag_id FROM tags WHERE name = 'abstract'));
INSERT OR IGNORE INTO tags (name) VALUES ('closeup');
INSERT INTO photo_tags (photo_idx, tag_id) VALUES ((SELECT photo_idx FROM photos WHERE photo_id = 3615), (SELECT tag_id FROM tags WHERE name = 'closeup'));
INSERT OR IGNORE INTO tags (name) VALUES ('color');
INSERT INTO photo_tags (photo_idx, tag_id) VALUES ((SELECT photo_idx FROM photos WHERE photo_id = 3615), (SELECT tag_id FROM tags WHERE name = 'color'));
INSERT OR IGNORE INTO tags (name) VALUES ('studio');
INSERT INTO photo_tags (photo_idx, tag_id) VALUES ((SELECT photo_idx FROM photos WHERE photo_id = 3615), (SELECT tag_id FROM tags WHERE name = 'studio'));
INSERT OR IGNORE INTO tags (name) VALUES ('newest');
INSERT INTO photo_tags (photo_idx, tag_id) VALUES ((SELECT photo_idx FROM photos WHERE photo_id = 3615), (SELECT tag_id FROM tags WHERE name = 'newest'));
INSERT OR IGNORE INTO tags (name) VALUES ('green');
INSERT INTO photo_tags (photo_idx, tag_id) VALUES ((SELECT photo_idx FROM photos WHERE photo_id = 3615), (SELECT tag_id FROM tags WHERE name = 'green'));
INSERT OR IGNORE INTO tags (name) VALUES ('red');
INSERT INTO photo_tags (photo_idx, tag_id) VALUES ((SELECT photo_idx FROM photos WHERE photo_id = 3615), (SELECT tag_id FROM tags WHERE name = 'red'));
INSERT OR IGNORE INTO tags (name) VALUES ('rock');
INSERT INTO photo_tags (photo_idx, tag_id) VALUES ((SELECT photo_idx FROM photos WHERE photo_id = 3615), (SELECT tag_id FROM tags WHERE name = 'rock'));

INSERT INTO photos (photo_id, photo_title, photo_collection, photo_location, photo_year, camera, film_stock, film_format) VALUES (3616, 'Chrysocolla and Cuprite', 'Rocks', 'Millpillas Mine, Sonora, Mexico', 2011, 'PhaseOne 645DF', 'PhaseOne P65 Plus', '6 x 4.5 cm');
INSERT INTO photos_fts (photo_idx, photo_id, photo_title, photo_collection, photo_location, photo_year, camera, film_stock, film_format, tag_names) VALUES ((SELECT photo_idx FROM photos WHERE photo_id = 3616), 3616, 'Chrysocolla and Cuprite', 'Rocks', 'Millpillas Mine, Sonora, Mexico', 2011, 'PhaseOne 645DF', 'PhaseOne P65 Plus', '6 x 4.5 cm', 'horizontal,abstract,closeup,color,studio,newest,green,red,rock');
INSERT OR IGNORE INTO tags (name) VALUES ('horizontal');
INSERT INTO photo_tags (photo_idx, tag_id) VALUES ((SELECT photo_idx FROM photos WHERE photo_id = 3616), (SELECT tag_id FROM tags WHERE name = 'horizontal'));
INSERT OR IGNORE INTO tags (name) VALUES ('abstract');
INSERT INTO photo_tags (photo_idx, tag_id) VALUES ((SELECT photo_idx FROM photos WHERE photo_id = 3616), (SELECT tag_id FROM tags WHERE name = 'abstract'));
INSERT OR IGNORE INTO tags (name) VALUES ('closeup');
INSERT INTO photo_tags (photo_idx, tag_id) VALUES ((SELECT photo_idx FROM photos WHERE photo_id = 3616), (SELECT tag_id FROM tags WHERE name = 'closeup'));
INSERT OR IGNORE INTO tags (name) VALUES ('color');
INSERT INTO photo_tags (photo_idx, tag_id) VALUES ((SELECT photo_idx FROM photos WHERE photo_id = 3616), (SELECT tag_id FROM tags WHERE name = 'color'));
INSERT OR IGNORE INTO tags (name) VALUES ('studio');
INSERT INTO photo_tags (photo_idx, tag_id) VALUES ((SELECT photo_idx FROM photos WHERE photo_id = 3616), (SELECT tag_id FROM tags WHERE name = 'studio'));
INSERT OR IGNORE INTO tags (name) VALUES ('newest');
INSERT INTO photo_tags (photo_idx, tag_id) VALUES ((SELECT photo_idx FROM photos WHERE photo_id = 3616), (SELECT tag_id FROM tags WHERE name = 'newest'));
INSERT OR IGNORE INTO tags (name) VALUES ('green');
INSERT INTO photo_tags (photo_idx, tag_id) VALUES ((SELECT photo_idx FROM photos WHERE photo_id = 3616), (SELECT tag_id FROM tags WHERE name = 'green'));
INSERT OR IGNORE INTO tags (name) VALUES ('red');
INSERT INTO photo_tags (photo_idx, tag_id) VALUES ((SELECT photo_idx FROM photos WHERE photo_id = 3616), (SELECT tag_id FROM tags WHERE name = 'red'));
INSERT OR IGNORE INTO tags (name) VALUES ('rock');
INSERT INTO photo_tags (photo_idx, tag_id) VALUES ((SELECT photo_idx FROM photos WHERE photo_id = 3616), (SELECT tag_id FROM tags WHERE name = 'rock'));

INSERT INTO photos (photo_id, photo_title, photo_collection, photo_location, photo_year, camera, film_stock, film_format) VALUES (4801, 'Turret Arch through North Window', 'Utah', 'Arches National Park, Utah', 2011, '', '', '');
INSERT INTO photos_fts (photo_idx, photo_id, photo_title, photo_collection, photo_location, photo_year, camera, film_stock, film_format, tag_names) VALUES ((SELECT photo_idx FROM photos WHERE photo_id = 4801), 4801, 'Turret Arch through North Window', 'Utah', 'Arches National Park, Utah', 2011, '', '', '', 'canyon');
INSERT OR IGNORE INTO tags (name) VALUES ('canyon');
INSERT INTO photo_tags (photo_idx, tag_id) VALUES ((SELECT photo_idx FROM photos WHERE photo_id = 4801), (SELECT tag_id FROM tags WHERE name = 'canyon'));

INSERT INTO photos (photo_id, photo_title, photo_collection, photo_location, photo_year, camera, film_stock, film_format) VALUES (4802, 'Mesa Arch', 'Utah', 'Canyonlands National Park, Utah', 2011, '', '', '');
INSERT INTO photos_fts (photo_idx, photo_id, photo_title, photo_collection, photo_location, photo_year, camera, film_stock, film_format, tag_names) VALUES ((SELECT photo_idx FROM photos WHERE photo_id = 4802), 4802, 'Mesa Arch', 'Utah', 'Canyonlands National Park, Utah', 2011, '', '', '', 'canyon');
INSERT OR IGNORE INTO tags (name) VALUES ('canyon');
INSERT INTO photo_tags (photo_idx, tag_id) VALUES ((SELECT photo_idx FROM photos WHERE photo_id = 4802), (SELECT tag_id FROM tags WHERE name = 'canyon'));

INSERT INTO photos (photo_id, photo_title, photo_collection, photo_location, photo_year, camera, film_stock, film_format) VALUES (4901, 'Lupine and Mountains', 'Patagonia', 'Near Lago Carrera, Patagonia', 2011, '', '', '');
INSERT INTO photos_fts (photo_idx, photo_id, photo_title, photo_collection, photo_location, photo_year, camera, film_stock, film_format, tag_names) VALUES ((SELECT photo_idx FROM photos WHERE photo_id = 4901), 4901, 'Lupine and Mountains', 'Patagonia', 'Near Lago Carrera, Patagonia', 2011, '', '', '', 'wildflowers,flowers,field');
INSERT OR IGNORE INTO tags (name) VALUES ('wildflowers');
INSERT INTO photo_tags (photo_idx, tag_id) VALUES ((SELECT photo_idx FROM photos WHERE photo_id = 4901), (SELECT tag_id FROM tags WHERE name = 'wildflowers'));
INSERT OR IGNORE INTO tags (name) VALUES ('flowers');
INSERT INTO photo_tags (photo_idx, tag_id) VALUES ((SELECT photo_idx FROM photos WHERE photo_id = 4901), (SELECT tag_id FROM tags WHERE name = 'flowers'));
INSERT OR IGNORE INTO tags (name) VALUES ('field');
INSERT INTO photo_tags (photo_idx, tag_id) VALUES ((SELECT photo_idx FROM photos WHERE photo_id = 4901), (SELECT tag_id FROM tags WHERE name = 'field'));

INSERT INTO photos (photo_id, photo_title, photo_collection, photo_location, photo_year, camera, film_stock, film_format) VALUES (4902, 'Nineo Bushes and Mountains', 'Patagonia', 'Chacabuco Valley, Patagonia', 2011, '', '', '');
INSERT INTO photos_fts (photo_idx, photo_id, photo_title, photo_collection, photo_location, photo_year, camera, film_stock, film_format, tag_names) VALUES ((SELECT photo_idx FROM photos WHERE photo_id = 4902), 4902, 'Nineo Bushes and Mountains', 'Patagonia', 'Chacabuco Valley, Patagonia', 2011, '', '', '', 'wildflowers,flowers,field');
INSERT OR IGNORE INTO tags (name) VALUES ('wildflowers');
INSERT INTO photo_tags (photo_idx, tag_id) VALUES ((SELECT photo_idx FROM photos WHERE photo_id = 4902), (SELECT tag_id FROM tags WHERE name = 'wildflowers'));
INSERT OR IGNORE INTO tags (name) VALUES ('flowers');
INSERT INTO photo_tags (photo_idx, tag_id) VALUES ((SELECT photo_idx FROM photos WHERE photo_id = 4902), (SELECT tag_id FROM tags WHERE name = 'flowers'));
INSERT OR IGNORE INTO tags (name) VALUES ('field');
INSERT INTO photo_tags (photo_idx, tag_id) VALUES ((SELECT photo_idx FROM photos WHERE photo_id = 4902), (SELECT tag_id FROM tags WHERE name = 'field'));

INSERT INTO photos (photo_id, photo_title, photo_collection, photo_location, photo_year, camera, film_stock, film_format) VALUES (4903, 'Lakeshore Stones', 'Patagonia', 'Lago Carrera, Patagonia', 2011, '', '', '');
INSERT INTO photos_fts (photo_idx, photo_id, photo_title, photo_collection, photo_location, photo_year, camera, film_stock, film_format, tag_names) VALUES ((SELECT photo_idx FROM photos WHERE photo_id = 4903), 4903, 'Lakeshore Stones', 'Patagonia', 'Lago Carrera, Patagonia', 2011, '', '', '', 'rock');
INSERT OR IGNORE INTO tags (name) VALUES ('rock');
INSERT INTO photo_tags (photo_idx, tag_id) VALUES ((SELECT photo_idx FROM photos WHERE photo_id = 4903), (SELECT tag_id FROM tags WHERE name = 'rock'));

INSERT INTO photos (photo_id, photo_title, photo_collection, photo_location, photo_year, camera, film_stock, film_format) VALUES (4904, 'Reflected Sunset', 'Patagonia', 'Lago Carrera, Patagonia', 2011, '', '', '');
INSERT INTO photos_fts (photo_idx, photo_id, photo_title, photo_collection, photo_location, photo_year, camera, film_stock, film_format, tag_names) VALUES ((SELECT photo_idx FROM photos WHERE photo_id = 4904), 4904, 'Reflected Sunset', 'Patagonia', 'Lago Carrera, Patagonia', 2011, '', '', '', 'ocean');
INSERT OR IGNORE INTO tags (name) VALUES ('ocean');
INSERT INTO photo_tags (photo_idx, tag_id) VALUES ((SELECT photo_idx FROM photos WHERE photo_id = 4904), (SELECT tag_id FROM tags WHERE name = 'ocean'));

INSERT INTO photos (photo_id, photo_title, photo_collection, photo_location, photo_year, camera, film_stock, film_format) VALUES (4905, 'Ceiling Fins in Marble Cavern', 'Patagonia', 'Lago Carrera, Patagonia', 2011, '', '', '');
INSERT INTO photos_fts (photo_idx, photo_id, photo_title, photo_collection, photo_location, photo_year, camera, film_stock, film_format, tag_names) VALUES ((SELECT photo_idx FROM photos WHERE photo_id = 4905), 4905, 'Ceiling Fins in Marble Cavern', 'Patagonia', 'Lago Carrera, Patagonia', 2011, '', '', '', 'rock');
INSERT OR IGNORE INTO tags (name) VALUES ('rock');
INSERT INTO photo_tags (photo_idx, tag_id) VALUES ((SELECT photo_idx FROM photos WHERE photo_id = 4905), (SELECT tag_id FROM tags WHERE name = 'rock'));

INSERT INTO photos (photo_id, photo_title, photo_collection, photo_location, photo_year, camera, film_stock, film_format) VALUES (4906, 'Marble Cavern', 'Patagonia', 'Lago Carrera, Patagonia', 2011, '', '', '');
INSERT INTO photos_fts (photo_idx, photo_id, photo_title, photo_collection, photo_location, photo_year, camera, film_stock, film_format, tag_names) VALUES ((SELECT photo_idx FROM photos WHERE photo_id = 4906), 4906, 'Marble Cavern', 'Patagonia', 'Lago Carrera, Patagonia', 2011, '', '', '', 'rock');
INSERT OR IGNORE INTO tags (name) VALUES ('rock');
INSERT INTO photo_tags (photo_idx, tag_id) VALUES ((SELECT photo_idx FROM photos WHERE photo_id = 4906), (SELECT tag_id FROM tags WHERE name = 'rock'));

INSERT INTO photos (photo_id, photo_title, photo_collection, photo_location, photo_year, camera, film_stock, film_format) VALUES (4907, 'Nineo Bush', 'Patagonia', 'Chacabuco Valley, Patagonia', 2011, '', '', '');
INSERT INTO photos_fts (photo_idx, photo_id, photo_title, photo_collection, photo_location, photo_year, camera, film_stock, film_format, tag_names) VALUES ((SELECT photo_idx FROM photos WHERE photo_id = 4907), 4907, 'Nineo Bush', 'Patagonia', 'Chacabuco Valley, Patagonia', 2011, '', '', '', 'green');
INSERT OR IGNORE INTO tags (name) VALUES ('green');
INSERT INTO photo_tags (photo_idx, tag_id) VALUES ((SELECT photo_idx FROM photos WHERE photo_id = 4907), (SELECT tag_id FROM tags WHERE name = 'green'));

INSERT INTO photos (photo_id, photo_title, photo_collection, photo_location, photo_year, camera, film_stock, film_format) VALUES (4908, 'Spreading Nineo Bushes', 'Patagonia', 'Chacabuco Valley, Patagonia', 2011, '', '', '');
INSERT INTO photos_fts (photo_idx, photo_id, photo_title, photo_collection, photo_location, photo_year, camera, film_stock, film_format, tag_names) VALUES ((SELECT photo_idx FROM photos WHERE photo_id = 4908), 4908, 'Spreading Nineo Bushes', 'Patagonia', 'Chacabuco Valley, Patagonia', 2011, '', '', '', 'green');
INSERT OR IGNORE INTO tags (name) VALUES ('green');
INSERT INTO photo_tags (photo_idx, tag_id) VALUES ((SELECT photo_idx FROM photos WHERE photo_id = 4908), (SELECT tag_id FROM tags WHERE name = 'green'));

INSERT INTO photos (photo_id, photo_title, photo_collection, photo_location, photo_year, camera, film_stock, film_format) VALUES (4909, 'Dramatic Sunset Clouds', 'Patagonia', 'Lago Carrera, Patagonia', 2011, '', '', '');
INSERT INTO photos_fts (photo_idx, photo_id, photo_title, photo_collection, photo_location, photo_year, camera, film_stock, film_format, tag_names) VALUES ((SELECT photo_idx FROM photos WHERE photo_id = 4909), 4909, 'Dramatic Sunset Clouds', 'Patagonia', 'Lago Carrera, Patagonia', 2011, '', '', '', 'black,dunes');
INSERT OR IGNORE INTO tags (name) VALUES ('black');
INSERT INTO photo_tags (photo_idx, tag_id) VALUES ((SELECT photo_idx FROM photos WHERE photo_id = 4909), (SELECT tag_id FROM tags WHERE name = 'black'));
INSERT OR IGNORE INTO tags (name) VALUES ('dunes');
INSERT INTO photo_tags (photo_idx, tag_id) VALUES ((SELECT photo_idx FROM photos WHERE photo_id = 4909), (SELECT tag_id FROM tags WHERE name = 'dunes'));

INSERT INTO photos (photo_id, photo_title, photo_collection, photo_location, photo_year, camera, film_stock, film_format) VALUES (5001, 'Dunes and Bushes Aerial', 'Namibia', 'Namib-Naukluft Park, Namibia', 2012, '', '', '');
INSERT INTO photos_fts (photo_idx, photo_id, photo_title, photo_collection, photo_location, photo_year, camera, film_stock, film_format, tag_names) VALUES ((SELECT photo_idx FROM photos WHERE photo_id = 5001), 5001, 'Dunes and Bushes Aerial', 'Namibia', 'Namib-Naukluft Park, Namibia', 2012, '', '', '', 'dunes,sand');
INSERT OR IGNORE INTO tags (name) VALUES ('dunes');
INSERT INTO photo_tags (photo_idx, tag_id) VALUES ((SELECT photo_idx FROM photos WHERE photo_id = 5001), (SELECT tag_id FROM tags WHERE name = 'dunes'));
INSERT OR IGNORE INTO tags (name) VALUES ('sand');
INSERT INTO photo_tags (photo_idx, tag_id) VALUES ((SELECT photo_idx FROM photos WHERE photo_id = 5001), (SELECT tag_id FROM tags WHERE name = 'sand'));

INSERT INTO photos (photo_id, photo_title, photo_collection, photo_location, photo_year, camera, film_stock, film_format) VALUES (5002, 'Dune Light and Shadow', 'Namibia', 'Namib-Naukluft Park, Namibia', 2012, '', '', '');
INSERT INTO photos_fts (photo_idx, photo_id, photo_title, photo_collection, photo_location, photo_year, camera, film_stock, film_format, tag_names) VALUES ((SELECT photo_idx FROM photos WHERE photo_id = 5002), 5002, 'Dune Light and Shadow', 'Namibia', 'Namib-Naukluft Park, Namibia', 2012, '', '', '', 'dunes,sand');
INSERT OR IGNORE INTO tags (name) VALUES ('dunes');
INSERT INTO photo_tags (photo_idx, tag_id) VALUES ((SELECT photo_idx FROM photos WHERE photo_id = 5002), (SELECT tag_id FROM tags WHERE name = 'dunes'));
INSERT OR IGNORE INTO tags (name) VALUES ('sand');
INSERT INTO photo_tags (photo_idx, tag_id) VALUES ((SELECT photo_idx FROM photos WHERE photo_id = 5002), (SELECT tag_id FROM tags WHERE name = 'sand'));

INSERT INTO photos (photo_id, photo_title, photo_collection, photo_location, photo_year, camera, film_stock, film_format) VALUES (5003, 'Ancient Camel Thorn Trees', 'Namibia', 'Deadvlei, Namib-Naukluft Park, Namibia', 2012, '', '', '');
INSERT INTO photos_fts (photo_idx, photo_id, photo_title, photo_collection, photo_location, photo_year, camera, film_stock, film_format, tag_names) VALUES ((SELECT photo_idx FROM photos WHERE photo_id = 5003), 5003, 'Ancient Camel Thorn Trees', 'Namibia', 'Deadvlei, Namib-Naukluft Park, Namibia', 2012, '', '', '', 'dunes,sand');
INSERT OR IGNORE INTO tags (name) VALUES ('dunes');
INSERT INTO photo_tags (photo_idx, tag_id) VALUES ((SELECT photo_idx FROM photos WHERE photo_id = 5003), (SELECT tag_id FROM tags WHERE name = 'dunes'));
INSERT OR IGNORE INTO tags (name) VALUES ('sand');
INSERT INTO photo_tags (photo_idx, tag_id) VALUES ((SELECT photo_idx FROM photos WHERE photo_id = 5003), (SELECT tag_id FROM tags WHERE name = 'sand'));

INSERT INTO photos (photo_id, photo_title, photo_collection, photo_location, photo_year, camera, film_stock, film_format) VALUES (5004, 'Meandering Playa', 'Namibia', 'Deadvlei, Namib-Naukluft Park, Namibia', 2012, '', '', '');
INSERT INTO photos_fts (photo_idx, photo_id, photo_title, photo_collection, photo_location, photo_year, camera, film_stock, film_format, tag_names) VALUES ((SELECT photo_idx FROM photos WHERE photo_id = 5004), 5004, 'Meandering Playa', 'Namibia', 'Deadvlei, Namib-Naukluft Park, Namibia', 2012, '', '', '', 'dunes,sand');
INSERT OR IGNORE INTO tags (name) VALUES ('dunes');
INSERT INTO photo_tags (photo_idx, tag_id) VALUES ((SELECT photo_idx FROM photos WHERE photo_id = 5004), (SELECT tag_id FROM tags WHERE name = 'dunes'));
INSERT OR IGNORE INTO tags (name) VALUES ('sand');
INSERT INTO photo_tags (photo_idx, tag_id) VALUES ((SELECT photo_idx FROM photos WHERE photo_id = 5004), (SELECT tag_id FROM tags WHERE name = 'sand'));

INSERT INTO photos (photo_id, photo_title, photo_collection, photo_location, photo_year, camera, film_stock, film_format) VALUES (5005, 'Tree and Dunescape', 'Namibia', 'Namib-Naukluft Park, Namibia', 2012, '', '', '');
INSERT INTO photos_fts (photo_idx, photo_id, photo_title, photo_collection, photo_location, photo_year, camera, film_stock, film_format, tag_names) VALUES ((SELECT photo_idx FROM photos WHERE photo_id = 5005), 5005, 'Tree and Dunescape', 'Namibia', 'Namib-Naukluft Park, Namibia', 2012, '', '', '', 'dunes,sand');
INSERT OR IGNORE INTO tags (name) VALUES ('dunes');
INSERT INTO photo_tags (photo_idx, tag_id) VALUES ((SELECT photo_idx FROM photos WHERE photo_id = 5005), (SELECT tag_id FROM tags WHERE name = 'dunes'));
INSERT OR IGNORE INTO tags (name) VALUES ('sand');
INSERT INTO photo_tags (photo_idx, tag_id) VALUES ((SELECT photo_idx FROM photos WHERE photo_id = 5005), (SELECT tag_id FROM tags WHERE name = 'sand'));

INSERT INTO photos (photo_id, photo_title, photo_collection, photo_location, photo_year, camera, film_stock, film_format) VALUES (5006, 'Dunescape', 'Namibia', 'Namib-Naukluft Park, Namibia', 2012, '', '', '');
INSERT INTO photos_fts (photo_idx, photo_id, photo_title, photo_collection, photo_location, photo_year, camera, film_stock, film_format, tag_names) VALUES ((SELECT photo_idx FROM photos WHERE photo_id = 5006), 5006, 'Dunescape', 'Namibia', 'Namib-Naukluft Park, Namibia', 2012, '', '', '', 'dunes,sand');
INSERT OR IGNORE INTO tags (name) VALUES ('dunes');
INSERT INTO photo_tags (photo_idx, tag_id) VALUES ((SELECT photo_idx FROM photos WHERE photo_id = 5006), (SELECT tag_id FROM tags WHERE name = 'dunes'));
INSERT OR IGNORE INTO tags (name) VALUES ('sand');
INSERT INTO photo_tags (photo_idx, tag_id) VALUES ((SELECT photo_idx FROM photos WHERE photo_id = 5006), (SELECT tag_id FROM tags WHERE name = 'sand'));

INSERT INTO photos (photo_id, photo_title, photo_collection, photo_location, photo_year, camera, film_stock, film_format) VALUES (5007, 'Dune Detail', 'Namibia', 'Namib-Naukluft Park, Namibia', 2012, '', '', '');
INSERT INTO photos_fts (photo_idx, photo_id, photo_title, photo_collection, photo_location, photo_year, camera, film_stock, film_format, tag_names) VALUES ((SELECT photo_idx FROM photos WHERE photo_id = 5007), 5007, 'Dune Detail', 'Namibia', 'Namib-Naukluft Park, Namibia', 2012, '', '', '', 'dunes,sand');
INSERT OR IGNORE INTO tags (name) VALUES ('dunes');
INSERT INTO photo_tags (photo_idx, tag_id) VALUES ((SELECT photo_idx FROM photos WHERE photo_id = 5007), (SELECT tag_id FROM tags WHERE name = 'dunes'));
INSERT OR IGNORE INTO tags (name) VALUES ('sand');
INSERT INTO photo_tags (photo_idx, tag_id) VALUES ((SELECT photo_idx FROM photos WHERE photo_id = 5007), (SELECT tag_id FROM tags WHERE name = 'sand'));

INSERT INTO photos (photo_id, photo_title, photo_collection, photo_location, photo_year, camera, film_stock, film_format) VALUES (5008, 'Cascade and Ripples', 'Namibia', 'Namib-Naukluft Park, Namibia', 2012, '', '', '');
INSERT INTO photos_fts (photo_idx, photo_id, photo_title, photo_collection, photo_location, photo_year, camera, film_stock, film_format, tag_names) VALUES ((SELECT photo_idx FROM photos WHERE photo_id = 5008), 5008, 'Cascade and Ripples', 'Namibia', 'Namib-Naukluft Park, Namibia', 2012, '', '', '', 'dunes,sand');
INSERT OR IGNORE INTO tags (name) VALUES ('dunes');
INSERT INTO photo_tags (photo_idx, tag_id) VALUES ((SELECT photo_idx FROM photos WHERE photo_id = 5008), (SELECT tag_id FROM tags WHERE name = 'dunes'));
INSERT OR IGNORE INTO tags (name) VALUES ('sand');
INSERT INTO photo_tags (photo_idx, tag_id) VALUES ((SELECT photo_idx FROM photos WHERE photo_id = 5008), (SELECT tag_id FROM tags WHERE name = 'sand'));

INSERT INTO photos (photo_id, photo_title, photo_collection, photo_location, photo_year, camera, film_stock, film_format) VALUES (5009, 'Sunset Forms', 'Namibia', 'Namib-Naukluft Park, Namibia', 2012, '', '', '');
INSERT INTO photos_fts (photo_idx, photo_id, photo_title, photo_collection, photo_location, photo_year, camera, film_stock, film_format, tag_names) VALUES ((SELECT photo_idx FROM photos WHERE photo_id = 5009), 5009, 'Sunset Forms', 'Namibia', 'Namib-Naukluft Park, Namibia', 2012, '', '', '', 'dunes,sand');
INSERT OR IGNORE INTO tags (name) VALUES ('dunes');
INSERT INTO photo_tags (photo_idx, tag_id) VALUES ((SELECT photo_idx FROM photos WHERE photo_id = 5009), (SELECT tag_id FROM tags WHERE name = 'dunes'));
INSERT OR IGNORE INTO tags (name) VALUES ('sand');
INSERT INTO photo_tags (photo_idx, tag_id) VALUES ((SELECT photo_idx FROM photos WHERE photo_id = 5009), (SELECT tag_id FROM tags WHERE name = 'sand'));

INSERT INTO photos (photo_id, photo_title, photo_collection, photo_location, photo_year, camera, film_stock, film_format) VALUES (5010, 'Tree and Dune', 'Namibia', 'Namib-Naukluft Park, Namibia', 2012, '', '', '');
INSERT INTO photos_fts (photo_idx, photo_id, photo_title, photo_collection, photo_location, photo_year, camera, film_stock, film_format, tag_names) VALUES ((SELECT photo_idx FROM photos WHERE photo_id = 5010), 5010, 'Tree and Dune', 'Namibia', 'Namib-Naukluft Park, Namibia', 2012, '', '', '', 'dunes,sand');
INSERT OR IGNORE INTO tags (name) VALUES ('dunes');
INSERT INTO photo_tags (photo_idx, tag_id) VALUES ((SELECT photo_idx FROM photos WHERE photo_id = 5010), (SELECT tag_id FROM tags WHERE name = 'dunes'));
INSERT OR IGNORE INTO tags (name) VALUES ('sand');
INSERT INTO photo_tags (photo_idx, tag_id) VALUES ((SELECT photo_idx FROM photos WHERE photo_id = 5010), (SELECT tag_id FROM tags WHERE name = 'sand'));

INSERT INTO photos (photo_id, photo_title, photo_collection, photo_location, photo_year, camera, film_stock, film_format) VALUES (5011, 'Textured Dunes', 'Namibia', 'Namib-Naukluft Park, Namibia', 2012, '', '', '');
INSERT INTO photos_fts (photo_idx, photo_id, photo_title, photo_collection, photo_location, photo_year, camera, film_stock, film_format, tag_names) VALUES ((SELECT photo_idx FROM photos WHERE photo_id = 5011), 5011, 'Textured Dunes', 'Namibia', 'Namib-Naukluft Park, Namibia', 2012, '', '', '', 'dunes,sand');
INSERT OR IGNORE INTO tags (name) VALUES ('dunes');
INSERT INTO photo_tags (photo_idx, tag_id) VALUES ((SELECT photo_idx FROM photos WHERE photo_id = 5011), (SELECT tag_id FROM tags WHERE name = 'dunes'));
INSERT OR IGNORE INTO tags (name) VALUES ('sand');
INSERT INTO photo_tags (photo_idx, tag_id) VALUES ((SELECT photo_idx FROM photos WHERE photo_id = 5011), (SELECT tag_id FROM tags WHERE name = 'sand'));

INSERT INTO photos (photo_id, photo_title, photo_collection, photo_location, photo_year, camera, film_stock, film_format) VALUES (5012, 'Flowing Dunes', 'Namibia', 'Namib-Naukluft Park, Namibia', 2012, '', '', '');
INSERT INTO photos_fts (photo_idx, photo_id, photo_title, photo_collection, photo_location, photo_year, camera, film_stock, film_format, tag_names) VALUES ((SELECT photo_idx FROM photos WHERE photo_id = 5012), 5012, 'Flowing Dunes', 'Namibia', 'Namib-Naukluft Park, Namibia', 2012, '', '', '', 'dunes,sand');
INSERT OR IGNORE INTO tags (name) VALUES ('dunes');
INSERT INTO photo_tags (photo_idx, tag_id) VALUES ((SELECT photo_idx FROM photos WHERE photo_id = 5012), (SELECT tag_id FROM tags WHERE name = 'dunes'));
INSERT OR IGNORE INTO tags (name) VALUES ('sand');
INSERT INTO photo_tags (photo_idx, tag_id) VALUES ((SELECT photo_idx FROM photos WHERE photo_id = 5012), (SELECT tag_id FROM tags WHERE name = 'sand'));

INSERT INTO photos (photo_id, photo_title, photo_collection, photo_location, photo_year, camera, film_stock, film_format) VALUES (5101, 'Morrisonite', 'Rocks', 'Morrison Ranch, Owyhee River Canyon, Malheur County, Oregon', 2012, '', '', '');
INSERT INTO photos_fts (photo_idx, photo_id, photo_title, photo_collection, photo_location, photo_year, camera, film_stock, film_format, tag_names) VALUES ((SELECT photo_idx FROM photos WHERE photo_id = 5101), 5101, 'Morrisonite', 'Rocks', 'Morrison Ranch, Owyhee River Canyon, Malheur County, Oregon', 2012, '', '', '', 'horizontal,color,abstract,closeup,studio,newest,rock');
INSERT OR IGNORE INTO tags (name) VALUES ('horizontal');
INSERT INTO photo_tags (photo_idx, tag_id) VALUES ((SELECT photo_idx FROM photos WHERE photo_id = 5101), (SELECT tag_id FROM tags WHERE name = 'horizontal'));
INSERT OR IGNORE INTO tags (name) VALUES ('color');
INSERT INTO photo_tags (photo_idx, tag_id) VALUES ((SELECT photo_idx FROM photos WHERE photo_id = 5101), (SELECT tag_id FROM tags WHERE name = 'color'));
INSERT OR IGNORE INTO tags (name) VALUES ('abstract');
INSERT INTO photo_tags (photo_idx, tag_id) VALUES ((SELECT photo_idx FROM photos WHERE photo_id = 5101), (SELECT tag_id FROM tags WHERE name = 'abstract'));
INSERT OR IGNORE INTO tags (name) VALUES ('closeup');
INSERT INTO photo_tags (photo_idx, tag_id) VALUES ((SELECT photo_idx FROM photos WHERE photo_id = 5101), (SELECT tag_id FROM tags WHERE name = 'closeup'));
INSERT OR IGNORE INTO tags (name) VALUES ('studio');
INSERT INTO photo_tags (photo_idx, tag_id) VALUES ((SELECT photo_idx FROM photos WHERE photo_id = 5101), (SELECT tag_id FROM tags WHERE name = 'studio'));
INSERT OR IGNORE INTO tags (name) VALUES ('newest');
INSERT INTO photo_tags (photo_idx, tag_id) VALUES ((SELECT photo_idx FROM photos WHERE photo_id = 5101), (SELECT tag_id FROM tags WHERE name = 'newest'));
INSERT OR IGNORE INTO tags (name) VALUES ('rock');
INSERT INTO photo_tags (photo_idx, tag_id) VALUES ((SELECT photo_idx FROM photos WHERE photo_id = 5101), (SELECT tag_id FROM tags WHERE name = 'rock'));

INSERT INTO photos (photo_id, photo_title, photo_collection, photo_location, photo_year, camera, film_stock, film_format) VALUES (5102, 'Ocean Jasper', 'Rocks', 'Near Marovato, Mahajanga Province, Madagascar', 2012, '', '', '');
INSERT INTO photos_fts (photo_idx, photo_id, photo_title, photo_collection, photo_location, photo_year, camera, film_stock, film_format, tag_names) VALUES ((SELECT photo_idx FROM photos WHERE photo_id = 5102), 5102, 'Ocean Jasper', 'Rocks', 'Near Marovato, Mahajanga Province, Madagascar', 2012, '', '', '', 'horizontal,color,abstract,closeup,studio,newest,rock');
INSERT OR IGNORE INTO tags (name) VALUES ('horizontal');
INSERT INTO photo_tags (photo_idx, tag_id) VALUES ((SELECT photo_idx FROM photos WHERE photo_id = 5102), (SELECT tag_id FROM tags WHERE name = 'horizontal'));
INSERT OR IGNORE INTO tags (name) VALUES ('color');
INSERT INTO photo_tags (photo_idx, tag_id) VALUES ((SELECT photo_idx FROM photos WHERE photo_id = 5102), (SELECT tag_id FROM tags WHERE name = 'color'));
INSERT OR IGNORE INTO tags (name) VALUES ('abstract');
INSERT INTO photo_tags (photo_idx, tag_id) VALUES ((SELECT photo_idx FROM photos WHERE photo_id = 5102), (SELECT tag_id FROM tags WHERE name = 'abstract'));
INSERT OR IGNORE INTO tags (name) VALUES ('closeup');
INSERT INTO photo_tags (photo_idx, tag_id) VALUES ((SELECT photo_idx FROM photos WHERE photo_id = 5102), (SELECT tag_id FROM tags WHERE name = 'closeup'));
INSERT OR IGNORE INTO tags (name) VALUES ('studio');
INSERT INTO photo_tags (photo_idx, tag_id) VALUES ((SELECT photo_idx FROM photos WHERE photo_id = 5102), (SELECT tag_id FROM tags WHERE name = 'studio'));
INSERT OR IGNORE INTO tags (name) VALUES ('newest');
INSERT INTO photo_tags (photo_idx, tag_id) VALUES ((SELECT photo_idx FROM photos WHERE photo_id = 5102), (SELECT tag_id FROM tags WHERE name = 'newest'));
INSERT OR IGNORE INTO tags (name) VALUES ('rock');
INSERT INTO photo_tags (photo_idx, tag_id) VALUES ((SELECT photo_idx FROM photos WHERE photo_id = 5102), (SELECT tag_id FROM tags WHERE name = 'rock'));

INSERT INTO photos (photo_id, photo_title, photo_collection, photo_location, photo_year, camera, film_stock, film_format) VALUES (5103, 'Pietersite', 'Rocks', 'Outjo District, Kunene Region, Namibia', 2012, '', '', '');
INSERT INTO photos_fts (photo_idx, photo_id, photo_title, photo_collection, photo_location, photo_year, camera, film_stock, film_format, tag_names) VALUES ((SELECT photo_idx FROM photos WHERE photo_id = 5103), 5103, 'Pietersite', 'Rocks', 'Outjo District, Kunene Region, Namibia', 2012, '', '', '', 'horizontal,color,abstract,closeup,studio,newest,rock');
INSERT OR IGNORE INTO tags (name) VALUES ('horizontal');
INSERT INTO photo_tags (photo_idx, tag_id) VALUES ((SELECT photo_idx FROM photos WHERE photo_id = 5103), (SELECT tag_id FROM tags WHERE name = 'horizontal'));
INSERT OR IGNORE INTO tags (name) VALUES ('color');
INSERT INTO photo_tags (photo_idx, tag_id) VALUES ((SELECT photo_idx FROM photos WHERE photo_id = 5103), (SELECT tag_id FROM tags WHERE name = 'color'));
INSERT OR IGNORE INTO tags (name) VALUES ('abstract');
INSERT INTO photo_tags (photo_idx, tag_id) VALUES ((SELECT photo_idx FROM photos WHERE photo_id = 5103), (SELECT tag_id FROM tags WHERE name = 'abstract'));
INSERT OR IGNORE INTO tags (name) VALUES ('closeup');
INSERT INTO photo_tags (photo_idx, tag_id) VALUES ((SELECT photo_idx FROM photos WHERE photo_id = 5103), (SELECT tag_id FROM tags WHERE name = 'closeup'));
INSERT OR IGNORE INTO tags (name) VALUES ('studio');
INSERT INTO photo_tags (photo_idx, tag_id) VALUES ((SELECT photo_idx FROM photos WHERE photo_id = 5103), (SELECT tag_id FROM tags WHERE name = 'studio'));
INSERT OR IGNORE INTO tags (name) VALUES ('newest');
INSERT INTO photo_tags (photo_idx, tag_id) VALUES ((SELECT photo_idx FROM photos WHERE photo_id = 5103), (SELECT tag_id FROM tags WHERE name = 'newest'));
INSERT OR IGNORE INTO tags (name) VALUES ('rock');
INSERT INTO photo_tags (photo_idx, tag_id) VALUES ((SELECT photo_idx FROM photos WHERE photo_id = 5103), (SELECT tag_id FROM tags WHERE name = 'rock'));

INSERT INTO photos (photo_id, photo_title, photo_collection, photo_location, photo_year, camera, film_stock, film_format) VALUES (5104, 'Pietersite', 'Rocks', 'Outjo District, Kunene Region, Namibia', 2012, '', '', '');
INSERT INTO photos_fts (photo_idx, photo_id, photo_title, photo_collection, photo_location, photo_year, camera, film_stock, film_format, tag_names) VALUES ((SELECT photo_idx FROM photos WHERE photo_id = 5104), 5104, 'Pietersite', 'Rocks', 'Outjo District, Kunene Region, Namibia', 2012, '', '', '', 'horizontal,color,abstract,closeup,studio,newest,rock');
INSERT OR IGNORE INTO tags (name) VALUES ('horizontal');
INSERT INTO photo_tags (photo_idx, tag_id) VALUES ((SELECT photo_idx FROM photos WHERE photo_id = 5104), (SELECT tag_id FROM tags WHERE name = 'horizontal'));
INSERT OR IGNORE INTO tags (name) VALUES ('color');
INSERT INTO photo_tags (photo_idx, tag_id) VALUES ((SELECT photo_idx FROM photos WHERE photo_id = 5104), (SELECT tag_id FROM tags WHERE name = 'color'));
INSERT OR IGNORE INTO tags (name) VALUES ('abstract');
INSERT INTO photo_tags (photo_idx, tag_id) VALUES ((SELECT photo_idx FROM photos WHERE photo_id = 5104), (SELECT tag_id FROM tags WHERE name = 'abstract'));
INSERT OR IGNORE INTO tags (name) VALUES ('closeup');
INSERT INTO photo_tags (photo_idx, tag_id) VALUES ((SELECT photo_idx FROM photos WHERE photo_id = 5104), (SELECT tag_id FROM tags WHERE name = 'closeup'));
INSERT OR IGNORE INTO tags (name) VALUES ('studio');
INSERT INTO photo_tags (photo_idx, tag_id) VALUES ((SELECT photo_idx FROM photos WHERE photo_id = 5104), (SELECT tag_id FROM tags WHERE name = 'studio'));
INSERT OR IGNORE INTO tags (name) VALUES ('newest');
INSERT INTO photo_tags (photo_idx, tag_id) VALUES ((SELECT photo_idx FROM photos WHERE photo_id = 5104), (SELECT tag_id FROM tags WHERE name = 'newest'));
INSERT OR IGNORE INTO tags (name) VALUES ('rock');
INSERT INTO photo_tags (photo_idx, tag_id) VALUES ((SELECT photo_idx FROM photos WHERE photo_id = 5104), (SELECT tag_id FROM tags WHERE name = 'rock'));

INSERT INTO photos (photo_id, photo_title, photo_collection, photo_location, photo_year, camera, film_stock, film_format) VALUES (5105, 'Pietersite', 'Rocks', 'Outjo District, Kunene Region, Namibia', 2012, '', '', '');
INSERT INTO photos_fts (photo_idx, photo_id, photo_title, photo_collection, photo_location, photo_year, camera, film_stock, film_format, tag_names) VALUES ((SELECT photo_idx FROM photos WHERE photo_id = 5105), 5105, 'Pietersite', 'Rocks', 'Outjo District, Kunene Region, Namibia', 2012, '', '', '', 'horizontal,color,abstract,closeup,studio,newest,rock');
INSERT OR IGNORE INTO tags (name) VALUES ('horizontal');
INSERT INTO photo_tags (photo_idx, tag_id) VALUES ((SELECT photo_idx FROM photos WHERE photo_id = 5105), (SELECT tag_id FROM tags WHERE name = 'horizontal'));
INSERT OR IGNORE INTO tags (name) VALUES ('color');
INSERT INTO photo_tags (photo_idx, tag_id) VALUES ((SELECT photo_idx FROM photos WHERE photo_id = 5105), (SELECT tag_id FROM tags WHERE name = 'color'));
INSERT OR IGNORE INTO tags (name) VALUES ('abstract');
INSERT INTO photo_tags (photo_idx, tag_id) VALUES ((SELECT photo_idx FROM photos WHERE photo_id = 5105), (SELECT tag_id FROM tags WHERE name = 'abstract'));
INSERT OR IGNORE INTO tags (name) VALUES ('closeup');
INSERT INTO photo_tags (photo_idx, tag_id) VALUES ((SELECT photo_idx FROM photos WHERE photo_id = 5105), (SELECT tag_id FROM tags WHERE name = 'closeup'));
INSERT OR IGNORE INTO tags (name) VALUES ('studio');
INSERT INTO photo_tags (photo_idx, tag_id) VALUES ((SELECT photo_idx FROM photos WHERE photo_id = 5105), (SELECT tag_id FROM tags WHERE name = 'studio'));
INSERT OR IGNORE INTO tags (name) VALUES ('newest');
INSERT INTO photo_tags (photo_idx, tag_id) VALUES ((SELECT photo_idx FROM photos WHERE photo_id = 5105), (SELECT tag_id FROM tags WHERE name = 'newest'));
INSERT OR IGNORE INTO tags (name) VALUES ('rock');
INSERT INTO photo_tags (photo_idx, tag_id) VALUES ((SELECT photo_idx FROM photos WHERE photo_id = 5105), (SELECT tag_id FROM tags WHERE name = 'rock'));

INSERT INTO photos (photo_id, photo_title, photo_collection, photo_location, photo_year, camera, film_stock, film_format) VALUES (5106, 'Pietersite', 'Rocks', 'Outjo District, Kunene Region, Namibia', 2012, '', '', '');
INSERT INTO photos_fts (photo_idx, photo_id, photo_title, photo_collection, photo_location, photo_year, camera, film_stock, film_format, tag_names) VALUES ((SELECT photo_idx FROM photos WHERE photo_id = 5106), 5106, 'Pietersite', 'Rocks', 'Outjo District, Kunene Region, Namibia', 2012, '', '', '', 'horizontal,color,abstract,closeup,studio,newest,rock');
INSERT OR IGNORE INTO tags (name) VALUES ('horizontal');
INSERT INTO photo_tags (photo_idx, tag_id) VALUES ((SELECT photo_idx FROM photos WHERE photo_id = 5106), (SELECT tag_id FROM tags WHERE name = 'horizontal'));
INSERT OR IGNORE INTO tags (name) VALUES ('color');
INSERT INTO photo_tags (photo_idx, tag_id) VALUES ((SELECT photo_idx FROM photos WHERE photo_id = 5106), (SELECT tag_id FROM tags WHERE name = 'color'));
INSERT OR IGNORE INTO tags (name) VALUES ('abstract');
INSERT INTO photo_tags (photo_idx, tag_id) VALUES ((SELECT photo_idx FROM photos WHERE photo_id = 5106), (SELECT tag_id FROM tags WHERE name = 'abstract'));
INSERT OR IGNORE INTO tags (name) VALUES ('closeup');
INSERT INTO photo_tags (photo_idx, tag_id) VALUES ((SELECT photo_idx FROM photos WHERE photo_id = 5106), (SELECT tag_id FROM tags WHERE name = 'closeup'));
INSERT OR IGNORE INTO tags (name) VALUES ('studio');
INSERT INTO photo_tags (photo_idx, tag_id) VALUES ((SELECT photo_idx FROM photos WHERE photo_id = 5106), (SELECT tag_id FROM tags WHERE name = 'studio'));
INSERT OR IGNORE INTO tags (name) VALUES ('newest');
INSERT INTO photo_tags (photo_idx, tag_id) VALUES ((SELECT photo_idx FROM photos WHERE photo_id = 5106), (SELECT tag_id FROM tags WHERE name = 'newest'));
INSERT OR IGNORE INTO tags (name) VALUES ('rock');
INSERT INTO photo_tags (photo_idx, tag_id) VALUES ((SELECT photo_idx FROM photos WHERE photo_id = 5106), (SELECT tag_id FROM tags WHERE name = 'rock'));

INSERT INTO photos (photo_id, photo_title, photo_collection, photo_location, photo_year, camera, film_stock, film_format) VALUES (5107, 'Flowing Dunes', 'Rocks', 'Namib-Naukluft Park, Namibia', 2012, '', '', '');
INSERT INTO photos_fts (photo_idx, photo_id, photo_title, photo_collection, photo_location, photo_year, camera, film_stock, film_format, tag_names) VALUES ((SELECT photo_idx FROM photos WHERE photo_id = 5107), 5107, 'Flowing Dunes', 'Rocks', 'Namib-Naukluft Park, Namibia', 2012, '', '', '', 'horizontal,color,abstract,closeup,studio,newest,rock');
INSERT OR IGNORE INTO tags (name) VALUES ('horizontal');
INSERT INTO photo_tags (photo_idx, tag_id) VALUES ((SELECT photo_idx FROM photos WHERE photo_id = 5107), (SELECT tag_id FROM tags WHERE name = 'horizontal'));
INSERT OR IGNORE INTO tags (name) VALUES ('color');
INSERT INTO photo_tags (photo_idx, tag_id) VALUES ((SELECT photo_idx FROM photos WHERE photo_id = 5107), (SELECT tag_id FROM tags WHERE name = 'color'));
INSERT OR IGNORE INTO tags (name) VALUES ('abstract');
INSERT INTO photo_tags (photo_idx, tag_id) VALUES ((SELECT photo_idx FROM photos WHERE photo_id = 5107), (SELECT tag_id FROM tags WHERE name = 'abstract'));
INSERT OR IGNORE INTO tags (name) VALUES ('closeup');
INSERT INTO photo_tags (photo_idx, tag_id) VALUES ((SELECT photo_idx FROM photos WHERE photo_id = 5107), (SELECT tag_id FROM tags WHERE name = 'closeup'));
INSERT OR IGNORE INTO tags (name) VALUES ('studio');
INSERT INTO photo_tags (photo_idx, tag_id) VALUES ((SELECT photo_idx FROM photos WHERE photo_id = 5107), (SELECT tag_id FROM tags WHERE name = 'studio'));
INSERT OR IGNORE INTO tags (name) VALUES ('newest');
INSERT INTO photo_tags (photo_idx, tag_id) VALUES ((SELECT photo_idx FROM photos WHERE photo_id = 5107), (SELECT tag_id FROM tags WHERE name = 'newest'));
INSERT OR IGNORE INTO tags (name) VALUES ('rock');
INSERT INTO photo_tags (photo_idx, tag_id) VALUES ((SELECT photo_idx FROM photos WHERE photo_id = 5107), (SELECT tag_id FROM tags WHERE name = 'rock'));

INSERT INTO photos (photo_id, photo_title, photo_collection, photo_location, photo_year, camera, film_stock, film_format) VALUES (5108, 'Chrysocolla and Cuprite', 'Rocks', 'Millpillas Mine, Sonora, Mexico', 2012, '', '', '');
INSERT INTO photos_fts (photo_idx, photo_id, photo_title, photo_collection, photo_location, photo_year, camera, film_stock, film_format, tag_names) VALUES ((SELECT photo_idx FROM photos WHERE photo_id = 5108), 5108, 'Chrysocolla and Cuprite', 'Rocks', 'Millpillas Mine, Sonora, Mexico', 2012, '', '', '', 'horizontal,color,abstract,closeup,studio,newest,rock');
INSERT OR IGNORE INTO tags (name) VALUES ('horizontal');
INSERT INTO photo_tags (photo_idx, tag_id) VALUES ((SELECT photo_idx FROM photos WHERE photo_id = 5108), (SELECT tag_id FROM tags WHERE name = 'horizontal'));
INSERT OR IGNORE INTO tags (name) VALUES ('color');
INSERT INTO photo_tags (photo_idx, tag_id) VALUES ((SELECT photo_idx FROM photos WHERE photo_id = 5108), (SELECT tag_id FROM tags WHERE name = 'color'));
INSERT OR IGNORE INTO tags (name) VALUES ('abstract');
INSERT INTO photo_tags (photo_idx, tag_id) VALUES ((SELECT photo_idx FROM photos WHERE photo_id = 5108), (SELECT tag_id FROM tags WHERE name = 'abstract'));
INSERT OR IGNORE INTO tags (name) VALUES ('closeup');
INSERT INTO photo_tags (photo_idx, tag_id) VALUES ((SELECT photo_idx FROM photos WHERE photo_id = 5108), (SELECT tag_id FROM tags WHERE name = 'closeup'));
INSERT OR IGNORE INTO tags (name) VALUES ('studio');
INSERT INTO photo_tags (photo_idx, tag_id) VALUES ((SELECT photo_idx FROM photos WHERE photo_id = 5108), (SELECT tag_id FROM tags WHERE name = 'studio'));
INSERT OR IGNORE INTO tags (name) VALUES ('newest');
INSERT INTO photo_tags (photo_idx, tag_id) VALUES ((SELECT photo_idx FROM photos WHERE photo_id = 5108), (SELECT tag_id FROM tags WHERE name = 'newest'));
INSERT OR IGNORE INTO tags (name) VALUES ('rock');
INSERT INTO photo_tags (photo_idx, tag_id) VALUES ((SELECT photo_idx FROM photos WHERE photo_id = 5108), (SELECT tag_id FROM tags WHERE name = 'rock'));

INSERT INTO photos (photo_id, photo_title, photo_collection, photo_location, photo_year, camera, film_stock, film_format) VALUES (5109, 'Flowing Dunes', 'Rocks', 'Namib-Naukluft Park, Namibia', 2012, '', '', '');
INSERT INTO photos_fts (photo_idx, photo_id, photo_title, photo_collection, photo_location, photo_year, camera, film_stock, film_format, tag_names) VALUES ((SELECT photo_idx FROM photos WHERE photo_id = 5109), 5109, 'Flowing Dunes', 'Rocks', 'Namib-Naukluft Park, Namibia', 2012, '', '', '', 'horizontal,color,abstract,closeup,studio,newest,rock');
INSERT OR IGNORE INTO tags (name) VALUES ('horizontal');
INSERT INTO photo_tags (photo_idx, tag_id) VALUES ((SELECT photo_idx FROM photos WHERE photo_id = 5109), (SELECT tag_id FROM tags WHERE name = 'horizontal'));
INSERT OR IGNORE INTO tags (name) VALUES ('color');
INSERT INTO photo_tags (photo_idx, tag_id) VALUES ((SELECT photo_idx FROM photos WHERE photo_id = 5109), (SELECT tag_id FROM tags WHERE name = 'color'));
INSERT OR IGNORE INTO tags (name) VALUES ('abstract');
INSERT INTO photo_tags (photo_idx, tag_id) VALUES ((SELECT photo_idx FROM photos WHERE photo_id = 5109), (SELECT tag_id FROM tags WHERE name = 'abstract'));
INSERT OR IGNORE INTO tags (name) VALUES ('closeup');
INSERT INTO photo_tags (photo_idx, tag_id) VALUES ((SELECT photo_idx FROM photos WHERE photo_id = 5109), (SELECT tag_id FROM tags WHERE name = 'closeup'));
INSERT OR IGNORE INTO tags (name) VALUES ('studio');
INSERT INTO photo_tags (photo_idx, tag_id) VALUES ((SELECT photo_idx FROM photos WHERE photo_id = 5109), (SELECT tag_id FROM tags WHERE name = 'studio'));
INSERT OR IGNORE INTO tags (name) VALUES ('newest');
INSERT INTO photo_tags (photo_idx, tag_id) VALUES ((SELECT photo_idx FROM photos WHERE photo_id = 5109), (SELECT tag_id FROM tags WHERE name = 'newest'));
INSERT OR IGNORE INTO tags (name) VALUES ('rock');
INSERT INTO photo_tags (photo_idx, tag_id) VALUES ((SELECT photo_idx FROM photos WHERE photo_id = 5109), (SELECT tag_id FROM tags WHERE name = 'rock'));

INSERT INTO photos (photo_id, photo_title, photo_collection, photo_location, photo_year, camera, film_stock, film_format) VALUES (5110, 'Rhodochrosite', 'Rocks', 'Capillitas Mine, Catamarca Province, Argentina', 2012, '', '', '');
INSERT INTO photos_fts (photo_idx, photo_id, photo_title, photo_collection, photo_location, photo_year, camera, film_stock, film_format, tag_names) VALUES ((SELECT photo_idx FROM photos WHERE photo_id = 5110), 5110, 'Rhodochrosite', 'Rocks', 'Capillitas Mine, Catamarca Province, Argentina', 2012, '', '', '', 'horizontal,color,abstract,closeup,studio,newest,rock');
INSERT OR IGNORE INTO tags (name) VALUES ('horizontal');
INSERT INTO photo_tags (photo_idx, tag_id) VALUES ((SELECT photo_idx FROM photos WHERE photo_id = 5110), (SELECT tag_id FROM tags WHERE name = 'horizontal'));
INSERT OR IGNORE INTO tags (name) VALUES ('color');
INSERT INTO photo_tags (photo_idx, tag_id) VALUES ((SELECT photo_idx FROM photos WHERE photo_id = 5110), (SELECT tag_id FROM tags WHERE name = 'color'));
INSERT OR IGNORE INTO tags (name) VALUES ('abstract');
INSERT INTO photo_tags (photo_idx, tag_id) VALUES ((SELECT photo_idx FROM photos WHERE photo_id = 5110), (SELECT tag_id FROM tags WHERE name = 'abstract'));
INSERT OR IGNORE INTO tags (name) VALUES ('closeup');
INSERT INTO photo_tags (photo_idx, tag_id) VALUES ((SELECT photo_idx FROM photos WHERE photo_id = 5110), (SELECT tag_id FROM tags WHERE name = 'closeup'));
INSERT OR IGNORE INTO tags (name) VALUES ('studio');
INSERT INTO photo_tags (photo_idx, tag_id) VALUES ((SELECT photo_idx FROM photos WHERE photo_id = 5110), (SELECT tag_id FROM tags WHERE name = 'studio'));
INSERT OR IGNORE INTO tags (name) VALUES ('newest');
INSERT INTO photo_tags (photo_idx, tag_id) VALUES ((SELECT photo_idx FROM photos WHERE photo_id = 5110), (SELECT tag_id FROM tags WHERE name = 'newest'));
INSERT OR IGNORE INTO tags (name) VALUES ('rock');
INSERT INTO photo_tags (photo_idx, tag_id) VALUES ((SELECT photo_idx FROM photos WHERE photo_id = 5110), (SELECT tag_id FROM tags WHERE name = 'rock'));

INSERT INTO photos (photo_id, photo_title, photo_collection, photo_location, photo_year, camera, film_stock, film_format) VALUES (5111, 'Rhodochrosite', 'Rocks', 'Capillitas Mine, Catamarca Province, Argentina', 2012, '', '', '');
INSERT INTO photos_fts (photo_idx, photo_id, photo_title, photo_collection, photo_location, photo_year, camera, film_stock, film_format, tag_names) VALUES ((SELECT photo_idx FROM photos WHERE photo_id = 5111), 5111, 'Rhodochrosite', 'Rocks', 'Capillitas Mine, Catamarca Province, Argentina', 2012, '', '', '', 'horizontal,color,abstract,closeup,studio,newest,rock');
INSERT OR IGNORE INTO tags (name) VALUES ('horizontal');
INSERT INTO photo_tags (photo_idx, tag_id) VALUES ((SELECT photo_idx FROM photos WHERE photo_id = 5111), (SELECT tag_id FROM tags WHERE name = 'horizontal'));
INSERT OR IGNORE INTO tags (name) VALUES ('color');
INSERT INTO photo_tags (photo_idx, tag_id) VALUES ((SELECT photo_idx FROM photos WHERE photo_id = 5111), (SELECT tag_id FROM tags WHERE name = 'color'));
INSERT OR IGNORE INTO tags (name) VALUES ('abstract');
INSERT INTO photo_tags (photo_idx, tag_id) VALUES ((SELECT photo_idx FROM photos WHERE photo_id = 5111), (SELECT tag_id FROM tags WHERE name = 'abstract'));
INSERT OR IGNORE INTO tags (name) VALUES ('closeup');
INSERT INTO photo_tags (photo_idx, tag_id) VALUES ((SELECT photo_idx FROM photos WHERE photo_id = 5111), (SELECT tag_id FROM tags WHERE name = 'closeup'));
INSERT OR IGNORE INTO tags (name) VALUES ('studio');
INSERT INTO photo_tags (photo_idx, tag_id) VALUES ((SELECT photo_idx FROM photos WHERE photo_id = 5111), (SELECT tag_id FROM tags WHERE name = 'studio'));
INSERT OR IGNORE INTO tags (name) VALUES ('newest');
INSERT INTO photo_tags (photo_idx, tag_id) VALUES ((SELECT photo_idx FROM photos WHERE photo_id = 5111), (SELECT tag_id FROM tags WHERE name = 'newest'));
INSERT OR IGNORE INTO tags (name) VALUES ('rock');
INSERT INTO photo_tags (photo_idx, tag_id) VALUES ((SELECT photo_idx FROM photos WHERE photo_id = 5111), (SELECT tag_id FROM tags WHERE name = 'rock'));

INSERT INTO photos (photo_id, photo_title, photo_collection, photo_location, photo_year, camera, film_stock, film_format) VALUES (5112, 'Rhodochrosite', 'Rocks', 'Capillitas Mine, Catamarca Province, Argentina', 2012, '', '', '');
INSERT INTO photos_fts (photo_idx, photo_id, photo_title, photo_collection, photo_location, photo_year, camera, film_stock, film_format, tag_names) VALUES ((SELECT photo_idx FROM photos WHERE photo_id = 5112), 5112, 'Rhodochrosite', 'Rocks', 'Capillitas Mine, Catamarca Province, Argentina', 2012, '', '', '', 'horizontal,color,abstract,closeup,studio,newest,rock');
INSERT OR IGNORE INTO tags (name) VALUES ('horizontal');
INSERT INTO photo_tags (photo_idx, tag_id) VALUES ((SELECT photo_idx FROM photos WHERE photo_id = 5112), (SELECT tag_id FROM tags WHERE name = 'horizontal'));
INSERT OR IGNORE INTO tags (name) VALUES ('color');
INSERT INTO photo_tags (photo_idx, tag_id) VALUES ((SELECT photo_idx FROM photos WHERE photo_id = 5112), (SELECT tag_id FROM tags WHERE name = 'color'));
INSERT OR IGNORE INTO tags (name) VALUES ('abstract');
INSERT INTO photo_tags (photo_idx, tag_id) VALUES ((SELECT photo_idx FROM photos WHERE photo_id = 5112), (SELECT tag_id FROM tags WHERE name = 'abstract'));
INSERT OR IGNORE INTO tags (name) VALUES ('closeup');
INSERT INTO photo_tags (photo_idx, tag_id) VALUES ((SELECT photo_idx FROM photos WHERE photo_id = 5112), (SELECT tag_id FROM tags WHERE name = 'closeup'));
INSERT OR IGNORE INTO tags (name) VALUES ('studio');
INSERT INTO photo_tags (photo_idx, tag_id) VALUES ((SELECT photo_idx FROM photos WHERE photo_id = 5112), (SELECT tag_id FROM tags WHERE name = 'studio'));
INSERT OR IGNORE INTO tags (name) VALUES ('newest');
INSERT INTO photo_tags (photo_idx, tag_id) VALUES ((SELECT photo_idx FROM photos WHERE photo_id = 5112), (SELECT tag_id FROM tags WHERE name = 'newest'));
INSERT OR IGNORE INTO tags (name) VALUES ('rock');
INSERT INTO photo_tags (photo_idx, tag_id) VALUES ((SELECT photo_idx FROM photos WHERE photo_id = 5112), (SELECT tag_id FROM tags WHERE name = 'rock'));

INSERT INTO photos (photo_id, photo_title, photo_collection, photo_location, photo_year, camera, film_stock, film_format) VALUES (5113, 'Rhodochrosite', 'Rocks', 'Capillitas Mine, Catamarca Province, Argentina', 2012, '', '', '');
INSERT INTO photos_fts (photo_idx, photo_id, photo_title, photo_collection, photo_location, photo_year, camera, film_stock, film_format, tag_names) VALUES ((SELECT photo_idx FROM photos WHERE photo_id = 5113), 5113, 'Rhodochrosite', 'Rocks', 'Capillitas Mine, Catamarca Province, Argentina', 2012, '', '', '', 'horizontal,color,abstract,closeup,studio,newest,rock');
INSERT OR IGNORE INTO tags (name) VALUES ('horizontal');
INSERT INTO photo_tags (photo_idx, tag_id) VALUES ((SELECT photo_idx FROM photos WHERE photo_id = 5113), (SELECT tag_id FROM tags WHERE name = 'horizontal'));
INSERT OR IGNORE INTO tags (name) VALUES ('color');
INSERT INTO photo_tags (photo_idx, tag_id) VALUES ((SELECT photo_idx FROM photos WHERE photo_id = 5113), (SELECT tag_id FROM tags WHERE name = 'color'));
INSERT OR IGNORE INTO tags (name) VALUES ('abstract');
INSERT INTO photo_tags (photo_idx, tag_id) VALUES ((SELECT photo_idx FROM photos WHERE photo_id = 5113), (SELECT tag_id FROM tags WHERE name = 'abstract'));
INSERT OR IGNORE INTO tags (name) VALUES ('closeup');
INSERT INTO photo_tags (photo_idx, tag_id) VALUES ((SELECT photo_idx FROM photos WHERE photo_id = 5113), (SELECT tag_id FROM tags WHERE name = 'closeup'));
INSERT OR IGNORE INTO tags (name) VALUES ('studio');
INSERT INTO photo_tags (photo_idx, tag_id) VALUES ((SELECT photo_idx FROM photos WHERE photo_id = 5113), (SELECT tag_id FROM tags WHERE name = 'studio'));
INSERT OR IGNORE INTO tags (name) VALUES ('newest');
INSERT INTO photo_tags (photo_idx, tag_id) VALUES ((SELECT photo_idx FROM photos WHERE photo_id = 5113), (SELECT tag_id FROM tags WHERE name = 'newest'));
INSERT OR IGNORE INTO tags (name) VALUES ('rock');
INSERT INTO photo_tags (photo_idx, tag_id) VALUES ((SELECT photo_idx FROM photos WHERE photo_id = 5113), (SELECT tag_id FROM tags WHERE name = 'rock'));

INSERT INTO photos (photo_id, photo_title, photo_collection, photo_location, photo_year, camera, film_stock, film_format) VALUES (5114, 'Rhodochrosite', 'Rocks', 'Capillitas Mine, Catamarca Province, Argentina', 2012, '', '', '');
INSERT INTO photos_fts (photo_idx, photo_id, photo_title, photo_collection, photo_location, photo_year, camera, film_stock, film_format, tag_names) VALUES ((SELECT photo_idx FROM photos WHERE photo_id = 5114), 5114, 'Rhodochrosite', 'Rocks', 'Capillitas Mine, Catamarca Province, Argentina', 2012, '', '', '', 'horizontal,color,abstract,closeup,studio,newest,rock');
INSERT OR IGNORE INTO tags (name) VALUES ('horizontal');
INSERT INTO photo_tags (photo_idx, tag_id) VALUES ((SELECT photo_idx FROM photos WHERE photo_id = 5114), (SELECT tag_id FROM tags WHERE name = 'horizontal'));
INSERT OR IGNORE INTO tags (name) VALUES ('color');
INSERT INTO photo_tags (photo_idx, tag_id) VALUES ((SELECT photo_idx FROM photos WHERE photo_id = 5114), (SELECT tag_id FROM tags WHERE name = 'color'));
INSERT OR IGNORE INTO tags (name) VALUES ('abstract');
INSERT INTO photo_tags (photo_idx, tag_id) VALUES ((SELECT photo_idx FROM photos WHERE photo_id = 5114), (SELECT tag_id FROM tags WHERE name = 'abstract'));
INSERT OR IGNORE INTO tags (name) VALUES ('closeup');
INSERT INTO photo_tags (photo_idx, tag_id) VALUES ((SELECT photo_idx FROM photos WHERE photo_id = 5114), (SELECT tag_id FROM tags WHERE name = 'closeup'));
INSERT OR IGNORE INTO tags (name) VALUES ('studio');
INSERT INTO photo_tags (photo_idx, tag_id) VALUES ((SELECT photo_idx FROM photos WHERE photo_id = 5114), (SELECT tag_id FROM tags WHERE name = 'studio'));
INSERT OR IGNORE INTO tags (name) VALUES ('newest');
INSERT INTO photo_tags (photo_idx, tag_id) VALUES ((SELECT photo_idx FROM photos WHERE photo_id = 5114), (SELECT tag_id FROM tags WHERE name = 'newest'));
INSERT OR IGNORE INTO tags (name) VALUES ('rock');
INSERT INTO photo_tags (photo_idx, tag_id) VALUES ((SELECT photo_idx FROM photos WHERE photo_id = 5114), (SELECT tag_id FROM tags WHERE name = 'rock'));

INSERT INTO photos (photo_id, photo_title, photo_collection, photo_location, photo_year, camera, film_stock, film_format) VALUES (5115, 'Flowing Dunes', 'Rocks', 'Namib-Naukluft Park, Namibia', 2012, '', '', '');
INSERT INTO photos_fts (photo_idx, photo_id, photo_title, photo_collection, photo_location, photo_year, camera, film_stock, film_format, tag_names) VALUES ((SELECT photo_idx FROM photos WHERE photo_id = 5115), 5115, 'Flowing Dunes', 'Rocks', 'Namib-Naukluft Park, Namibia', 2012, '', '', '', 'horizontal,color,abstract,closeup,studio,newest,rock');
INSERT OR IGNORE INTO tags (name) VALUES ('horizontal');
INSERT INTO photo_tags (photo_idx, tag_id) VALUES ((SELECT photo_idx FROM photos WHERE photo_id = 5115), (SELECT tag_id FROM tags WHERE name = 'horizontal'));
INSERT OR IGNORE INTO tags (name) VALUES ('color');
INSERT INTO photo_tags (photo_idx, tag_id) VALUES ((SELECT photo_idx FROM photos WHERE photo_id = 5115), (SELECT tag_id FROM tags WHERE name = 'color'));
INSERT OR IGNORE INTO tags (name) VALUES ('abstract');
INSERT INTO photo_tags (photo_idx, tag_id) VALUES ((SELECT photo_idx FROM photos WHERE photo_id = 5115), (SELECT tag_id FROM tags WHERE name = 'abstract'));
INSERT OR IGNORE INTO tags (name) VALUES ('closeup');
INSERT INTO photo_tags (photo_idx, tag_id) VALUES ((SELECT photo_idx FROM photos WHERE photo_id = 5115), (SELECT tag_id FROM tags WHERE name = 'closeup'));
INSERT OR IGNORE INTO tags (name) VALUES ('studio');
INSERT INTO photo_tags (photo_idx, tag_id) VALUES ((SELECT photo_idx FROM photos WHERE photo_id = 5115), (SELECT tag_id FROM tags WHERE name = 'studio'));
INSERT OR IGNORE INTO tags (name) VALUES ('newest');
INSERT INTO photo_tags (photo_idx, tag_id) VALUES ((SELECT photo_idx FROM photos WHERE photo_id = 5115), (SELECT tag_id FROM tags WHERE name = 'newest'));
INSERT OR IGNORE INTO tags (name) VALUES ('rock');
INSERT INTO photo_tags (photo_idx, tag_id) VALUES ((SELECT photo_idx FROM photos WHERE photo_id = 5115), (SELECT tag_id FROM tags WHERE name = 'rock'));

INSERT INTO photos (photo_id, photo_title, photo_collection, photo_location, photo_year, camera, film_stock, film_format) VALUES (5116, 'Morrisonite', 'Rocks', 'Morrison Ranch, Owyhee River Canyon, Malheur County, Oregon', 2012, '', '', '');
INSERT INTO photos_fts (photo_idx, photo_id, photo_title, photo_collection, photo_location, photo_year, camera, film_stock, film_format, tag_names) VALUES ((SELECT photo_idx FROM photos WHERE photo_id = 5116), 5116, 'Morrisonite', 'Rocks', 'Morrison Ranch, Owyhee River Canyon, Malheur County, Oregon', 2012, '', '', '', 'horizontal,color,abstract,closeup,studio,newest,rock');
INSERT OR IGNORE INTO tags (name) VALUES ('horizontal');
INSERT INTO photo_tags (photo_idx, tag_id) VALUES ((SELECT photo_idx FROM photos WHERE photo_id = 5116), (SELECT tag_id FROM tags WHERE name = 'horizontal'));
INSERT OR IGNORE INTO tags (name) VALUES ('color');
INSERT INTO photo_tags (photo_idx, tag_id) VALUES ((SELECT photo_idx FROM photos WHERE photo_id = 5116), (SELECT tag_id FROM tags WHERE name = 'color'));
INSERT OR IGNORE INTO tags (name) VALUES ('abstract');
INSERT INTO photo_tags (photo_idx, tag_id) VALUES ((SELECT photo_idx FROM photos WHERE photo_id = 5116), (SELECT tag_id FROM tags WHERE name = 'abstract'));
INSERT OR IGNORE INTO tags (name) VALUES ('closeup');
INSERT INTO photo_tags (photo_idx, tag_id) VALUES ((SELECT photo_idx FROM photos WHERE photo_id = 5116), (SELECT tag_id FROM tags WHERE name = 'closeup'));
INSERT OR IGNORE INTO tags (name) VALUES ('studio');
INSERT INTO photo_tags (photo_idx, tag_id) VALUES ((SELECT photo_idx FROM photos WHERE photo_id = 5116), (SELECT tag_id FROM tags WHERE name = 'studio'));
INSERT OR IGNORE INTO tags (name) VALUES ('newest');
INSERT INTO photo_tags (photo_idx, tag_id) VALUES ((SELECT photo_idx FROM photos WHERE photo_id = 5116), (SELECT tag_id FROM tags WHERE name = 'newest'));
INSERT OR IGNORE INTO tags (name) VALUES ('rock');
INSERT INTO photo_tags (photo_idx, tag_id) VALUES ((SELECT photo_idx FROM photos WHERE photo_id = 5116), (SELECT tag_id FROM tags WHERE name = 'rock'));

INSERT INTO photos (photo_id, photo_title, photo_collection, photo_location, photo_year, camera, film_stock, film_format) VALUES (5117, 'Morrisonite', 'Rocks', 'Morrison Ranch, Owyhee River Canyon, Malheur County, Oregon', 2012, '', '', '');
INSERT INTO photos_fts (photo_idx, photo_id, photo_title, photo_collection, photo_location, photo_year, camera, film_stock, film_format, tag_names) VALUES ((SELECT photo_idx FROM photos WHERE photo_id = 5117), 5117, 'Morrisonite', 'Rocks', 'Morrison Ranch, Owyhee River Canyon, Malheur County, Oregon', 2012, '', '', '', 'horizontal,color,abstract,closeup,studio,newest,rock');
INSERT OR IGNORE INTO tags (name) VALUES ('horizontal');
INSERT INTO photo_tags (photo_idx, tag_id) VALUES ((SELECT photo_idx FROM photos WHERE photo_id = 5117), (SELECT tag_id FROM tags WHERE name = 'horizontal'));
INSERT OR IGNORE INTO tags (name) VALUES ('color');
INSERT INTO photo_tags (photo_idx, tag_id) VALUES ((SELECT photo_idx FROM photos WHERE photo_id = 5117), (SELECT tag_id FROM tags WHERE name = 'color'));
INSERT OR IGNORE INTO tags (name) VALUES ('abstract');
INSERT INTO photo_tags (photo_idx, tag_id) VALUES ((SELECT photo_idx FROM photos WHERE photo_id = 5117), (SELECT tag_id FROM tags WHERE name = 'abstract'));
INSERT OR IGNORE INTO tags (name) VALUES ('closeup');
INSERT INTO photo_tags (photo_idx, tag_id) VALUES ((SELECT photo_idx FROM photos WHERE photo_id = 5117), (SELECT tag_id FROM tags WHERE name = 'closeup'));
INSERT OR IGNORE INTO tags (name) VALUES ('studio');
INSERT INTO photo_tags (photo_idx, tag_id) VALUES ((SELECT photo_idx FROM photos WHERE photo_id = 5117), (SELECT tag_id FROM tags WHERE name = 'studio'));
INSERT OR IGNORE INTO tags (name) VALUES ('newest');
INSERT INTO photo_tags (photo_idx, tag_id) VALUES ((SELECT photo_idx FROM photos WHERE photo_id = 5117), (SELECT tag_id FROM tags WHERE name = 'newest'));
INSERT OR IGNORE INTO tags (name) VALUES ('rock');
INSERT INTO photo_tags (photo_idx, tag_id) VALUES ((SELECT photo_idx FROM photos WHERE photo_id = 5117), (SELECT tag_id FROM tags WHERE name = 'rock'));

INSERT INTO photos (photo_id, photo_title, photo_collection, photo_location, photo_year, camera, film_stock, film_format) VALUES (5118, 'Agua Nueva Agate', 'Rocks', 'Mi Sueno Claim, Rancho Agua Nueva, Chihuahua, Mexico', 2012, '', '', '');
INSERT INTO photos_fts (photo_idx, photo_id, photo_title, photo_collection, photo_location, photo_year, camera, film_stock, film_format, tag_names) VALUES ((SELECT photo_idx FROM photos WHERE photo_id = 5118), 5118, 'Agua Nueva Agate', 'Rocks', 'Mi Sueno Claim, Rancho Agua Nueva, Chihuahua, Mexico', 2012, '', '', '', 'horizontal,color,abstract,closeup,studio,newest,rock');
INSERT OR IGNORE INTO tags (name) VALUES ('horizontal');
INSERT INTO photo_tags (photo_idx, tag_id) VALUES ((SELECT photo_idx FROM photos WHERE photo_id = 5118), (SELECT tag_id FROM tags WHERE name = 'horizontal'));
INSERT OR IGNORE INTO tags (name) VALUES ('color');
INSERT INTO photo_tags (photo_idx, tag_id) VALUES ((SELECT photo_idx FROM photos WHERE photo_id = 5118), (SELECT tag_id FROM tags WHERE name = 'color'));
INSERT OR IGNORE INTO tags (name) VALUES ('abstract');
INSERT INTO photo_tags (photo_idx, tag_id) VALUES ((SELECT photo_idx FROM photos WHERE photo_id = 5118), (SELECT tag_id FROM tags WHERE name = 'abstract'));
INSERT OR IGNORE INTO tags (name) VALUES ('closeup');
INSERT INTO photo_tags (photo_idx, tag_id) VALUES ((SELECT photo_idx FROM photos WHERE photo_id = 5118), (SELECT tag_id FROM tags WHERE name = 'closeup'));
INSERT OR IGNORE INTO tags (name) VALUES ('studio');
INSERT INTO photo_tags (photo_idx, tag_id) VALUES ((SELECT photo_idx FROM photos WHERE photo_id = 5118), (SELECT tag_id FROM tags WHERE name = 'studio'));
INSERT OR IGNORE INTO tags (name) VALUES ('newest');
INSERT INTO photo_tags (photo_idx, tag_id) VALUES ((SELECT photo_idx FROM photos WHERE photo_id = 5118), (SELECT tag_id FROM tags WHERE name = 'newest'));
INSERT OR IGNORE INTO tags (name) VALUES ('rock');
INSERT INTO photo_tags (photo_idx, tag_id) VALUES ((SELECT photo_idx FROM photos WHERE photo_id = 5118), (SELECT tag_id FROM tags WHERE name = 'rock'));

INSERT INTO photos (photo_id, photo_title, photo_collection, photo_location, photo_year, camera, film_stock, film_format) VALUES (5119, 'Flowing Dunes', 'Rocks', 'Namib-Naukluft Park, Namibia', 2012, '', '', '');
INSERT INTO photos_fts (photo_idx, photo_id, photo_title, photo_collection, photo_location, photo_year, camera, film_stock, film_format, tag_names) VALUES ((SELECT photo_idx FROM photos WHERE photo_id = 5119), 5119, 'Flowing Dunes', 'Rocks', 'Namib-Naukluft Park, Namibia', 2012, '', '', '', 'horizontal,color,abstract,closeup,studio,newest,rock');
INSERT OR IGNORE INTO tags (name) VALUES ('horizontal');
INSERT INTO photo_tags (photo_idx, tag_id) VALUES ((SELECT photo_idx FROM photos WHERE photo_id = 5119), (SELECT tag_id FROM tags WHERE name = 'horizontal'));
INSERT OR IGNORE INTO tags (name) VALUES ('color');
INSERT INTO photo_tags (photo_idx, tag_id) VALUES ((SELECT photo_idx FROM photos WHERE photo_id = 5119), (SELECT tag_id FROM tags WHERE name = 'color'));
INSERT OR IGNORE INTO tags (name) VALUES ('abstract');
INSERT INTO photo_tags (photo_idx, tag_id) VALUES ((SELECT photo_idx FROM photos WHERE photo_id = 5119), (SELECT tag_id FROM tags WHERE name = 'abstract'));
INSERT OR IGNORE INTO tags (name) VALUES ('closeup');
INSERT INTO photo_tags (photo_idx, tag_id) VALUES ((SELECT photo_idx FROM photos WHERE photo_id = 5119), (SELECT tag_id FROM tags WHERE name = 'closeup'));
INSERT OR IGNORE INTO tags (name) VALUES ('studio');
INSERT INTO photo_tags (photo_idx, tag_id) VALUES ((SELECT photo_idx FROM photos WHERE photo_id = 5119), (SELECT tag_id FROM tags WHERE name = 'studio'));
INSERT OR IGNORE INTO tags (name) VALUES ('newest');
INSERT INTO photo_tags (photo_idx, tag_id) VALUES ((SELECT photo_idx FROM photos WHERE photo_id = 5119), (SELECT tag_id FROM tags WHERE name = 'newest'));
INSERT OR IGNORE INTO tags (name) VALUES ('rock');
INSERT INTO photo_tags (photo_idx, tag_id) VALUES ((SELECT photo_idx FROM photos WHERE photo_id = 5119), (SELECT tag_id FROM tags WHERE name = 'rock'));

INSERT INTO photos (photo_id, photo_title, photo_collection, photo_location, photo_year, camera, film_stock, film_format) VALUES (5120, 'Ocean Jasper', 'Rocks', 'Near Marovato, Mahajanga Province, Madagascar', 2012, '', '', '');
INSERT INTO photos_fts (photo_idx, photo_id, photo_title, photo_collection, photo_location, photo_year, camera, film_stock, film_format, tag_names) VALUES ((SELECT photo_idx FROM photos WHERE photo_id = 5120), 5120, 'Ocean Jasper', 'Rocks', 'Near Marovato, Mahajanga Province, Madagascar', 2012, '', '', '', 'horizontal,color,abstract,closeup,studio,newest,rock');
INSERT OR IGNORE INTO tags (name) VALUES ('horizontal');
INSERT INTO photo_tags (photo_idx, tag_id) VALUES ((SELECT photo_idx FROM photos WHERE photo_id = 5120), (SELECT tag_id FROM tags WHERE name = 'horizontal'));
INSERT OR IGNORE INTO tags (name) VALUES ('color');
INSERT INTO photo_tags (photo_idx, tag_id) VALUES ((SELECT photo_idx FROM photos WHERE photo_id = 5120), (SELECT tag_id FROM tags WHERE name = 'color'));
INSERT OR IGNORE INTO tags (name) VALUES ('abstract');
INSERT INTO photo_tags (photo_idx, tag_id) VALUES ((SELECT photo_idx FROM photos WHERE photo_id = 5120), (SELECT tag_id FROM tags WHERE name = 'abstract'));
INSERT OR IGNORE INTO tags (name) VALUES ('closeup');
INSERT INTO photo_tags (photo_idx, tag_id) VALUES ((SELECT photo_idx FROM photos WHERE photo_id = 5120), (SELECT tag_id FROM tags WHERE name = 'closeup'));
INSERT OR IGNORE INTO tags (name) VALUES ('studio');
INSERT INTO photo_tags (photo_idx, tag_id) VALUES ((SELECT photo_idx FROM photos WHERE photo_id = 5120), (SELECT tag_id FROM tags WHERE name = 'studio'));
INSERT OR IGNORE INTO tags (name) VALUES ('newest');
INSERT INTO photo_tags (photo_idx, tag_id) VALUES ((SELECT photo_idx FROM photos WHERE photo_id = 5120), (SELECT tag_id FROM tags WHERE name = 'newest'));
INSERT OR IGNORE INTO tags (name) VALUES ('rock');
INSERT INTO photo_tags (photo_idx, tag_id) VALUES ((SELECT photo_idx FROM photos WHERE photo_id = 5120), (SELECT tag_id FROM tags WHERE name = 'rock'));