INSERT INTO photos (photo_id, photo_title, photo_collection, photo_location, photo_year, camera, film_stock, film_format) VALUES (1638, 'Shiny Abalone Shell', 'California', 'Portola Valley, California', 2000, 'Hasselblad', 'Fujichrome Velvia', '6 x 6 cm');
INSERT INTO photos_fts (photo_idx, photo_id, photo_title, photo_collection, photo_location, photo_year, camera, film_stock, film_format, tag_names) VALUES ((SELECT photo_idx FROM photos WHERE photo_id = 1638), 1638, 'Shiny Abalone Shell', 'California', 'Portola Valley, California', 2000, 'Hasselblad', 'Fujichrome Velvia', '6 x 6 cm', 'horizontal,closeup,abstract,color,studio,blue,silver,shell,abalone');
INSERT OR IGNORE INTO tags (name) VALUES ('horizontal');
INSERT INTO photo_tags (photo_idx, tag_id) VALUES ((SELECT photo_idx FROM photos WHERE photo_id = 1638), (SELECT tag_id FROM tags WHERE name = 'horizontal'));
INSERT OR IGNORE INTO tags (name) VALUES ('closeup');
INSERT INTO photo_tags (photo_idx, tag_id) VALUES ((SELECT photo_idx FROM photos WHERE photo_id = 1638), (SELECT tag_id FROM tags WHERE name = 'closeup'));
INSERT OR IGNORE INTO tags (name) VALUES ('abstract');
INSERT INTO photo_tags (photo_idx, tag_id) VALUES ((SELECT photo_idx FROM photos WHERE photo_id = 1638), (SELECT tag_id FROM tags WHERE name = 'abstract'));
INSERT OR IGNORE INTO tags (name) VALUES ('color');
INSERT INTO photo_tags (photo_idx, tag_id) VALUES ((SELECT photo_idx FROM photos WHERE photo_id = 1638), (SELECT tag_id FROM tags WHERE name = 'color'));
INSERT OR IGNORE INTO tags (name) VALUES ('studio');
INSERT INTO photo_tags (photo_idx, tag_id) VALUES ((SELECT photo_idx FROM photos WHERE photo_id = 1638), (SELECT tag_id FROM tags WHERE name = 'studio'));
INSERT OR IGNORE INTO tags (name) VALUES ('blue');
INSERT INTO photo_tags (photo_idx, tag_id) VALUES ((SELECT photo_idx FROM photos WHERE photo_id = 1638), (SELECT tag_id FROM tags WHERE name = 'blue'));
INSERT OR IGNORE INTO tags (name) VALUES ('silver');
INSERT INTO photo_tags (photo_idx, tag_id) VALUES ((SELECT photo_idx FROM photos WHERE photo_id = 1638), (SELECT tag_id FROM tags WHERE name = 'silver'));
INSERT OR IGNORE INTO tags (name) VALUES ('shell');
INSERT INTO photo_tags (photo_idx, tag_id) VALUES ((SELECT photo_idx FROM photos WHERE photo_id = 1638), (SELECT tag_id FROM tags WHERE name = 'shell'));
INSERT OR IGNORE INTO tags (name) VALUES ('abalone');
INSERT INTO photo_tags (photo_idx, tag_id) VALUES ((SELECT photo_idx FROM photos WHERE photo_id = 1638), (SELECT tag_id FROM tags WHERE name = 'abalone'));

INSERT INTO photos (photo_id, photo_title, photo_collection, photo_location, photo_year, camera, film_stock, film_format) VALUES (1639, 'White Amaryllis', 'Flower Portraits', 'Portola Valley, California', 2000, 'Hasselblad', 'Fujichrome Velvia', '6 x 6 cm');
INSERT INTO photos_fts (photo_idx, photo_id, photo_title, photo_collection, photo_location, photo_year, camera, film_stock, film_format, tag_names) VALUES ((SELECT photo_idx FROM photos WHERE photo_id = 1639), 1639, 'White Amaryllis', 'Flower Portraits', 'Portola Valley, California', 2000, 'Hasselblad', 'Fujichrome Velvia', '6 x 6 cm', 'horizontal,closeup,color,studio,black,white,flowers');
INSERT OR IGNORE INTO tags (name) VALUES ('horizontal');
INSERT INTO photo_tags (photo_idx, tag_id) VALUES ((SELECT photo_idx FROM photos WHERE photo_id = 1639), (SELECT tag_id FROM tags WHERE name = 'horizontal'));
INSERT OR IGNORE INTO tags (name) VALUES ('closeup');
INSERT INTO photo_tags (photo_idx, tag_id) VALUES ((SELECT photo_idx FROM photos WHERE photo_id = 1639), (SELECT tag_id FROM tags WHERE name = 'closeup'));
INSERT OR IGNORE INTO tags (name) VALUES ('color');
INSERT INTO photo_tags (photo_idx, tag_id) VALUES ((SELECT photo_idx FROM photos WHERE photo_id = 1639), (SELECT tag_id FROM tags WHERE name = 'color'));
INSERT OR IGNORE INTO tags (name) VALUES ('studio');
INSERT INTO photo_tags (photo_idx, tag_id) VALUES ((SELECT photo_idx FROM photos WHERE photo_id = 1639), (SELECT tag_id FROM tags WHERE name = 'studio'));
INSERT OR IGNORE INTO tags (name) VALUES ('black');
INSERT INTO photo_tags (photo_idx, tag_id) VALUES ((SELECT photo_idx FROM photos WHERE photo_id = 1639), (SELECT tag_id FROM tags WHERE name = 'black'));
INSERT OR IGNORE INTO tags (name) VALUES ('white');
INSERT INTO photo_tags (photo_idx, tag_id) VALUES ((SELECT photo_idx FROM photos WHERE photo_id = 1639), (SELECT tag_id FROM tags WHERE name = 'white'));
INSERT OR IGNORE INTO tags (name) VALUES ('flowers');
INSERT INTO photo_tags (photo_idx, tag_id) VALUES ((SELECT photo_idx FROM photos WHERE photo_id = 1639), (SELECT tag_id FROM tags WHERE name = 'flowers'));

INSERT INTO photos (photo_id, photo_title, photo_collection, photo_location, photo_year, camera, film_stock, film_format) VALUES (1640, 'Bernheim Forest', 'Kentucky', 'Bernheim Arboretum, Kentucky', 2000, 'Hasselblad', 'Fujichrome Velvia', '6 x 6 cm');
INSERT INTO photos_fts (photo_idx, photo_id, photo_title, photo_collection, photo_location, photo_year, camera, film_stock, film_format, tag_names) VALUES ((SELECT photo_idx FROM photos WHERE photo_id = 1640), 1640, 'Bernheim Forest', 'Kentucky', 'Bernheim Arboretum, Kentucky', 2000, 'Hasselblad', 'Fujichrome Velvia', '6 x 6 cm', 'vertical,spring,scenic,landscape,color,outdoors,brown,pink,yellow,trees,forest,dogwood');
INSERT OR IGNORE INTO tags (name) VALUES ('vertical');
INSERT INTO photo_tags (photo_idx, tag_id) VALUES ((SELECT photo_idx FROM photos WHERE photo_id = 1640), (SELECT tag_id FROM tags WHERE name = 'vertical'));
INSERT OR IGNORE INTO tags (name) VALUES ('spring');
INSERT INTO photo_tags (photo_idx, tag_id) VALUES ((SELECT photo_idx FROM photos WHERE photo_id = 1640), (SELECT tag_id FROM tags WHERE name = 'spring'));
INSERT OR IGNORE INTO tags (name) VALUES ('scenic');
INSERT INTO photo_tags (photo_idx, tag_id) VALUES ((SELECT photo_idx FROM photos WHERE photo_id = 1640), (SELECT tag_id FROM tags WHERE name = 'scenic'));
INSERT OR IGNORE INTO tags (name) VALUES ('landscape');
INSERT INTO photo_tags (photo_idx, tag_id) VALUES ((SELECT photo_idx FROM photos WHERE photo_id = 1640), (SELECT tag_id FROM tags WHERE name = 'landscape'));
INSERT OR IGNORE INTO tags (name) VALUES ('color');
INSERT INTO photo_tags (photo_idx, tag_id) VALUES ((SELECT photo_idx FROM photos WHERE photo_id = 1640), (SELECT tag_id FROM tags WHERE name = 'color'));
INSERT OR IGNORE INTO tags (name) VALUES ('outdoors');
INSERT INTO photo_tags (photo_idx, tag_id) VALUES ((SELECT photo_idx FROM photos WHERE photo_id = 1640), (SELECT tag_id FROM tags WHERE name = 'outdoors'));
INSERT OR IGNORE INTO tags (name) VALUES ('brown');
INSERT INTO photo_tags (photo_idx, tag_id) VALUES ((SELECT photo_idx FROM photos WHERE photo_id = 1640), (SELECT tag_id FROM tags WHERE name = 'brown'));
INSERT OR IGNORE INTO tags (name) VALUES ('pink');
INSERT INTO photo_tags (photo_idx, tag_id) VALUES ((SELECT photo_idx FROM photos WHERE photo_id = 1640), (SELECT tag_id FROM tags WHERE name = 'pink'));
INSERT OR IGNORE INTO tags (name) VALUES ('yellow');
INSERT INTO photo_tags (photo_idx, tag_id) VALUES ((SELECT photo_idx FROM photos WHERE photo_id = 1640), (SELECT tag_id FROM tags WHERE name = 'yellow'));
INSERT OR IGNORE INTO tags (name) VALUES ('trees');
INSERT INTO photo_tags (photo_idx, tag_id) VALUES ((SELECT photo_idx FROM photos WHERE photo_id = 1640), (SELECT tag_id FROM tags WHERE name = 'trees'));
INSERT OR IGNORE INTO tags (name) VALUES ('forest');
INSERT INTO photo_tags (photo_idx, tag_id) VALUES ((SELECT photo_idx FROM photos WHERE photo_id = 1640), (SELECT tag_id FROM tags WHERE name = 'forest'));
INSERT OR IGNORE INTO tags (name) VALUES ('dogwood');
INSERT INTO photo_tags (photo_idx, tag_id) VALUES ((SELECT photo_idx FROM photos WHERE photo_id = 1640), (SELECT tag_id FROM tags WHERE name = 'dogwood'));

INSERT INTO photos (photo_id, photo_title, photo_collection, photo_location, photo_year, camera, film_stock, film_format) VALUES (1643, 'Flowering Dogwood', 'Kentucky', 'Bernheim Arboretum, Kentucky', 2000, 'Hasselblad', 'Fujichrome Velvia', '6 x 6 cm');
INSERT INTO photos_fts (photo_idx, photo_id, photo_title, photo_collection, photo_location, photo_year, camera, film_stock, film_format, tag_names) VALUES ((SELECT photo_idx FROM photos WHERE photo_id = 1643), 1643, 'Flowering Dogwood', 'Kentucky', 'Bernheim Arboretum, Kentucky', 2000, 'Hasselblad', 'Fujichrome Velvia', '6 x 6 cm', 'vertical,spring,closeup,scenic,landscape,color,outdoors,black,green,white,flowers,grass,trees,foliage,forest,blossoms,dogwood');
INSERT OR IGNORE INTO tags (name) VALUES ('vertical');
INSERT INTO photo_tags (photo_idx, tag_id) VALUES ((SELECT photo_idx FROM photos WHERE photo_id = 1643), (SELECT tag_id FROM tags WHERE name = 'vertical'));
INSERT OR IGNORE INTO tags (name) VALUES ('spring');
INSERT INTO photo_tags (photo_idx, tag_id) VALUES ((SELECT photo_idx FROM photos WHERE photo_id = 1643), (SELECT tag_id FROM tags WHERE name = 'spring'));
INSERT OR IGNORE INTO tags (name) VALUES ('closeup');
INSERT INTO photo_tags (photo_idx, tag_id) VALUES ((SELECT photo_idx FROM photos WHERE photo_id = 1643), (SELECT tag_id FROM tags WHERE name = 'closeup'));
INSERT OR IGNORE INTO tags (name) VALUES ('scenic');
INSERT INTO photo_tags (photo_idx, tag_id) VALUES ((SELECT photo_idx FROM photos WHERE photo_id = 1643), (SELECT tag_id FROM tags WHERE name = 'scenic'));
INSERT OR IGNORE INTO tags (name) VALUES ('landscape');
INSERT INTO photo_tags (photo_idx, tag_id) VALUES ((SELECT photo_idx FROM photos WHERE photo_id = 1643), (SELECT tag_id FROM tags WHERE name = 'landscape'));
INSERT OR IGNORE INTO tags (name) VALUES ('color');
INSERT INTO photo_tags (photo_idx, tag_id) VALUES ((SELECT photo_idx FROM photos WHERE photo_id = 1643), (SELECT tag_id FROM tags WHERE name = 'color'));
INSERT OR IGNORE INTO tags (name) VALUES ('outdoors');
INSERT INTO photo_tags (photo_idx, tag_id) VALUES ((SELECT photo_idx FROM photos WHERE photo_id = 1643), (SELECT tag_id FROM tags WHERE name = 'outdoors'));
INSERT OR IGNORE INTO tags (name) VALUES ('black');
INSERT INTO photo_tags (photo_idx, tag_id) VALUES ((SELECT photo_idx FROM photos WHERE photo_id = 1643), (SELECT tag_id FROM tags WHERE name = 'black'));
INSERT OR IGNORE INTO tags (name) VALUES ('green');
INSERT INTO photo_tags (photo_idx, tag_id) VALUES ((SELECT photo_idx FROM photos WHERE photo_id = 1643), (SELECT tag_id FROM tags WHERE name = 'green'));
INSERT OR IGNORE INTO tags (name) VALUES ('white');
INSERT INTO photo_tags (photo_idx, tag_id) VALUES ((SELECT photo_idx FROM photos WHERE photo_id = 1643), (SELECT tag_id FROM tags WHERE name = 'white'));
INSERT OR IGNORE INTO tags (name) VALUES ('flowers');
INSERT INTO photo_tags (photo_idx, tag_id) VALUES ((SELECT photo_idx FROM photos WHERE photo_id = 1643), (SELECT tag_id FROM tags WHERE name = 'flowers'));
INSERT OR IGNORE INTO tags (name) VALUES ('grass');
INSERT INTO photo_tags (photo_idx, tag_id) VALUES ((SELECT photo_idx FROM photos WHERE photo_id = 1643), (SELECT tag_id FROM tags WHERE name = 'grass'));
INSERT OR IGNORE INTO tags (name) VALUES ('trees');
INSERT INTO photo_tags (photo_idx, tag_id) VALUES ((SELECT photo_idx FROM photos WHERE photo_id = 1643), (SELECT tag_id FROM tags WHERE name = 'trees'));
INSERT OR IGNORE INTO tags (name) VALUES ('foliage');
INSERT INTO photo_tags (photo_idx, tag_id) VALUES ((SELECT photo_idx FROM photos WHERE photo_id = 1643), (SELECT tag_id FROM tags WHERE name = 'foliage'));
INSERT OR IGNORE INTO tags (name) VALUES ('forest');
INSERT INTO photo_tags (photo_idx, tag_id) VALUES ((SELECT photo_idx FROM photos WHERE photo_id = 1643), (SELECT tag_id FROM tags WHERE name = 'forest'));
INSERT OR IGNORE INTO tags (name) VALUES ('blossoms');
INSERT INTO photo_tags (photo_idx, tag_id) VALUES ((SELECT photo_idx FROM photos WHERE photo_id = 1643), (SELECT tag_id FROM tags WHERE name = 'blossoms'));
INSERT OR IGNORE INTO tags (name) VALUES ('dogwood');
INSERT INTO photo_tags (photo_idx, tag_id) VALUES ((SELECT photo_idx FROM photos WHERE photo_id = 1643), (SELECT tag_id FROM tags WHERE name = 'dogwood'));

INSERT INTO photos (photo_id, photo_title, photo_collection, photo_location, photo_year, camera, film_stock, film_format) VALUES (1644, 'Dogwood at Sunset', 'Kentucky', 'Bernheim Arboretum, Kentucky', 2000, 'Hasselblad', 'Fujichrome Velvia', '6 x 6 cm');
INSERT INTO photos_fts (photo_idx, photo_id, photo_title, photo_collection, photo_location, photo_year, camera, film_stock, film_format, tag_names) VALUES ((SELECT photo_idx FROM photos WHERE photo_id = 1644), 1644, 'Dogwood at Sunset', 'Kentucky', 'Bernheim Arboretum, Kentucky', 2000, 'Hasselblad', 'Fujichrome Velvia', '6 x 6 cm', 'horizontal,spring,scenic,landscape,color,outdoors,black,brown,white,flowers,trees,foliage,forest,blossoms,dogwood');
INSERT OR IGNORE INTO tags (name) VALUES ('horizontal');
INSERT INTO photo_tags (photo_idx, tag_id) VALUES ((SELECT photo_idx FROM photos WHERE photo_id = 1644), (SELECT tag_id FROM tags WHERE name = 'horizontal'));
INSERT OR IGNORE INTO tags (name) VALUES ('spring');
INSERT INTO photo_tags (photo_idx, tag_id) VALUES ((SELECT photo_idx FROM photos WHERE photo_id = 1644), (SELECT tag_id FROM tags WHERE name = 'spring'));
INSERT OR IGNORE INTO tags (name) VALUES ('scenic');
INSERT INTO photo_tags (photo_idx, tag_id) VALUES ((SELECT photo_idx FROM photos WHERE photo_id = 1644), (SELECT tag_id FROM tags WHERE name = 'scenic'));
INSERT OR IGNORE INTO tags (name) VALUES ('landscape');
INSERT INTO photo_tags (photo_idx, tag_id) VALUES ((SELECT photo_idx FROM photos WHERE photo_id = 1644), (SELECT tag_id FROM tags WHERE name = 'landscape'));
INSERT OR IGNORE INTO tags (name) VALUES ('color');
INSERT INTO photo_tags (photo_idx, tag_id) VALUES ((SELECT photo_idx FROM photos WHERE photo_id = 1644), (SELECT tag_id FROM tags WHERE name = 'color'));
INSERT OR IGNORE INTO tags (name) VALUES ('outdoors');
INSERT INTO photo_tags (photo_idx, tag_id) VALUES ((SELECT photo_idx FROM photos WHERE photo_id = 1644), (SELECT tag_id FROM tags WHERE name = 'outdoors'));
INSERT OR IGNORE INTO tags (name) VALUES ('black');
INSERT INTO photo_tags (photo_idx, tag_id) VALUES ((SELECT photo_idx FROM photos WHERE photo_id = 1644), (SELECT tag_id FROM tags WHERE name = 'black'));
INSERT OR IGNORE INTO tags (name) VALUES ('brown');
INSERT INTO photo_tags (photo_idx, tag_id) VALUES ((SELECT photo_idx FROM photos WHERE photo_id = 1644), (SELECT tag_id FROM tags WHERE name = 'brown'));
INSERT OR IGNORE INTO tags (name) VALUES ('white');
INSERT INTO photo_tags (photo_idx, tag_id) VALUES ((SELECT photo_idx FROM photos WHERE photo_id = 1644), (SELECT tag_id FROM tags WHERE name = 'white'));
INSERT OR IGNORE INTO tags (name) VALUES ('flowers');
INSERT INTO photo_tags (photo_idx, tag_id) VALUES ((SELECT photo_idx FROM photos WHERE photo_id = 1644), (SELECT tag_id FROM tags WHERE name = 'flowers'));
INSERT OR IGNORE INTO tags (name) VALUES ('trees');
INSERT INTO photo_tags (photo_idx, tag_id) VALUES ((SELECT photo_idx FROM photos WHERE photo_id = 1644), (SELECT tag_id FROM tags WHERE name = 'trees'));
INSERT OR IGNORE INTO tags (name) VALUES ('foliage');
INSERT INTO photo_tags (photo_idx, tag_id) VALUES ((SELECT photo_idx FROM photos WHERE photo_id = 1644), (SELECT tag_id FROM tags WHERE name = 'foliage'));
INSERT OR IGNORE INTO tags (name) VALUES ('forest');
INSERT INTO photo_tags (photo_idx, tag_id) VALUES ((SELECT photo_idx FROM photos WHERE photo_id = 1644), (SELECT tag_id FROM tags WHERE name = 'forest'));
INSERT OR IGNORE INTO tags (name) VALUES ('blossoms');
INSERT INTO photo_tags (photo_idx, tag_id) VALUES ((SELECT photo_idx FROM photos WHERE photo_id = 1644), (SELECT tag_id FROM tags WHERE name = 'blossoms'));
INSERT OR IGNORE INTO tags (name) VALUES ('dogwood');
INSERT INTO photo_tags (photo_idx, tag_id) VALUES ((SELECT photo_idx FROM photos WHERE photo_id = 1644), (SELECT tag_id FROM tags WHERE name = 'dogwood'));

INSERT INTO photos (photo_id, photo_title, photo_collection, photo_location, photo_year, camera, film_stock, film_format) VALUES (1645, 'Dogwood and Redbud', 'Kentucky', 'Red River Gorge, Kentucky', 2000, 'Hasselblad', 'Fujichrome Velvia', '6 x 6 cm');
INSERT INTO photos_fts (photo_idx, photo_id, photo_title, photo_collection, photo_location, photo_year, camera, film_stock, film_format, tag_names) VALUES ((SELECT photo_idx FROM photos WHERE photo_id = 1645), 1645, 'Dogwood and Redbud', 'Kentucky', 'Red River Gorge, Kentucky', 2000, 'Hasselblad', 'Fujichrome Velvia', '6 x 6 cm', 'horizontal,spring,scenic,landscape,color,outdoors,pink,purple,foliage,forest,blossoms,dogwood');
INSERT OR IGNORE INTO tags (name) VALUES ('horizontal');
INSERT INTO photo_tags (photo_idx, tag_id) VALUES ((SELECT photo_idx FROM photos WHERE photo_id = 1645), (SELECT tag_id FROM tags WHERE name = 'horizontal'));
INSERT OR IGNORE INTO tags (name) VALUES ('spring');
INSERT INTO photo_tags (photo_idx, tag_id) VALUES ((SELECT photo_idx FROM photos WHERE photo_id = 1645), (SELECT tag_id FROM tags WHERE name = 'spring'));
INSERT OR IGNORE INTO tags (name) VALUES ('scenic');
INSERT INTO photo_tags (photo_idx, tag_id) VALUES ((SELECT photo_idx FROM photos WHERE photo_id = 1645), (SELECT tag_id FROM tags WHERE name = 'scenic'));
INSERT OR IGNORE INTO tags (name) VALUES ('landscape');
INSERT INTO photo_tags (photo_idx, tag_id) VALUES ((SELECT photo_idx FROM photos WHERE photo_id = 1645), (SELECT tag_id FROM tags WHERE name = 'landscape'));
INSERT OR IGNORE INTO tags (name) VALUES ('color');
INSERT INTO photo_tags (photo_idx, tag_id) VALUES ((SELECT photo_idx FROM photos WHERE photo_id = 1645), (SELECT tag_id FROM tags WHERE name = 'color'));
INSERT OR IGNORE INTO tags (name) VALUES ('outdoors');
INSERT INTO photo_tags (photo_idx, tag_id) VALUES ((SELECT photo_idx FROM photos WHERE photo_id = 1645), (SELECT tag_id FROM tags WHERE name = 'outdoors'));
INSERT OR IGNORE INTO tags (name) VALUES ('pink');
INSERT INTO photo_tags (photo_idx, tag_id) VALUES ((SELECT photo_idx FROM photos WHERE photo_id = 1645), (SELECT tag_id FROM tags WHERE name = 'pink'));
INSERT OR IGNORE INTO tags (name) VALUES ('purple');
INSERT INTO photo_tags (photo_idx, tag_id) VALUES ((SELECT photo_idx FROM photos WHERE photo_id = 1645), (SELECT tag_id FROM tags WHERE name = 'purple'));
INSERT OR IGNORE INTO tags (name) VALUES ('foliage');
INSERT INTO photo_tags (photo_idx, tag_id) VALUES ((SELECT photo_idx FROM photos WHERE photo_id = 1645), (SELECT tag_id FROM tags WHERE name = 'foliage'));
INSERT OR IGNORE INTO tags (name) VALUES ('forest');
INSERT INTO photo_tags (photo_idx, tag_id) VALUES ((SELECT photo_idx FROM photos WHERE photo_id = 1645), (SELECT tag_id FROM tags WHERE name = 'forest'));
INSERT OR IGNORE INTO tags (name) VALUES ('blossoms');
INSERT INTO photo_tags (photo_idx, tag_id) VALUES ((SELECT photo_idx FROM photos WHERE photo_id = 1645), (SELECT tag_id FROM tags WHERE name = 'blossoms'));
INSERT OR IGNORE INTO tags (name) VALUES ('dogwood');
INSERT INTO photo_tags (photo_idx, tag_id) VALUES ((SELECT photo_idx FROM photos WHERE photo_id = 1645), (SELECT tag_id FROM tags WHERE name = 'dogwood'));

INSERT INTO photos (photo_id, photo_title, photo_collection, photo_location, photo_year, camera, film_stock, film_format) VALUES (1646, 'Bernheim Forest Scene', 'Kentucky', 'Bernheim Arboretum, Kentucky', 2000, 'Hasselblad', 'Fujichrome Velvia', '6 x 6 cm');
INSERT INTO photos_fts (photo_idx, photo_id, photo_title, photo_collection, photo_location, photo_year, camera, film_stock, film_format, tag_names) VALUES ((SELECT photo_idx FROM photos WHERE photo_id = 1646), 1646, 'Bernheim Forest Scene', 'Kentucky', 'Bernheim Arboretum, Kentucky', 2000, 'Hasselblad', 'Fujichrome Velvia', '6 x 6 cm', 'horizontal,spring,scenic,landscape,color,outdoors,brown,foliage,forest,dogwood');
INSERT OR IGNORE INTO tags (name) VALUES ('horizontal');
INSERT INTO photo_tags (photo_idx, tag_id) VALUES ((SELECT photo_idx FROM photos WHERE photo_id = 1646), (SELECT tag_id FROM tags WHERE name = 'horizontal'));
INSERT OR IGNORE INTO tags (name) VALUES ('spring');
INSERT INTO photo_tags (photo_idx, tag_id) VALUES ((SELECT photo_idx FROM photos WHERE photo_id = 1646), (SELECT tag_id FROM tags WHERE name = 'spring'));
INSERT OR IGNORE INTO tags (name) VALUES ('scenic');
INSERT INTO photo_tags (photo_idx, tag_id) VALUES ((SELECT photo_idx FROM photos WHERE photo_id = 1646), (SELECT tag_id FROM tags WHERE name = 'scenic'));
INSERT OR IGNORE INTO tags (name) VALUES ('landscape');
INSERT INTO photo_tags (photo_idx, tag_id) VALUES ((SELECT photo_idx FROM photos WHERE photo_id = 1646), (SELECT tag_id FROM tags WHERE name = 'landscape'));
INSERT OR IGNORE INTO tags (name) VALUES ('color');
INSERT INTO photo_tags (photo_idx, tag_id) VALUES ((SELECT photo_idx FROM photos WHERE photo_id = 1646), (SELECT tag_id FROM tags WHERE name = 'color'));
INSERT OR IGNORE INTO tags (name) VALUES ('outdoors');
INSERT INTO photo_tags (photo_idx, tag_id) VALUES ((SELECT photo_idx FROM photos WHERE photo_id = 1646), (SELECT tag_id FROM tags WHERE name = 'outdoors'));
INSERT OR IGNORE INTO tags (name) VALUES ('brown');
INSERT INTO photo_tags (photo_idx, tag_id) VALUES ((SELECT photo_idx FROM photos WHERE photo_id = 1646), (SELECT tag_id FROM tags WHERE name = 'brown'));
INSERT OR IGNORE INTO tags (name) VALUES ('foliage');
INSERT INTO photo_tags (photo_idx, tag_id) VALUES ((SELECT photo_idx FROM photos WHERE photo_id = 1646), (SELECT tag_id FROM tags WHERE name = 'foliage'));
INSERT OR IGNORE INTO tags (name) VALUES ('forest');
INSERT INTO photo_tags (photo_idx, tag_id) VALUES ((SELECT photo_idx FROM photos WHERE photo_id = 1646), (SELECT tag_id FROM tags WHERE name = 'forest'));
INSERT OR IGNORE INTO tags (name) VALUES ('dogwood');
INSERT INTO photo_tags (photo_idx, tag_id) VALUES ((SELECT photo_idx FROM photos WHERE photo_id = 1646), (SELECT tag_id FROM tags WHERE name = 'dogwood'));

INSERT INTO photos (photo_id, photo_title, photo_collection, photo_location, photo_year, camera, film_stock, film_format) VALUES (1648, 'Redbud and Dogwood Boquet', 'Kentucky', 'Red River Gorge, Kentucky', 2000, 'Hasselblad', 'Fujichrome Velvia', '6 x 6 cm');
INSERT INTO photos_fts (photo_idx, photo_id, photo_title, photo_collection, photo_location, photo_year, camera, film_stock, film_format, tag_names) VALUES ((SELECT photo_idx FROM photos WHERE photo_id = 1648), 1648, 'Redbud and Dogwood Boquet', 'Kentucky', 'Red River Gorge, Kentucky', 2000, 'Hasselblad', 'Fujichrome Velvia', '6 x 6 cm', 'vertical,spring,scenic,landscape,color,outdoors,pink,purple,flowers,foliage,forest,blossoms,dogwood');
INSERT OR IGNORE INTO tags (name) VALUES ('vertical');
INSERT INTO photo_tags (photo_idx, tag_id) VALUES ((SELECT photo_idx FROM photos WHERE photo_id = 1648), (SELECT tag_id FROM tags WHERE name = 'vertical'));
INSERT OR IGNORE INTO tags (name) VALUES ('spring');
INSERT INTO photo_tags (photo_idx, tag_id) VALUES ((SELECT photo_idx FROM photos WHERE photo_id = 1648), (SELECT tag_id FROM tags WHERE name = 'spring'));
INSERT OR IGNORE INTO tags (name) VALUES ('scenic');
INSERT INTO photo_tags (photo_idx, tag_id) VALUES ((SELECT photo_idx FROM photos WHERE photo_id = 1648), (SELECT tag_id FROM tags WHERE name = 'scenic'));
INSERT OR IGNORE INTO tags (name) VALUES ('landscape');
INSERT INTO photo_tags (photo_idx, tag_id) VALUES ((SELECT photo_idx FROM photos WHERE photo_id = 1648), (SELECT tag_id FROM tags WHERE name = 'landscape'));
INSERT OR IGNORE INTO tags (name) VALUES ('color');
INSERT INTO photo_tags (photo_idx, tag_id) VALUES ((SELECT photo_idx FROM photos WHERE photo_id = 1648), (SELECT tag_id FROM tags WHERE name = 'color'));
INSERT OR IGNORE INTO tags (name) VALUES ('outdoors');
INSERT INTO photo_tags (photo_idx, tag_id) VALUES ((SELECT photo_idx FROM photos WHERE photo_id = 1648), (SELECT tag_id FROM tags WHERE name = 'outdoors'));
INSERT OR IGNORE INTO tags (name) VALUES ('pink');
INSERT INTO photo_tags (photo_idx, tag_id) VALUES ((SELECT photo_idx FROM photos WHERE photo_id = 1648), (SELECT tag_id FROM tags WHERE name = 'pink'));
INSERT OR IGNORE INTO tags (name) VALUES ('purple');
INSERT INTO photo_tags (photo_idx, tag_id) VALUES ((SELECT photo_idx FROM photos WHERE photo_id = 1648), (SELECT tag_id FROM tags WHERE name = 'purple'));
INSERT OR IGNORE INTO tags (name) VALUES ('flowers');
INSERT INTO photo_tags (photo_idx, tag_id) VALUES ((SELECT photo_idx FROM photos WHERE photo_id = 1648), (SELECT tag_id FROM tags WHERE name = 'flowers'));
INSERT OR IGNORE INTO tags (name) VALUES ('foliage');
INSERT INTO photo_tags (photo_idx, tag_id) VALUES ((SELECT photo_idx FROM photos WHERE photo_id = 1648), (SELECT tag_id FROM tags WHERE name = 'foliage'));
INSERT OR IGNORE INTO tags (name) VALUES ('forest');
INSERT INTO photo_tags (photo_idx, tag_id) VALUES ((SELECT photo_idx FROM photos WHERE photo_id = 1648), (SELECT tag_id FROM tags WHERE name = 'forest'));
INSERT OR IGNORE INTO tags (name) VALUES ('blossoms');
INSERT INTO photo_tags (photo_idx, tag_id) VALUES ((SELECT photo_idx FROM photos WHERE photo_id = 1648), (SELECT tag_id FROM tags WHERE name = 'blossoms'));
INSERT OR IGNORE INTO tags (name) VALUES ('dogwood');
INSERT INTO photo_tags (photo_idx, tag_id) VALUES ((SELECT photo_idx FROM photos WHERE photo_id = 1648), (SELECT tag_id FROM tags WHERE name = 'dogwood'));

INSERT INTO photos (photo_id, photo_title, photo_collection, photo_location, photo_year, camera, film_stock, film_format) VALUES (1649, 'Morning Cascade', 'Smoky Mountains', 'Smoky Mountains, Tennessee', 2000, 'Hasselblad', 'Fujichrome Velvia', '6 x 6 cm');
INSERT INTO photos_fts (photo_idx, photo_id, photo_title, photo_collection, photo_location, photo_year, camera, film_stock, film_format, tag_names) VALUES ((SELECT photo_idx FROM photos WHERE photo_id = 1649), 1649, 'Morning Cascade', 'Smoky Mountains', 'Smoky Mountains, Tennessee', 2000, 'Hasselblad', 'Fujichrome Velvia', '6 x 6 cm', 'vertical,spring,scenic,landscape,color,outdoors,green,white,moss,rock,trees,water,foliage,waterfall,forest,river,stream');
INSERT OR IGNORE INTO tags (name) VALUES ('vertical');
INSERT INTO photo_tags (photo_idx, tag_id) VALUES ((SELECT photo_idx FROM photos WHERE photo_id = 1649), (SELECT tag_id FROM tags WHERE name = 'vertical'));
INSERT OR IGNORE INTO tags (name) VALUES ('spring');
INSERT INTO photo_tags (photo_idx, tag_id) VALUES ((SELECT photo_idx FROM photos WHERE photo_id = 1649), (SELECT tag_id FROM tags WHERE name = 'spring'));
INSERT OR IGNORE INTO tags (name) VALUES ('scenic');
INSERT INTO photo_tags (photo_idx, tag_id) VALUES ((SELECT photo_idx FROM photos WHERE photo_id = 1649), (SELECT tag_id FROM tags WHERE name = 'scenic'));
INSERT OR IGNORE INTO tags (name) VALUES ('landscape');
INSERT INTO photo_tags (photo_idx, tag_id) VALUES ((SELECT photo_idx FROM photos WHERE photo_id = 1649), (SELECT tag_id FROM tags WHERE name = 'landscape'));
INSERT OR IGNORE INTO tags (name) VALUES ('color');
INSERT INTO photo_tags (photo_idx, tag_id) VALUES ((SELECT photo_idx FROM photos WHERE photo_id = 1649), (SELECT tag_id FROM tags WHERE name = 'color'));
INSERT OR IGNORE INTO tags (name) VALUES ('outdoors');
INSERT INTO photo_tags (photo_idx, tag_id) VALUES ((SELECT photo_idx FROM photos WHERE photo_id = 1649), (SELECT tag_id FROM tags WHERE name = 'outdoors'));
INSERT OR IGNORE INTO tags (name) VALUES ('green');
INSERT INTO photo_tags (photo_idx, tag_id) VALUES ((SELECT photo_idx FROM photos WHERE photo_id = 1649), (SELECT tag_id FROM tags WHERE name = 'green'));
INSERT OR IGNORE INTO tags (name) VALUES ('white');
INSERT INTO photo_tags (photo_idx, tag_id) VALUES ((SELECT photo_idx FROM photos WHERE photo_id = 1649), (SELECT tag_id FROM tags WHERE name = 'white'));
INSERT OR IGNORE INTO tags (name) VALUES ('moss');
INSERT INTO photo_tags (photo_idx, tag_id) VALUES ((SELECT photo_idx FROM photos WHERE photo_id = 1649), (SELECT tag_id FROM tags WHERE name = 'moss'));
INSERT OR IGNORE INTO tags (name) VALUES ('rock');
INSERT INTO photo_tags (photo_idx, tag_id) VALUES ((SELECT photo_idx FROM photos WHERE photo_id = 1649), (SELECT tag_id FROM tags WHERE name = 'rock'));
INSERT OR IGNORE INTO tags (name) VALUES ('trees');
INSERT INTO photo_tags (photo_idx, tag_id) VALUES ((SELECT photo_idx FROM photos WHERE photo_id = 1649), (SELECT tag_id FROM tags WHERE name = 'trees'));
INSERT OR IGNORE INTO tags (name) VALUES ('water');
INSERT INTO photo_tags (photo_idx, tag_id) VALUES ((SELECT photo_idx FROM photos WHERE photo_id = 1649), (SELECT tag_id FROM tags WHERE name = 'water'));
INSERT OR IGNORE INTO tags (name) VALUES ('foliage');
INSERT INTO photo_tags (photo_idx, tag_id) VALUES ((SELECT photo_idx FROM photos WHERE photo_id = 1649), (SELECT tag_id FROM tags WHERE name = 'foliage'));
INSERT OR IGNORE INTO tags (name) VALUES ('waterfall');
INSERT INTO photo_tags (photo_idx, tag_id) VALUES ((SELECT photo_idx FROM photos WHERE photo_id = 1649), (SELECT tag_id FROM tags WHERE name = 'waterfall'));
INSERT OR IGNORE INTO tags (name) VALUES ('forest');
INSERT INTO photo_tags (photo_idx, tag_id) VALUES ((SELECT photo_idx FROM photos WHERE photo_id = 1649), (SELECT tag_id FROM tags WHERE name = 'forest'));
INSERT OR IGNORE INTO tags (name) VALUES ('river');
INSERT INTO photo_tags (photo_idx, tag_id) VALUES ((SELECT photo_idx FROM photos WHERE photo_id = 1649), (SELECT tag_id FROM tags WHERE name = 'river'));
INSERT OR IGNORE INTO tags (name) VALUES ('stream');
INSERT INTO photo_tags (photo_idx, tag_id) VALUES ((SELECT photo_idx FROM photos WHERE photo_id = 1649), (SELECT tag_id FROM tags WHERE name = 'stream'));

INSERT INTO photos (photo_id, photo_title, photo_collection, photo_location, photo_year, camera, film_stock, film_format) VALUES (1651, 'Smoky Mountains Mist', 'Smoky Mountains', 'Smoky Mountains, Tennessee', 2000, 'Hasselblad', 'Fujichrome Velvia', '6 x 6 cm');
INSERT INTO photos_fts (photo_idx, photo_id, photo_title, photo_collection, photo_location, photo_year, camera, film_stock, film_format, tag_names) VALUES ((SELECT photo_idx FROM photos WHERE photo_id = 1651), 1651, 'Smoky Mountains Mist', 'Smoky Mountains', 'Smoky Mountains, Tennessee', 2000, 'Hasselblad', 'Fujichrome Velvia', '6 x 6 cm', 'horizontal,spring,scenic,landscape,color,outdoors,green,fog,leaf,trees,foliage,forest,mist');
INSERT OR IGNORE INTO tags (name) VALUES ('horizontal');
INSERT INTO photo_tags (photo_idx, tag_id) VALUES ((SELECT photo_idx FROM photos WHERE photo_id = 1651), (SELECT tag_id FROM tags WHERE name = 'horizontal'));
INSERT OR IGNORE INTO tags (name) VALUES ('spring');
INSERT INTO photo_tags (photo_idx, tag_id) VALUES ((SELECT photo_idx FROM photos WHERE photo_id = 1651), (SELECT tag_id FROM tags WHERE name = 'spring'));
INSERT OR IGNORE INTO tags (name) VALUES ('scenic');
INSERT INTO photo_tags (photo_idx, tag_id) VALUES ((SELECT photo_idx FROM photos WHERE photo_id = 1651), (SELECT tag_id FROM tags WHERE name = 'scenic'));
INSERT OR IGNORE INTO tags (name) VALUES ('landscape');
INSERT INTO photo_tags (photo_idx, tag_id) VALUES ((SELECT photo_idx FROM photos WHERE photo_id = 1651), (SELECT tag_id FROM tags WHERE name = 'landscape'));
INSERT OR IGNORE INTO tags (name) VALUES ('color');
INSERT INTO photo_tags (photo_idx, tag_id) VALUES ((SELECT photo_idx FROM photos WHERE photo_id = 1651), (SELECT tag_id FROM tags WHERE name = 'color'));
INSERT OR IGNORE INTO tags (name) VALUES ('outdoors');
INSERT INTO photo_tags (photo_idx, tag_id) VALUES ((SELECT photo_idx FROM photos WHERE photo_id = 1651), (SELECT tag_id FROM tags WHERE name = 'outdoors'));
INSERT OR IGNORE INTO tags (name) VALUES ('green');
INSERT INTO photo_tags (photo_idx, tag_id) VALUES ((SELECT photo_idx FROM photos WHERE photo_id = 1651), (SELECT tag_id FROM tags WHERE name = 'green'));
INSERT OR IGNORE INTO tags (name) VALUES ('fog');
INSERT INTO photo_tags (photo_idx, tag_id) VALUES ((SELECT photo_idx FROM photos WHERE photo_id = 1651), (SELECT tag_id FROM tags WHERE name = 'fog'));
INSERT OR IGNORE INTO tags (name) VALUES ('leaf');
INSERT INTO photo_tags (photo_idx, tag_id) VALUES ((SELECT photo_idx FROM photos WHERE photo_id = 1651), (SELECT tag_id FROM tags WHERE name = 'leaf'));
INSERT OR IGNORE INTO tags (name) VALUES ('trees');
INSERT INTO photo_tags (photo_idx, tag_id) VALUES ((SELECT photo_idx FROM photos WHERE photo_id = 1651), (SELECT tag_id FROM tags WHERE name = 'trees'));
INSERT OR IGNORE INTO tags (name) VALUES ('foliage');
INSERT INTO photo_tags (photo_idx, tag_id) VALUES ((SELECT photo_idx FROM photos WHERE photo_id = 1651), (SELECT tag_id FROM tags WHERE name = 'foliage'));
INSERT OR IGNORE INTO tags (name) VALUES ('forest');
INSERT INTO photo_tags (photo_idx, tag_id) VALUES ((SELECT photo_idx FROM photos WHERE photo_id = 1651), (SELECT tag_id FROM tags WHERE name = 'forest'));
INSERT OR IGNORE INTO tags (name) VALUES ('mist');
INSERT INTO photo_tags (photo_idx, tag_id) VALUES ((SELECT photo_idx FROM photos WHERE photo_id = 1651), (SELECT tag_id FROM tags WHERE name = 'mist'));

INSERT INTO photos (photo_id, photo_title, photo_collection, photo_location, photo_year, camera, film_stock, film_format) VALUES (1652, 'Smoky Mountains Mist', 'Smoky Mountains', 'Smoky Mountains, Tennessee', 2000, 'Hasselblad', 'Fujichrome Velvia', '6 x 6 cm');
INSERT INTO photos_fts (photo_idx, photo_id, photo_title, photo_collection, photo_location, photo_year, camera, film_stock, film_format, tag_names) VALUES ((SELECT photo_idx FROM photos WHERE photo_id = 1652), 1652, 'Smoky Mountains Mist', 'Smoky Mountains', 'Smoky Mountains, Tennessee', 2000, 'Hasselblad', 'Fujichrome Velvia', '6 x 6 cm', 'horizontal,spring,scenic,landscape,color,outdoors,green,fog,trees,foliage,forest,mist');
INSERT OR IGNORE INTO tags (name) VALUES ('horizontal');
INSERT INTO photo_tags (photo_idx, tag_id) VALUES ((SELECT photo_idx FROM photos WHERE photo_id = 1652), (SELECT tag_id FROM tags WHERE name = 'horizontal'));
INSERT OR IGNORE INTO tags (name) VALUES ('spring');
INSERT INTO photo_tags (photo_idx, tag_id) VALUES ((SELECT photo_idx FROM photos WHERE photo_id = 1652), (SELECT tag_id FROM tags WHERE name = 'spring'));
INSERT OR IGNORE INTO tags (name) VALUES ('scenic');
INSERT INTO photo_tags (photo_idx, tag_id) VALUES ((SELECT photo_idx FROM photos WHERE photo_id = 1652), (SELECT tag_id FROM tags WHERE name = 'scenic'));
INSERT OR IGNORE INTO tags (name) VALUES ('landscape');
INSERT INTO photo_tags (photo_idx, tag_id) VALUES ((SELECT photo_idx FROM photos WHERE photo_id = 1652), (SELECT tag_id FROM tags WHERE name = 'landscape'));
INSERT OR IGNORE INTO tags (name) VALUES ('color');
INSERT INTO photo_tags (photo_idx, tag_id) VALUES ((SELECT photo_idx FROM photos WHERE photo_id = 1652), (SELECT tag_id FROM tags WHERE name = 'color'));
INSERT OR IGNORE INTO tags (name) VALUES ('outdoors');
INSERT INTO photo_tags (photo_idx, tag_id) VALUES ((SELECT photo_idx FROM photos WHERE photo_id = 1652), (SELECT tag_id FROM tags WHERE name = 'outdoors'));
INSERT OR IGNORE INTO tags (name) VALUES ('green');
INSERT INTO photo_tags (photo_idx, tag_id) VALUES ((SELECT photo_idx FROM photos WHERE photo_id = 1652), (SELECT tag_id FROM tags WHERE name = 'green'));
INSERT OR IGNORE INTO tags (name) VALUES ('fog');
INSERT INTO photo_tags (photo_idx, tag_id) VALUES ((SELECT photo_idx FROM photos WHERE photo_id = 1652), (SELECT tag_id FROM tags WHERE name = 'fog'));
INSERT OR IGNORE INTO tags (name) VALUES ('trees');
INSERT INTO photo_tags (photo_idx, tag_id) VALUES ((SELECT photo_idx FROM photos WHERE photo_id = 1652), (SELECT tag_id FROM tags WHERE name = 'trees'));
INSERT OR IGNORE INTO tags (name) VALUES ('foliage');
INSERT INTO photo_tags (photo_idx, tag_id) VALUES ((SELECT photo_idx FROM photos WHERE photo_id = 1652), (SELECT tag_id FROM tags WHERE name = 'foliage'));
INSERT OR IGNORE INTO tags (name) VALUES ('forest');
INSERT INTO photo_tags (photo_idx, tag_id) VALUES ((SELECT photo_idx FROM photos WHERE photo_id = 1652), (SELECT tag_id FROM tags WHERE name = 'forest'));
INSERT OR IGNORE INTO tags (name) VALUES ('mist');
INSERT INTO photo_tags (photo_idx, tag_id) VALUES ((SELECT photo_idx FROM photos WHERE photo_id = 1652), (SELECT tag_id FROM tags WHERE name = 'mist'));

INSERT INTO photos (photo_id, photo_title, photo_collection, photo_location, photo_year, camera, film_stock, film_format) VALUES (1653, 'Tremont Creek Revisited', 'Smoky Mountains', 'Smoky Mountains, Tennessee', 2000, 'Hasselblad', 'Fujichrome Velvia', '6 x 6 cm');
INSERT INTO photos_fts (photo_idx, photo_id, photo_title, photo_collection, photo_location, photo_year, camera, film_stock, film_format, tag_names) VALUES ((SELECT photo_idx FROM photos WHERE photo_id = 1653), 1653, 'Tremont Creek Revisited', 'Smoky Mountains', 'Smoky Mountains, Tennessee', 2000, 'Hasselblad', 'Fujichrome Velvia', '6 x 6 cm', 'horizontal,spring,popular,scenic,landscape,color,outdoors,green,moss,trees,water,foliage,waterfall,forest,river,stream');
INSERT OR IGNORE INTO tags (name) VALUES ('horizontal');
INSERT INTO photo_tags (photo_idx, tag_id) VALUES ((SELECT photo_idx FROM photos WHERE photo_id = 1653), (SELECT tag_id FROM tags WHERE name = 'horizontal'));
INSERT OR IGNORE INTO tags (name) VALUES ('spring');
INSERT INTO photo_tags (photo_idx, tag_id) VALUES ((SELECT photo_idx FROM photos WHERE photo_id = 1653), (SELECT tag_id FROM tags WHERE name = 'spring'));
INSERT OR IGNORE INTO tags (name) VALUES ('popular');
INSERT INTO photo_tags (photo_idx, tag_id) VALUES ((SELECT photo_idx FROM photos WHERE photo_id = 1653), (SELECT tag_id FROM tags WHERE name = 'popular'));
INSERT OR IGNORE INTO tags (name) VALUES ('scenic');
INSERT INTO photo_tags (photo_idx, tag_id) VALUES ((SELECT photo_idx FROM photos WHERE photo_id = 1653), (SELECT tag_id FROM tags WHERE name = 'scenic'));
INSERT OR IGNORE INTO tags (name) VALUES ('landscape');
INSERT INTO photo_tags (photo_idx, tag_id) VALUES ((SELECT photo_idx FROM photos WHERE photo_id = 1653), (SELECT tag_id FROM tags WHERE name = 'landscape'));
INSERT OR IGNORE INTO tags (name) VALUES ('color');
INSERT INTO photo_tags (photo_idx, tag_id) VALUES ((SELECT photo_idx FROM photos WHERE photo_id = 1653), (SELECT tag_id FROM tags WHERE name = 'color'));
INSERT OR IGNORE INTO tags (name) VALUES ('outdoors');
INSERT INTO photo_tags (photo_idx, tag_id) VALUES ((SELECT photo_idx FROM photos WHERE photo_id = 1653), (SELECT tag_id FROM tags WHERE name = 'outdoors'));
INSERT OR IGNORE INTO tags (name) VALUES ('green');
INSERT INTO photo_tags (photo_idx, tag_id) VALUES ((SELECT photo_idx FROM photos WHERE photo_id = 1653), (SELECT tag_id FROM tags WHERE name = 'green'));
INSERT OR IGNORE INTO tags (name) VALUES ('moss');
INSERT INTO photo_tags (photo_idx, tag_id) VALUES ((SELECT photo_idx FROM photos WHERE photo_id = 1653), (SELECT tag_id FROM tags WHERE name = 'moss'));
INSERT OR IGNORE INTO tags (name) VALUES ('trees');
INSERT INTO photo_tags (photo_idx, tag_id) VALUES ((SELECT photo_idx FROM photos WHERE photo_id = 1653), (SELECT tag_id FROM tags WHERE name = 'trees'));
INSERT OR IGNORE INTO tags (name) VALUES ('water');
INSERT INTO photo_tags (photo_idx, tag_id) VALUES ((SELECT photo_idx FROM photos WHERE photo_id = 1653), (SELECT tag_id FROM tags WHERE name = 'water'));
INSERT OR IGNORE INTO tags (name) VALUES ('foliage');
INSERT INTO photo_tags (photo_idx, tag_id) VALUES ((SELECT photo_idx FROM photos WHERE photo_id = 1653), (SELECT tag_id FROM tags WHERE name = 'foliage'));
INSERT OR IGNORE INTO tags (name) VALUES ('waterfall');
INSERT INTO photo_tags (photo_idx, tag_id) VALUES ((SELECT photo_idx FROM photos WHERE photo_id = 1653), (SELECT tag_id FROM tags WHERE name = 'waterfall'));
INSERT OR IGNORE INTO tags (name) VALUES ('forest');
INSERT INTO photo_tags (photo_idx, tag_id) VALUES ((SELECT photo_idx FROM photos WHERE photo_id = 1653), (SELECT tag_id FROM tags WHERE name = 'forest'));
INSERT OR IGNORE INTO tags (name) VALUES ('river');
INSERT INTO photo_tags (photo_idx, tag_id) VALUES ((SELECT photo_idx FROM photos WHERE photo_id = 1653), (SELECT tag_id FROM tags WHERE name = 'river'));
INSERT OR IGNORE INTO tags (name) VALUES ('stream');
INSERT INTO photo_tags (photo_idx, tag_id) VALUES ((SELECT photo_idx FROM photos WHERE photo_id = 1653), (SELECT tag_id FROM tags WHERE name = 'stream'));

INSERT INTO photos (photo_id, photo_title, photo_collection, photo_location, photo_year, camera, film_stock, film_format) VALUES (1654, 'Silent Misty Forest', 'Smoky Mountains', 'Smoky Mountains, Tennessee', 2000, 'Hasselblad', 'Fujichrome Velvia', '6 x 6 cm');
INSERT INTO photos_fts (photo_idx, photo_id, photo_title, photo_collection, photo_location, photo_year, camera, film_stock, film_format, tag_names) VALUES ((SELECT photo_idx FROM photos WHERE photo_id = 1654), 1654, 'Silent Misty Forest', 'Smoky Mountains', 'Smoky Mountains, Tennessee', 2000, 'Hasselblad', 'Fujichrome Velvia', '6 x 6 cm', 'horizontal,spring,scenic,landscape,color,outdoors,gray,green,fog,trees,foliage,forest,mist');
INSERT OR IGNORE INTO tags (name) VALUES ('horizontal');
INSERT INTO photo_tags (photo_idx, tag_id) VALUES ((SELECT photo_idx FROM photos WHERE photo_id = 1654), (SELECT tag_id FROM tags WHERE name = 'horizontal'));
INSERT OR IGNORE INTO tags (name) VALUES ('spring');
INSERT INTO photo_tags (photo_idx, tag_id) VALUES ((SELECT photo_idx FROM photos WHERE photo_id = 1654), (SELECT tag_id FROM tags WHERE name = 'spring'));
INSERT OR IGNORE INTO tags (name) VALUES ('scenic');
INSERT INTO photo_tags (photo_idx, tag_id) VALUES ((SELECT photo_idx FROM photos WHERE photo_id = 1654), (SELECT tag_id FROM tags WHERE name = 'scenic'));
INSERT OR IGNORE INTO tags (name) VALUES ('landscape');
INSERT INTO photo_tags (photo_idx, tag_id) VALUES ((SELECT photo_idx FROM photos WHERE photo_id = 1654), (SELECT tag_id FROM tags WHERE name = 'landscape'));
INSERT OR IGNORE INTO tags (name) VALUES ('color');
INSERT INTO photo_tags (photo_idx, tag_id) VALUES ((SELECT photo_idx FROM photos WHERE photo_id = 1654), (SELECT tag_id FROM tags WHERE name = 'color'));
INSERT OR IGNORE INTO tags (name) VALUES ('outdoors');
INSERT INTO photo_tags (photo_idx, tag_id) VALUES ((SELECT photo_idx FROM photos WHERE photo_id = 1654), (SELECT tag_id FROM tags WHERE name = 'outdoors'));
INSERT OR IGNORE INTO tags (name) VALUES ('gray');
INSERT INTO photo_tags (photo_idx, tag_id) VALUES ((SELECT photo_idx FROM photos WHERE photo_id = 1654), (SELECT tag_id FROM tags WHERE name = 'gray'));
INSERT OR IGNORE INTO tags (name) VALUES ('green');
INSERT INTO photo_tags (photo_idx, tag_id) VALUES ((SELECT photo_idx FROM photos WHERE photo_id = 1654), (SELECT tag_id FROM tags WHERE name = 'green'));
INSERT OR IGNORE INTO tags (name) VALUES ('fog');
INSERT INTO photo_tags (photo_idx, tag_id) VALUES ((SELECT photo_idx FROM photos WHERE photo_id = 1654), (SELECT tag_id FROM tags WHERE name = 'fog'));
INSERT OR IGNORE INTO tags (name) VALUES ('trees');
INSERT INTO photo_tags (photo_idx, tag_id) VALUES ((SELECT photo_idx FROM photos WHERE photo_id = 1654), (SELECT tag_id FROM tags WHERE name = 'trees'));
INSERT OR IGNORE INTO tags (name) VALUES ('foliage');
INSERT INTO photo_tags (photo_idx, tag_id) VALUES ((SELECT photo_idx FROM photos WHERE photo_id = 1654), (SELECT tag_id FROM tags WHERE name = 'foliage'));
INSERT OR IGNORE INTO tags (name) VALUES ('forest');
INSERT INTO photo_tags (photo_idx, tag_id) VALUES ((SELECT photo_idx FROM photos WHERE photo_id = 1654), (SELECT tag_id FROM tags WHERE name = 'forest'));
INSERT OR IGNORE INTO tags (name) VALUES ('mist');
INSERT INTO photo_tags (photo_idx, tag_id) VALUES ((SELECT photo_idx FROM photos WHERE photo_id = 1654), (SELECT tag_id FROM tags WHERE name = 'mist'));

INSERT INTO photos (photo_id, photo_title, photo_collection, photo_location, photo_year, camera, film_stock, film_format) VALUES (1657, 'Roaring Fork River', 'Smoky Mountains', 'Smoky Mountains, Tennessee', 2000, 'Hasselblad', 'Fujichrome Velvia', '6 x 6 cm');
INSERT INTO photos_fts (photo_idx, photo_id, photo_title, photo_collection, photo_location, photo_year, camera, film_stock, film_format, tag_names) VALUES ((SELECT photo_idx FROM photos WHERE photo_id = 1657), 1657, 'Roaring Fork River', 'Smoky Mountains', 'Smoky Mountains, Tennessee', 2000, 'Hasselblad', 'Fujichrome Velvia', '6 x 6 cm', 'horizontal,spring,scenic,landscape,color,outdoors,green,water,foliage,waterfall,forest,river,stream');
INSERT OR IGNORE INTO tags (name) VALUES ('horizontal');
INSERT INTO photo_tags (photo_idx, tag_id) VALUES ((SELECT photo_idx FROM photos WHERE photo_id = 1657), (SELECT tag_id FROM tags WHERE name = 'horizontal'));
INSERT OR IGNORE INTO tags (name) VALUES ('spring');
INSERT INTO photo_tags (photo_idx, tag_id) VALUES ((SELECT photo_idx FROM photos WHERE photo_id = 1657), (SELECT tag_id FROM tags WHERE name = 'spring'));
INSERT OR IGNORE INTO tags (name) VALUES ('scenic');
INSERT INTO photo_tags (photo_idx, tag_id) VALUES ((SELECT photo_idx FROM photos WHERE photo_id = 1657), (SELECT tag_id FROM tags WHERE name = 'scenic'));
INSERT OR IGNORE INTO tags (name) VALUES ('landscape');
INSERT INTO photo_tags (photo_idx, tag_id) VALUES ((SELECT photo_idx FROM photos WHERE photo_id = 1657), (SELECT tag_id FROM tags WHERE name = 'landscape'));
INSERT OR IGNORE INTO tags (name) VALUES ('color');
INSERT INTO photo_tags (photo_idx, tag_id) VALUES ((SELECT photo_idx FROM photos WHERE photo_id = 1657), (SELECT tag_id FROM tags WHERE name = 'color'));
INSERT OR IGNORE INTO tags (name) VALUES ('outdoors');
INSERT INTO photo_tags (photo_idx, tag_id) VALUES ((SELECT photo_idx FROM photos WHERE photo_id = 1657), (SELECT tag_id FROM tags WHERE name = 'outdoors'));
INSERT OR IGNORE INTO tags (name) VALUES ('green');
INSERT INTO photo_tags (photo_idx, tag_id) VALUES ((SELECT photo_idx FROM photos WHERE photo_id = 1657), (SELECT tag_id FROM tags WHERE name = 'green'));
INSERT OR IGNORE INTO tags (name) VALUES ('water');
INSERT INTO photo_tags (photo_idx, tag_id) VALUES ((SELECT photo_idx FROM photos WHERE photo_id = 1657), (SELECT tag_id FROM tags WHERE name = 'water'));
INSERT OR IGNORE INTO tags (name) VALUES ('foliage');
INSERT INTO photo_tags (photo_idx, tag_id) VALUES ((SELECT photo_idx FROM photos WHERE photo_id = 1657), (SELECT tag_id FROM tags WHERE name = 'foliage'));
INSERT OR IGNORE INTO tags (name) VALUES ('waterfall');
INSERT INTO photo_tags (photo_idx, tag_id) VALUES ((SELECT photo_idx FROM photos WHERE photo_id = 1657), (SELECT tag_id FROM tags WHERE name = 'waterfall'));
INSERT OR IGNORE INTO tags (name) VALUES ('forest');
INSERT INTO photo_tags (photo_idx, tag_id) VALUES ((SELECT photo_idx FROM photos WHERE photo_id = 1657), (SELECT tag_id FROM tags WHERE name = 'forest'));
INSERT OR IGNORE INTO tags (name) VALUES ('river');
INSERT INTO photo_tags (photo_idx, tag_id) VALUES ((SELECT photo_idx FROM photos WHERE photo_id = 1657), (SELECT tag_id FROM tags WHERE name = 'river'));
INSERT OR IGNORE INTO tags (name) VALUES ('stream');
INSERT INTO photo_tags (photo_idx, tag_id) VALUES ((SELECT photo_idx FROM photos WHERE photo_id = 1657), (SELECT tag_id FROM tags WHERE name = 'stream'));

INSERT INTO photos (photo_id, photo_title, photo_collection, photo_location, photo_year, camera, film_stock, film_format) VALUES (1658, 'Secret Creek', 'Smoky Mountains', 'Smoky Mountains, Tennessee', 2000, 'Hasselblad', 'Fujichrome Velvia', '6 x 6 cm');
INSERT INTO photos_fts (photo_idx, photo_id, photo_title, photo_collection, photo_location, photo_year, camera, film_stock, film_format, tag_names) VALUES ((SELECT photo_idx FROM photos WHERE photo_id = 1658), 1658, 'Secret Creek', 'Smoky Mountains', 'Smoky Mountains, Tennessee', 2000, 'Hasselblad', 'Fujichrome Velvia', '6 x 6 cm', 'horizontal,spring,scenic,landscape,color,outdoors,green,moss,trees,water,foliage,forest,river,stream');
INSERT OR IGNORE INTO tags (name) VALUES ('horizontal');
INSERT INTO photo_tags (photo_idx, tag_id) VALUES ((SELECT photo_idx FROM photos WHERE photo_id = 1658), (SELECT tag_id FROM tags WHERE name = 'horizontal'));
INSERT OR IGNORE INTO tags (name) VALUES ('spring');
INSERT INTO photo_tags (photo_idx, tag_id) VALUES ((SELECT photo_idx FROM photos WHERE photo_id = 1658), (SELECT tag_id FROM tags WHERE name = 'spring'));
INSERT OR IGNORE INTO tags (name) VALUES ('scenic');
INSERT INTO photo_tags (photo_idx, tag_id) VALUES ((SELECT photo_idx FROM photos WHERE photo_id = 1658), (SELECT tag_id FROM tags WHERE name = 'scenic'));
INSERT OR IGNORE INTO tags (name) VALUES ('landscape');
INSERT INTO photo_tags (photo_idx, tag_id) VALUES ((SELECT photo_idx FROM photos WHERE photo_id = 1658), (SELECT tag_id FROM tags WHERE name = 'landscape'));
INSERT OR IGNORE INTO tags (name) VALUES ('color');
INSERT INTO photo_tags (photo_idx, tag_id) VALUES ((SELECT photo_idx FROM photos WHERE photo_id = 1658), (SELECT tag_id FROM tags WHERE name = 'color'));
INSERT OR IGNORE INTO tags (name) VALUES ('outdoors');
INSERT INTO photo_tags (photo_idx, tag_id) VALUES ((SELECT photo_idx FROM photos WHERE photo_id = 1658), (SELECT tag_id FROM tags WHERE name = 'outdoors'));
INSERT OR IGNORE INTO tags (name) VALUES ('green');
INSERT INTO photo_tags (photo_idx, tag_id) VALUES ((SELECT photo_idx FROM photos WHERE photo_id = 1658), (SELECT tag_id FROM tags WHERE name = 'green'));
INSERT OR IGNORE INTO tags (name) VALUES ('moss');
INSERT INTO photo_tags (photo_idx, tag_id) VALUES ((SELECT photo_idx FROM photos WHERE photo_id = 1658), (SELECT tag_id FROM tags WHERE name = 'moss'));
INSERT OR IGNORE INTO tags (name) VALUES ('trees');
INSERT INTO photo_tags (photo_idx, tag_id) VALUES ((SELECT photo_idx FROM photos WHERE photo_id = 1658), (SELECT tag_id FROM tags WHERE name = 'trees'));
INSERT OR IGNORE INTO tags (name) VALUES ('water');
INSERT INTO photo_tags (photo_idx, tag_id) VALUES ((SELECT photo_idx FROM photos WHERE photo_id = 1658), (SELECT tag_id FROM tags WHERE name = 'water'));
INSERT OR IGNORE INTO tags (name) VALUES ('foliage');
INSERT INTO photo_tags (photo_idx, tag_id) VALUES ((SELECT photo_idx FROM photos WHERE photo_id = 1658), (SELECT tag_id FROM tags WHERE name = 'foliage'));
INSERT OR IGNORE INTO tags (name) VALUES ('forest');
INSERT INTO photo_tags (photo_idx, tag_id) VALUES ((SELECT photo_idx FROM photos WHERE photo_id = 1658), (SELECT tag_id FROM tags WHERE name = 'forest'));
INSERT OR IGNORE INTO tags (name) VALUES ('river');
INSERT INTO photo_tags (photo_idx, tag_id) VALUES ((SELECT photo_idx FROM photos WHERE photo_id = 1658), (SELECT tag_id FROM tags WHERE name = 'river'));
INSERT OR IGNORE INTO tags (name) VALUES ('stream');
INSERT INTO photo_tags (photo_idx, tag_id) VALUES ((SELECT photo_idx FROM photos WHERE photo_id = 1658), (SELECT tag_id FROM tags WHERE name = 'stream'));

INSERT INTO photos (photo_id, photo_title, photo_collection, photo_location, photo_year, camera, film_stock, film_format) VALUES (1659, 'Mossy Boulders Revisited', 'Smoky Mountains', 'Smoky Mountains, Tennessee', 2000, 'Hasselblad', 'Fujichrome Velvia', '6 x 6 cm');
INSERT INTO photos_fts (photo_idx, photo_id, photo_title, photo_collection, photo_location, photo_year, camera, film_stock, film_format, tag_names) VALUES ((SELECT photo_idx FROM photos WHERE photo_id = 1659), 1659, 'Mossy Boulders Revisited', 'Smoky Mountains', 'Smoky Mountains, Tennessee', 2000, 'Hasselblad', 'Fujichrome Velvia', '6 x 6 cm', 'vertical,spring,scenic,landscape,color,outdoors,green,moss,rock,trees,water,foliage,waterfall,forest,river,stream');
INSERT OR IGNORE INTO tags (name) VALUES ('vertical');
INSERT INTO photo_tags (photo_idx, tag_id) VALUES ((SELECT photo_idx FROM photos WHERE photo_id = 1659), (SELECT tag_id FROM tags WHERE name = 'vertical'));
INSERT OR IGNORE INTO tags (name) VALUES ('spring');
INSERT INTO photo_tags (photo_idx, tag_id) VALUES ((SELECT photo_idx FROM photos WHERE photo_id = 1659), (SELECT tag_id FROM tags WHERE name = 'spring'));
INSERT OR IGNORE INTO tags (name) VALUES ('scenic');
INSERT INTO photo_tags (photo_idx, tag_id) VALUES ((SELECT photo_idx FROM photos WHERE photo_id = 1659), (SELECT tag_id FROM tags WHERE name = 'scenic'));
INSERT OR IGNORE INTO tags (name) VALUES ('landscape');
INSERT INTO photo_tags (photo_idx, tag_id) VALUES ((SELECT photo_idx FROM photos WHERE photo_id = 1659), (SELECT tag_id FROM tags WHERE name = 'landscape'));
INSERT OR IGNORE INTO tags (name) VALUES ('color');
INSERT INTO photo_tags (photo_idx, tag_id) VALUES ((SELECT photo_idx FROM photos WHERE photo_id = 1659), (SELECT tag_id FROM tags WHERE name = 'color'));
INSERT OR IGNORE INTO tags (name) VALUES ('outdoors');
INSERT INTO photo_tags (photo_idx, tag_id) VALUES ((SELECT photo_idx FROM photos WHERE photo_id = 1659), (SELECT tag_id FROM tags WHERE name = 'outdoors'));
INSERT OR IGNORE INTO tags (name) VALUES ('green');
INSERT INTO photo_tags (photo_idx, tag_id) VALUES ((SELECT photo_idx FROM photos WHERE photo_id = 1659), (SELECT tag_id FROM tags WHERE name = 'green'));
INSERT OR IGNORE INTO tags (name) VALUES ('moss');
INSERT INTO photo_tags (photo_idx, tag_id) VALUES ((SELECT photo_idx FROM photos WHERE photo_id = 1659), (SELECT tag_id FROM tags WHERE name = 'moss'));
INSERT OR IGNORE INTO tags (name) VALUES ('rock');
INSERT INTO photo_tags (photo_idx, tag_id) VALUES ((SELECT photo_idx FROM photos WHERE photo_id = 1659), (SELECT tag_id FROM tags WHERE name = 'rock'));
INSERT OR IGNORE INTO tags (name) VALUES ('trees');
INSERT INTO photo_tags (photo_idx, tag_id) VALUES ((SELECT photo_idx FROM photos WHERE photo_id = 1659), (SELECT tag_id FROM tags WHERE name = 'trees'));
INSERT OR IGNORE INTO tags (name) VALUES ('water');
INSERT INTO photo_tags (photo_idx, tag_id) VALUES ((SELECT photo_idx FROM photos WHERE photo_id = 1659), (SELECT tag_id FROM tags WHERE name = 'water'));
INSERT OR IGNORE INTO tags (name) VALUES ('foliage');
INSERT INTO photo_tags (photo_idx, tag_id) VALUES ((SELECT photo_idx FROM photos WHERE photo_id = 1659), (SELECT tag_id FROM tags WHERE name = 'foliage'));
INSERT OR IGNORE INTO tags (name) VALUES ('waterfall');
INSERT INTO photo_tags (photo_idx, tag_id) VALUES ((SELECT photo_idx FROM photos WHERE photo_id = 1659), (SELECT tag_id FROM tags WHERE name = 'waterfall'));
INSERT OR IGNORE INTO tags (name) VALUES ('forest');
INSERT INTO photo_tags (photo_idx, tag_id) VALUES ((SELECT photo_idx FROM photos WHERE photo_id = 1659), (SELECT tag_id FROM tags WHERE name = 'forest'));
INSERT OR IGNORE INTO tags (name) VALUES ('river');
INSERT INTO photo_tags (photo_idx, tag_id) VALUES ((SELECT photo_idx FROM photos WHERE photo_id = 1659), (SELECT tag_id FROM tags WHERE name = 'river'));
INSERT OR IGNORE INTO tags (name) VALUES ('stream');
INSERT INTO photo_tags (photo_idx, tag_id) VALUES ((SELECT photo_idx FROM photos WHERE photo_id = 1659), (SELECT tag_id FROM tags WHERE name = 'stream'));

INSERT INTO photos (photo_id, photo_title, photo_collection, photo_location, photo_year, camera, film_stock, film_format) VALUES (1660, 'Morning Golden Rays', 'Smoky Mountains', 'Smoky Mountains, Tennessee', 2000, 'Hasselblad', 'Fujichrome Velvia', '6 x 6 cm');
INSERT INTO photos_fts (photo_idx, photo_id, photo_title, photo_collection, photo_location, photo_year, camera, film_stock, film_format, tag_names) VALUES ((SELECT photo_idx FROM photos WHERE photo_id = 1660), 1660, 'Morning Golden Rays', 'Smoky Mountains', 'Smoky Mountains, Tennessee', 2000, 'Hasselblad', 'Fujichrome Velvia', '6 x 6 cm', 'vertical,popular,scenic,landscape,color,outdoors,black,green,sunrise,trees,foliage,forest');
INSERT OR IGNORE INTO tags (name) VALUES ('vertical');
INSERT INTO photo_tags (photo_idx, tag_id) VALUES ((SELECT photo_idx FROM photos WHERE photo_id = 1660), (SELECT tag_id FROM tags WHERE name = 'vertical'));
INSERT OR IGNORE INTO tags (name) VALUES ('popular');
INSERT INTO photo_tags (photo_idx, tag_id) VALUES ((SELECT photo_idx FROM photos WHERE photo_id = 1660), (SELECT tag_id FROM tags WHERE name = 'popular'));
INSERT OR IGNORE INTO tags (name) VALUES ('scenic');
INSERT INTO photo_tags (photo_idx, tag_id) VALUES ((SELECT photo_idx FROM photos WHERE photo_id = 1660), (SELECT tag_id FROM tags WHERE name = 'scenic'));
INSERT OR IGNORE INTO tags (name) VALUES ('landscape');
INSERT INTO photo_tags (photo_idx, tag_id) VALUES ((SELECT photo_idx FROM photos WHERE photo_id = 1660), (SELECT tag_id FROM tags WHERE name = 'landscape'));
INSERT OR IGNORE INTO tags (name) VALUES ('color');
INSERT INTO photo_tags (photo_idx, tag_id) VALUES ((SELECT photo_idx FROM photos WHERE photo_id = 1660), (SELECT tag_id FROM tags WHERE name = 'color'));
INSERT OR IGNORE INTO tags (name) VALUES ('outdoors');
INSERT INTO photo_tags (photo_idx, tag_id) VALUES ((SELECT photo_idx FROM photos WHERE photo_id = 1660), (SELECT tag_id FROM tags WHERE name = 'outdoors'));
INSERT OR IGNORE INTO tags (name) VALUES ('black');
INSERT INTO photo_tags (photo_idx, tag_id) VALUES ((SELECT photo_idx FROM photos WHERE photo_id = 1660), (SELECT tag_id FROM tags WHERE name = 'black'));
INSERT OR IGNORE INTO tags (name) VALUES ('green');
INSERT INTO photo_tags (photo_idx, tag_id) VALUES ((SELECT photo_idx FROM photos WHERE photo_id = 1660), (SELECT tag_id FROM tags WHERE name = 'green'));
INSERT OR IGNORE INTO tags (name) VALUES ('sunrise');
INSERT INTO photo_tags (photo_idx, tag_id) VALUES ((SELECT photo_idx FROM photos WHERE photo_id = 1660), (SELECT tag_id FROM tags WHERE name = 'sunrise'));
INSERT OR IGNORE INTO tags (name) VALUES ('trees');
INSERT INTO photo_tags (photo_idx, tag_id) VALUES ((SELECT photo_idx FROM photos WHERE photo_id = 1660), (SELECT tag_id FROM tags WHERE name = 'trees'));
INSERT OR IGNORE INTO tags (name) VALUES ('foliage');
INSERT INTO photo_tags (photo_idx, tag_id) VALUES ((SELECT photo_idx FROM photos WHERE photo_id = 1660), (SELECT tag_id FROM tags WHERE name = 'foliage'));
INSERT OR IGNORE INTO tags (name) VALUES ('forest');
INSERT INTO photo_tags (photo_idx, tag_id) VALUES ((SELECT photo_idx FROM photos WHERE photo_id = 1660), (SELECT tag_id FROM tags WHERE name = 'forest'));

INSERT INTO photos (photo_id, photo_title, photo_collection, photo_location, photo_year, camera, film_stock, film_format) VALUES (1662, 'Smoky Mountain Stream', 'Smoky Mountains', 'Smoky Mountains, Tennessee', 2000, 'Hasselblad', 'Fujichrome Velvia', '6 x 6 cm');
INSERT INTO photos_fts (photo_idx, photo_id, photo_title, photo_collection, photo_location, photo_year, camera, film_stock, film_format, tag_names) VALUES ((SELECT photo_idx FROM photos WHERE photo_id = 1662), 1662, 'Smoky Mountain Stream', 'Smoky Mountains', 'Smoky Mountains, Tennessee', 2000, 'Hasselblad', 'Fujichrome Velvia', '6 x 6 cm', 'horizontal,spring,scenic,landscape,color,outdoors,green,white,moss,rock,water,foliage,waterfall,forest,river,stream');
INSERT OR IGNORE INTO tags (name) VALUES ('horizontal');
INSERT INTO photo_tags (photo_idx, tag_id) VALUES ((SELECT photo_idx FROM photos WHERE photo_id = 1662), (SELECT tag_id FROM tags WHERE name = 'horizontal'));
INSERT OR IGNORE INTO tags (name) VALUES ('spring');
INSERT INTO photo_tags (photo_idx, tag_id) VALUES ((SELECT photo_idx FROM photos WHERE photo_id = 1662), (SELECT tag_id FROM tags WHERE name = 'spring'));
INSERT OR IGNORE INTO tags (name) VALUES ('scenic');
INSERT INTO photo_tags (photo_idx, tag_id) VALUES ((SELECT photo_idx FROM photos WHERE photo_id = 1662), (SELECT tag_id FROM tags WHERE name = 'scenic'));
INSERT OR IGNORE INTO tags (name) VALUES ('landscape');
INSERT INTO photo_tags (photo_idx, tag_id) VALUES ((SELECT photo_idx FROM photos WHERE photo_id = 1662), (SELECT tag_id FROM tags WHERE name = 'landscape'));
INSERT OR IGNORE INTO tags (name) VALUES ('color');
INSERT INTO photo_tags (photo_idx, tag_id) VALUES ((SELECT photo_idx FROM photos WHERE photo_id = 1662), (SELECT tag_id FROM tags WHERE name = 'color'));
INSERT OR IGNORE INTO tags (name) VALUES ('outdoors');
INSERT INTO photo_tags (photo_idx, tag_id) VALUES ((SELECT photo_idx FROM photos WHERE photo_id = 1662), (SELECT tag_id FROM tags WHERE name = 'outdoors'));
INSERT OR IGNORE INTO tags (name) VALUES ('green');
INSERT INTO photo_tags (photo_idx, tag_id) VALUES ((SELECT photo_idx FROM photos WHERE photo_id = 1662), (SELECT tag_id FROM tags WHERE name = 'green'));
INSERT OR IGNORE INTO tags (name) VALUES ('white');
INSERT INTO photo_tags (photo_idx, tag_id) VALUES ((SELECT photo_idx FROM photos WHERE photo_id = 1662), (SELECT tag_id FROM tags WHERE name = 'white'));
INSERT OR IGNORE INTO tags (name) VALUES ('moss');
INSERT INTO photo_tags (photo_idx, tag_id) VALUES ((SELECT photo_idx FROM photos WHERE photo_id = 1662), (SELECT tag_id FROM tags WHERE name = 'moss'));
INSERT OR IGNORE INTO tags (name) VALUES ('rock');
INSERT INTO photo_tags (photo_idx, tag_id) VALUES ((SELECT photo_idx FROM photos WHERE photo_id = 1662), (SELECT tag_id FROM tags WHERE name = 'rock'));
INSERT OR IGNORE INTO tags (name) VALUES ('water');
INSERT INTO photo_tags (photo_idx, tag_id) VALUES ((SELECT photo_idx FROM photos WHERE photo_id = 1662), (SELECT tag_id FROM tags WHERE name = 'water'));
INSERT OR IGNORE INTO tags (name) VALUES ('foliage');
INSERT INTO photo_tags (photo_idx, tag_id) VALUES ((SELECT photo_idx FROM photos WHERE photo_id = 1662), (SELECT tag_id FROM tags WHERE name = 'foliage'));
INSERT OR IGNORE INTO tags (name) VALUES ('waterfall');
INSERT INTO photo_tags (photo_idx, tag_id) VALUES ((SELECT photo_idx FROM photos WHERE photo_id = 1662), (SELECT tag_id FROM tags WHERE name = 'waterfall'));
INSERT OR IGNORE INTO tags (name) VALUES ('forest');
INSERT INTO photo_tags (photo_idx, tag_id) VALUES ((SELECT photo_idx FROM photos WHERE photo_id = 1662), (SELECT tag_id FROM tags WHERE name = 'forest'));
INSERT OR IGNORE INTO tags (name) VALUES ('river');
INSERT INTO photo_tags (photo_idx, tag_id) VALUES ((SELECT photo_idx FROM photos WHERE photo_id = 1662), (SELECT tag_id FROM tags WHERE name = 'river'));
INSERT OR IGNORE INTO tags (name) VALUES ('stream');
INSERT INTO photo_tags (photo_idx, tag_id) VALUES ((SELECT photo_idx FROM photos WHERE photo_id = 1662), (SELECT tag_id FROM tags WHERE name = 'stream'));

INSERT INTO photos (photo_id, photo_title, photo_collection, photo_location, photo_year, camera, film_stock, film_format) VALUES (1663, 'Lichens and Moss on Trees', 'Smoky Mountains', 'Smoky Mountains, Tennessee', 2000, 'Hasselblad', 'Fujichrome Velvia', '6 x 6 cm');
INSERT INTO photos_fts (photo_idx, photo_id, photo_title, photo_collection, photo_location, photo_year, camera, film_stock, film_format, tag_names) VALUES ((SELECT photo_idx FROM photos WHERE photo_id = 1663), 1663, 'Lichens and Moss on Trees', 'Smoky Mountains', 'Smoky Mountains, Tennessee', 2000, 'Hasselblad', 'Fujichrome Velvia', '6 x 6 cm', 'horizontal,spring,scenic,landscape,color,outdoors,gray,trees,foliage,forest');
INSERT OR IGNORE INTO tags (name) VALUES ('horizontal');
INSERT INTO photo_tags (photo_idx, tag_id) VALUES ((SELECT photo_idx FROM photos WHERE photo_id = 1663), (SELECT tag_id FROM tags WHERE name = 'horizontal'));
INSERT OR IGNORE INTO tags (name) VALUES ('spring');
INSERT INTO photo_tags (photo_idx, tag_id) VALUES ((SELECT photo_idx FROM photos WHERE photo_id = 1663), (SELECT tag_id FROM tags WHERE name = 'spring'));
INSERT OR IGNORE INTO tags (name) VALUES ('scenic');
INSERT INTO photo_tags (photo_idx, tag_id) VALUES ((SELECT photo_idx FROM photos WHERE photo_id = 1663), (SELECT tag_id FROM tags WHERE name = 'scenic'));
INSERT OR IGNORE INTO tags (name) VALUES ('landscape');
INSERT INTO photo_tags (photo_idx, tag_id) VALUES ((SELECT photo_idx FROM photos WHERE photo_id = 1663), (SELECT tag_id FROM tags WHERE name = 'landscape'));
INSERT OR IGNORE INTO tags (name) VALUES ('color');
INSERT INTO photo_tags (photo_idx, tag_id) VALUES ((SELECT photo_idx FROM photos WHERE photo_id = 1663), (SELECT tag_id FROM tags WHERE name = 'color'));
INSERT OR IGNORE INTO tags (name) VALUES ('outdoors');
INSERT INTO photo_tags (photo_idx, tag_id) VALUES ((SELECT photo_idx FROM photos WHERE photo_id = 1663), (SELECT tag_id FROM tags WHERE name = 'outdoors'));
INSERT OR IGNORE INTO tags (name) VALUES ('gray');
INSERT INTO photo_tags (photo_idx, tag_id) VALUES ((SELECT photo_idx FROM photos WHERE photo_id = 1663), (SELECT tag_id FROM tags WHERE name = 'gray'));
INSERT OR IGNORE INTO tags (name) VALUES ('trees');
INSERT INTO photo_tags (photo_idx, tag_id) VALUES ((SELECT photo_idx FROM photos WHERE photo_id = 1663), (SELECT tag_id FROM tags WHERE name = 'trees'));
INSERT OR IGNORE INTO tags (name) VALUES ('foliage');
INSERT INTO photo_tags (photo_idx, tag_id) VALUES ((SELECT photo_idx FROM photos WHERE photo_id = 1663), (SELECT tag_id FROM tags WHERE name = 'foliage'));
INSERT OR IGNORE INTO tags (name) VALUES ('forest');
INSERT INTO photo_tags (photo_idx, tag_id) VALUES ((SELECT photo_idx FROM photos WHERE photo_id = 1663), (SELECT tag_id FROM tags WHERE name = 'forest'));

INSERT INTO photos (photo_id, photo_title, photo_collection, photo_location, photo_year, camera, film_stock, film_format) VALUES (1664, 'Beardmoss Covered Tree', 'Smoky Mountains', 'Smoky Mountains, Tennessee', 2000, 'Hasselblad', 'Fujichrome Velvia', '6 x 6 cm');
INSERT INTO photos_fts (photo_idx, photo_id, photo_title, photo_collection, photo_location, photo_year, camera, film_stock, film_format, tag_names) VALUES ((SELECT photo_idx FROM photos WHERE photo_id = 1664), 1664, 'Beardmoss Covered Tree', 'Smoky Mountains', 'Smoky Mountains, Tennessee', 2000, 'Hasselblad', 'Fujichrome Velvia', '6 x 6 cm', 'vertical,spring,scenic,landscape,color,outdoors,gray,trees,foliage,forest');
INSERT OR IGNORE INTO tags (name) VALUES ('vertical');
INSERT INTO photo_tags (photo_idx, tag_id) VALUES ((SELECT photo_idx FROM photos WHERE photo_id = 1664), (SELECT tag_id FROM tags WHERE name = 'vertical'));
INSERT OR IGNORE INTO tags (name) VALUES ('spring');
INSERT INTO photo_tags (photo_idx, tag_id) VALUES ((SELECT photo_idx FROM photos WHERE photo_id = 1664), (SELECT tag_id FROM tags WHERE name = 'spring'));
INSERT OR IGNORE INTO tags (name) VALUES ('scenic');
INSERT INTO photo_tags (photo_idx, tag_id) VALUES ((SELECT photo_idx FROM photos WHERE photo_id = 1664), (SELECT tag_id FROM tags WHERE name = 'scenic'));
INSERT OR IGNORE INTO tags (name) VALUES ('landscape');
INSERT INTO photo_tags (photo_idx, tag_id) VALUES ((SELECT photo_idx FROM photos WHERE photo_id = 1664), (SELECT tag_id FROM tags WHERE name = 'landscape'));
INSERT OR IGNORE INTO tags (name) VALUES ('color');
INSERT INTO photo_tags (photo_idx, tag_id) VALUES ((SELECT photo_idx FROM photos WHERE photo_id = 1664), (SELECT tag_id FROM tags WHERE name = 'color'));
INSERT OR IGNORE INTO tags (name) VALUES ('outdoors');
INSERT INTO photo_tags (photo_idx, tag_id) VALUES ((SELECT photo_idx FROM photos WHERE photo_id = 1664), (SELECT tag_id FROM tags WHERE name = 'outdoors'));
INSERT OR IGNORE INTO tags (name) VALUES ('gray');
INSERT INTO photo_tags (photo_idx, tag_id) VALUES ((SELECT photo_idx FROM photos WHERE photo_id = 1664), (SELECT tag_id FROM tags WHERE name = 'gray'));
INSERT OR IGNORE INTO tags (name) VALUES ('trees');
INSERT INTO photo_tags (photo_idx, tag_id) VALUES ((SELECT photo_idx FROM photos WHERE photo_id = 1664), (SELECT tag_id FROM tags WHERE name = 'trees'));
INSERT OR IGNORE INTO tags (name) VALUES ('foliage');
INSERT INTO photo_tags (photo_idx, tag_id) VALUES ((SELECT photo_idx FROM photos WHERE photo_id = 1664), (SELECT tag_id FROM tags WHERE name = 'foliage'));
INSERT OR IGNORE INTO tags (name) VALUES ('forest');
INSERT INTO photo_tags (photo_idx, tag_id) VALUES ((SELECT photo_idx FROM photos WHERE photo_id = 1664), (SELECT tag_id FROM tags WHERE name = 'forest'));

INSERT INTO photos (photo_id, photo_title, photo_collection, photo_location, photo_year, camera, film_stock, film_format) VALUES (1665, 'Winter Tree Against Sky', 'Smoky Mountains', 'Smoky Mountains, Tennessee', 2000, 'Hasselblad', 'Fujichrome Velvia', '6 x 6 cm');
INSERT INTO photos_fts (photo_idx, photo_id, photo_title, photo_collection, photo_location, photo_year, camera, film_stock, film_format, tag_names) VALUES ((SELECT photo_idx FROM photos WHERE photo_id = 1665), 1665, 'Winter Tree Against Sky', 'Smoky Mountains', 'Smoky Mountains, Tennessee', 2000, 'Hasselblad', 'Fujichrome Velvia', '6 x 6 cm', 'vertical,scenic,landscape,color,outdoors,black,blue,purple,white,sky,trees,clouds');
INSERT OR IGNORE INTO tags (name) VALUES ('vertical');
INSERT INTO photo_tags (photo_idx, tag_id) VALUES ((SELECT photo_idx FROM photos WHERE photo_id = 1665), (SELECT tag_id FROM tags WHERE name = 'vertical'));
INSERT OR IGNORE INTO tags (name) VALUES ('scenic');
INSERT INTO photo_tags (photo_idx, tag_id) VALUES ((SELECT photo_idx FROM photos WHERE photo_id = 1665), (SELECT tag_id FROM tags WHERE name = 'scenic'));
INSERT OR IGNORE INTO tags (name) VALUES ('landscape');
INSERT INTO photo_tags (photo_idx, tag_id) VALUES ((SELECT photo_idx FROM photos WHERE photo_id = 1665), (SELECT tag_id FROM tags WHERE name = 'landscape'));
INSERT OR IGNORE INTO tags (name) VALUES ('color');
INSERT INTO photo_tags (photo_idx, tag_id) VALUES ((SELECT photo_idx FROM photos WHERE photo_id = 1665), (SELECT tag_id FROM tags WHERE name = 'color'));
INSERT OR IGNORE INTO tags (name) VALUES ('outdoors');
INSERT INTO photo_tags (photo_idx, tag_id) VALUES ((SELECT photo_idx FROM photos WHERE photo_id = 1665), (SELECT tag_id FROM tags WHERE name = 'outdoors'));
INSERT OR IGNORE INTO tags (name) VALUES ('black');
INSERT INTO photo_tags (photo_idx, tag_id) VALUES ((SELECT photo_idx FROM photos WHERE photo_id = 1665), (SELECT tag_id FROM tags WHERE name = 'black'));
INSERT OR IGNORE INTO tags (name) VALUES ('blue');
INSERT INTO photo_tags (photo_idx, tag_id) VALUES ((SELECT photo_idx FROM photos WHERE photo_id = 1665), (SELECT tag_id FROM tags WHERE name = 'blue'));
INSERT OR IGNORE INTO tags (name) VALUES ('purple');
INSERT INTO photo_tags (photo_idx, tag_id) VALUES ((SELECT photo_idx FROM photos WHERE photo_id = 1665), (SELECT tag_id FROM tags WHERE name = 'purple'));
INSERT OR IGNORE INTO tags (name) VALUES ('white');
INSERT INTO photo_tags (photo_idx, tag_id) VALUES ((SELECT photo_idx FROM photos WHERE photo_id = 1665), (SELECT tag_id FROM tags WHERE name = 'white'));
INSERT OR IGNORE INTO tags (name) VALUES ('sky');
INSERT INTO photo_tags (photo_idx, tag_id) VALUES ((SELECT photo_idx FROM photos WHERE photo_id = 1665), (SELECT tag_id FROM tags WHERE name = 'sky'));
INSERT OR IGNORE INTO tags (name) VALUES ('trees');
INSERT INTO photo_tags (photo_idx, tag_id) VALUES ((SELECT photo_idx FROM photos WHERE photo_id = 1665), (SELECT tag_id FROM tags WHERE name = 'trees'));
INSERT OR IGNORE INTO tags (name) VALUES ('clouds');
INSERT INTO photo_tags (photo_idx, tag_id) VALUES ((SELECT photo_idx FROM photos WHERE photo_id = 1665), (SELECT tag_id FROM tags WHERE name = 'clouds'));

INSERT INTO photos (photo_id, photo_title, photo_collection, photo_location, photo_year, camera, film_stock, film_format) VALUES (1666, 'Green Cascade on Roaring Fork', 'Smoky Mountains', 'Smoky Mountains, Tennessee', 2000, 'Hasselblad', 'Fujichrome Velvia', '6 x 6 cm');
INSERT INTO photos_fts (photo_idx, photo_id, photo_title, photo_collection, photo_location, photo_year, camera, film_stock, film_format, tag_names) VALUES ((SELECT photo_idx FROM photos WHERE photo_id = 1666), 1666, 'Green Cascade on Roaring Fork', 'Smoky Mountains', 'Smoky Mountains, Tennessee', 2000, 'Hasselblad', 'Fujichrome Velvia', '6 x 6 cm', 'horizontal,spring,popular,scenic,landscape,color,outdoors,green,white,moss,rock,water,waterfall,forest,river,stream');
INSERT OR IGNORE INTO tags (name) VALUES ('horizontal');
INSERT INTO photo_tags (photo_idx, tag_id) VALUES ((SELECT photo_idx FROM photos WHERE photo_id = 1666), (SELECT tag_id FROM tags WHERE name = 'horizontal'));
INSERT OR IGNORE INTO tags (name) VALUES ('spring');
INSERT INTO photo_tags (photo_idx, tag_id) VALUES ((SELECT photo_idx FROM photos WHERE photo_id = 1666), (SELECT tag_id FROM tags WHERE name = 'spring'));
INSERT OR IGNORE INTO tags (name) VALUES ('popular');
INSERT INTO photo_tags (photo_idx, tag_id) VALUES ((SELECT photo_idx FROM photos WHERE photo_id = 1666), (SELECT tag_id FROM tags WHERE name = 'popular'));
INSERT OR IGNORE INTO tags (name) VALUES ('scenic');
INSERT INTO photo_tags (photo_idx, tag_id) VALUES ((SELECT photo_idx FROM photos WHERE photo_id = 1666), (SELECT tag_id FROM tags WHERE name = 'scenic'));
INSERT OR IGNORE INTO tags (name) VALUES ('landscape');
INSERT INTO photo_tags (photo_idx, tag_id) VALUES ((SELECT photo_idx FROM photos WHERE photo_id = 1666), (SELECT tag_id FROM tags WHERE name = 'landscape'));
INSERT OR IGNORE INTO tags (name) VALUES ('color');
INSERT INTO photo_tags (photo_idx, tag_id) VALUES ((SELECT photo_idx FROM photos WHERE photo_id = 1666), (SELECT tag_id FROM tags WHERE name = 'color'));
INSERT OR IGNORE INTO tags (name) VALUES ('outdoors');
INSERT INTO photo_tags (photo_idx, tag_id) VALUES ((SELECT photo_idx FROM photos WHERE photo_id = 1666), (SELECT tag_id FROM tags WHERE name = 'outdoors'));
INSERT OR IGNORE INTO tags (name) VALUES ('green');
INSERT INTO photo_tags (photo_idx, tag_id) VALUES ((SELECT photo_idx FROM photos WHERE photo_id = 1666), (SELECT tag_id FROM tags WHERE name = 'green'));
INSERT OR IGNORE INTO tags (name) VALUES ('white');
INSERT INTO photo_tags (photo_idx, tag_id) VALUES ((SELECT photo_idx FROM photos WHERE photo_id = 1666), (SELECT tag_id FROM tags WHERE name = 'white'));
INSERT OR IGNORE INTO tags (name) VALUES ('moss');
INSERT INTO photo_tags (photo_idx, tag_id) VALUES ((SELECT photo_idx FROM photos WHERE photo_id = 1666), (SELECT tag_id FROM tags WHERE name = 'moss'));
INSERT OR IGNORE INTO tags (name) VALUES ('rock');
INSERT INTO photo_tags (photo_idx, tag_id) VALUES ((SELECT photo_idx FROM photos WHERE photo_id = 1666), (SELECT tag_id FROM tags WHERE name = 'rock'));
INSERT OR IGNORE INTO tags (name) VALUES ('water');
INSERT INTO photo_tags (photo_idx, tag_id) VALUES ((SELECT photo_idx FROM photos WHERE photo_id = 1666), (SELECT tag_id FROM tags WHERE name = 'water'));
INSERT OR IGNORE INTO tags (name) VALUES ('waterfall');
INSERT INTO photo_tags (photo_idx, tag_id) VALUES ((SELECT photo_idx FROM photos WHERE photo_id = 1666), (SELECT tag_id FROM tags WHERE name = 'waterfall'));
INSERT OR IGNORE INTO tags (name) VALUES ('forest');
INSERT INTO photo_tags (photo_idx, tag_id) VALUES ((SELECT photo_idx FROM photos WHERE photo_id = 1666), (SELECT tag_id FROM tags WHERE name = 'forest'));
INSERT OR IGNORE INTO tags (name) VALUES ('river');
INSERT INTO photo_tags (photo_idx, tag_id) VALUES ((SELECT photo_idx FROM photos WHERE photo_id = 1666), (SELECT tag_id FROM tags WHERE name = 'river'));
INSERT OR IGNORE INTO tags (name) VALUES ('stream');
INSERT INTO photo_tags (photo_idx, tag_id) VALUES ((SELECT photo_idx FROM photos WHERE photo_id = 1666), (SELECT tag_id FROM tags WHERE name = 'stream'));

INSERT INTO photos (photo_id, photo_title, photo_collection, photo_location, photo_year, camera, film_stock, film_format) VALUES (1667, 'Roaring Fork River', 'Smoky Mountains', 'Smoky Mountains, Tennessee', 2000, 'Hasselblad', 'Fujichrome Velvia', '6 x 6 cm');
INSERT INTO photos_fts (photo_idx, photo_id, photo_title, photo_collection, photo_location, photo_year, camera, film_stock, film_format, tag_names) VALUES ((SELECT photo_idx FROM photos WHERE photo_id = 1667), 1667, 'Roaring Fork River', 'Smoky Mountains', 'Smoky Mountains, Tennessee', 2000, 'Hasselblad', 'Fujichrome Velvia', '6 x 6 cm', 'vertical,spring,scenic,landscape,color,outdoors,green,white,moss,water,foliage,waterfall,forest,river,stream');
INSERT OR IGNORE INTO tags (name) VALUES ('vertical');
INSERT INTO photo_tags (photo_idx, tag_id) VALUES ((SELECT photo_idx FROM photos WHERE photo_id = 1667), (SELECT tag_id FROM tags WHERE name = 'vertical'));
INSERT OR IGNORE INTO tags (name) VALUES ('spring');
INSERT INTO photo_tags (photo_idx, tag_id) VALUES ((SELECT photo_idx FROM photos WHERE photo_id = 1667), (SELECT tag_id FROM tags WHERE name = 'spring'));
INSERT OR IGNORE INTO tags (name) VALUES ('scenic');
INSERT INTO photo_tags (photo_idx, tag_id) VALUES ((SELECT photo_idx FROM photos WHERE photo_id = 1667), (SELECT tag_id FROM tags WHERE name = 'scenic'));
INSERT OR IGNORE INTO tags (name) VALUES ('landscape');
INSERT INTO photo_tags (photo_idx, tag_id) VALUES ((SELECT photo_idx FROM photos WHERE photo_id = 1667), (SELECT tag_id FROM tags WHERE name = 'landscape'));
INSERT OR IGNORE INTO tags (name) VALUES ('color');
INSERT INTO photo_tags (photo_idx, tag_id) VALUES ((SELECT photo_idx FROM photos WHERE photo_id = 1667), (SELECT tag_id FROM tags WHERE name = 'color'));
INSERT OR IGNORE INTO tags (name) VALUES ('outdoors');
INSERT INTO photo_tags (photo_idx, tag_id) VALUES ((SELECT photo_idx FROM photos WHERE photo_id = 1667), (SELECT tag_id FROM tags WHERE name = 'outdoors'));
INSERT OR IGNORE INTO tags (name) VALUES ('green');
INSERT INTO photo_tags (photo_idx, tag_id) VALUES ((SELECT photo_idx FROM photos WHERE photo_id = 1667), (SELECT tag_id FROM tags WHERE name = 'green'));
INSERT OR IGNORE INTO tags (name) VALUES ('white');
INSERT INTO photo_tags (photo_idx, tag_id) VALUES ((SELECT photo_idx FROM photos WHERE photo_id = 1667), (SELECT tag_id FROM tags WHERE name = 'white'));
INSERT OR IGNORE INTO tags (name) VALUES ('moss');
INSERT INTO photo_tags (photo_idx, tag_id) VALUES ((SELECT photo_idx FROM photos WHERE photo_id = 1667), (SELECT tag_id FROM tags WHERE name = 'moss'));
INSERT OR IGNORE INTO tags (name) VALUES ('water');
INSERT INTO photo_tags (photo_idx, tag_id) VALUES ((SELECT photo_idx FROM photos WHERE photo_id = 1667), (SELECT tag_id FROM tags WHERE name = 'water'));
INSERT OR IGNORE INTO tags (name) VALUES ('foliage');
INSERT INTO photo_tags (photo_idx, tag_id) VALUES ((SELECT photo_idx FROM photos WHERE photo_id = 1667), (SELECT tag_id FROM tags WHERE name = 'foliage'));
INSERT OR IGNORE INTO tags (name) VALUES ('waterfall');
INSERT INTO photo_tags (photo_idx, tag_id) VALUES ((SELECT photo_idx FROM photos WHERE photo_id = 1667), (SELECT tag_id FROM tags WHERE name = 'waterfall'));
INSERT OR IGNORE INTO tags (name) VALUES ('forest');
INSERT INTO photo_tags (photo_idx, tag_id) VALUES ((SELECT photo_idx FROM photos WHERE photo_id = 1667), (SELECT tag_id FROM tags WHERE name = 'forest'));
INSERT OR IGNORE INTO tags (name) VALUES ('river');
INSERT INTO photo_tags (photo_idx, tag_id) VALUES ((SELECT photo_idx FROM photos WHERE photo_id = 1667), (SELECT tag_id FROM tags WHERE name = 'river'));
INSERT OR IGNORE INTO tags (name) VALUES ('stream');
INSERT INTO photo_tags (photo_idx, tag_id) VALUES ((SELECT photo_idx FROM photos WHERE photo_id = 1667), (SELECT tag_id FROM tags WHERE name = 'stream'));

INSERT INTO photos (photo_id, photo_title, photo_collection, photo_location, photo_year, camera, film_stock, film_format) VALUES (1669, 'Mossy Cascade', 'Smoky Mountains', 'Smoky Mountains, Tennessee', 2000, 'Hasselblad', 'Fujichrome Velvia', '6 x 6 cm');
INSERT INTO photos_fts (photo_idx, photo_id, photo_title, photo_collection, photo_location, photo_year, camera, film_stock, film_format, tag_names) VALUES ((SELECT photo_idx FROM photos WHERE photo_id = 1669), 1669, 'Mossy Cascade', 'Smoky Mountains', 'Smoky Mountains, Tennessee', 2000, 'Hasselblad', 'Fujichrome Velvia', '6 x 6 cm', 'horizontal,spring,scenic,landscape,color,outdoors,green,white,moss,rock,water,foliage,waterfall,forest,river,stream');
INSERT OR IGNORE INTO tags (name) VALUES ('horizontal');
INSERT INTO photo_tags (photo_idx, tag_id) VALUES ((SELECT photo_idx FROM photos WHERE photo_id = 1669), (SELECT tag_id FROM tags WHERE name = 'horizontal'));
INSERT OR IGNORE INTO tags (name) VALUES ('spring');
INSERT INTO photo_tags (photo_idx, tag_id) VALUES ((SELECT photo_idx FROM photos WHERE photo_id = 1669), (SELECT tag_id FROM tags WHERE name = 'spring'));
INSERT OR IGNORE INTO tags (name) VALUES ('scenic');
INSERT INTO photo_tags (photo_idx, tag_id) VALUES ((SELECT photo_idx FROM photos WHERE photo_id = 1669), (SELECT tag_id FROM tags WHERE name = 'scenic'));
INSERT OR IGNORE INTO tags (name) VALUES ('landscape');
INSERT INTO photo_tags (photo_idx, tag_id) VALUES ((SELECT photo_idx FROM photos WHERE photo_id = 1669), (SELECT tag_id FROM tags WHERE name = 'landscape'));
INSERT OR IGNORE INTO tags (name) VALUES ('color');
INSERT INTO photo_tags (photo_idx, tag_id) VALUES ((SELECT photo_idx FROM photos WHERE photo_id = 1669), (SELECT tag_id FROM tags WHERE name = 'color'));
INSERT OR IGNORE INTO tags (name) VALUES ('outdoors');
INSERT INTO photo_tags (photo_idx, tag_id) VALUES ((SELECT photo_idx FROM photos WHERE photo_id = 1669), (SELECT tag_id FROM tags WHERE name = 'outdoors'));
INSERT OR IGNORE INTO tags (name) VALUES ('green');
INSERT INTO photo_tags (photo_idx, tag_id) VALUES ((SELECT photo_idx FROM photos WHERE photo_id = 1669), (SELECT tag_id FROM tags WHERE name = 'green'));
INSERT OR IGNORE INTO tags (name) VALUES ('white');
INSERT INTO photo_tags (photo_idx, tag_id) VALUES ((SELECT photo_idx FROM photos WHERE photo_id = 1669), (SELECT tag_id FROM tags WHERE name = 'white'));
INSERT OR IGNORE INTO tags (name) VALUES ('moss');
INSERT INTO photo_tags (photo_idx, tag_id) VALUES ((SELECT photo_idx FROM photos WHERE photo_id = 1669), (SELECT tag_id FROM tags WHERE name = 'moss'));
INSERT OR IGNORE INTO tags (name) VALUES ('rock');
INSERT INTO photo_tags (photo_idx, tag_id) VALUES ((SELECT photo_idx FROM photos WHERE photo_id = 1669), (SELECT tag_id FROM tags WHERE name = 'rock'));
INSERT OR IGNORE INTO tags (name) VALUES ('water');
INSERT INTO photo_tags (photo_idx, tag_id) VALUES ((SELECT photo_idx FROM photos WHERE photo_id = 1669), (SELECT tag_id FROM tags WHERE name = 'water'));
INSERT OR IGNORE INTO tags (name) VALUES ('foliage');
INSERT INTO photo_tags (photo_idx, tag_id) VALUES ((SELECT photo_idx FROM photos WHERE photo_id = 1669), (SELECT tag_id FROM tags WHERE name = 'foliage'));
INSERT OR IGNORE INTO tags (name) VALUES ('waterfall');
INSERT INTO photo_tags (photo_idx, tag_id) VALUES ((SELECT photo_idx FROM photos WHERE photo_id = 1669), (SELECT tag_id FROM tags WHERE name = 'waterfall'));
INSERT OR IGNORE INTO tags (name) VALUES ('forest');
INSERT INTO photo_tags (photo_idx, tag_id) VALUES ((SELECT photo_idx FROM photos WHERE photo_id = 1669), (SELECT tag_id FROM tags WHERE name = 'forest'));
INSERT OR IGNORE INTO tags (name) VALUES ('river');
INSERT INTO photo_tags (photo_idx, tag_id) VALUES ((SELECT photo_idx FROM photos WHERE photo_id = 1669), (SELECT tag_id FROM tags WHERE name = 'river'));
INSERT OR IGNORE INTO tags (name) VALUES ('stream');
INSERT INTO photo_tags (photo_idx, tag_id) VALUES ((SELECT photo_idx FROM photos WHERE photo_id = 1669), (SELECT tag_id FROM tags WHERE name = 'stream'));

INSERT INTO photos (photo_id, photo_title, photo_collection, photo_location, photo_year, camera, film_stock, film_format) VALUES (1670, 'Mossy Cascade', 'Smoky Mountains', 'Smoky Mountains, Tennessee', 2000, 'Hasselblad', 'Fujichrome Velvia', '6 x 6 cm');
INSERT INTO photos_fts (photo_idx, photo_id, photo_title, photo_collection, photo_location, photo_year, camera, film_stock, film_format, tag_names) VALUES ((SELECT photo_idx FROM photos WHERE photo_id = 1670), 1670, 'Mossy Cascade', 'Smoky Mountains', 'Smoky Mountains, Tennessee', 2000, 'Hasselblad', 'Fujichrome Velvia', '6 x 6 cm', 'vertical,spring,scenic,landscape,color,outdoors,green,white,moss,rock,water,foliage,waterfall,forest,river,stream');
INSERT OR IGNORE INTO tags (name) VALUES ('vertical');
INSERT INTO photo_tags (photo_idx, tag_id) VALUES ((SELECT photo_idx FROM photos WHERE photo_id = 1670), (SELECT tag_id FROM tags WHERE name = 'vertical'));
INSERT OR IGNORE INTO tags (name) VALUES ('spring');
INSERT INTO photo_tags (photo_idx, tag_id) VALUES ((SELECT photo_idx FROM photos WHERE photo_id = 1670), (SELECT tag_id FROM tags WHERE name = 'spring'));
INSERT OR IGNORE INTO tags (name) VALUES ('scenic');
INSERT INTO photo_tags (photo_idx, tag_id) VALUES ((SELECT photo_idx FROM photos WHERE photo_id = 1670), (SELECT tag_id FROM tags WHERE name = 'scenic'));
INSERT OR IGNORE INTO tags (name) VALUES ('landscape');
INSERT INTO photo_tags (photo_idx, tag_id) VALUES ((SELECT photo_idx FROM photos WHERE photo_id = 1670), (SELECT tag_id FROM tags WHERE name = 'landscape'));
INSERT OR IGNORE INTO tags (name) VALUES ('color');
INSERT INTO photo_tags (photo_idx, tag_id) VALUES ((SELECT photo_idx FROM photos WHERE photo_id = 1670), (SELECT tag_id FROM tags WHERE name = 'color'));
INSERT OR IGNORE INTO tags (name) VALUES ('outdoors');
INSERT INTO photo_tags (photo_idx, tag_id) VALUES ((SELECT photo_idx FROM photos WHERE photo_id = 1670), (SELECT tag_id FROM tags WHERE name = 'outdoors'));
INSERT OR IGNORE INTO tags (name) VALUES ('green');
INSERT INTO photo_tags (photo_idx, tag_id) VALUES ((SELECT photo_idx FROM photos WHERE photo_id = 1670), (SELECT tag_id FROM tags WHERE name = 'green'));
INSERT OR IGNORE INTO tags (name) VALUES ('white');
INSERT INTO photo_tags (photo_idx, tag_id) VALUES ((SELECT photo_idx FROM photos WHERE photo_id = 1670), (SELECT tag_id FROM tags WHERE name = 'white'));
INSERT OR IGNORE INTO tags (name) VALUES ('moss');
INSERT INTO photo_tags (photo_idx, tag_id) VALUES ((SELECT photo_idx FROM photos WHERE photo_id = 1670), (SELECT tag_id FROM tags WHERE name = 'moss'));
INSERT OR IGNORE INTO tags (name) VALUES ('rock');
INSERT INTO photo_tags (photo_idx, tag_id) VALUES ((SELECT photo_idx FROM photos WHERE photo_id = 1670), (SELECT tag_id FROM tags WHERE name = 'rock'));
INSERT OR IGNORE INTO tags (name) VALUES ('water');
INSERT INTO photo_tags (photo_idx, tag_id) VALUES ((SELECT photo_idx FROM photos WHERE photo_id = 1670), (SELECT tag_id FROM tags WHERE name = 'water'));
INSERT OR IGNORE INTO tags (name) VALUES ('foliage');
INSERT INTO photo_tags (photo_idx, tag_id) VALUES ((SELECT photo_idx FROM photos WHERE photo_id = 1670), (SELECT tag_id FROM tags WHERE name = 'foliage'));
INSERT OR IGNORE INTO tags (name) VALUES ('waterfall');
INSERT INTO photo_tags (photo_idx, tag_id) VALUES ((SELECT photo_idx FROM photos WHERE photo_id = 1670), (SELECT tag_id FROM tags WHERE name = 'waterfall'));
INSERT OR IGNORE INTO tags (name) VALUES ('forest');
INSERT INTO photo_tags (photo_idx, tag_id) VALUES ((SELECT photo_idx FROM photos WHERE photo_id = 1670), (SELECT tag_id FROM tags WHERE name = 'forest'));
INSERT OR IGNORE INTO tags (name) VALUES ('river');
INSERT INTO photo_tags (photo_idx, tag_id) VALUES ((SELECT photo_idx FROM photos WHERE photo_id = 1670), (SELECT tag_id FROM tags WHERE name = 'river'));
INSERT OR IGNORE INTO tags (name) VALUES ('stream');
INSERT INTO photo_tags (photo_idx, tag_id) VALUES ((SELECT photo_idx FROM photos WHERE photo_id = 1670), (SELECT tag_id FROM tags WHERE name = 'stream'));

INSERT INTO photos (photo_id, photo_title, photo_collection, photo_location, photo_year, camera, film_stock, film_format) VALUES (1672, 'Little River', 'Smoky Mountains', 'Smoky Mountains, Tennessee', 2000, 'Hasselblad', 'Fujichrome Velvia', '6 x 6 cm');
INSERT INTO photos_fts (photo_idx, photo_id, photo_title, photo_collection, photo_location, photo_year, camera, film_stock, film_format, tag_names) VALUES ((SELECT photo_idx FROM photos WHERE photo_id = 1672), 1672, 'Little River', 'Smoky Mountains', 'Smoky Mountains, Tennessee', 2000, 'Hasselblad', 'Fujichrome Velvia', '6 x 6 cm', 'horizontal,spring,scenic,landscape,color,outdoors,blue,green,water,waterfall');
INSERT OR IGNORE INTO tags (name) VALUES ('horizontal');
INSERT INTO photo_tags (photo_idx, tag_id) VALUES ((SELECT photo_idx FROM photos WHERE photo_id = 1672), (SELECT tag_id FROM tags WHERE name = 'horizontal'));
INSERT OR IGNORE INTO tags (name) VALUES ('spring');
INSERT INTO photo_tags (photo_idx, tag_id) VALUES ((SELECT photo_idx FROM photos WHERE photo_id = 1672), (SELECT tag_id FROM tags WHERE name = 'spring'));
INSERT OR IGNORE INTO tags (name) VALUES ('scenic');
INSERT INTO photo_tags (photo_idx, tag_id) VALUES ((SELECT photo_idx FROM photos WHERE photo_id = 1672), (SELECT tag_id FROM tags WHERE name = 'scenic'));
INSERT OR IGNORE INTO tags (name) VALUES ('landscape');
INSERT INTO photo_tags (photo_idx, tag_id) VALUES ((SELECT photo_idx FROM photos WHERE photo_id = 1672), (SELECT tag_id FROM tags WHERE name = 'landscape'));
INSERT OR IGNORE INTO tags (name) VALUES ('color');
INSERT INTO photo_tags (photo_idx, tag_id) VALUES ((SELECT photo_idx FROM photos WHERE photo_id = 1672), (SELECT tag_id FROM tags WHERE name = 'color'));
INSERT OR IGNORE INTO tags (name) VALUES ('outdoors');
INSERT INTO photo_tags (photo_idx, tag_id) VALUES ((SELECT photo_idx FROM photos WHERE photo_id = 1672), (SELECT tag_id FROM tags WHERE name = 'outdoors'));
INSERT OR IGNORE INTO tags (name) VALUES ('blue');
INSERT INTO photo_tags (photo_idx, tag_id) VALUES ((SELECT photo_idx FROM photos WHERE photo_id = 1672), (SELECT tag_id FROM tags WHERE name = 'blue'));
INSERT OR IGNORE INTO tags (name) VALUES ('green');
INSERT INTO photo_tags (photo_idx, tag_id) VALUES ((SELECT photo_idx FROM photos WHERE photo_id = 1672), (SELECT tag_id FROM tags WHERE name = 'green'));
INSERT OR IGNORE INTO tags (name) VALUES ('water');
INSERT INTO photo_tags (photo_idx, tag_id) VALUES ((SELECT photo_idx FROM photos WHERE photo_id = 1672), (SELECT tag_id FROM tags WHERE name = 'water'));
INSERT OR IGNORE INTO tags (name) VALUES ('waterfall');
INSERT INTO photo_tags (photo_idx, tag_id) VALUES ((SELECT photo_idx FROM photos WHERE photo_id = 1672), (SELECT tag_id FROM tags WHERE name = 'waterfall'));

INSERT INTO photos (photo_id, photo_title, photo_collection, photo_location, photo_year, camera, film_stock, film_format) VALUES (1673, 'Dogwood', 'Kentucky', 'Red River Gorge, Kentucky', 2000, 'Hasselblad', 'Fujichrome Velvia', '6 x 6 cm');
INSERT INTO photos_fts (photo_idx, photo_id, photo_title, photo_collection, photo_location, photo_year, camera, film_stock, film_format, tag_names) VALUES ((SELECT photo_idx FROM photos WHERE photo_id = 1673), 1673, 'Dogwood', 'Kentucky', 'Red River Gorge, Kentucky', 2000, 'Hasselblad', 'Fujichrome Velvia', '6 x 6 cm', 'vertical,spring,popular,scenic,landscape,color,outdoors,gray,green,white,trees,forest,dogwood');
INSERT OR IGNORE INTO tags (name) VALUES ('vertical');
INSERT INTO photo_tags (photo_idx, tag_id) VALUES ((SELECT photo_idx FROM photos WHERE photo_id = 1673), (SELECT tag_id FROM tags WHERE name = 'vertical'));
INSERT OR IGNORE INTO tags (name) VALUES ('spring');
INSERT INTO photo_tags (photo_idx, tag_id) VALUES ((SELECT photo_idx FROM photos WHERE photo_id = 1673), (SELECT tag_id FROM tags WHERE name = 'spring'));
INSERT OR IGNORE INTO tags (name) VALUES ('popular');
INSERT INTO photo_tags (photo_idx, tag_id) VALUES ((SELECT photo_idx FROM photos WHERE photo_id = 1673), (SELECT tag_id FROM tags WHERE name = 'popular'));
INSERT OR IGNORE INTO tags (name) VALUES ('scenic');
INSERT INTO photo_tags (photo_idx, tag_id) VALUES ((SELECT photo_idx FROM photos WHERE photo_id = 1673), (SELECT tag_id FROM tags WHERE name = 'scenic'));
INSERT OR IGNORE INTO tags (name) VALUES ('landscape');
INSERT INTO photo_tags (photo_idx, tag_id) VALUES ((SELECT photo_idx FROM photos WHERE photo_id = 1673), (SELECT tag_id FROM tags WHERE name = 'landscape'));
INSERT OR IGNORE INTO tags (name) VALUES ('color');
INSERT INTO photo_tags (photo_idx, tag_id) VALUES ((SELECT photo_idx FROM photos WHERE photo_id = 1673), (SELECT tag_id FROM tags WHERE name = 'color'));
INSERT OR IGNORE INTO tags (name) VALUES ('outdoors');
INSERT INTO photo_tags (photo_idx, tag_id) VALUES ((SELECT photo_idx FROM photos WHERE photo_id = 1673), (SELECT tag_id FROM tags WHERE name = 'outdoors'));
INSERT OR IGNORE INTO tags (name) VALUES ('gray');
INSERT INTO photo_tags (photo_idx, tag_id) VALUES ((SELECT photo_idx FROM photos WHERE photo_id = 1673), (SELECT tag_id FROM tags WHERE name = 'gray'));
INSERT OR IGNORE INTO tags (name) VALUES ('green');
INSERT INTO photo_tags (photo_idx, tag_id) VALUES ((SELECT photo_idx FROM photos WHERE photo_id = 1673), (SELECT tag_id FROM tags WHERE name = 'green'));
INSERT OR IGNORE INTO tags (name) VALUES ('white');
INSERT INTO photo_tags (photo_idx, tag_id) VALUES ((SELECT photo_idx FROM photos WHERE photo_id = 1673), (SELECT tag_id FROM tags WHERE name = 'white'));
INSERT OR IGNORE INTO tags (name) VALUES ('trees');
INSERT INTO photo_tags (photo_idx, tag_id) VALUES ((SELECT photo_idx FROM photos WHERE photo_id = 1673), (SELECT tag_id FROM tags WHERE name = 'trees'));
INSERT OR IGNORE INTO tags (name) VALUES ('forest');
INSERT INTO photo_tags (photo_idx, tag_id) VALUES ((SELECT photo_idx FROM photos WHERE photo_id = 1673), (SELECT tag_id FROM tags WHERE name = 'forest'));
INSERT OR IGNORE INTO tags (name) VALUES ('dogwood');
INSERT INTO photo_tags (photo_idx, tag_id) VALUES ((SELECT photo_idx FROM photos WHERE photo_id = 1673), (SELECT tag_id FROM tags WHERE name = 'dogwood'));

INSERT INTO photos (photo_id, photo_title, photo_collection, photo_location, photo_year, camera, film_stock, film_format) VALUES (1674, 'Dogwood', 'Kentucky', 'Bernheim Arboretum, Kentucky', 2000, 'Hasselblad', 'Fujichrome Velvia', '6 x 6 cm');
INSERT INTO photos_fts (photo_idx, photo_id, photo_title, photo_collection, photo_location, photo_year, camera, film_stock, film_format, tag_names) VALUES ((SELECT photo_idx FROM photos WHERE photo_id = 1674), 1674, 'Dogwood', 'Kentucky', 'Bernheim Arboretum, Kentucky', 2000, 'Hasselblad', 'Fujichrome Velvia', '6 x 6 cm', 'horizontal,spring,scenic,landscape,color,outdoors,blue,green,yellow,trees,forest,blossoms,dogwood');
INSERT OR IGNORE INTO tags (name) VALUES ('horizontal');
INSERT INTO photo_tags (photo_idx, tag_id) VALUES ((SELECT photo_idx FROM photos WHERE photo_id = 1674), (SELECT tag_id FROM tags WHERE name = 'horizontal'));
INSERT OR IGNORE INTO tags (name) VALUES ('spring');
INSERT INTO photo_tags (photo_idx, tag_id) VALUES ((SELECT photo_idx FROM photos WHERE photo_id = 1674), (SELECT tag_id FROM tags WHERE name = 'spring'));
INSERT OR IGNORE INTO tags (name) VALUES ('scenic');
INSERT INTO photo_tags (photo_idx, tag_id) VALUES ((SELECT photo_idx FROM photos WHERE photo_id = 1674), (SELECT tag_id FROM tags WHERE name = 'scenic'));
INSERT OR IGNORE INTO tags (name) VALUES ('landscape');
INSERT INTO photo_tags (photo_idx, tag_id) VALUES ((SELECT photo_idx FROM photos WHERE photo_id = 1674), (SELECT tag_id FROM tags WHERE name = 'landscape'));
INSERT OR IGNORE INTO tags (name) VALUES ('color');
INSERT INTO photo_tags (photo_idx, tag_id) VALUES ((SELECT photo_idx FROM photos WHERE photo_id = 1674), (SELECT tag_id FROM tags WHERE name = 'color'));
INSERT OR IGNORE INTO tags (name) VALUES ('outdoors');
INSERT INTO photo_tags (photo_idx, tag_id) VALUES ((SELECT photo_idx FROM photos WHERE photo_id = 1674), (SELECT tag_id FROM tags WHERE name = 'outdoors'));
INSERT OR IGNORE INTO tags (name) VALUES ('blue');
INSERT INTO photo_tags (photo_idx, tag_id) VALUES ((SELECT photo_idx FROM photos WHERE photo_id = 1674), (SELECT tag_id FROM tags WHERE name = 'blue'));
INSERT OR IGNORE INTO tags (name) VALUES ('green');
INSERT INTO photo_tags (photo_idx, tag_id) VALUES ((SELECT photo_idx FROM photos WHERE photo_id = 1674), (SELECT tag_id FROM tags WHERE name = 'green'));
INSERT OR IGNORE INTO tags (name) VALUES ('yellow');
INSERT INTO photo_tags (photo_idx, tag_id) VALUES ((SELECT photo_idx FROM photos WHERE photo_id = 1674), (SELECT tag_id FROM tags WHERE name = 'yellow'));
INSERT OR IGNORE INTO tags (name) VALUES ('trees');
INSERT INTO photo_tags (photo_idx, tag_id) VALUES ((SELECT photo_idx FROM photos WHERE photo_id = 1674), (SELECT tag_id FROM tags WHERE name = 'trees'));
INSERT OR IGNORE INTO tags (name) VALUES ('forest');
INSERT INTO photo_tags (photo_idx, tag_id) VALUES ((SELECT photo_idx FROM photos WHERE photo_id = 1674), (SELECT tag_id FROM tags WHERE name = 'forest'));
INSERT OR IGNORE INTO tags (name) VALUES ('blossoms');
INSERT INTO photo_tags (photo_idx, tag_id) VALUES ((SELECT photo_idx FROM photos WHERE photo_id = 1674), (SELECT tag_id FROM tags WHERE name = 'blossoms'));
INSERT OR IGNORE INTO tags (name) VALUES ('dogwood');
INSERT INTO photo_tags (photo_idx, tag_id) VALUES ((SELECT photo_idx FROM photos WHERE photo_id = 1674), (SELECT tag_id FROM tags WHERE name = 'dogwood'));

INSERT INTO photos (photo_id, photo_title, photo_collection, photo_location, photo_year, camera, film_stock, film_format) VALUES (1675, 'Dogwood', 'Kentucky', 'Bernheim Arboretum, Kentucky', 2000, 'Hasselblad', 'Fujichrome Velvia', '6 x 6 cm');
INSERT INTO photos_fts (photo_idx, photo_id, photo_title, photo_collection, photo_location, photo_year, camera, film_stock, film_format, tag_names) VALUES ((SELECT photo_idx FROM photos WHERE photo_id = 1675), 1675, 'Dogwood', 'Kentucky', 'Bernheim Arboretum, Kentucky', 2000, 'Hasselblad', 'Fujichrome Velvia', '6 x 6 cm', 'horizontal,spring,scenic,landscape,color,outdoors,blue,green,yellow,trees,forest,blossoms,dogwood');
INSERT OR IGNORE INTO tags (name) VALUES ('horizontal');
INSERT INTO photo_tags (photo_idx, tag_id) VALUES ((SELECT photo_idx FROM photos WHERE photo_id = 1675), (SELECT tag_id FROM tags WHERE name = 'horizontal'));
INSERT OR IGNORE INTO tags (name) VALUES ('spring');
INSERT INTO photo_tags (photo_idx, tag_id) VALUES ((SELECT photo_idx FROM photos WHERE photo_id = 1675), (SELECT tag_id FROM tags WHERE name = 'spring'));
INSERT OR IGNORE INTO tags (name) VALUES ('scenic');
INSERT INTO photo_tags (photo_idx, tag_id) VALUES ((SELECT photo_idx FROM photos WHERE photo_id = 1675), (SELECT tag_id FROM tags WHERE name = 'scenic'));
INSERT OR IGNORE INTO tags (name) VALUES ('landscape');
INSERT INTO photo_tags (photo_idx, tag_id) VALUES ((SELECT photo_idx FROM photos WHERE photo_id = 1675), (SELECT tag_id FROM tags WHERE name = 'landscape'));
INSERT OR IGNORE INTO tags (name) VALUES ('color');
INSERT INTO photo_tags (photo_idx, tag_id) VALUES ((SELECT photo_idx FROM photos WHERE photo_id = 1675), (SELECT tag_id FROM tags WHERE name = 'color'));
INSERT OR IGNORE INTO tags (name) VALUES ('outdoors');
INSERT INTO photo_tags (photo_idx, tag_id) VALUES ((SELECT photo_idx FROM photos WHERE photo_id = 1675), (SELECT tag_id FROM tags WHERE name = 'outdoors'));
INSERT OR IGNORE INTO tags (name) VALUES ('blue');
INSERT INTO photo_tags (photo_idx, tag_id) VALUES ((SELECT photo_idx FROM photos WHERE photo_id = 1675), (SELECT tag_id FROM tags WHERE name = 'blue'));
INSERT OR IGNORE INTO tags (name) VALUES ('green');
INSERT INTO photo_tags (photo_idx, tag_id) VALUES ((SELECT photo_idx FROM photos WHERE photo_id = 1675), (SELECT tag_id FROM tags WHERE name = 'green'));
INSERT OR IGNORE INTO tags (name) VALUES ('yellow');
INSERT INTO photo_tags (photo_idx, tag_id) VALUES ((SELECT photo_idx FROM photos WHERE photo_id = 1675), (SELECT tag_id FROM tags WHERE name = 'yellow'));
INSERT OR IGNORE INTO tags (name) VALUES ('trees');
INSERT INTO photo_tags (photo_idx, tag_id) VALUES ((SELECT photo_idx FROM photos WHERE photo_id = 1675), (SELECT tag_id FROM tags WHERE name = 'trees'));
INSERT OR IGNORE INTO tags (name) VALUES ('forest');
INSERT INTO photo_tags (photo_idx, tag_id) VALUES ((SELECT photo_idx FROM photos WHERE photo_id = 1675), (SELECT tag_id FROM tags WHERE name = 'forest'));
INSERT OR IGNORE INTO tags (name) VALUES ('blossoms');
INSERT INTO photo_tags (photo_idx, tag_id) VALUES ((SELECT photo_idx FROM photos WHERE photo_id = 1675), (SELECT tag_id FROM tags WHERE name = 'blossoms'));
INSERT OR IGNORE INTO tags (name) VALUES ('dogwood');
INSERT INTO photo_tags (photo_idx, tag_id) VALUES ((SELECT photo_idx FROM photos WHERE photo_id = 1675), (SELECT tag_id FROM tags WHERE name = 'dogwood'));

INSERT INTO photos (photo_id, photo_title, photo_collection, photo_location, photo_year, camera, film_stock, film_format) VALUES (1676, 'Pink Dogwood', 'Kentucky', 'Bernheim Arboretum, Kentucky', 2000, 'Hasselblad', 'Fujichrome Velvia', '6 x 6 cm');
INSERT INTO photos_fts (photo_idx, photo_id, photo_title, photo_collection, photo_location, photo_year, camera, film_stock, film_format, tag_names) VALUES ((SELECT photo_idx FROM photos WHERE photo_id = 1676), 1676, 'Pink Dogwood', 'Kentucky', 'Bernheim Arboretum, Kentucky', 2000, 'Hasselblad', 'Fujichrome Velvia', '6 x 6 cm', 'vertical,spring,scenic,landscape,color,outdoors,green,pink,flowers,grass,trees,foliage,blossoms,dogwood');
INSERT OR IGNORE INTO tags (name) VALUES ('vertical');
INSERT INTO photo_tags (photo_idx, tag_id) VALUES ((SELECT photo_idx FROM photos WHERE photo_id = 1676), (SELECT tag_id FROM tags WHERE name = 'vertical'));
INSERT OR IGNORE INTO tags (name) VALUES ('spring');
INSERT INTO photo_tags (photo_idx, tag_id) VALUES ((SELECT photo_idx FROM photos WHERE photo_id = 1676), (SELECT tag_id FROM tags WHERE name = 'spring'));
INSERT OR IGNORE INTO tags (name) VALUES ('scenic');
INSERT INTO photo_tags (photo_idx, tag_id) VALUES ((SELECT photo_idx FROM photos WHERE photo_id = 1676), (SELECT tag_id FROM tags WHERE name = 'scenic'));
INSERT OR IGNORE INTO tags (name) VALUES ('landscape');
INSERT INTO photo_tags (photo_idx, tag_id) VALUES ((SELECT photo_idx FROM photos WHERE photo_id = 1676), (SELECT tag_id FROM tags WHERE name = 'landscape'));
INSERT OR IGNORE INTO tags (name) VALUES ('color');
INSERT INTO photo_tags (photo_idx, tag_id) VALUES ((SELECT photo_idx FROM photos WHERE photo_id = 1676), (SELECT tag_id FROM tags WHERE name = 'color'));
INSERT OR IGNORE INTO tags (name) VALUES ('outdoors');
INSERT INTO photo_tags (photo_idx, tag_id) VALUES ((SELECT photo_idx FROM photos WHERE photo_id = 1676), (SELECT tag_id FROM tags WHERE name = 'outdoors'));
INSERT OR IGNORE INTO tags (name) VALUES ('green');
INSERT INTO photo_tags (photo_idx, tag_id) VALUES ((SELECT photo_idx FROM photos WHERE photo_id = 1676), (SELECT tag_id FROM tags WHERE name = 'green'));
INSERT OR IGNORE INTO tags (name) VALUES ('pink');
INSERT INTO photo_tags (photo_idx, tag_id) VALUES ((SELECT photo_idx FROM photos WHERE photo_id = 1676), (SELECT tag_id FROM tags WHERE name = 'pink'));
INSERT OR IGNORE INTO tags (name) VALUES ('flowers');
INSERT INTO photo_tags (photo_idx, tag_id) VALUES ((SELECT photo_idx FROM photos WHERE photo_id = 1676), (SELECT tag_id FROM tags WHERE name = 'flowers'));
INSERT OR IGNORE INTO tags (name) VALUES ('grass');
INSERT INTO photo_tags (photo_idx, tag_id) VALUES ((SELECT photo_idx FROM photos WHERE photo_id = 1676), (SELECT tag_id FROM tags WHERE name = 'grass'));
INSERT OR IGNORE INTO tags (name) VALUES ('trees');
INSERT INTO photo_tags (photo_idx, tag_id) VALUES ((SELECT photo_idx FROM photos WHERE photo_id = 1676), (SELECT tag_id FROM tags WHERE name = 'trees'));
INSERT OR IGNORE INTO tags (name) VALUES ('foliage');
INSERT INTO photo_tags (photo_idx, tag_id) VALUES ((SELECT photo_idx FROM photos WHERE photo_id = 1676), (SELECT tag_id FROM tags WHERE name = 'foliage'));
INSERT OR IGNORE INTO tags (name) VALUES ('blossoms');
INSERT INTO photo_tags (photo_idx, tag_id) VALUES ((SELECT photo_idx FROM photos WHERE photo_id = 1676), (SELECT tag_id FROM tags WHERE name = 'blossoms'));
INSERT OR IGNORE INTO tags (name) VALUES ('dogwood');
INSERT INTO photo_tags (photo_idx, tag_id) VALUES ((SELECT photo_idx FROM photos WHERE photo_id = 1676), (SELECT tag_id FROM tags WHERE name = 'dogwood'));

INSERT INTO photos (photo_id, photo_title, photo_collection, photo_location, photo_year, camera, film_stock, film_format) VALUES (1677, 'Reaching Dogwood Branch', 'Kentucky', 'Bernheim Arboretum, Kentucky', 2000, 'Hasselblad', 'Fujichrome Velvia', '6 x 6 cm');
INSERT INTO photos_fts (photo_idx, photo_id, photo_title, photo_collection, photo_location, photo_year, camera, film_stock, film_format, tag_names) VALUES ((SELECT photo_idx FROM photos WHERE photo_id = 1677), 1677, 'Reaching Dogwood Branch', 'Kentucky', 'Bernheim Arboretum, Kentucky', 2000, 'Hasselblad', 'Fujichrome Velvia', '6 x 6 cm', 'horizontal,spring,scenic,landscape,color,outdoors,white,flowers,foliage,forest,blossoms,dogwood');
INSERT OR IGNORE INTO tags (name) VALUES ('horizontal');
INSERT INTO photo_tags (photo_idx, tag_id) VALUES ((SELECT photo_idx FROM photos WHERE photo_id = 1677), (SELECT tag_id FROM tags WHERE name = 'horizontal'));
INSERT OR IGNORE INTO tags (name) VALUES ('spring');
INSERT INTO photo_tags (photo_idx, tag_id) VALUES ((SELECT photo_idx FROM photos WHERE photo_id = 1677), (SELECT tag_id FROM tags WHERE name = 'spring'));
INSERT OR IGNORE INTO tags (name) VALUES ('scenic');
INSERT INTO photo_tags (photo_idx, tag_id) VALUES ((SELECT photo_idx FROM photos WHERE photo_id = 1677), (SELECT tag_id FROM tags WHERE name = 'scenic'));
INSERT OR IGNORE INTO tags (name) VALUES ('landscape');
INSERT INTO photo_tags (photo_idx, tag_id) VALUES ((SELECT photo_idx FROM photos WHERE photo_id = 1677), (SELECT tag_id FROM tags WHERE name = 'landscape'));
INSERT OR IGNORE INTO tags (name) VALUES ('color');
INSERT INTO photo_tags (photo_idx, tag_id) VALUES ((SELECT photo_idx FROM photos WHERE photo_id = 1677), (SELECT tag_id FROM tags WHERE name = 'color'));
INSERT OR IGNORE INTO tags (name) VALUES ('outdoors');
INSERT INTO photo_tags (photo_idx, tag_id) VALUES ((SELECT photo_idx FROM photos WHERE photo_id = 1677), (SELECT tag_id FROM tags WHERE name = 'outdoors'));
INSERT OR IGNORE INTO tags (name) VALUES ('white');
INSERT INTO photo_tags (photo_idx, tag_id) VALUES ((SELECT photo_idx FROM photos WHERE photo_id = 1677), (SELECT tag_id FROM tags WHERE name = 'white'));
INSERT OR IGNORE INTO tags (name) VALUES ('flowers');
INSERT INTO photo_tags (photo_idx, tag_id) VALUES ((SELECT photo_idx FROM photos WHERE photo_id = 1677), (SELECT tag_id FROM tags WHERE name = 'flowers'));
INSERT OR IGNORE INTO tags (name) VALUES ('foliage');
INSERT INTO photo_tags (photo_idx, tag_id) VALUES ((SELECT photo_idx FROM photos WHERE photo_id = 1677), (SELECT tag_id FROM tags WHERE name = 'foliage'));
INSERT OR IGNORE INTO tags (name) VALUES ('forest');
INSERT INTO photo_tags (photo_idx, tag_id) VALUES ((SELECT photo_idx FROM photos WHERE photo_id = 1677), (SELECT tag_id FROM tags WHERE name = 'forest'));
INSERT OR IGNORE INTO tags (name) VALUES ('blossoms');
INSERT INTO photo_tags (photo_idx, tag_id) VALUES ((SELECT photo_idx FROM photos WHERE photo_id = 1677), (SELECT tag_id FROM tags WHERE name = 'blossoms'));
INSERT OR IGNORE INTO tags (name) VALUES ('dogwood');
INSERT INTO photo_tags (photo_idx, tag_id) VALUES ((SELECT photo_idx FROM photos WHERE photo_id = 1677), (SELECT tag_id FROM tags WHERE name = 'dogwood'));

INSERT INTO photos (photo_id, photo_title, photo_collection, photo_location, photo_year, camera, film_stock, film_format) VALUES (1678, 'Bernheim Forest', 'Kentucky', 'Bernheim Arboretum, Kentucky', 2000, 'Hasselblad', 'Fujichrome Velvia', '6 x 6 cm');
INSERT INTO photos_fts (photo_idx, photo_id, photo_title, photo_collection, photo_location, photo_year, camera, film_stock, film_format, tag_names) VALUES ((SELECT photo_idx FROM photos WHERE photo_id = 1678), 1678, 'Bernheim Forest', 'Kentucky', 'Bernheim Arboretum, Kentucky', 2000, 'Hasselblad', 'Fujichrome Velvia', '6 x 6 cm', 'horizontal,spring,scenic,landscape,color,outdoors,brown,trees,foliage,forest');
INSERT OR IGNORE INTO tags (name) VALUES ('horizontal');
INSERT INTO photo_tags (photo_idx, tag_id) VALUES ((SELECT photo_idx FROM photos WHERE photo_id = 1678), (SELECT tag_id FROM tags WHERE name = 'horizontal'));
INSERT OR IGNORE INTO tags (name) VALUES ('spring');
INSERT INTO photo_tags (photo_idx, tag_id) VALUES ((SELECT photo_idx FROM photos WHERE photo_id = 1678), (SELECT tag_id FROM tags WHERE name = 'spring'));
INSERT OR IGNORE INTO tags (name) VALUES ('scenic');
INSERT INTO photo_tags (photo_idx, tag_id) VALUES ((SELECT photo_idx FROM photos WHERE photo_id = 1678), (SELECT tag_id FROM tags WHERE name = 'scenic'));
INSERT OR IGNORE INTO tags (name) VALUES ('landscape');
INSERT INTO photo_tags (photo_idx, tag_id) VALUES ((SELECT photo_idx FROM photos WHERE photo_id = 1678), (SELECT tag_id FROM tags WHERE name = 'landscape'));
INSERT OR IGNORE INTO tags (name) VALUES ('color');
INSERT INTO photo_tags (photo_idx, tag_id) VALUES ((SELECT photo_idx FROM photos WHERE photo_id = 1678), (SELECT tag_id FROM tags WHERE name = 'color'));
INSERT OR IGNORE INTO tags (name) VALUES ('outdoors');
INSERT INTO photo_tags (photo_idx, tag_id) VALUES ((SELECT photo_idx FROM photos WHERE photo_id = 1678), (SELECT tag_id FROM tags WHERE name = 'outdoors'));
INSERT OR IGNORE INTO tags (name) VALUES ('brown');
INSERT INTO photo_tags (photo_idx, tag_id) VALUES ((SELECT photo_idx FROM photos WHERE photo_id = 1678), (SELECT tag_id FROM tags WHERE name = 'brown'));
INSERT OR IGNORE INTO tags (name) VALUES ('trees');
INSERT INTO photo_tags (photo_idx, tag_id) VALUES ((SELECT photo_idx FROM photos WHERE photo_id = 1678), (SELECT tag_id FROM tags WHERE name = 'trees'));
INSERT OR IGNORE INTO tags (name) VALUES ('foliage');
INSERT INTO photo_tags (photo_idx, tag_id) VALUES ((SELECT photo_idx FROM photos WHERE photo_id = 1678), (SELECT tag_id FROM tags WHERE name = 'foliage'));
INSERT OR IGNORE INTO tags (name) VALUES ('forest');
INSERT INTO photo_tags (photo_idx, tag_id) VALUES ((SELECT photo_idx FROM photos WHERE photo_id = 1678), (SELECT tag_id FROM tags WHERE name = 'forest'));

INSERT INTO photos (photo_id, photo_title, photo_collection, photo_location, photo_year, camera, film_stock, film_format) VALUES (1679, 'Dogwood', 'Kentucky', 'Bernheim Arboretum, Kentucky', 2000, 'Hasselblad', 'Fujichrome Velvia', '6 x 6 cm');
INSERT INTO photos_fts (photo_idx, photo_id, photo_title, photo_collection, photo_location, photo_year, camera, film_stock, film_format, tag_names) VALUES ((SELECT photo_idx FROM photos WHERE photo_id = 1679), 1679, 'Dogwood', 'Kentucky', 'Bernheim Arboretum, Kentucky', 2000, 'Hasselblad', 'Fujichrome Velvia', '6 x 6 cm', 'horizontal,spring,scenic,landscape,color,outdoors,white,flowers,foliage,forest,blossoms,dogwood');
INSERT OR IGNORE INTO tags (name) VALUES ('horizontal');
INSERT INTO photo_tags (photo_idx, tag_id) VALUES ((SELECT photo_idx FROM photos WHERE photo_id = 1679), (SELECT tag_id FROM tags WHERE name = 'horizontal'));
INSERT OR IGNORE INTO tags (name) VALUES ('spring');
INSERT INTO photo_tags (photo_idx, tag_id) VALUES ((SELECT photo_idx FROM photos WHERE photo_id = 1679), (SELECT tag_id FROM tags WHERE name = 'spring'));
INSERT OR IGNORE INTO tags (name) VALUES ('scenic');
INSERT INTO photo_tags (photo_idx, tag_id) VALUES ((SELECT photo_idx FROM photos WHERE photo_id = 1679), (SELECT tag_id FROM tags WHERE name = 'scenic'));
INSERT OR IGNORE INTO tags (name) VALUES ('landscape');
INSERT INTO photo_tags (photo_idx, tag_id) VALUES ((SELECT photo_idx FROM photos WHERE photo_id = 1679), (SELECT tag_id FROM tags WHERE name = 'landscape'));
INSERT OR IGNORE INTO tags (name) VALUES ('color');
INSERT INTO photo_tags (photo_idx, tag_id) VALUES ((SELECT photo_idx FROM photos WHERE photo_id = 1679), (SELECT tag_id FROM tags WHERE name = 'color'));
INSERT OR IGNORE INTO tags (name) VALUES ('outdoors');
INSERT INTO photo_tags (photo_idx, tag_id) VALUES ((SELECT photo_idx FROM photos WHERE photo_id = 1679), (SELECT tag_id FROM tags WHERE name = 'outdoors'));
INSERT OR IGNORE INTO tags (name) VALUES ('white');
INSERT INTO photo_tags (photo_idx, tag_id) VALUES ((SELECT photo_idx FROM photos WHERE photo_id = 1679), (SELECT tag_id FROM tags WHERE name = 'white'));
INSERT OR IGNORE INTO tags (name) VALUES ('flowers');
INSERT INTO photo_tags (photo_idx, tag_id) VALUES ((SELECT photo_idx FROM photos WHERE photo_id = 1679), (SELECT tag_id FROM tags WHERE name = 'flowers'));
INSERT OR IGNORE INTO tags (name) VALUES ('foliage');
INSERT INTO photo_tags (photo_idx, tag_id) VALUES ((SELECT photo_idx FROM photos WHERE photo_id = 1679), (SELECT tag_id FROM tags WHERE name = 'foliage'));
INSERT OR IGNORE INTO tags (name) VALUES ('forest');
INSERT INTO photo_tags (photo_idx, tag_id) VALUES ((SELECT photo_idx FROM photos WHERE photo_id = 1679), (SELECT tag_id FROM tags WHERE name = 'forest'));
INSERT OR IGNORE INTO tags (name) VALUES ('blossoms');
INSERT INTO photo_tags (photo_idx, tag_id) VALUES ((SELECT photo_idx FROM photos WHERE photo_id = 1679), (SELECT tag_id FROM tags WHERE name = 'blossoms'));
INSERT OR IGNORE INTO tags (name) VALUES ('dogwood');
INSERT INTO photo_tags (photo_idx, tag_id) VALUES ((SELECT photo_idx FROM photos WHERE photo_id = 1679), (SELECT tag_id FROM tags WHERE name = 'dogwood'));

INSERT INTO photos (photo_id, photo_title, photo_collection, photo_location, photo_year, camera, film_stock, film_format) VALUES (1683, 'Kentucky Redbud', 'Kentucky', 'Red River Gorge, Kentucky', 2000, 'Hasselblad', 'Fujichrome Velvia', '6 x 6 cm');
INSERT INTO photos_fts (photo_idx, photo_id, photo_title, photo_collection, photo_location, photo_year, camera, film_stock, film_format, tag_names) VALUES ((SELECT photo_idx FROM photos WHERE photo_id = 1683), 1683, 'Kentucky Redbud', 'Kentucky', 'Red River Gorge, Kentucky', 2000, 'Hasselblad', 'Fujichrome Velvia', '6 x 6 cm', 'vertical,spring,scenic,landscape,color,outdoors,purple,foliage,forest,dogwood');
INSERT OR IGNORE INTO tags (name) VALUES ('vertical');
INSERT INTO photo_tags (photo_idx, tag_id) VALUES ((SELECT photo_idx FROM photos WHERE photo_id = 1683), (SELECT tag_id FROM tags WHERE name = 'vertical'));
INSERT OR IGNORE INTO tags (name) VALUES ('spring');
INSERT INTO photo_tags (photo_idx, tag_id) VALUES ((SELECT photo_idx FROM photos WHERE photo_id = 1683), (SELECT tag_id FROM tags WHERE name = 'spring'));
INSERT OR IGNORE INTO tags (name) VALUES ('scenic');
INSERT INTO photo_tags (photo_idx, tag_id) VALUES ((SELECT photo_idx FROM photos WHERE photo_id = 1683), (SELECT tag_id FROM tags WHERE name = 'scenic'));
INSERT OR IGNORE INTO tags (name) VALUES ('landscape');
INSERT INTO photo_tags (photo_idx, tag_id) VALUES ((SELECT photo_idx FROM photos WHERE photo_id = 1683), (SELECT tag_id FROM tags WHERE name = 'landscape'));
INSERT OR IGNORE INTO tags (name) VALUES ('color');
INSERT INTO photo_tags (photo_idx, tag_id) VALUES ((SELECT photo_idx FROM photos WHERE photo_id = 1683), (SELECT tag_id FROM tags WHERE name = 'color'));
INSERT OR IGNORE INTO tags (name) VALUES ('outdoors');
INSERT INTO photo_tags (photo_idx, tag_id) VALUES ((SELECT photo_idx FROM photos WHERE photo_id = 1683), (SELECT tag_id FROM tags WHERE name = 'outdoors'));
INSERT OR IGNORE INTO tags (name) VALUES ('purple');
INSERT INTO photo_tags (photo_idx, tag_id) VALUES ((SELECT photo_idx FROM photos WHERE photo_id = 1683), (SELECT tag_id FROM tags WHERE name = 'purple'));
INSERT OR IGNORE INTO tags (name) VALUES ('foliage');
INSERT INTO photo_tags (photo_idx, tag_id) VALUES ((SELECT photo_idx FROM photos WHERE photo_id = 1683), (SELECT tag_id FROM tags WHERE name = 'foliage'));
INSERT OR IGNORE INTO tags (name) VALUES ('forest');
INSERT INTO photo_tags (photo_idx, tag_id) VALUES ((SELECT photo_idx FROM photos WHERE photo_id = 1683), (SELECT tag_id FROM tags WHERE name = 'forest'));
INSERT OR IGNORE INTO tags (name) VALUES ('dogwood');
INSERT INTO photo_tags (photo_idx, tag_id) VALUES ((SELECT photo_idx FROM photos WHERE photo_id = 1683), (SELECT tag_id FROM tags WHERE name = 'dogwood'));

INSERT INTO photos (photo_id, photo_title, photo_collection, photo_location, photo_year, camera, film_stock, film_format) VALUES (1684, 'Field of Wishes', 'Kentucky', 'Red River Gorge, Kentucky', 2000, 'Hasselblad', 'Fujichrome Velvia', '6 x 6 cm');
INSERT INTO photos_fts (photo_idx, photo_id, photo_title, photo_collection, photo_location, photo_year, camera, film_stock, film_format, tag_names) VALUES ((SELECT photo_idx FROM photos WHERE photo_id = 1684), 1684, 'Field of Wishes', 'Kentucky', 'Red River Gorge, Kentucky', 2000, 'Hasselblad', 'Fujichrome Velvia', '6 x 6 cm', 'horizontal,spring,closeup,scenic,landscape,color,outdoors,green,white,grass,wildflowers');
INSERT OR IGNORE INTO tags (name) VALUES ('horizontal');
INSERT INTO photo_tags (photo_idx, tag_id) VALUES ((SELECT photo_idx FROM photos WHERE photo_id = 1684), (SELECT tag_id FROM tags WHERE name = 'horizontal'));
INSERT OR IGNORE INTO tags (name) VALUES ('spring');
INSERT INTO photo_tags (photo_idx, tag_id) VALUES ((SELECT photo_idx FROM photos WHERE photo_id = 1684), (SELECT tag_id FROM tags WHERE name = 'spring'));
INSERT OR IGNORE INTO tags (name) VALUES ('closeup');
INSERT INTO photo_tags (photo_idx, tag_id) VALUES ((SELECT photo_idx FROM photos WHERE photo_id = 1684), (SELECT tag_id FROM tags WHERE name = 'closeup'));
INSERT OR IGNORE INTO tags (name) VALUES ('scenic');
INSERT INTO photo_tags (photo_idx, tag_id) VALUES ((SELECT photo_idx FROM photos WHERE photo_id = 1684), (SELECT tag_id FROM tags WHERE name = 'scenic'));
INSERT OR IGNORE INTO tags (name) VALUES ('landscape');
INSERT INTO photo_tags (photo_idx, tag_id) VALUES ((SELECT photo_idx FROM photos WHERE photo_id = 1684), (SELECT tag_id FROM tags WHERE name = 'landscape'));
INSERT OR IGNORE INTO tags (name) VALUES ('color');
INSERT INTO photo_tags (photo_idx, tag_id) VALUES ((SELECT photo_idx FROM photos WHERE photo_id = 1684), (SELECT tag_id FROM tags WHERE name = 'color'));
INSERT OR IGNORE INTO tags (name) VALUES ('outdoors');
INSERT INTO photo_tags (photo_idx, tag_id) VALUES ((SELECT photo_idx FROM photos WHERE photo_id = 1684), (SELECT tag_id FROM tags WHERE name = 'outdoors'));
INSERT OR IGNORE INTO tags (name) VALUES ('green');
INSERT INTO photo_tags (photo_idx, tag_id) VALUES ((SELECT photo_idx FROM photos WHERE photo_id = 1684), (SELECT tag_id FROM tags WHERE name = 'green'));
INSERT OR IGNORE INTO tags (name) VALUES ('white');
INSERT INTO photo_tags (photo_idx, tag_id) VALUES ((SELECT photo_idx FROM photos WHERE photo_id = 1684), (SELECT tag_id FROM tags WHERE name = 'white'));
INSERT OR IGNORE INTO tags (name) VALUES ('grass');
INSERT INTO photo_tags (photo_idx, tag_id) VALUES ((SELECT photo_idx FROM photos WHERE photo_id = 1684), (SELECT tag_id FROM tags WHERE name = 'grass'));
INSERT OR IGNORE INTO tags (name) VALUES ('wildflowers');
INSERT INTO photo_tags (photo_idx, tag_id) VALUES ((SELECT photo_idx FROM photos WHERE photo_id = 1684), (SELECT tag_id FROM tags WHERE name = 'wildflowers'));

INSERT INTO photos (photo_id, photo_title, photo_collection, photo_location, photo_year, camera, film_stock, film_format) VALUES (1685, 'Lichens and Moss on Trees', 'Smoky Mountains', 'Smoky Mountains, Tennessee', 2000, 'Hasselblad', 'Fujichrome Velvia', '6 x 6 cm');
INSERT INTO photos_fts (photo_idx, photo_id, photo_title, photo_collection, photo_location, photo_year, camera, film_stock, film_format, tag_names) VALUES ((SELECT photo_idx FROM photos WHERE photo_id = 1685), 1685, 'Lichens and Moss on Trees', 'Smoky Mountains', 'Smoky Mountains, Tennessee', 2000, 'Hasselblad', 'Fujichrome Velvia', '6 x 6 cm', 'vertical,spring,scenic,landscape,color,outdoors,gray,fog,trees,foliage,forest,mist');
INSERT OR IGNORE INTO tags (name) VALUES ('vertical');
INSERT INTO photo_tags (photo_idx, tag_id) VALUES ((SELECT photo_idx FROM photos WHERE photo_id = 1685), (SELECT tag_id FROM tags WHERE name = 'vertical'));
INSERT OR IGNORE INTO tags (name) VALUES ('spring');
INSERT INTO photo_tags (photo_idx, tag_id) VALUES ((SELECT photo_idx FROM photos WHERE photo_id = 1685), (SELECT tag_id FROM tags WHERE name = 'spring'));
INSERT OR IGNORE INTO tags (name) VALUES ('scenic');
INSERT INTO photo_tags (photo_idx, tag_id) VALUES ((SELECT photo_idx FROM photos WHERE photo_id = 1685), (SELECT tag_id FROM tags WHERE name = 'scenic'));
INSERT OR IGNORE INTO tags (name) VALUES ('landscape');
INSERT INTO photo_tags (photo_idx, tag_id) VALUES ((SELECT photo_idx FROM photos WHERE photo_id = 1685), (SELECT tag_id FROM tags WHERE name = 'landscape'));
INSERT OR IGNORE INTO tags (name) VALUES ('color');
INSERT INTO photo_tags (photo_idx, tag_id) VALUES ((SELECT photo_idx FROM photos WHERE photo_id = 1685), (SELECT tag_id FROM tags WHERE name = 'color'));
INSERT OR IGNORE INTO tags (name) VALUES ('outdoors');
INSERT INTO photo_tags (photo_idx, tag_id) VALUES ((SELECT photo_idx FROM photos WHERE photo_id = 1685), (SELECT tag_id FROM tags WHERE name = 'outdoors'));
INSERT OR IGNORE INTO tags (name) VALUES ('gray');
INSERT INTO photo_tags (photo_idx, tag_id) VALUES ((SELECT photo_idx FROM photos WHERE photo_id = 1685), (SELECT tag_id FROM tags WHERE name = 'gray'));
INSERT OR IGNORE INTO tags (name) VALUES ('fog');
INSERT INTO photo_tags (photo_idx, tag_id) VALUES ((SELECT photo_idx FROM photos WHERE photo_id = 1685), (SELECT tag_id FROM tags WHERE name = 'fog'));
INSERT OR IGNORE INTO tags (name) VALUES ('trees');
INSERT INTO photo_tags (photo_idx, tag_id) VALUES ((SELECT photo_idx FROM photos WHERE photo_id = 1685), (SELECT tag_id FROM tags WHERE name = 'trees'));
INSERT OR IGNORE INTO tags (name) VALUES ('foliage');
INSERT INTO photo_tags (photo_idx, tag_id) VALUES ((SELECT photo_idx FROM photos WHERE photo_id = 1685), (SELECT tag_id FROM tags WHERE name = 'foliage'));
INSERT OR IGNORE INTO tags (name) VALUES ('forest');
INSERT INTO photo_tags (photo_idx, tag_id) VALUES ((SELECT photo_idx FROM photos WHERE photo_id = 1685), (SELECT tag_id FROM tags WHERE name = 'forest'));
INSERT OR IGNORE INTO tags (name) VALUES ('mist');
INSERT INTO photo_tags (photo_idx, tag_id) VALUES ((SELECT photo_idx FROM photos WHERE photo_id = 1685), (SELECT tag_id FROM tags WHERE name = 'mist'));

INSERT INTO photos (photo_id, photo_title, photo_collection, photo_location, photo_year, camera, film_stock, film_format) VALUES (1686, 'Green Forest', 'Smoky Mountains', 'Smoky Mountains, Tennessee', 2000, 'Hasselblad', 'Fujichrome Velvia', '6 x 6 cm');
INSERT INTO photos_fts (photo_idx, photo_id, photo_title, photo_collection, photo_location, photo_year, camera, film_stock, film_format, tag_names) VALUES ((SELECT photo_idx FROM photos WHERE photo_id = 1686), 1686, 'Green Forest', 'Smoky Mountains', 'Smoky Mountains, Tennessee', 2000, 'Hasselblad', 'Fujichrome Velvia', '6 x 6 cm', 'horizontal,spring,scenic,landscape,color,outdoors,green,trees,foliage,forest');
INSERT OR IGNORE INTO tags (name) VALUES ('horizontal');
INSERT INTO photo_tags (photo_idx, tag_id) VALUES ((SELECT photo_idx FROM photos WHERE photo_id = 1686), (SELECT tag_id FROM tags WHERE name = 'horizontal'));
INSERT OR IGNORE INTO tags (name) VALUES ('spring');
INSERT INTO photo_tags (photo_idx, tag_id) VALUES ((SELECT photo_idx FROM photos WHERE photo_id = 1686), (SELECT tag_id FROM tags WHERE name = 'spring'));
INSERT OR IGNORE INTO tags (name) VALUES ('scenic');
INSERT INTO photo_tags (photo_idx, tag_id) VALUES ((SELECT photo_idx FROM photos WHERE photo_id = 1686), (SELECT tag_id FROM tags WHERE name = 'scenic'));
INSERT OR IGNORE INTO tags (name) VALUES ('landscape');
INSERT INTO photo_tags (photo_idx, tag_id) VALUES ((SELECT photo_idx FROM photos WHERE photo_id = 1686), (SELECT tag_id FROM tags WHERE name = 'landscape'));
INSERT OR IGNORE INTO tags (name) VALUES ('color');
INSERT INTO photo_tags (photo_idx, tag_id) VALUES ((SELECT photo_idx FROM photos WHERE photo_id = 1686), (SELECT tag_id FROM tags WHERE name = 'color'));
INSERT OR IGNORE INTO tags (name) VALUES ('outdoors');
INSERT INTO photo_tags (photo_idx, tag_id) VALUES ((SELECT photo_idx FROM photos WHERE photo_id = 1686), (SELECT tag_id FROM tags WHERE name = 'outdoors'));
INSERT OR IGNORE INTO tags (name) VALUES ('green');
INSERT INTO photo_tags (photo_idx, tag_id) VALUES ((SELECT photo_idx FROM photos WHERE photo_id = 1686), (SELECT tag_id FROM tags WHERE name = 'green'));
INSERT OR IGNORE INTO tags (name) VALUES ('trees');
INSERT INTO photo_tags (photo_idx, tag_id) VALUES ((SELECT photo_idx FROM photos WHERE photo_id = 1686), (SELECT tag_id FROM tags WHERE name = 'trees'));
INSERT OR IGNORE INTO tags (name) VALUES ('foliage');
INSERT INTO photo_tags (photo_idx, tag_id) VALUES ((SELECT photo_idx FROM photos WHERE photo_id = 1686), (SELECT tag_id FROM tags WHERE name = 'foliage'));
INSERT OR IGNORE INTO tags (name) VALUES ('forest');
INSERT INTO photo_tags (photo_idx, tag_id) VALUES ((SELECT photo_idx FROM photos WHERE photo_id = 1686), (SELECT tag_id FROM tags WHERE name = 'forest'));

INSERT INTO photos (photo_id, photo_title, photo_collection, photo_location, photo_year, camera, film_stock, film_format) VALUES (1687, 'Roaring Fork River', 'Smoky Mountains', 'Smoky Mountains, Tennessee', 2000, 'Hasselblad', 'Fujichrome Velvia', '6 x 6 cm');
INSERT INTO photos_fts (photo_idx, photo_id, photo_title, photo_collection, photo_location, photo_year, camera, film_stock, film_format, tag_names) VALUES ((SELECT photo_idx FROM photos WHERE photo_id = 1687), 1687, 'Roaring Fork River', 'Smoky Mountains', 'Smoky Mountains, Tennessee', 2000, 'Hasselblad', 'Fujichrome Velvia', '6 x 6 cm', 'horizontal,spring,popular,scenic,landscape,color,outdoors,green,white,moss,water,foliage,waterfall,forest,river,stream');
INSERT OR IGNORE INTO tags (name) VALUES ('horizontal');
INSERT INTO photo_tags (photo_idx, tag_id) VALUES ((SELECT photo_idx FROM photos WHERE photo_id = 1687), (SELECT tag_id FROM tags WHERE name = 'horizontal'));
INSERT OR IGNORE INTO tags (name) VALUES ('spring');
INSERT INTO photo_tags (photo_idx, tag_id) VALUES ((SELECT photo_idx FROM photos WHERE photo_id = 1687), (SELECT tag_id FROM tags WHERE name = 'spring'));
INSERT OR IGNORE INTO tags (name) VALUES ('popular');
INSERT INTO photo_tags (photo_idx, tag_id) VALUES ((SELECT photo_idx FROM photos WHERE photo_id = 1687), (SELECT tag_id FROM tags WHERE name = 'popular'));
INSERT OR IGNORE INTO tags (name) VALUES ('scenic');
INSERT INTO photo_tags (photo_idx, tag_id) VALUES ((SELECT photo_idx FROM photos WHERE photo_id = 1687), (SELECT tag_id FROM tags WHERE name = 'scenic'));
INSERT OR IGNORE INTO tags (name) VALUES ('landscape');
INSERT INTO photo_tags (photo_idx, tag_id) VALUES ((SELECT photo_idx FROM photos WHERE photo_id = 1687), (SELECT tag_id FROM tags WHERE name = 'landscape'));
INSERT OR IGNORE INTO tags (name) VALUES ('color');
INSERT INTO photo_tags (photo_idx, tag_id) VALUES ((SELECT photo_idx FROM photos WHERE photo_id = 1687), (SELECT tag_id FROM tags WHERE name = 'color'));
INSERT OR IGNORE INTO tags (name) VALUES ('outdoors');
INSERT INTO photo_tags (photo_idx, tag_id) VALUES ((SELECT photo_idx FROM photos WHERE photo_id = 1687), (SELECT tag_id FROM tags WHERE name = 'outdoors'));
INSERT OR IGNORE INTO tags (name) VALUES ('green');
INSERT INTO photo_tags (photo_idx, tag_id) VALUES ((SELECT photo_idx FROM photos WHERE photo_id = 1687), (SELECT tag_id FROM tags WHERE name = 'green'));
INSERT OR IGNORE INTO tags (name) VALUES ('white');
INSERT INTO photo_tags (photo_idx, tag_id) VALUES ((SELECT photo_idx FROM photos WHERE photo_id = 1687), (SELECT tag_id FROM tags WHERE name = 'white'));
INSERT OR IGNORE INTO tags (name) VALUES ('moss');
INSERT INTO photo_tags (photo_idx, tag_id) VALUES ((SELECT photo_idx FROM photos WHERE photo_id = 1687), (SELECT tag_id FROM tags WHERE name = 'moss'));
INSERT OR IGNORE INTO tags (name) VALUES ('water');
INSERT INTO photo_tags (photo_idx, tag_id) VALUES ((SELECT photo_idx FROM photos WHERE photo_id = 1687), (SELECT tag_id FROM tags WHERE name = 'water'));
INSERT OR IGNORE INTO tags (name) VALUES ('foliage');
INSERT INTO photo_tags (photo_idx, tag_id) VALUES ((SELECT photo_idx FROM photos WHERE photo_id = 1687), (SELECT tag_id FROM tags WHERE name = 'foliage'));
INSERT OR IGNORE INTO tags (name) VALUES ('waterfall');
INSERT INTO photo_tags (photo_idx, tag_id) VALUES ((SELECT photo_idx FROM photos WHERE photo_id = 1687), (SELECT tag_id FROM tags WHERE name = 'waterfall'));
INSERT OR IGNORE INTO tags (name) VALUES ('forest');
INSERT INTO photo_tags (photo_idx, tag_id) VALUES ((SELECT photo_idx FROM photos WHERE photo_id = 1687), (SELECT tag_id FROM tags WHERE name = 'forest'));
INSERT OR IGNORE INTO tags (name) VALUES ('river');
INSERT INTO photo_tags (photo_idx, tag_id) VALUES ((SELECT photo_idx FROM photos WHERE photo_id = 1687), (SELECT tag_id FROM tags WHERE name = 'river'));
INSERT OR IGNORE INTO tags (name) VALUES ('stream');
INSERT INTO photo_tags (photo_idx, tag_id) VALUES ((SELECT photo_idx FROM photos WHERE photo_id = 1687), (SELECT tag_id FROM tags WHERE name = 'stream'));

INSERT INTO photos (photo_id, photo_title, photo_collection, photo_location, photo_year, camera, film_stock, film_format) VALUES (1688, 'Roaring Fork River', 'Smoky Mountains', 'Smoky Mountains, Tennessee', 2000, 'Hasselblad', 'Fujichrome Velvia', '6 x 6 cm');
INSERT INTO photos_fts (photo_idx, photo_id, photo_title, photo_collection, photo_location, photo_year, camera, film_stock, film_format, tag_names) VALUES ((SELECT photo_idx FROM photos WHERE photo_id = 1688), 1688, 'Roaring Fork River', 'Smoky Mountains', 'Smoky Mountains, Tennessee', 2000, 'Hasselblad', 'Fujichrome Velvia', '6 x 6 cm', 'horizontal,spring,scenic,landscape,color,outdoors,green,white,water,foliage,waterfall,river,stream');
INSERT OR IGNORE INTO tags (name) VALUES ('horizontal');
INSERT INTO photo_tags (photo_idx, tag_id) VALUES ((SELECT photo_idx FROM photos WHERE photo_id = 1688), (SELECT tag_id FROM tags WHERE name = 'horizontal'));
INSERT OR IGNORE INTO tags (name) VALUES ('spring');
INSERT INTO photo_tags (photo_idx, tag_id) VALUES ((SELECT photo_idx FROM photos WHERE photo_id = 1688), (SELECT tag_id FROM tags WHERE name = 'spring'));
INSERT OR IGNORE INTO tags (name) VALUES ('scenic');
INSERT INTO photo_tags (photo_idx, tag_id) VALUES ((SELECT photo_idx FROM photos WHERE photo_id = 1688), (SELECT tag_id FROM tags WHERE name = 'scenic'));
INSERT OR IGNORE INTO tags (name) VALUES ('landscape');
INSERT INTO photo_tags (photo_idx, tag_id) VALUES ((SELECT photo_idx FROM photos WHERE photo_id = 1688), (SELECT tag_id FROM tags WHERE name = 'landscape'));
INSERT OR IGNORE INTO tags (name) VALUES ('color');
INSERT INTO photo_tags (photo_idx, tag_id) VALUES ((SELECT photo_idx FROM photos WHERE photo_id = 1688), (SELECT tag_id FROM tags WHERE name = 'color'));
INSERT OR IGNORE INTO tags (name) VALUES ('outdoors');
INSERT INTO photo_tags (photo_idx, tag_id) VALUES ((SELECT photo_idx FROM photos WHERE photo_id = 1688), (SELECT tag_id FROM tags WHERE name = 'outdoors'));
INSERT OR IGNORE INTO tags (name) VALUES ('green');
INSERT INTO photo_tags (photo_idx, tag_id) VALUES ((SELECT photo_idx FROM photos WHERE photo_id = 1688), (SELECT tag_id FROM tags WHERE name = 'green'));
INSERT OR IGNORE INTO tags (name) VALUES ('white');
INSERT INTO photo_tags (photo_idx, tag_id) VALUES ((SELECT photo_idx FROM photos WHERE photo_id = 1688), (SELECT tag_id FROM tags WHERE name = 'white'));
INSERT OR IGNORE INTO tags (name) VALUES ('water');
INSERT INTO photo_tags (photo_idx, tag_id) VALUES ((SELECT photo_idx FROM photos WHERE photo_id = 1688), (SELECT tag_id FROM tags WHERE name = 'water'));
INSERT OR IGNORE INTO tags (name) VALUES ('foliage');
INSERT INTO photo_tags (photo_idx, tag_id) VALUES ((SELECT photo_idx FROM photos WHERE photo_id = 1688), (SELECT tag_id FROM tags WHERE name = 'foliage'));
INSERT OR IGNORE INTO tags (name) VALUES ('waterfall');
INSERT INTO photo_tags (photo_idx, tag_id) VALUES ((SELECT photo_idx FROM photos WHERE photo_id = 1688), (SELECT tag_id FROM tags WHERE name = 'waterfall'));
INSERT OR IGNORE INTO tags (name) VALUES ('river');
INSERT INTO photo_tags (photo_idx, tag_id) VALUES ((SELECT photo_idx FROM photos WHERE photo_id = 1688), (SELECT tag_id FROM tags WHERE name = 'river'));
INSERT OR IGNORE INTO tags (name) VALUES ('stream');
INSERT INTO photo_tags (photo_idx, tag_id) VALUES ((SELECT photo_idx FROM photos WHERE photo_id = 1688), (SELECT tag_id FROM tags WHERE name = 'stream'));

INSERT INTO photos (photo_id, photo_title, photo_collection, photo_location, photo_year, camera, film_stock, film_format) VALUES (1689, 'New Growth', 'Smoky Mountains', 'Smoky Mountains, Tennessee', 2000, 'Hasselblad', 'Fujichrome Velvia', '6 x 6 cm');
INSERT INTO photos_fts (photo_idx, photo_id, photo_title, photo_collection, photo_location, photo_year, camera, film_stock, film_format, tag_names) VALUES ((SELECT photo_idx FROM photos WHERE photo_id = 1689), 1689, 'New Growth', 'Smoky Mountains', 'Smoky Mountains, Tennessee', 2000, 'Hasselblad', 'Fujichrome Velvia', '6 x 6 cm', 'vertical,spring,scenic,landscape,color,outdoors,black,green,leaf,foliage');
INSERT OR IGNORE INTO tags (name) VALUES ('vertical');
INSERT INTO photo_tags (photo_idx, tag_id) VALUES ((SELECT photo_idx FROM photos WHERE photo_id = 1689), (SELECT tag_id FROM tags WHERE name = 'vertical'));
INSERT OR IGNORE INTO tags (name) VALUES ('spring');
INSERT INTO photo_tags (photo_idx, tag_id) VALUES ((SELECT photo_idx FROM photos WHERE photo_id = 1689), (SELECT tag_id FROM tags WHERE name = 'spring'));
INSERT OR IGNORE INTO tags (name) VALUES ('scenic');
INSERT INTO photo_tags (photo_idx, tag_id) VALUES ((SELECT photo_idx FROM photos WHERE photo_id = 1689), (SELECT tag_id FROM tags WHERE name = 'scenic'));
INSERT OR IGNORE INTO tags (name) VALUES ('landscape');
INSERT INTO photo_tags (photo_idx, tag_id) VALUES ((SELECT photo_idx FROM photos WHERE photo_id = 1689), (SELECT tag_id FROM tags WHERE name = 'landscape'));
INSERT OR IGNORE INTO tags (name) VALUES ('color');
INSERT INTO photo_tags (photo_idx, tag_id) VALUES ((SELECT photo_idx FROM photos WHERE photo_id = 1689), (SELECT tag_id FROM tags WHERE name = 'color'));
INSERT OR IGNORE INTO tags (name) VALUES ('outdoors');
INSERT INTO photo_tags (photo_idx, tag_id) VALUES ((SELECT photo_idx FROM photos WHERE photo_id = 1689), (SELECT tag_id FROM tags WHERE name = 'outdoors'));
INSERT OR IGNORE INTO tags (name) VALUES ('black');
INSERT INTO photo_tags (photo_idx, tag_id) VALUES ((SELECT photo_idx FROM photos WHERE photo_id = 1689), (SELECT tag_id FROM tags WHERE name = 'black'));
INSERT OR IGNORE INTO tags (name) VALUES ('green');
INSERT INTO photo_tags (photo_idx, tag_id) VALUES ((SELECT photo_idx FROM photos WHERE photo_id = 1689), (SELECT tag_id FROM tags WHERE name = 'green'));
INSERT OR IGNORE INTO tags (name) VALUES ('leaf');
INSERT INTO photo_tags (photo_idx, tag_id) VALUES ((SELECT photo_idx FROM photos WHERE photo_id = 1689), (SELECT tag_id FROM tags WHERE name = 'leaf'));
INSERT OR IGNORE INTO tags (name) VALUES ('foliage');
INSERT INTO photo_tags (photo_idx, tag_id) VALUES ((SELECT photo_idx FROM photos WHERE photo_id = 1689), (SELECT tag_id FROM tags WHERE name = 'foliage'));

INSERT INTO photos (photo_id, photo_title, photo_collection, photo_location, photo_year, camera, film_stock, film_format) VALUES (1690, 'Roaring Fork River', 'Smoky Mountains', 'Smoky Mountains, Tennessee', 2000, 'Hasselblad', 'Fujichrome Velvia', '6 x 6 cm');
INSERT INTO photos_fts (photo_idx, photo_id, photo_title, photo_collection, photo_location, photo_year, camera, film_stock, film_format, tag_names) VALUES ((SELECT photo_idx FROM photos WHERE photo_id = 1690), 1690, 'Roaring Fork River', 'Smoky Mountains', 'Smoky Mountains, Tennessee', 2000, 'Hasselblad', 'Fujichrome Velvia', '6 x 6 cm', 'horizontal,spring,scenic,landscape,color,outdoors,green,white,water,foliage,waterfall,river,stream');
INSERT OR IGNORE INTO tags (name) VALUES ('horizontal');
INSERT INTO photo_tags (photo_idx, tag_id) VALUES ((SELECT photo_idx FROM photos WHERE photo_id = 1690), (SELECT tag_id FROM tags WHERE name = 'horizontal'));
INSERT OR IGNORE INTO tags (name) VALUES ('spring');
INSERT INTO photo_tags (photo_idx, tag_id) VALUES ((SELECT photo_idx FROM photos WHERE photo_id = 1690), (SELECT tag_id FROM tags WHERE name = 'spring'));
INSERT OR IGNORE INTO tags (name) VALUES ('scenic');
INSERT INTO photo_tags (photo_idx, tag_id) VALUES ((SELECT photo_idx FROM photos WHERE photo_id = 1690), (SELECT tag_id FROM tags WHERE name = 'scenic'));
INSERT OR IGNORE INTO tags (name) VALUES ('landscape');
INSERT INTO photo_tags (photo_idx, tag_id) VALUES ((SELECT photo_idx FROM photos WHERE photo_id = 1690), (SELECT tag_id FROM tags WHERE name = 'landscape'));
INSERT OR IGNORE INTO tags (name) VALUES ('color');
INSERT INTO photo_tags (photo_idx, tag_id) VALUES ((SELECT photo_idx FROM photos WHERE photo_id = 1690), (SELECT tag_id FROM tags WHERE name = 'color'));
INSERT OR IGNORE INTO tags (name) VALUES ('outdoors');
INSERT INTO photo_tags (photo_idx, tag_id) VALUES ((SELECT photo_idx FROM photos WHERE photo_id = 1690), (SELECT tag_id FROM tags WHERE name = 'outdoors'));
INSERT OR IGNORE INTO tags (name) VALUES ('green');
INSERT INTO photo_tags (photo_idx, tag_id) VALUES ((SELECT photo_idx FROM photos WHERE photo_id = 1690), (SELECT tag_id FROM tags WHERE name = 'green'));
INSERT OR IGNORE INTO tags (name) VALUES ('white');
INSERT INTO photo_tags (photo_idx, tag_id) VALUES ((SELECT photo_idx FROM photos WHERE photo_id = 1690), (SELECT tag_id FROM tags WHERE name = 'white'));
INSERT OR IGNORE INTO tags (name) VALUES ('water');
INSERT INTO photo_tags (photo_idx, tag_id) VALUES ((SELECT photo_idx FROM photos WHERE photo_id = 1690), (SELECT tag_id FROM tags WHERE name = 'water'));
INSERT OR IGNORE INTO tags (name) VALUES ('foliage');
INSERT INTO photo_tags (photo_idx, tag_id) VALUES ((SELECT photo_idx FROM photos WHERE photo_id = 1690), (SELECT tag_id FROM tags WHERE name = 'foliage'));
INSERT OR IGNORE INTO tags (name) VALUES ('waterfall');
INSERT INTO photo_tags (photo_idx, tag_id) VALUES ((SELECT photo_idx FROM photos WHERE photo_id = 1690), (SELECT tag_id FROM tags WHERE name = 'waterfall'));
INSERT OR IGNORE INTO tags (name) VALUES ('river');
INSERT INTO photo_tags (photo_idx, tag_id) VALUES ((SELECT photo_idx FROM photos WHERE photo_id = 1690), (SELECT tag_id FROM tags WHERE name = 'river'));
INSERT OR IGNORE INTO tags (name) VALUES ('stream');
INSERT INTO photo_tags (photo_idx, tag_id) VALUES ((SELECT photo_idx FROM photos WHERE photo_id = 1690), (SELECT tag_id FROM tags WHERE name = 'stream'));

INSERT INTO photos (photo_id, photo_title, photo_collection, photo_location, photo_year, camera, film_stock, film_format) VALUES (1691, 'Roaring Fork River', 'Smoky Mountains', 'Smoky Mountains, Tennessee', 2000, 'Hasselblad', 'Fujichrome Velvia', '6 x 6 cm');
INSERT INTO photos_fts (photo_idx, photo_id, photo_title, photo_collection, photo_location, photo_year, camera, film_stock, film_format, tag_names) VALUES ((SELECT photo_idx FROM photos WHERE photo_id = 1691), 1691, 'Roaring Fork River', 'Smoky Mountains', 'Smoky Mountains, Tennessee', 2000, 'Hasselblad', 'Fujichrome Velvia', '6 x 6 cm', 'vertical,spring,scenic,landscape,color,outdoors,green,white,water,foliage,waterfall,river,stream');
INSERT OR IGNORE INTO tags (name) VALUES ('vertical');
INSERT INTO photo_tags (photo_idx, tag_id) VALUES ((SELECT photo_idx FROM photos WHERE photo_id = 1691), (SELECT tag_id FROM tags WHERE name = 'vertical'));
INSERT OR IGNORE INTO tags (name) VALUES ('spring');
INSERT INTO photo_tags (photo_idx, tag_id) VALUES ((SELECT photo_idx FROM photos WHERE photo_id = 1691), (SELECT tag_id FROM tags WHERE name = 'spring'));
INSERT OR IGNORE INTO tags (name) VALUES ('scenic');
INSERT INTO photo_tags (photo_idx, tag_id) VALUES ((SELECT photo_idx FROM photos WHERE photo_id = 1691), (SELECT tag_id FROM tags WHERE name = 'scenic'));
INSERT OR IGNORE INTO tags (name) VALUES ('landscape');
INSERT INTO photo_tags (photo_idx, tag_id) VALUES ((SELECT photo_idx FROM photos WHERE photo_id = 1691), (SELECT tag_id FROM tags WHERE name = 'landscape'));
INSERT OR IGNORE INTO tags (name) VALUES ('color');
INSERT INTO photo_tags (photo_idx, tag_id) VALUES ((SELECT photo_idx FROM photos WHERE photo_id = 1691), (SELECT tag_id FROM tags WHERE name = 'color'));
INSERT OR IGNORE INTO tags (name) VALUES ('outdoors');
INSERT INTO photo_tags (photo_idx, tag_id) VALUES ((SELECT photo_idx FROM photos WHERE photo_id = 1691), (SELECT tag_id FROM tags WHERE name = 'outdoors'));
INSERT OR IGNORE INTO tags (name) VALUES ('green');
INSERT INTO photo_tags (photo_idx, tag_id) VALUES ((SELECT photo_idx FROM photos WHERE photo_id = 1691), (SELECT tag_id FROM tags WHERE name = 'green'));
INSERT OR IGNORE INTO tags (name) VALUES ('white');
INSERT INTO photo_tags (photo_idx, tag_id) VALUES ((SELECT photo_idx FROM photos WHERE photo_id = 1691), (SELECT tag_id FROM tags WHERE name = 'white'));
INSERT OR IGNORE INTO tags (name) VALUES ('water');
INSERT INTO photo_tags (photo_idx, tag_id) VALUES ((SELECT photo_idx FROM photos WHERE photo_id = 1691), (SELECT tag_id FROM tags WHERE name = 'water'));
INSERT OR IGNORE INTO tags (name) VALUES ('foliage');
INSERT INTO photo_tags (photo_idx, tag_id) VALUES ((SELECT photo_idx FROM photos WHERE photo_id = 1691), (SELECT tag_id FROM tags WHERE name = 'foliage'));
INSERT OR IGNORE INTO tags (name) VALUES ('waterfall');
INSERT INTO photo_tags (photo_idx, tag_id) VALUES ((SELECT photo_idx FROM photos WHERE photo_id = 1691), (SELECT tag_id FROM tags WHERE name = 'waterfall'));
INSERT OR IGNORE INTO tags (name) VALUES ('river');
INSERT INTO photo_tags (photo_idx, tag_id) VALUES ((SELECT photo_idx FROM photos WHERE photo_id = 1691), (SELECT tag_id FROM tags WHERE name = 'river'));
INSERT OR IGNORE INTO tags (name) VALUES ('stream');
INSERT INTO photo_tags (photo_idx, tag_id) VALUES ((SELECT photo_idx FROM photos WHERE photo_id = 1691), (SELECT tag_id FROM tags WHERE name = 'stream'));

INSERT INTO photos (photo_id, photo_title, photo_collection, photo_location, photo_year, camera, film_stock, film_format) VALUES (1692, 'Roaring Fork River', 'Smoky Mountains', 'Smoky Mountains, Tennessee', 2000, 'Hasselblad', 'Fujichrome Velvia', '6 x 6 cm');
INSERT INTO photos_fts (photo_idx, photo_id, photo_title, photo_collection, photo_location, photo_year, camera, film_stock, film_format, tag_names) VALUES ((SELECT photo_idx FROM photos WHERE photo_id = 1692), 1692, 'Roaring Fork River', 'Smoky Mountains', 'Smoky Mountains, Tennessee', 2000, 'Hasselblad', 'Fujichrome Velvia', '6 x 6 cm', 'horizontal,spring,scenic,landscape,color,outdoors,green,white,water,foliage,waterfall,river,stream');
INSERT OR IGNORE INTO tags (name) VALUES ('horizontal');
INSERT INTO photo_tags (photo_idx, tag_id) VALUES ((SELECT photo_idx FROM photos WHERE photo_id = 1692), (SELECT tag_id FROM tags WHERE name = 'horizontal'));
INSERT OR IGNORE INTO tags (name) VALUES ('spring');
INSERT INTO photo_tags (photo_idx, tag_id) VALUES ((SELECT photo_idx FROM photos WHERE photo_id = 1692), (SELECT tag_id FROM tags WHERE name = 'spring'));
INSERT OR IGNORE INTO tags (name) VALUES ('scenic');
INSERT INTO photo_tags (photo_idx, tag_id) VALUES ((SELECT photo_idx FROM photos WHERE photo_id = 1692), (SELECT tag_id FROM tags WHERE name = 'scenic'));
INSERT OR IGNORE INTO tags (name) VALUES ('landscape');
INSERT INTO photo_tags (photo_idx, tag_id) VALUES ((SELECT photo_idx FROM photos WHERE photo_id = 1692), (SELECT tag_id FROM tags WHERE name = 'landscape'));
INSERT OR IGNORE INTO tags (name) VALUES ('color');
INSERT INTO photo_tags (photo_idx, tag_id) VALUES ((SELECT photo_idx FROM photos WHERE photo_id = 1692), (SELECT tag_id FROM tags WHERE name = 'color'));
INSERT OR IGNORE INTO tags (name) VALUES ('outdoors');
INSERT INTO photo_tags (photo_idx, tag_id) VALUES ((SELECT photo_idx FROM photos WHERE photo_id = 1692), (SELECT tag_id FROM tags WHERE name = 'outdoors'));
INSERT OR IGNORE INTO tags (name) VALUES ('green');
INSERT INTO photo_tags (photo_idx, tag_id) VALUES ((SELECT photo_idx FROM photos WHERE photo_id = 1692), (SELECT tag_id FROM tags WHERE name = 'green'));
INSERT OR IGNORE INTO tags (name) VALUES ('white');
INSERT INTO photo_tags (photo_idx, tag_id) VALUES ((SELECT photo_idx FROM photos WHERE photo_id = 1692), (SELECT tag_id FROM tags WHERE name = 'white'));
INSERT OR IGNORE INTO tags (name) VALUES ('water');
INSERT INTO photo_tags (photo_idx, tag_id) VALUES ((SELECT photo_idx FROM photos WHERE photo_id = 1692), (SELECT tag_id FROM tags WHERE name = 'water'));
INSERT OR IGNORE INTO tags (name) VALUES ('foliage');
INSERT INTO photo_tags (photo_idx, tag_id) VALUES ((SELECT photo_idx FROM photos WHERE photo_id = 1692), (SELECT tag_id FROM tags WHERE name = 'foliage'));
INSERT OR IGNORE INTO tags (name) VALUES ('waterfall');
INSERT INTO photo_tags (photo_idx, tag_id) VALUES ((SELECT photo_idx FROM photos WHERE photo_id = 1692), (SELECT tag_id FROM tags WHERE name = 'waterfall'));
INSERT OR IGNORE INTO tags (name) VALUES ('river');
INSERT INTO photo_tags (photo_idx, tag_id) VALUES ((SELECT photo_idx FROM photos WHERE photo_id = 1692), (SELECT tag_id FROM tags WHERE name = 'river'));
INSERT OR IGNORE INTO tags (name) VALUES ('stream');
INSERT INTO photo_tags (photo_idx, tag_id) VALUES ((SELECT photo_idx FROM photos WHERE photo_id = 1692), (SELECT tag_id FROM tags WHERE name = 'stream'));

INSERT INTO photos (photo_id, photo_title, photo_collection, photo_location, photo_year, camera, film_stock, film_format) VALUES (1693, 'Sunset Mountain Layers', 'Smoky Mountains', 'Smoky Mountains, Tennessee', 2000, 'Hasselblad', 'Fujichrome Velvia', '6 x 6 cm');
INSERT INTO photos_fts (photo_idx, photo_id, photo_title, photo_collection, photo_location, photo_year, camera, film_stock, film_format, tag_names) VALUES ((SELECT photo_idx FROM photos WHERE photo_id = 1693), 1693, 'Sunset Mountain Layers', 'Smoky Mountains', 'Smoky Mountains, Tennessee', 2000, 'Hasselblad', 'Fujichrome Velvia', '6 x 6 cm', 'horizontal,scenic,landscape,color,outdoors,black,orange,purple,fog,sky,sunset,foliage,clouds,mist');
INSERT OR IGNORE INTO tags (name) VALUES ('horizontal');
INSERT INTO photo_tags (photo_idx, tag_id) VALUES ((SELECT photo_idx FROM photos WHERE photo_id = 1693), (SELECT tag_id FROM tags WHERE name = 'horizontal'));
INSERT OR IGNORE INTO tags (name) VALUES ('scenic');
INSERT INTO photo_tags (photo_idx, tag_id) VALUES ((SELECT photo_idx FROM photos WHERE photo_id = 1693), (SELECT tag_id FROM tags WHERE name = 'scenic'));
INSERT OR IGNORE INTO tags (name) VALUES ('landscape');
INSERT INTO photo_tags (photo_idx, tag_id) VALUES ((SELECT photo_idx FROM photos WHERE photo_id = 1693), (SELECT tag_id FROM tags WHERE name = 'landscape'));
INSERT OR IGNORE INTO tags (name) VALUES ('color');
INSERT INTO photo_tags (photo_idx, tag_id) VALUES ((SELECT photo_idx FROM photos WHERE photo_id = 1693), (SELECT tag_id FROM tags WHERE name = 'color'));
INSERT OR IGNORE INTO tags (name) VALUES ('outdoors');
INSERT INTO photo_tags (photo_idx, tag_id) VALUES ((SELECT photo_idx FROM photos WHERE photo_id = 1693), (SELECT tag_id FROM tags WHERE name = 'outdoors'));
INSERT OR IGNORE INTO tags (name) VALUES ('black');
INSERT INTO photo_tags (photo_idx, tag_id) VALUES ((SELECT photo_idx FROM photos WHERE photo_id = 1693), (SELECT tag_id FROM tags WHERE name = 'black'));
INSERT OR IGNORE INTO tags (name) VALUES ('orange');
INSERT INTO photo_tags (photo_idx, tag_id) VALUES ((SELECT photo_idx FROM photos WHERE photo_id = 1693), (SELECT tag_id FROM tags WHERE name = 'orange'));
INSERT OR IGNORE INTO tags (name) VALUES ('purple');
INSERT INTO photo_tags (photo_idx, tag_id) VALUES ((SELECT photo_idx FROM photos WHERE photo_id = 1693), (SELECT tag_id FROM tags WHERE name = 'purple'));
INSERT OR IGNORE INTO tags (name) VALUES ('fog');
INSERT INTO photo_tags (photo_idx, tag_id) VALUES ((SELECT photo_idx FROM photos WHERE photo_id = 1693), (SELECT tag_id FROM tags WHERE name = 'fog'));
INSERT OR IGNORE INTO tags (name) VALUES ('sky');
INSERT INTO photo_tags (photo_idx, tag_id) VALUES ((SELECT photo_idx FROM photos WHERE photo_id = 1693), (SELECT tag_id FROM tags WHERE name = 'sky'));
INSERT OR IGNORE INTO tags (name) VALUES ('sunset');
INSERT INTO photo_tags (photo_idx, tag_id) VALUES ((SELECT photo_idx FROM photos WHERE photo_id = 1693), (SELECT tag_id FROM tags WHERE name = 'sunset'));
INSERT OR IGNORE INTO tags (name) VALUES ('foliage');
INSERT INTO photo_tags (photo_idx, tag_id) VALUES ((SELECT photo_idx FROM photos WHERE photo_id = 1693), (SELECT tag_id FROM tags WHERE name = 'foliage'));
INSERT OR IGNORE INTO tags (name) VALUES ('clouds');
INSERT INTO photo_tags (photo_idx, tag_id) VALUES ((SELECT photo_idx FROM photos WHERE photo_id = 1693), (SELECT tag_id FROM tags WHERE name = 'clouds'));
INSERT OR IGNORE INTO tags (name) VALUES ('mist');
INSERT INTO photo_tags (photo_idx, tag_id) VALUES ((SELECT photo_idx FROM photos WHERE photo_id = 1693), (SELECT tag_id FROM tags WHERE name = 'mist'));

INSERT INTO photos (photo_id, photo_title, photo_collection, photo_location, photo_year, camera, film_stock, film_format) VALUES (1694, 'Misty Morning', 'Smoky Mountains', 'Smoky Mountains, Tennessee', 2000, 'Hasselblad', 'Fujichrome Velvia', '6 x 6 cm');
INSERT INTO photos_fts (photo_idx, photo_id, photo_title, photo_collection, photo_location, photo_year, camera, film_stock, film_format, tag_names) VALUES ((SELECT photo_idx FROM photos WHERE photo_id = 1694), 1694, 'Misty Morning', 'Smoky Mountains', 'Smoky Mountains, Tennessee', 2000, 'Hasselblad', 'Fujichrome Velvia', '6 x 6 cm', 'horizontal,spring,scenic,landscape,color,outdoors,green,foliage,forest');
INSERT OR IGNORE INTO tags (name) VALUES ('horizontal');
INSERT INTO photo_tags (photo_idx, tag_id) VALUES ((SELECT photo_idx FROM photos WHERE photo_id = 1694), (SELECT tag_id FROM tags WHERE name = 'horizontal'));
INSERT OR IGNORE INTO tags (name) VALUES ('spring');
INSERT INTO photo_tags (photo_idx, tag_id) VALUES ((SELECT photo_idx FROM photos WHERE photo_id = 1694), (SELECT tag_id FROM tags WHERE name = 'spring'));
INSERT OR IGNORE INTO tags (name) VALUES ('scenic');
INSERT INTO photo_tags (photo_idx, tag_id) VALUES ((SELECT photo_idx FROM photos WHERE photo_id = 1694), (SELECT tag_id FROM tags WHERE name = 'scenic'));
INSERT OR IGNORE INTO tags (name) VALUES ('landscape');
INSERT INTO photo_tags (photo_idx, tag_id) VALUES ((SELECT photo_idx FROM photos WHERE photo_id = 1694), (SELECT tag_id FROM tags WHERE name = 'landscape'));
INSERT OR IGNORE INTO tags (name) VALUES ('color');
INSERT INTO photo_tags (photo_idx, tag_id) VALUES ((SELECT photo_idx FROM photos WHERE photo_id = 1694), (SELECT tag_id FROM tags WHERE name = 'color'));
INSERT OR IGNORE INTO tags (name) VALUES ('outdoors');
INSERT INTO photo_tags (photo_idx, tag_id) VALUES ((SELECT photo_idx FROM photos WHERE photo_id = 1694), (SELECT tag_id FROM tags WHERE name = 'outdoors'));
INSERT OR IGNORE INTO tags (name) VALUES ('green');
INSERT INTO photo_tags (photo_idx, tag_id) VALUES ((SELECT photo_idx FROM photos WHERE photo_id = 1694), (SELECT tag_id FROM tags WHERE name = 'green'));
INSERT OR IGNORE INTO tags (name) VALUES ('foliage');
INSERT INTO photo_tags (photo_idx, tag_id) VALUES ((SELECT photo_idx FROM photos WHERE photo_id = 1694), (SELECT tag_id FROM tags WHERE name = 'foliage'));
INSERT OR IGNORE INTO tags (name) VALUES ('forest');
INSERT INTO photo_tags (photo_idx, tag_id) VALUES ((SELECT photo_idx FROM photos WHERE photo_id = 1694), (SELECT tag_id FROM tags WHERE name = 'forest'));

INSERT INTO photos (photo_id, photo_title, photo_collection, photo_location, photo_year, camera, film_stock, film_format) VALUES (1695, 'Misty Morning', 'Smoky Mountains', 'Smoky Mountains, Tennessee', 2000, 'Hasselblad', 'Fujichrome Velvia', '6 x 6 cm');
INSERT INTO photos_fts (photo_idx, photo_id, photo_title, photo_collection, photo_location, photo_year, camera, film_stock, film_format, tag_names) VALUES ((SELECT photo_idx FROM photos WHERE photo_id = 1695), 1695, 'Misty Morning', 'Smoky Mountains', 'Smoky Mountains, Tennessee', 2000, 'Hasselblad', 'Fujichrome Velvia', '6 x 6 cm', 'horizontal,spring,scenic,landscape,color,outdoors,green,trees,foliage,forest');
INSERT OR IGNORE INTO tags (name) VALUES ('horizontal');
INSERT INTO photo_tags (photo_idx, tag_id) VALUES ((SELECT photo_idx FROM photos WHERE photo_id = 1695), (SELECT tag_id FROM tags WHERE name = 'horizontal'));
INSERT OR IGNORE INTO tags (name) VALUES ('spring');
INSERT INTO photo_tags (photo_idx, tag_id) VALUES ((SELECT photo_idx FROM photos WHERE photo_id = 1695), (SELECT tag_id FROM tags WHERE name = 'spring'));
INSERT OR IGNORE INTO tags (name) VALUES ('scenic');
INSERT INTO photo_tags (photo_idx, tag_id) VALUES ((SELECT photo_idx FROM photos WHERE photo_id = 1695), (SELECT tag_id FROM tags WHERE name = 'scenic'));
INSERT OR IGNORE INTO tags (name) VALUES ('landscape');
INSERT INTO photo_tags (photo_idx, tag_id) VALUES ((SELECT photo_idx FROM photos WHERE photo_id = 1695), (SELECT tag_id FROM tags WHERE name = 'landscape'));
INSERT OR IGNORE INTO tags (name) VALUES ('color');
INSERT INTO photo_tags (photo_idx, tag_id) VALUES ((SELECT photo_idx FROM photos WHERE photo_id = 1695), (SELECT tag_id FROM tags WHERE name = 'color'));
INSERT OR IGNORE INTO tags (name) VALUES ('outdoors');
INSERT INTO photo_tags (photo_idx, tag_id) VALUES ((SELECT photo_idx FROM photos WHERE photo_id = 1695), (SELECT tag_id FROM tags WHERE name = 'outdoors'));
INSERT OR IGNORE INTO tags (name) VALUES ('green');
INSERT INTO photo_tags (photo_idx, tag_id) VALUES ((SELECT photo_idx FROM photos WHERE photo_id = 1695), (SELECT tag_id FROM tags WHERE name = 'green'));
INSERT OR IGNORE INTO tags (name) VALUES ('trees');
INSERT INTO photo_tags (photo_idx, tag_id) VALUES ((SELECT photo_idx FROM photos WHERE photo_id = 1695), (SELECT tag_id FROM tags WHERE name = 'trees'));
INSERT OR IGNORE INTO tags (name) VALUES ('foliage');
INSERT INTO photo_tags (photo_idx, tag_id) VALUES ((SELECT photo_idx FROM photos WHERE photo_id = 1695), (SELECT tag_id FROM tags WHERE name = 'foliage'));
INSERT OR IGNORE INTO tags (name) VALUES ('forest');
INSERT INTO photo_tags (photo_idx, tag_id) VALUES ((SELECT photo_idx FROM photos WHERE photo_id = 1695), (SELECT tag_id FROM tags WHERE name = 'forest'));

INSERT INTO photos (photo_id, photo_title, photo_collection, photo_location, photo_year, camera, film_stock, film_format) VALUES (1696, 'Roaring Fork River', 'Smoky Mountains', 'Smoky Mountains, Tennessee', 2000, 'Hasselblad', 'Fujichrome Velvia', '6 x 6 cm');
INSERT INTO photos_fts (photo_idx, photo_id, photo_title, photo_collection, photo_location, photo_year, camera, film_stock, film_format, tag_names) VALUES ((SELECT photo_idx FROM photos WHERE photo_id = 1696), 1696, 'Roaring Fork River', 'Smoky Mountains', 'Smoky Mountains, Tennessee', 2000, 'Hasselblad', 'Fujichrome Velvia', '6 x 6 cm', 'horizontal,spring,scenic,landscape,color,outdoors,green,white,moss,water,foliage,waterfall,river,stream');
INSERT OR IGNORE INTO tags (name) VALUES ('horizontal');
INSERT INTO photo_tags (photo_idx, tag_id) VALUES ((SELECT photo_idx FROM photos WHERE photo_id = 1696), (SELECT tag_id FROM tags WHERE name = 'horizontal'));
INSERT OR IGNORE INTO tags (name) VALUES ('spring');
INSERT INTO photo_tags (photo_idx, tag_id) VALUES ((SELECT photo_idx FROM photos WHERE photo_id = 1696), (SELECT tag_id FROM tags WHERE name = 'spring'));
INSERT OR IGNORE INTO tags (name) VALUES ('scenic');
INSERT INTO photo_tags (photo_idx, tag_id) VALUES ((SELECT photo_idx FROM photos WHERE photo_id = 1696), (SELECT tag_id FROM tags WHERE name = 'scenic'));
INSERT OR IGNORE INTO tags (name) VALUES ('landscape');
INSERT INTO photo_tags (photo_idx, tag_id) VALUES ((SELECT photo_idx FROM photos WHERE photo_id = 1696), (SELECT tag_id FROM tags WHERE name = 'landscape'));
INSERT OR IGNORE INTO tags (name) VALUES ('color');
INSERT INTO photo_tags (photo_idx, tag_id) VALUES ((SELECT photo_idx FROM photos WHERE photo_id = 1696), (SELECT tag_id FROM tags WHERE name = 'color'));
INSERT OR IGNORE INTO tags (name) VALUES ('outdoors');
INSERT INTO photo_tags (photo_idx, tag_id) VALUES ((SELECT photo_idx FROM photos WHERE photo_id = 1696), (SELECT tag_id FROM tags WHERE name = 'outdoors'));
INSERT OR IGNORE INTO tags (name) VALUES ('green');
INSERT INTO photo_tags (photo_idx, tag_id) VALUES ((SELECT photo_idx FROM photos WHERE photo_id = 1696), (SELECT tag_id FROM tags WHERE name = 'green'));
INSERT OR IGNORE INTO tags (name) VALUES ('white');
INSERT INTO photo_tags (photo_idx, tag_id) VALUES ((SELECT photo_idx FROM photos WHERE photo_id = 1696), (SELECT tag_id FROM tags WHERE name = 'white'));
INSERT OR IGNORE INTO tags (name) VALUES ('moss');
INSERT INTO photo_tags (photo_idx, tag_id) VALUES ((SELECT photo_idx FROM photos WHERE photo_id = 1696), (SELECT tag_id FROM tags WHERE name = 'moss'));
INSERT OR IGNORE INTO tags (name) VALUES ('water');
INSERT INTO photo_tags (photo_idx, tag_id) VALUES ((SELECT photo_idx FROM photos WHERE photo_id = 1696), (SELECT tag_id FROM tags WHERE name = 'water'));
INSERT OR IGNORE INTO tags (name) VALUES ('foliage');
INSERT INTO photo_tags (photo_idx, tag_id) VALUES ((SELECT photo_idx FROM photos WHERE photo_id = 1696), (SELECT tag_id FROM tags WHERE name = 'foliage'));
INSERT OR IGNORE INTO tags (name) VALUES ('waterfall');
INSERT INTO photo_tags (photo_idx, tag_id) VALUES ((SELECT photo_idx FROM photos WHERE photo_id = 1696), (SELECT tag_id FROM tags WHERE name = 'waterfall'));
INSERT OR IGNORE INTO tags (name) VALUES ('river');
INSERT INTO photo_tags (photo_idx, tag_id) VALUES ((SELECT photo_idx FROM photos WHERE photo_id = 1696), (SELECT tag_id FROM tags WHERE name = 'river'));
INSERT OR IGNORE INTO tags (name) VALUES ('stream');
INSERT INTO photo_tags (photo_idx, tag_id) VALUES ((SELECT photo_idx FROM photos WHERE photo_id = 1696), (SELECT tag_id FROM tags WHERE name = 'stream'));

INSERT INTO photos (photo_id, photo_title, photo_collection, photo_location, photo_year, camera, film_stock, film_format) VALUES (1697, 'Roaring Fork River', 'Smoky Mountains', 'Smoky Mountains, Tennessee', 2000, 'Hasselblad', 'Fujichrome Velvia', '6 x 6 cm');
INSERT INTO photos_fts (photo_idx, photo_id, photo_title, photo_collection, photo_location, photo_year, camera, film_stock, film_format, tag_names) VALUES ((SELECT photo_idx FROM photos WHERE photo_id = 1697), 1697, 'Roaring Fork River', 'Smoky Mountains', 'Smoky Mountains, Tennessee', 2000, 'Hasselblad', 'Fujichrome Velvia', '6 x 6 cm', 'horizontal,spring,scenic,landscape,color,outdoors,green,white,moss,water,foliage,waterfall,river,stream');
INSERT OR IGNORE INTO tags (name) VALUES ('horizontal');
INSERT INTO photo_tags (photo_idx, tag_id) VALUES ((SELECT photo_idx FROM photos WHERE photo_id = 1697), (SELECT tag_id FROM tags WHERE name = 'horizontal'));
INSERT OR IGNORE INTO tags (name) VALUES ('spring');
INSERT INTO photo_tags (photo_idx, tag_id) VALUES ((SELECT photo_idx FROM photos WHERE photo_id = 1697), (SELECT tag_id FROM tags WHERE name = 'spring'));
INSERT OR IGNORE INTO tags (name) VALUES ('scenic');
INSERT INTO photo_tags (photo_idx, tag_id) VALUES ((SELECT photo_idx FROM photos WHERE photo_id = 1697), (SELECT tag_id FROM tags WHERE name = 'scenic'));
INSERT OR IGNORE INTO tags (name) VALUES ('landscape');
INSERT INTO photo_tags (photo_idx, tag_id) VALUES ((SELECT photo_idx FROM photos WHERE photo_id = 1697), (SELECT tag_id FROM tags WHERE name = 'landscape'));
INSERT OR IGNORE INTO tags (name) VALUES ('color');
INSERT INTO photo_tags (photo_idx, tag_id) VALUES ((SELECT photo_idx FROM photos WHERE photo_id = 1697), (SELECT tag_id FROM tags WHERE name = 'color'));
INSERT OR IGNORE INTO tags (name) VALUES ('outdoors');
INSERT INTO photo_tags (photo_idx, tag_id) VALUES ((SELECT photo_idx FROM photos WHERE photo_id = 1697), (SELECT tag_id FROM tags WHERE name = 'outdoors'));
INSERT OR IGNORE INTO tags (name) VALUES ('green');
INSERT INTO photo_tags (photo_idx, tag_id) VALUES ((SELECT photo_idx FROM photos WHERE photo_id = 1697), (SELECT tag_id FROM tags WHERE name = 'green'));
INSERT OR IGNORE INTO tags (name) VALUES ('white');
INSERT INTO photo_tags (photo_idx, tag_id) VALUES ((SELECT photo_idx FROM photos WHERE photo_id = 1697), (SELECT tag_id FROM tags WHERE name = 'white'));
INSERT OR IGNORE INTO tags (name) VALUES ('moss');
INSERT INTO photo_tags (photo_idx, tag_id) VALUES ((SELECT photo_idx FROM photos WHERE photo_id = 1697), (SELECT tag_id FROM tags WHERE name = 'moss'));
INSERT OR IGNORE INTO tags (name) VALUES ('water');
INSERT INTO photo_tags (photo_idx, tag_id) VALUES ((SELECT photo_idx FROM photos WHERE photo_id = 1697), (SELECT tag_id FROM tags WHERE name = 'water'));
INSERT OR IGNORE INTO tags (name) VALUES ('foliage');
INSERT INTO photo_tags (photo_idx, tag_id) VALUES ((SELECT photo_idx FROM photos WHERE photo_id = 1697), (SELECT tag_id FROM tags WHERE name = 'foliage'));
INSERT OR IGNORE INTO tags (name) VALUES ('waterfall');
INSERT INTO photo_tags (photo_idx, tag_id) VALUES ((SELECT photo_idx FROM photos WHERE photo_id = 1697), (SELECT tag_id FROM tags WHERE name = 'waterfall'));
INSERT OR IGNORE INTO tags (name) VALUES ('river');
INSERT INTO photo_tags (photo_idx, tag_id) VALUES ((SELECT photo_idx FROM photos WHERE photo_id = 1697), (SELECT tag_id FROM tags WHERE name = 'river'));
INSERT OR IGNORE INTO tags (name) VALUES ('stream');
INSERT INTO photo_tags (photo_idx, tag_id) VALUES ((SELECT photo_idx FROM photos WHERE photo_id = 1697), (SELECT tag_id FROM tags WHERE name = 'stream'));

INSERT INTO photos (photo_id, photo_title, photo_collection, photo_location, photo_year, camera, film_stock, film_format) VALUES (1699, 'Roaring Fork River', 'Smoky Mountains', 'Smoky Mountains, Tennessee', 2000, 'Hasselblad', 'Fujichrome Velvia', '6 x 6 cm');
INSERT INTO photos_fts (photo_idx, photo_id, photo_title, photo_collection, photo_location, photo_year, camera, film_stock, film_format, tag_names) VALUES ((SELECT photo_idx FROM photos WHERE photo_id = 1699), 1699, 'Roaring Fork River', 'Smoky Mountains', 'Smoky Mountains, Tennessee', 2000, 'Hasselblad', 'Fujichrome Velvia', '6 x 6 cm', 'vertical,spring,scenic,landscape,color,outdoors,green,white,water,foliage,river,stream');
INSERT OR IGNORE INTO tags (name) VALUES ('vertical');
INSERT INTO photo_tags (photo_idx, tag_id) VALUES ((SELECT photo_idx FROM photos WHERE photo_id = 1699), (SELECT tag_id FROM tags WHERE name = 'vertical'));
INSERT OR IGNORE INTO tags (name) VALUES ('spring');
INSERT INTO photo_tags (photo_idx, tag_id) VALUES ((SELECT photo_idx FROM photos WHERE photo_id = 1699), (SELECT tag_id FROM tags WHERE name = 'spring'));
INSERT OR IGNORE INTO tags (name) VALUES ('scenic');
INSERT INTO photo_tags (photo_idx, tag_id) VALUES ((SELECT photo_idx FROM photos WHERE photo_id = 1699), (SELECT tag_id FROM tags WHERE name = 'scenic'));
INSERT OR IGNORE INTO tags (name) VALUES ('landscape');
INSERT INTO photo_tags (photo_idx, tag_id) VALUES ((SELECT photo_idx FROM photos WHERE photo_id = 1699), (SELECT tag_id FROM tags WHERE name = 'landscape'));
INSERT OR IGNORE INTO tags (name) VALUES ('color');
INSERT INTO photo_tags (photo_idx, tag_id) VALUES ((SELECT photo_idx FROM photos WHERE photo_id = 1699), (SELECT tag_id FROM tags WHERE name = 'color'));
INSERT OR IGNORE INTO tags (name) VALUES ('outdoors');
INSERT INTO photo_tags (photo_idx, tag_id) VALUES ((SELECT photo_idx FROM photos WHERE photo_id = 1699), (SELECT tag_id FROM tags WHERE name = 'outdoors'));
INSERT OR IGNORE INTO tags (name) VALUES ('green');
INSERT INTO photo_tags (photo_idx, tag_id) VALUES ((SELECT photo_idx FROM photos WHERE photo_id = 1699), (SELECT tag_id FROM tags WHERE name = 'green'));
INSERT OR IGNORE INTO tags (name) VALUES ('white');
INSERT INTO photo_tags (photo_idx, tag_id) VALUES ((SELECT photo_idx FROM photos WHERE photo_id = 1699), (SELECT tag_id FROM tags WHERE name = 'white'));
INSERT OR IGNORE INTO tags (name) VALUES ('water');
INSERT INTO photo_tags (photo_idx, tag_id) VALUES ((SELECT photo_idx FROM photos WHERE photo_id = 1699), (SELECT tag_id FROM tags WHERE name = 'water'));
INSERT OR IGNORE INTO tags (name) VALUES ('foliage');
INSERT INTO photo_tags (photo_idx, tag_id) VALUES ((SELECT photo_idx FROM photos WHERE photo_id = 1699), (SELECT tag_id FROM tags WHERE name = 'foliage'));
INSERT OR IGNORE INTO tags (name) VALUES ('river');
INSERT INTO photo_tags (photo_idx, tag_id) VALUES ((SELECT photo_idx FROM photos WHERE photo_id = 1699), (SELECT tag_id FROM tags WHERE name = 'river'));
INSERT OR IGNORE INTO tags (name) VALUES ('stream');
INSERT INTO photo_tags (photo_idx, tag_id) VALUES ((SELECT photo_idx FROM photos WHERE photo_id = 1699), (SELECT tag_id FROM tags WHERE name = 'stream'));

INSERT INTO photos (photo_id, photo_title, photo_collection, photo_location, photo_year, camera, film_stock, film_format) VALUES (1700, 'Tree Design', 'Smoky Mountains', 'Smoky Mountains, Tennessee', 2000, 'Hasselblad', 'Fujichrome Velvia', '6 x 6 cm');
INSERT INTO photos_fts (photo_idx, photo_id, photo_title, photo_collection, photo_location, photo_year, camera, film_stock, film_format, tag_names) VALUES ((SELECT photo_idx FROM photos WHERE photo_id = 1700), 1700, 'Tree Design', 'Smoky Mountains', 'Smoky Mountains, Tennessee', 2000, 'Hasselblad', 'Fujichrome Velvia', '6 x 6 cm', 'vertical,spring,scenic,landscape,color,outdoors,purple,trees,foliage,forest');
INSERT OR IGNORE INTO tags (name) VALUES ('vertical');
INSERT INTO photo_tags (photo_idx, tag_id) VALUES ((SELECT photo_idx FROM photos WHERE photo_id = 1700), (SELECT tag_id FROM tags WHERE name = 'vertical'));
INSERT OR IGNORE INTO tags (name) VALUES ('spring');
INSERT INTO photo_tags (photo_idx, tag_id) VALUES ((SELECT photo_idx FROM photos WHERE photo_id = 1700), (SELECT tag_id FROM tags WHERE name = 'spring'));
INSERT OR IGNORE INTO tags (name) VALUES ('scenic');
INSERT INTO photo_tags (photo_idx, tag_id) VALUES ((SELECT photo_idx FROM photos WHERE photo_id = 1700), (SELECT tag_id FROM tags WHERE name = 'scenic'));
INSERT OR IGNORE INTO tags (name) VALUES ('landscape');
INSERT INTO photo_tags (photo_idx, tag_id) VALUES ((SELECT photo_idx FROM photos WHERE photo_id = 1700), (SELECT tag_id FROM tags WHERE name = 'landscape'));
INSERT OR IGNORE INTO tags (name) VALUES ('color');
INSERT INTO photo_tags (photo_idx, tag_id) VALUES ((SELECT photo_idx FROM photos WHERE photo_id = 1700), (SELECT tag_id FROM tags WHERE name = 'color'));
INSERT OR IGNORE INTO tags (name) VALUES ('outdoors');
INSERT INTO photo_tags (photo_idx, tag_id) VALUES ((SELECT photo_idx FROM photos WHERE photo_id = 1700), (SELECT tag_id FROM tags WHERE name = 'outdoors'));
INSERT OR IGNORE INTO tags (name) VALUES ('purple');
INSERT INTO photo_tags (photo_idx, tag_id) VALUES ((SELECT photo_idx FROM photos WHERE photo_id = 1700), (SELECT tag_id FROM tags WHERE name = 'purple'));
INSERT OR IGNORE INTO tags (name) VALUES ('trees');
INSERT INTO photo_tags (photo_idx, tag_id) VALUES ((SELECT photo_idx FROM photos WHERE photo_id = 1700), (SELECT tag_id FROM tags WHERE name = 'trees'));
INSERT OR IGNORE INTO tags (name) VALUES ('foliage');
INSERT INTO photo_tags (photo_idx, tag_id) VALUES ((SELECT photo_idx FROM photos WHERE photo_id = 1700), (SELECT tag_id FROM tags WHERE name = 'foliage'));
INSERT OR IGNORE INTO tags (name) VALUES ('forest');
INSERT INTO photo_tags (photo_idx, tag_id) VALUES ((SELECT photo_idx FROM photos WHERE photo_id = 1700), (SELECT tag_id FROM tags WHERE name = 'forest'));

INSERT INTO photos (photo_id, photo_title, photo_collection, photo_location, photo_year, camera, film_stock, film_format) VALUES (1701, 'Roaring Fork River', 'Smoky Mountains', 'Smoky Mountains, Tennessee', 2000, 'Hasselblad', 'Fujichrome Velvia', '6 x 6 cm');
INSERT INTO photos_fts (photo_idx, photo_id, photo_title, photo_collection, photo_location, photo_year, camera, film_stock, film_format, tag_names) VALUES ((SELECT photo_idx FROM photos WHERE photo_id = 1701), 1701, 'Roaring Fork River', 'Smoky Mountains', 'Smoky Mountains, Tennessee', 2000, 'Hasselblad', 'Fujichrome Velvia', '6 x 6 cm', 'vertical,spring,scenic,landscape,color,outdoors,green,moss,rock,water,foliage,river,stream');
INSERT OR IGNORE INTO tags (name) VALUES ('vertical');
INSERT INTO photo_tags (photo_idx, tag_id) VALUES ((SELECT photo_idx FROM photos WHERE photo_id = 1701), (SELECT tag_id FROM tags WHERE name = 'vertical'));
INSERT OR IGNORE INTO tags (name) VALUES ('spring');
INSERT INTO photo_tags (photo_idx, tag_id) VALUES ((SELECT photo_idx FROM photos WHERE photo_id = 1701), (SELECT tag_id FROM tags WHERE name = 'spring'));
INSERT OR IGNORE INTO tags (name) VALUES ('scenic');
INSERT INTO photo_tags (photo_idx, tag_id) VALUES ((SELECT photo_idx FROM photos WHERE photo_id = 1701), (SELECT tag_id FROM tags WHERE name = 'scenic'));
INSERT OR IGNORE INTO tags (name) VALUES ('landscape');
INSERT INTO photo_tags (photo_idx, tag_id) VALUES ((SELECT photo_idx FROM photos WHERE photo_id = 1701), (SELECT tag_id FROM tags WHERE name = 'landscape'));
INSERT OR IGNORE INTO tags (name) VALUES ('color');
INSERT INTO photo_tags (photo_idx, tag_id) VALUES ((SELECT photo_idx FROM photos WHERE photo_id = 1701), (SELECT tag_id FROM tags WHERE name = 'color'));
INSERT OR IGNORE INTO tags (name) VALUES ('outdoors');
INSERT INTO photo_tags (photo_idx, tag_id) VALUES ((SELECT photo_idx FROM photos WHERE photo_id = 1701), (SELECT tag_id FROM tags WHERE name = 'outdoors'));
INSERT OR IGNORE INTO tags (name) VALUES ('green');
INSERT INTO photo_tags (photo_idx, tag_id) VALUES ((SELECT photo_idx FROM photos WHERE photo_id = 1701), (SELECT tag_id FROM tags WHERE name = 'green'));
INSERT OR IGNORE INTO tags (name) VALUES ('moss');
INSERT INTO photo_tags (photo_idx, tag_id) VALUES ((SELECT photo_idx FROM photos WHERE photo_id = 1701), (SELECT tag_id FROM tags WHERE name = 'moss'));
INSERT OR IGNORE INTO tags (name) VALUES ('rock');
INSERT INTO photo_tags (photo_idx, tag_id) VALUES ((SELECT photo_idx FROM photos WHERE photo_id = 1701), (SELECT tag_id FROM tags WHERE name = 'rock'));
INSERT OR IGNORE INTO tags (name) VALUES ('water');
INSERT INTO photo_tags (photo_idx, tag_id) VALUES ((SELECT photo_idx FROM photos WHERE photo_id = 1701), (SELECT tag_id FROM tags WHERE name = 'water'));
INSERT OR IGNORE INTO tags (name) VALUES ('foliage');
INSERT INTO photo_tags (photo_idx, tag_id) VALUES ((SELECT photo_idx FROM photos WHERE photo_id = 1701), (SELECT tag_id FROM tags WHERE name = 'foliage'));
INSERT OR IGNORE INTO tags (name) VALUES ('river');
INSERT INTO photo_tags (photo_idx, tag_id) VALUES ((SELECT photo_idx FROM photos WHERE photo_id = 1701), (SELECT tag_id FROM tags WHERE name = 'river'));
INSERT OR IGNORE INTO tags (name) VALUES ('stream');
INSERT INTO photo_tags (photo_idx, tag_id) VALUES ((SELECT photo_idx FROM photos WHERE photo_id = 1701), (SELECT tag_id FROM tags WHERE name = 'stream'));

INSERT INTO photos (photo_id, photo_title, photo_collection, photo_location, photo_year, camera, film_stock, film_format) VALUES (1702, 'Roaring Fork River', 'Smoky Mountains', 'Smoky Mountains, Tennessee', 2000, 'Hasselblad', 'Fujichrome Velvia', '6 x 6 cm');
INSERT INTO photos_fts (photo_idx, photo_id, photo_title, photo_collection, photo_location, photo_year, camera, film_stock, film_format, tag_names) VALUES ((SELECT photo_idx FROM photos WHERE photo_id = 1702), 1702, 'Roaring Fork River', 'Smoky Mountains', 'Smoky Mountains, Tennessee', 2000, 'Hasselblad', 'Fujichrome Velvia', '6 x 6 cm', 'vertical,spring,scenic,landscape,color,outdoors,green,white,water,foliage,river,stream');
INSERT OR IGNORE INTO tags (name) VALUES ('vertical');
INSERT INTO photo_tags (photo_idx, tag_id) VALUES ((SELECT photo_idx FROM photos WHERE photo_id = 1702), (SELECT tag_id FROM tags WHERE name = 'vertical'));
INSERT OR IGNORE INTO tags (name) VALUES ('spring');
INSERT INTO photo_tags (photo_idx, tag_id) VALUES ((SELECT photo_idx FROM photos WHERE photo_id = 1702), (SELECT tag_id FROM tags WHERE name = 'spring'));
INSERT OR IGNORE INTO tags (name) VALUES ('scenic');
INSERT INTO photo_tags (photo_idx, tag_id) VALUES ((SELECT photo_idx FROM photos WHERE photo_id = 1702), (SELECT tag_id FROM tags WHERE name = 'scenic'));
INSERT OR IGNORE INTO tags (name) VALUES ('landscape');
INSERT INTO photo_tags (photo_idx, tag_id) VALUES ((SELECT photo_idx FROM photos WHERE photo_id = 1702), (SELECT tag_id FROM tags WHERE name = 'landscape'));
INSERT OR IGNORE INTO tags (name) VALUES ('color');
INSERT INTO photo_tags (photo_idx, tag_id) VALUES ((SELECT photo_idx FROM photos WHERE photo_id = 1702), (SELECT tag_id FROM tags WHERE name = 'color'));
INSERT OR IGNORE INTO tags (name) VALUES ('outdoors');
INSERT INTO photo_tags (photo_idx, tag_id) VALUES ((SELECT photo_idx FROM photos WHERE photo_id = 1702), (SELECT tag_id FROM tags WHERE name = 'outdoors'));
INSERT OR IGNORE INTO tags (name) VALUES ('green');
INSERT INTO photo_tags (photo_idx, tag_id) VALUES ((SELECT photo_idx FROM photos WHERE photo_id = 1702), (SELECT tag_id FROM tags WHERE name = 'green'));
INSERT OR IGNORE INTO tags (name) VALUES ('white');
INSERT INTO photo_tags (photo_idx, tag_id) VALUES ((SELECT photo_idx FROM photos WHERE photo_id = 1702), (SELECT tag_id FROM tags WHERE name = 'white'));
INSERT OR IGNORE INTO tags (name) VALUES ('water');
INSERT INTO photo_tags (photo_idx, tag_id) VALUES ((SELECT photo_idx FROM photos WHERE photo_id = 1702), (SELECT tag_id FROM tags WHERE name = 'water'));
INSERT OR IGNORE INTO tags (name) VALUES ('foliage');
INSERT INTO photo_tags (photo_idx, tag_id) VALUES ((SELECT photo_idx FROM photos WHERE photo_id = 1702), (SELECT tag_id FROM tags WHERE name = 'foliage'));
INSERT OR IGNORE INTO tags (name) VALUES ('river');
INSERT INTO photo_tags (photo_idx, tag_id) VALUES ((SELECT photo_idx FROM photos WHERE photo_id = 1702), (SELECT tag_id FROM tags WHERE name = 'river'));
INSERT OR IGNORE INTO tags (name) VALUES ('stream');
INSERT INTO photo_tags (photo_idx, tag_id) VALUES ((SELECT photo_idx FROM photos WHERE photo_id = 1702), (SELECT tag_id FROM tags WHERE name = 'stream'));

INSERT INTO photos (photo_id, photo_title, photo_collection, photo_location, photo_year, camera, film_stock, film_format) VALUES (1703, 'Green Forest', 'Smoky Mountains', 'Smoky Mountains, Tennessee', 2000, 'Hasselblad', 'Fujichrome Velvia', '6 x 6 cm');
INSERT INTO photos_fts (photo_idx, photo_id, photo_title, photo_collection, photo_location, photo_year, camera, film_stock, film_format, tag_names) VALUES ((SELECT photo_idx FROM photos WHERE photo_id = 1703), 1703, 'Green Forest', 'Smoky Mountains', 'Smoky Mountains, Tennessee', 2000, 'Hasselblad', 'Fujichrome Velvia', '6 x 6 cm', 'vertical,spring,scenic,landscape,color,outdoors,green,trees,foliage,forest');
INSERT OR IGNORE INTO tags (name) VALUES ('vertical');
INSERT INTO photo_tags (photo_idx, tag_id) VALUES ((SELECT photo_idx FROM photos WHERE photo_id = 1703), (SELECT tag_id FROM tags WHERE name = 'vertical'));
INSERT OR IGNORE INTO tags (name) VALUES ('spring');
INSERT INTO photo_tags (photo_idx, tag_id) VALUES ((SELECT photo_idx FROM photos WHERE photo_id = 1703), (SELECT tag_id FROM tags WHERE name = 'spring'));
INSERT OR IGNORE INTO tags (name) VALUES ('scenic');
INSERT INTO photo_tags (photo_idx, tag_id) VALUES ((SELECT photo_idx FROM photos WHERE photo_id = 1703), (SELECT tag_id FROM tags WHERE name = 'scenic'));
INSERT OR IGNORE INTO tags (name) VALUES ('landscape');
INSERT INTO photo_tags (photo_idx, tag_id) VALUES ((SELECT photo_idx FROM photos WHERE photo_id = 1703), (SELECT tag_id FROM tags WHERE name = 'landscape'));
INSERT OR IGNORE INTO tags (name) VALUES ('color');
INSERT INTO photo_tags (photo_idx, tag_id) VALUES ((SELECT photo_idx FROM photos WHERE photo_id = 1703), (SELECT tag_id FROM tags WHERE name = 'color'));
INSERT OR IGNORE INTO tags (name) VALUES ('outdoors');
INSERT INTO photo_tags (photo_idx, tag_id) VALUES ((SELECT photo_idx FROM photos WHERE photo_id = 1703), (SELECT tag_id FROM tags WHERE name = 'outdoors'));
INSERT OR IGNORE INTO tags (name) VALUES ('green');
INSERT INTO photo_tags (photo_idx, tag_id) VALUES ((SELECT photo_idx FROM photos WHERE photo_id = 1703), (SELECT tag_id FROM tags WHERE name = 'green'));
INSERT OR IGNORE INTO tags (name) VALUES ('trees');
INSERT INTO photo_tags (photo_idx, tag_id) VALUES ((SELECT photo_idx FROM photos WHERE photo_id = 1703), (SELECT tag_id FROM tags WHERE name = 'trees'));
INSERT OR IGNORE INTO tags (name) VALUES ('foliage');
INSERT INTO photo_tags (photo_idx, tag_id) VALUES ((SELECT photo_idx FROM photos WHERE photo_id = 1703), (SELECT tag_id FROM tags WHERE name = 'foliage'));
INSERT OR IGNORE INTO tags (name) VALUES ('forest');
INSERT INTO photo_tags (photo_idx, tag_id) VALUES ((SELECT photo_idx FROM photos WHERE photo_id = 1703), (SELECT tag_id FROM tags WHERE name = 'forest'));

INSERT INTO photos (photo_id, photo_title, photo_collection, photo_location, photo_year, camera, film_stock, film_format) VALUES (1704, 'Flat Rock Cascade', 'Smoky Mountains', 'Smoky Mountains, Tennessee', 2000, 'Hasselblad', 'Fujichrome Velvia', '6 x 6 cm');
INSERT INTO photos_fts (photo_idx, photo_id, photo_title, photo_collection, photo_location, photo_year, camera, film_stock, film_format, tag_names) VALUES ((SELECT photo_idx FROM photos WHERE photo_id = 1704), 1704, 'Flat Rock Cascade', 'Smoky Mountains', 'Smoky Mountains, Tennessee', 2000, 'Hasselblad', 'Fujichrome Velvia', '6 x 6 cm', 'vertical,spring,scenic,landscape,color,outdoors,green,white,rock,water,foliage,waterfall,river,stream');
INSERT OR IGNORE INTO tags (name) VALUES ('vertical');
INSERT INTO photo_tags (photo_idx, tag_id) VALUES ((SELECT photo_idx FROM photos WHERE photo_id = 1704), (SELECT tag_id FROM tags WHERE name = 'vertical'));
INSERT OR IGNORE INTO tags (name) VALUES ('spring');
INSERT INTO photo_tags (photo_idx, tag_id) VALUES ((SELECT photo_idx FROM photos WHERE photo_id = 1704), (SELECT tag_id FROM tags WHERE name = 'spring'));
INSERT OR IGNORE INTO tags (name) VALUES ('scenic');
INSERT INTO photo_tags (photo_idx, tag_id) VALUES ((SELECT photo_idx FROM photos WHERE photo_id = 1704), (SELECT tag_id FROM tags WHERE name = 'scenic'));
INSERT OR IGNORE INTO tags (name) VALUES ('landscape');
INSERT INTO photo_tags (photo_idx, tag_id) VALUES ((SELECT photo_idx FROM photos WHERE photo_id = 1704), (SELECT tag_id FROM tags WHERE name = 'landscape'));
INSERT OR IGNORE INTO tags (name) VALUES ('color');
INSERT INTO photo_tags (photo_idx, tag_id) VALUES ((SELECT photo_idx FROM photos WHERE photo_id = 1704), (SELECT tag_id FROM tags WHERE name = 'color'));
INSERT OR IGNORE INTO tags (name) VALUES ('outdoors');
INSERT INTO photo_tags (photo_idx, tag_id) VALUES ((SELECT photo_idx FROM photos WHERE photo_id = 1704), (SELECT tag_id FROM tags WHERE name = 'outdoors'));
INSERT OR IGNORE INTO tags (name) VALUES ('green');
INSERT INTO photo_tags (photo_idx, tag_id) VALUES ((SELECT photo_idx FROM photos WHERE photo_id = 1704), (SELECT tag_id FROM tags WHERE name = 'green'));
INSERT OR IGNORE INTO tags (name) VALUES ('white');
INSERT INTO photo_tags (photo_idx, tag_id) VALUES ((SELECT photo_idx FROM photos WHERE photo_id = 1704), (SELECT tag_id FROM tags WHERE name = 'white'));
INSERT OR IGNORE INTO tags (name) VALUES ('rock');
INSERT INTO photo_tags (photo_idx, tag_id) VALUES ((SELECT photo_idx FROM photos WHERE photo_id = 1704), (SELECT tag_id FROM tags WHERE name = 'rock'));
INSERT OR IGNORE INTO tags (name) VALUES ('water');
INSERT INTO photo_tags (photo_idx, tag_id) VALUES ((SELECT photo_idx FROM photos WHERE photo_id = 1704), (SELECT tag_id FROM tags WHERE name = 'water'));
INSERT OR IGNORE INTO tags (name) VALUES ('foliage');
INSERT INTO photo_tags (photo_idx, tag_id) VALUES ((SELECT photo_idx FROM photos WHERE photo_id = 1704), (SELECT tag_id FROM tags WHERE name = 'foliage'));
INSERT OR IGNORE INTO tags (name) VALUES ('waterfall');
INSERT INTO photo_tags (photo_idx, tag_id) VALUES ((SELECT photo_idx FROM photos WHERE photo_id = 1704), (SELECT tag_id FROM tags WHERE name = 'waterfall'));
INSERT OR IGNORE INTO tags (name) VALUES ('river');
INSERT INTO photo_tags (photo_idx, tag_id) VALUES ((SELECT photo_idx FROM photos WHERE photo_id = 1704), (SELECT tag_id FROM tags WHERE name = 'river'));
INSERT OR IGNORE INTO tags (name) VALUES ('stream');
INSERT INTO photo_tags (photo_idx, tag_id) VALUES ((SELECT photo_idx FROM photos WHERE photo_id = 1704), (SELECT tag_id FROM tags WHERE name = 'stream'));

INSERT INTO photos (photo_id, photo_title, photo_collection, photo_location, photo_year, camera, film_stock, film_format) VALUES (1705, 'Flat Rock Cascade', 'Smoky Mountains', 'Smoky Mountains, Tennessee', 2000, 'Hasselblad', 'Fujichrome Velvia', '6 x 6 cm');
INSERT INTO photos_fts (photo_idx, photo_id, photo_title, photo_collection, photo_location, photo_year, camera, film_stock, film_format, tag_names) VALUES ((SELECT photo_idx FROM photos WHERE photo_id = 1705), 1705, 'Flat Rock Cascade', 'Smoky Mountains', 'Smoky Mountains, Tennessee', 2000, 'Hasselblad', 'Fujichrome Velvia', '6 x 6 cm', 'horizontal,spring,scenic,landscape,color,outdoors,green,white,water,waterfall,river,stream');
INSERT OR IGNORE INTO tags (name) VALUES ('horizontal');
INSERT INTO photo_tags (photo_idx, tag_id) VALUES ((SELECT photo_idx FROM photos WHERE photo_id = 1705), (SELECT tag_id FROM tags WHERE name = 'horizontal'));
INSERT OR IGNORE INTO tags (name) VALUES ('spring');
INSERT INTO photo_tags (photo_idx, tag_id) VALUES ((SELECT photo_idx FROM photos WHERE photo_id = 1705), (SELECT tag_id FROM tags WHERE name = 'spring'));
INSERT OR IGNORE INTO tags (name) VALUES ('scenic');
INSERT INTO photo_tags (photo_idx, tag_id) VALUES ((SELECT photo_idx FROM photos WHERE photo_id = 1705), (SELECT tag_id FROM tags WHERE name = 'scenic'));
INSERT OR IGNORE INTO tags (name) VALUES ('landscape');
INSERT INTO photo_tags (photo_idx, tag_id) VALUES ((SELECT photo_idx FROM photos WHERE photo_id = 1705), (SELECT tag_id FROM tags WHERE name = 'landscape'));
INSERT OR IGNORE INTO tags (name) VALUES ('color');
INSERT INTO photo_tags (photo_idx, tag_id) VALUES ((SELECT photo_idx FROM photos WHERE photo_id = 1705), (SELECT tag_id FROM tags WHERE name = 'color'));
INSERT OR IGNORE INTO tags (name) VALUES ('outdoors');
INSERT INTO photo_tags (photo_idx, tag_id) VALUES ((SELECT photo_idx FROM photos WHERE photo_id = 1705), (SELECT tag_id FROM tags WHERE name = 'outdoors'));
INSERT OR IGNORE INTO tags (name) VALUES ('green');
INSERT INTO photo_tags (photo_idx, tag_id) VALUES ((SELECT photo_idx FROM photos WHERE photo_id = 1705), (SELECT tag_id FROM tags WHERE name = 'green'));
INSERT OR IGNORE INTO tags (name) VALUES ('white');
INSERT INTO photo_tags (photo_idx, tag_id) VALUES ((SELECT photo_idx FROM photos WHERE photo_id = 1705), (SELECT tag_id FROM tags WHERE name = 'white'));
INSERT OR IGNORE INTO tags (name) VALUES ('water');
INSERT INTO photo_tags (photo_idx, tag_id) VALUES ((SELECT photo_idx FROM photos WHERE photo_id = 1705), (SELECT tag_id FROM tags WHERE name = 'water'));
INSERT OR IGNORE INTO tags (name) VALUES ('waterfall');
INSERT INTO photo_tags (photo_idx, tag_id) VALUES ((SELECT photo_idx FROM photos WHERE photo_id = 1705), (SELECT tag_id FROM tags WHERE name = 'waterfall'));
INSERT OR IGNORE INTO tags (name) VALUES ('river');
INSERT INTO photo_tags (photo_idx, tag_id) VALUES ((SELECT photo_idx FROM photos WHERE photo_id = 1705), (SELECT tag_id FROM tags WHERE name = 'river'));
INSERT OR IGNORE INTO tags (name) VALUES ('stream');
INSERT INTO photo_tags (photo_idx, tag_id) VALUES ((SELECT photo_idx FROM photos WHERE photo_id = 1705), (SELECT tag_id FROM tags WHERE name = 'stream'));

INSERT INTO photos (photo_id, photo_title, photo_collection, photo_location, photo_year, camera, film_stock, film_format) VALUES (1706, 'Flat Rock Cascade', 'Smoky Mountains', 'Smoky Mountains, Tennessee', 2000, 'Hasselblad', 'Fujichrome Velvia', '6 x 6 cm');
INSERT INTO photos_fts (photo_idx, photo_id, photo_title, photo_collection, photo_location, photo_year, camera, film_stock, film_format, tag_names) VALUES ((SELECT photo_idx FROM photos WHERE photo_id = 1706), 1706, 'Flat Rock Cascade', 'Smoky Mountains', 'Smoky Mountains, Tennessee', 2000, 'Hasselblad', 'Fujichrome Velvia', '6 x 6 cm', 'horizontal,spring,scenic,landscape,color,outdoors,green,white,moss,water,waterfall,river,stream');
INSERT OR IGNORE INTO tags (name) VALUES ('horizontal');
INSERT INTO photo_tags (photo_idx, tag_id) VALUES ((SELECT photo_idx FROM photos WHERE photo_id = 1706), (SELECT tag_id FROM tags WHERE name = 'horizontal'));
INSERT OR IGNORE INTO tags (name) VALUES ('spring');
INSERT INTO photo_tags (photo_idx, tag_id) VALUES ((SELECT photo_idx FROM photos WHERE photo_id = 1706), (SELECT tag_id FROM tags WHERE name = 'spring'));
INSERT OR IGNORE INTO tags (name) VALUES ('scenic');
INSERT INTO photo_tags (photo_idx, tag_id) VALUES ((SELECT photo_idx FROM photos WHERE photo_id = 1706), (SELECT tag_id FROM tags WHERE name = 'scenic'));
INSERT OR IGNORE INTO tags (name) VALUES ('landscape');
INSERT INTO photo_tags (photo_idx, tag_id) VALUES ((SELECT photo_idx FROM photos WHERE photo_id = 1706), (SELECT tag_id FROM tags WHERE name = 'landscape'));
INSERT OR IGNORE INTO tags (name) VALUES ('color');
INSERT INTO photo_tags (photo_idx, tag_id) VALUES ((SELECT photo_idx FROM photos WHERE photo_id = 1706), (SELECT tag_id FROM tags WHERE name = 'color'));
INSERT OR IGNORE INTO tags (name) VALUES ('outdoors');
INSERT INTO photo_tags (photo_idx, tag_id) VALUES ((SELECT photo_idx FROM photos WHERE photo_id = 1706), (SELECT tag_id FROM tags WHERE name = 'outdoors'));
INSERT OR IGNORE INTO tags (name) VALUES ('green');
INSERT INTO photo_tags (photo_idx, tag_id) VALUES ((SELECT photo_idx FROM photos WHERE photo_id = 1706), (SELECT tag_id FROM tags WHERE name = 'green'));
INSERT OR IGNORE INTO tags (name) VALUES ('white');
INSERT INTO photo_tags (photo_idx, tag_id) VALUES ((SELECT photo_idx FROM photos WHERE photo_id = 1706), (SELECT tag_id FROM tags WHERE name = 'white'));
INSERT OR IGNORE INTO tags (name) VALUES ('moss');
INSERT INTO photo_tags (photo_idx, tag_id) VALUES ((SELECT photo_idx FROM photos WHERE photo_id = 1706), (SELECT tag_id FROM tags WHERE name = 'moss'));
INSERT OR IGNORE INTO tags (name) VALUES ('water');
INSERT INTO photo_tags (photo_idx, tag_id) VALUES ((SELECT photo_idx FROM photos WHERE photo_id = 1706), (SELECT tag_id FROM tags WHERE name = 'water'));
INSERT OR IGNORE INTO tags (name) VALUES ('waterfall');
INSERT INTO photo_tags (photo_idx, tag_id) VALUES ((SELECT photo_idx FROM photos WHERE photo_id = 1706), (SELECT tag_id FROM tags WHERE name = 'waterfall'));
INSERT OR IGNORE INTO tags (name) VALUES ('river');
INSERT INTO photo_tags (photo_idx, tag_id) VALUES ((SELECT photo_idx FROM photos WHERE photo_id = 1706), (SELECT tag_id FROM tags WHERE name = 'river'));
INSERT OR IGNORE INTO tags (name) VALUES ('stream');
INSERT INTO photo_tags (photo_idx, tag_id) VALUES ((SELECT photo_idx FROM photos WHERE photo_id = 1706), (SELECT tag_id FROM tags WHERE name = 'stream'));

INSERT INTO photos (photo_id, photo_title, photo_collection, photo_location, photo_year, camera, film_stock, film_format) VALUES (1707, 'Little River', 'Smoky Mountains', 'Smoky Mountains, Tennessee', 2000, 'Hasselblad', 'Fujichrome Velvia', '6 x 6 cm');
INSERT INTO photos_fts (photo_idx, photo_id, photo_title, photo_collection, photo_location, photo_year, camera, film_stock, film_format, tag_names) VALUES ((SELECT photo_idx FROM photos WHERE photo_id = 1707), 1707, 'Little River', 'Smoky Mountains', 'Smoky Mountains, Tennessee', 2000, 'Hasselblad', 'Fujichrome Velvia', '6 x 6 cm', 'vertical,spring,scenic,landscape,color,outdoors,green,white,rock,water,waterfall,river,stream');
INSERT OR IGNORE INTO tags (name) VALUES ('vertical');
INSERT INTO photo_tags (photo_idx, tag_id) VALUES ((SELECT photo_idx FROM photos WHERE photo_id = 1707), (SELECT tag_id FROM tags WHERE name = 'vertical'));
INSERT OR IGNORE INTO tags (name) VALUES ('spring');
INSERT INTO photo_tags (photo_idx, tag_id) VALUES ((SELECT photo_idx FROM photos WHERE photo_id = 1707), (SELECT tag_id FROM tags WHERE name = 'spring'));
INSERT OR IGNORE INTO tags (name) VALUES ('scenic');
INSERT INTO photo_tags (photo_idx, tag_id) VALUES ((SELECT photo_idx FROM photos WHERE photo_id = 1707), (SELECT tag_id FROM tags WHERE name = 'scenic'));
INSERT OR IGNORE INTO tags (name) VALUES ('landscape');
INSERT INTO photo_tags (photo_idx, tag_id) VALUES ((SELECT photo_idx FROM photos WHERE photo_id = 1707), (SELECT tag_id FROM tags WHERE name = 'landscape'));
INSERT OR IGNORE INTO tags (name) VALUES ('color');
INSERT INTO photo_tags (photo_idx, tag_id) VALUES ((SELECT photo_idx FROM photos WHERE photo_id = 1707), (SELECT tag_id FROM tags WHERE name = 'color'));
INSERT OR IGNORE INTO tags (name) VALUES ('outdoors');
INSERT INTO photo_tags (photo_idx, tag_id) VALUES ((SELECT photo_idx FROM photos WHERE photo_id = 1707), (SELECT tag_id FROM tags WHERE name = 'outdoors'));
INSERT OR IGNORE INTO tags (name) VALUES ('green');
INSERT INTO photo_tags (photo_idx, tag_id) VALUES ((SELECT photo_idx FROM photos WHERE photo_id = 1707), (SELECT tag_id FROM tags WHERE name = 'green'));
INSERT OR IGNORE INTO tags (name) VALUES ('white');
INSERT INTO photo_tags (photo_idx, tag_id) VALUES ((SELECT photo_idx FROM photos WHERE photo_id = 1707), (SELECT tag_id FROM tags WHERE name = 'white'));
INSERT OR IGNORE INTO tags (name) VALUES ('rock');
INSERT INTO photo_tags (photo_idx, tag_id) VALUES ((SELECT photo_idx FROM photos WHERE photo_id = 1707), (SELECT tag_id FROM tags WHERE name = 'rock'));
INSERT OR IGNORE INTO tags (name) VALUES ('water');
INSERT INTO photo_tags (photo_idx, tag_id) VALUES ((SELECT photo_idx FROM photos WHERE photo_id = 1707), (SELECT tag_id FROM tags WHERE name = 'water'));
INSERT OR IGNORE INTO tags (name) VALUES ('waterfall');
INSERT INTO photo_tags (photo_idx, tag_id) VALUES ((SELECT photo_idx FROM photos WHERE photo_id = 1707), (SELECT tag_id FROM tags WHERE name = 'waterfall'));
INSERT OR IGNORE INTO tags (name) VALUES ('river');
INSERT INTO photo_tags (photo_idx, tag_id) VALUES ((SELECT photo_idx FROM photos WHERE photo_id = 1707), (SELECT tag_id FROM tags WHERE name = 'river'));
INSERT OR IGNORE INTO tags (name) VALUES ('stream');
INSERT INTO photo_tags (photo_idx, tag_id) VALUES ((SELECT photo_idx FROM photos WHERE photo_id = 1707), (SELECT tag_id FROM tags WHERE name = 'stream'));

INSERT INTO photos (photo_id, photo_title, photo_collection, photo_location, photo_year, camera, film_stock, film_format) VALUES (1708, 'Little River', 'Smoky Mountains', 'Smoky Mountains, Tennessee', 2000, 'Hasselblad', 'Fujichrome Velvia', '6 x 6 cm');
INSERT INTO photos_fts (photo_idx, photo_id, photo_title, photo_collection, photo_location, photo_year, camera, film_stock, film_format, tag_names) VALUES ((SELECT photo_idx FROM photos WHERE photo_id = 1708), 1708, 'Little River', 'Smoky Mountains', 'Smoky Mountains, Tennessee', 2000, 'Hasselblad', 'Fujichrome Velvia', '6 x 6 cm', 'horizontal,spring,scenic,landscape,color,outdoors,green,white,moss,rock,water,waterfall,river,stream');
INSERT OR IGNORE INTO tags (name) VALUES ('horizontal');
INSERT INTO photo_tags (photo_idx, tag_id) VALUES ((SELECT photo_idx FROM photos WHERE photo_id = 1708), (SELECT tag_id FROM tags WHERE name = 'horizontal'));
INSERT OR IGNORE INTO tags (name) VALUES ('spring');
INSERT INTO photo_tags (photo_idx, tag_id) VALUES ((SELECT photo_idx FROM photos WHERE photo_id = 1708), (SELECT tag_id FROM tags WHERE name = 'spring'));
INSERT OR IGNORE INTO tags (name) VALUES ('scenic');
INSERT INTO photo_tags (photo_idx, tag_id) VALUES ((SELECT photo_idx FROM photos WHERE photo_id = 1708), (SELECT tag_id FROM tags WHERE name = 'scenic'));
INSERT OR IGNORE INTO tags (name) VALUES ('landscape');
INSERT INTO photo_tags (photo_idx, tag_id) VALUES ((SELECT photo_idx FROM photos WHERE photo_id = 1708), (SELECT tag_id FROM tags WHERE name = 'landscape'));
INSERT OR IGNORE INTO tags (name) VALUES ('color');
INSERT INTO photo_tags (photo_idx, tag_id) VALUES ((SELECT photo_idx FROM photos WHERE photo_id = 1708), (SELECT tag_id FROM tags WHERE name = 'color'));
INSERT OR IGNORE INTO tags (name) VALUES ('outdoors');
INSERT INTO photo_tags (photo_idx, tag_id) VALUES ((SELECT photo_idx FROM photos WHERE photo_id = 1708), (SELECT tag_id FROM tags WHERE name = 'outdoors'));
INSERT OR IGNORE INTO tags (name) VALUES ('green');
INSERT INTO photo_tags (photo_idx, tag_id) VALUES ((SELECT photo_idx FROM photos WHERE photo_id = 1708), (SELECT tag_id FROM tags WHERE name = 'green'));
INSERT OR IGNORE INTO tags (name) VALUES ('white');
INSERT INTO photo_tags (photo_idx, tag_id) VALUES ((SELECT photo_idx FROM photos WHERE photo_id = 1708), (SELECT tag_id FROM tags WHERE name = 'white'));
INSERT OR IGNORE INTO tags (name) VALUES ('moss');
INSERT INTO photo_tags (photo_idx, tag_id) VALUES ((SELECT photo_idx FROM photos WHERE photo_id = 1708), (SELECT tag_id FROM tags WHERE name = 'moss'));
INSERT OR IGNORE INTO tags (name) VALUES ('rock');
INSERT INTO photo_tags (photo_idx, tag_id) VALUES ((SELECT photo_idx FROM photos WHERE photo_id = 1708), (SELECT tag_id FROM tags WHERE name = 'rock'));
INSERT OR IGNORE INTO tags (name) VALUES ('water');
INSERT INTO photo_tags (photo_idx, tag_id) VALUES ((SELECT photo_idx FROM photos WHERE photo_id = 1708), (SELECT tag_id FROM tags WHERE name = 'water'));
INSERT OR IGNORE INTO tags (name) VALUES ('waterfall');
INSERT INTO photo_tags (photo_idx, tag_id) VALUES ((SELECT photo_idx FROM photos WHERE photo_id = 1708), (SELECT tag_id FROM tags WHERE name = 'waterfall'));
INSERT OR IGNORE INTO tags (name) VALUES ('river');
INSERT INTO photo_tags (photo_idx, tag_id) VALUES ((SELECT photo_idx FROM photos WHERE photo_id = 1708), (SELECT tag_id FROM tags WHERE name = 'river'));
INSERT OR IGNORE INTO tags (name) VALUES ('stream');
INSERT INTO photo_tags (photo_idx, tag_id) VALUES ((SELECT photo_idx FROM photos WHERE photo_id = 1708), (SELECT tag_id FROM tags WHERE name = 'stream'));

INSERT INTO photos (photo_id, photo_title, photo_collection, photo_location, photo_year, camera, film_stock, film_format) VALUES (1709, 'Lone Pine Boulders Detail', 'Death Valley', 'Lone Pine, California', 1990, 'Hasselblad', 'Ektachrome 100 Plus', '6 x 6 cm');
INSERT INTO photos_fts (photo_idx, photo_id, photo_title, photo_collection, photo_location, photo_year, camera, film_stock, film_format, tag_names) VALUES ((SELECT photo_idx FROM photos WHERE photo_id = 1709), 1709, 'Lone Pine Boulders Detail', 'Death Valley', 'Lone Pine, California', 1990, 'Hasselblad', 'Ektachrome 100 Plus', '6 x 6 cm', 'horizontal,scenic,landscape,color,outdoors,pink,purple,rock,sand,sandstone,sky,desert');
INSERT OR IGNORE INTO tags (name) VALUES ('horizontal');
INSERT INTO photo_tags (photo_idx, tag_id) VALUES ((SELECT photo_idx FROM photos WHERE photo_id = 1709), (SELECT tag_id FROM tags WHERE name = 'horizontal'));
INSERT OR IGNORE INTO tags (name) VALUES ('scenic');
INSERT INTO photo_tags (photo_idx, tag_id) VALUES ((SELECT photo_idx FROM photos WHERE photo_id = 1709), (SELECT tag_id FROM tags WHERE name = 'scenic'));
INSERT OR IGNORE INTO tags (name) VALUES ('landscape');
INSERT INTO photo_tags (photo_idx, tag_id) VALUES ((SELECT photo_idx FROM photos WHERE photo_id = 1709), (SELECT tag_id FROM tags WHERE name = 'landscape'));
INSERT OR IGNORE INTO tags (name) VALUES ('color');
INSERT INTO photo_tags (photo_idx, tag_id) VALUES ((SELECT photo_idx FROM photos WHERE photo_id = 1709), (SELECT tag_id FROM tags WHERE name = 'color'));
INSERT OR IGNORE INTO tags (name) VALUES ('outdoors');
INSERT INTO photo_tags (photo_idx, tag_id) VALUES ((SELECT photo_idx FROM photos WHERE photo_id = 1709), (SELECT tag_id FROM tags WHERE name = 'outdoors'));
INSERT OR IGNORE INTO tags (name) VALUES ('pink');
INSERT INTO photo_tags (photo_idx, tag_id) VALUES ((SELECT photo_idx FROM photos WHERE photo_id = 1709), (SELECT tag_id FROM tags WHERE name = 'pink'));
INSERT OR IGNORE INTO tags (name) VALUES ('purple');
INSERT INTO photo_tags (photo_idx, tag_id) VALUES ((SELECT photo_idx FROM photos WHERE photo_id = 1709), (SELECT tag_id FROM tags WHERE name = 'purple'));
INSERT OR IGNORE INTO tags (name) VALUES ('rock');
INSERT INTO photo_tags (photo_idx, tag_id) VALUES ((SELECT photo_idx FROM photos WHERE photo_id = 1709), (SELECT tag_id FROM tags WHERE name = 'rock'));
INSERT OR IGNORE INTO tags (name) VALUES ('sand');
INSERT INTO photo_tags (photo_idx, tag_id) VALUES ((SELECT photo_idx FROM photos WHERE photo_id = 1709), (SELECT tag_id FROM tags WHERE name = 'sand'));
INSERT OR IGNORE INTO tags (name) VALUES ('sandstone');
INSERT INTO photo_tags (photo_idx, tag_id) VALUES ((SELECT photo_idx FROM photos WHERE photo_id = 1709), (SELECT tag_id FROM tags WHERE name = 'sandstone'));
INSERT OR IGNORE INTO tags (name) VALUES ('sky');
INSERT INTO photo_tags (photo_idx, tag_id) VALUES ((SELECT photo_idx FROM photos WHERE photo_id = 1709), (SELECT tag_id FROM tags WHERE name = 'sky'));
INSERT OR IGNORE INTO tags (name) VALUES ('desert');
INSERT INTO photo_tags (photo_idx, tag_id) VALUES ((SELECT photo_idx FROM photos WHERE photo_id = 1709), (SELECT tag_id FROM tags WHERE name = 'desert'));

INSERT INTO photos (photo_id, photo_title, photo_collection, photo_location, photo_year, camera, film_stock, film_format) VALUES (1710, 'Lone Pine Boulders', 'Death Valley', 'Lone Pine, California', 1990, 'Hasselblad', 'Ektachrome 100 Plus', '6 x 6 cm');
INSERT INTO photos_fts (photo_idx, photo_id, photo_title, photo_collection, photo_location, photo_year, camera, film_stock, film_format, tag_names) VALUES ((SELECT photo_idx FROM photos WHERE photo_id = 1710), 1710, 'Lone Pine Boulders', 'Death Valley', 'Lone Pine, California', 1990, 'Hasselblad', 'Ektachrome 100 Plus', '6 x 6 cm', 'horizontal,scenic,landscape,color,outdoors,pink,purple,rock,sand,sandstone,sky,desert');
INSERT OR IGNORE INTO tags (name) VALUES ('horizontal');
INSERT INTO photo_tags (photo_idx, tag_id) VALUES ((SELECT photo_idx FROM photos WHERE photo_id = 1710), (SELECT tag_id FROM tags WHERE name = 'horizontal'));
INSERT OR IGNORE INTO tags (name) VALUES ('scenic');
INSERT INTO photo_tags (photo_idx, tag_id) VALUES ((SELECT photo_idx FROM photos WHERE photo_id = 1710), (SELECT tag_id FROM tags WHERE name = 'scenic'));
INSERT OR IGNORE INTO tags (name) VALUES ('landscape');
INSERT INTO photo_tags (photo_idx, tag_id) VALUES ((SELECT photo_idx FROM photos WHERE photo_id = 1710), (SELECT tag_id FROM tags WHERE name = 'landscape'));
INSERT OR IGNORE INTO tags (name) VALUES ('color');
INSERT INTO photo_tags (photo_idx, tag_id) VALUES ((SELECT photo_idx FROM photos WHERE photo_id = 1710), (SELECT tag_id FROM tags WHERE name = 'color'));
INSERT OR IGNORE INTO tags (name) VALUES ('outdoors');
INSERT INTO photo_tags (photo_idx, tag_id) VALUES ((SELECT photo_idx FROM photos WHERE photo_id = 1710), (SELECT tag_id FROM tags WHERE name = 'outdoors'));
INSERT OR IGNORE INTO tags (name) VALUES ('pink');
INSERT INTO photo_tags (photo_idx, tag_id) VALUES ((SELECT photo_idx FROM photos WHERE photo_id = 1710), (SELECT tag_id FROM tags WHERE name = 'pink'));
INSERT OR IGNORE INTO tags (name) VALUES ('purple');
INSERT INTO photo_tags (photo_idx, tag_id) VALUES ((SELECT photo_idx FROM photos WHERE photo_id = 1710), (SELECT tag_id FROM tags WHERE name = 'purple'));
INSERT OR IGNORE INTO tags (name) VALUES ('rock');
INSERT INTO photo_tags (photo_idx, tag_id) VALUES ((SELECT photo_idx FROM photos WHERE photo_id = 1710), (SELECT tag_id FROM tags WHERE name = 'rock'));
INSERT OR IGNORE INTO tags (name) VALUES ('sand');
INSERT INTO photo_tags (photo_idx, tag_id) VALUES ((SELECT photo_idx FROM photos WHERE photo_id = 1710), (SELECT tag_id FROM tags WHERE name = 'sand'));
INSERT OR IGNORE INTO tags (name) VALUES ('sandstone');
INSERT INTO photo_tags (photo_idx, tag_id) VALUES ((SELECT photo_idx FROM photos WHERE photo_id = 1710), (SELECT tag_id FROM tags WHERE name = 'sandstone'));
INSERT OR IGNORE INTO tags (name) VALUES ('sky');
INSERT INTO photo_tags (photo_idx, tag_id) VALUES ((SELECT photo_idx FROM photos WHERE photo_id = 1710), (SELECT tag_id FROM tags WHERE name = 'sky'));
INSERT OR IGNORE INTO tags (name) VALUES ('desert');
INSERT INTO photo_tags (photo_idx, tag_id) VALUES ((SELECT photo_idx FROM photos WHERE photo_id = 1710), (SELECT tag_id FROM tags WHERE name = 'desert'));

INSERT INTO photos (photo_id, photo_title, photo_collection, photo_location, photo_year, camera, film_stock, film_format) VALUES (1712, 'Dunes at Mesquite Flats', 'Death Valley', 'Death Valley, California', 1990, 'Hasselblad', 'Ektachrome 100 Plus', '6 x 6 cm');
INSERT INTO photos_fts (photo_idx, photo_id, photo_title, photo_collection, photo_location, photo_year, camera, film_stock, film_format, tag_names) VALUES ((SELECT photo_idx FROM photos WHERE photo_id = 1712), 1712, 'Dunes at Mesquite Flats', 'Death Valley', 'Death Valley, California', 1990, 'Hasselblad', 'Ektachrome 100 Plus', '6 x 6 cm', 'horizontal,scenic,landscape,color,outdoors,blue,tan,sand,sky,sunrise,clouds,desert,dunes');
INSERT OR IGNORE INTO tags (name) VALUES ('horizontal');
INSERT INTO photo_tags (photo_idx, tag_id) VALUES ((SELECT photo_idx FROM photos WHERE photo_id = 1712), (SELECT tag_id FROM tags WHERE name = 'horizontal'));
INSERT OR IGNORE INTO tags (name) VALUES ('scenic');
INSERT INTO photo_tags (photo_idx, tag_id) VALUES ((SELECT photo_idx FROM photos WHERE photo_id = 1712), (SELECT tag_id FROM tags WHERE name = 'scenic'));
INSERT OR IGNORE INTO tags (name) VALUES ('landscape');
INSERT INTO photo_tags (photo_idx, tag_id) VALUES ((SELECT photo_idx FROM photos WHERE photo_id = 1712), (SELECT tag_id FROM tags WHERE name = 'landscape'));
INSERT OR IGNORE INTO tags (name) VALUES ('color');
INSERT INTO photo_tags (photo_idx, tag_id) VALUES ((SELECT photo_idx FROM photos WHERE photo_id = 1712), (SELECT tag_id FROM tags WHERE name = 'color'));
INSERT OR IGNORE INTO tags (name) VALUES ('outdoors');
INSERT INTO photo_tags (photo_idx, tag_id) VALUES ((SELECT photo_idx FROM photos WHERE photo_id = 1712), (SELECT tag_id FROM tags WHERE name = 'outdoors'));
INSERT OR IGNORE INTO tags (name) VALUES ('blue');
INSERT INTO photo_tags (photo_idx, tag_id) VALUES ((SELECT photo_idx FROM photos WHERE photo_id = 1712), (SELECT tag_id FROM tags WHERE name = 'blue'));
INSERT OR IGNORE INTO tags (name) VALUES ('tan');
INSERT INTO photo_tags (photo_idx, tag_id) VALUES ((SELECT photo_idx FROM photos WHERE photo_id = 1712), (SELECT tag_id FROM tags WHERE name = 'tan'));
INSERT OR IGNORE INTO tags (name) VALUES ('sand');
INSERT INTO photo_tags (photo_idx, tag_id) VALUES ((SELECT photo_idx FROM photos WHERE photo_id = 1712), (SELECT tag_id FROM tags WHERE name = 'sand'));
INSERT OR IGNORE INTO tags (name) VALUES ('sky');
INSERT INTO photo_tags (photo_idx, tag_id) VALUES ((SELECT photo_idx FROM photos WHERE photo_id = 1712), (SELECT tag_id FROM tags WHERE name = 'sky'));
INSERT OR IGNORE INTO tags (name) VALUES ('sunrise');
INSERT INTO photo_tags (photo_idx, tag_id) VALUES ((SELECT photo_idx FROM photos WHERE photo_id = 1712), (SELECT tag_id FROM tags WHERE name = 'sunrise'));
INSERT OR IGNORE INTO tags (name) VALUES ('clouds');
INSERT INTO photo_tags (photo_idx, tag_id) VALUES ((SELECT photo_idx FROM photos WHERE photo_id = 1712), (SELECT tag_id FROM tags WHERE name = 'clouds'));
INSERT OR IGNORE INTO tags (name) VALUES ('desert');
INSERT INTO photo_tags (photo_idx, tag_id) VALUES ((SELECT photo_idx FROM photos WHERE photo_id = 1712), (SELECT tag_id FROM tags WHERE name = 'desert'));
INSERT OR IGNORE INTO tags (name) VALUES ('dunes');
INSERT INTO photo_tags (photo_idx, tag_id) VALUES ((SELECT photo_idx FROM photos WHERE photo_id = 1712), (SELECT tag_id FROM tags WHERE name = 'dunes'));

INSERT INTO photos (photo_id, photo_title, photo_collection, photo_location, photo_year, camera, film_stock, film_format) VALUES (1713, 'Arching Sand Dune', 'Death Valley', 'Death Valley, California', 1990, 'Hasselblad', 'Ektachrome 100 Plus', '6 x 6 cm');
INSERT INTO photos_fts (photo_idx, photo_id, photo_title, photo_collection, photo_location, photo_year, camera, film_stock, film_format, tag_names) VALUES ((SELECT photo_idx FROM photos WHERE photo_id = 1713), 1713, 'Arching Sand Dune', 'Death Valley', 'Death Valley, California', 1990, 'Hasselblad', 'Ektachrome 100 Plus', '6 x 6 cm', 'vertical,popular,scenic,landscape,color,outdoors,blue,tan,sand,sky,sunrise,clouds,desert,dunes');
INSERT OR IGNORE INTO tags (name) VALUES ('vertical');
INSERT INTO photo_tags (photo_idx, tag_id) VALUES ((SELECT photo_idx FROM photos WHERE photo_id = 1713), (SELECT tag_id FROM tags WHERE name = 'vertical'));
INSERT OR IGNORE INTO tags (name) VALUES ('popular');
INSERT INTO photo_tags (photo_idx, tag_id) VALUES ((SELECT photo_idx FROM photos WHERE photo_id = 1713), (SELECT tag_id FROM tags WHERE name = 'popular'));
INSERT OR IGNORE INTO tags (name) VALUES ('scenic');
INSERT INTO photo_tags (photo_idx, tag_id) VALUES ((SELECT photo_idx FROM photos WHERE photo_id = 1713), (SELECT tag_id FROM tags WHERE name = 'scenic'));
INSERT OR IGNORE INTO tags (name) VALUES ('landscape');
INSERT INTO photo_tags (photo_idx, tag_id) VALUES ((SELECT photo_idx FROM photos WHERE photo_id = 1713), (SELECT tag_id FROM tags WHERE name = 'landscape'));
INSERT OR IGNORE INTO tags (name) VALUES ('color');
INSERT INTO photo_tags (photo_idx, tag_id) VALUES ((SELECT photo_idx FROM photos WHERE photo_id = 1713), (SELECT tag_id FROM tags WHERE name = 'color'));
INSERT OR IGNORE INTO tags (name) VALUES ('outdoors');
INSERT INTO photo_tags (photo_idx, tag_id) VALUES ((SELECT photo_idx FROM photos WHERE photo_id = 1713), (SELECT tag_id FROM tags WHERE name = 'outdoors'));
INSERT OR IGNORE INTO tags (name) VALUES ('blue');
INSERT INTO photo_tags (photo_idx, tag_id) VALUES ((SELECT photo_idx FROM photos WHERE photo_id = 1713), (SELECT tag_id FROM tags WHERE name = 'blue'));
INSERT OR IGNORE INTO tags (name) VALUES ('tan');
INSERT INTO photo_tags (photo_idx, tag_id) VALUES ((SELECT photo_idx FROM photos WHERE photo_id = 1713), (SELECT tag_id FROM tags WHERE name = 'tan'));
INSERT OR IGNORE INTO tags (name) VALUES ('sand');
INSERT INTO photo_tags (photo_idx, tag_id) VALUES ((SELECT photo_idx FROM photos WHERE photo_id = 1713), (SELECT tag_id FROM tags WHERE name = 'sand'));
INSERT OR IGNORE INTO tags (name) VALUES ('sky');
INSERT INTO photo_tags (photo_idx, tag_id) VALUES ((SELECT photo_idx FROM photos WHERE photo_id = 1713), (SELECT tag_id FROM tags WHERE name = 'sky'));
INSERT OR IGNORE INTO tags (name) VALUES ('sunrise');
INSERT INTO photo_tags (photo_idx, tag_id) VALUES ((SELECT photo_idx FROM photos WHERE photo_id = 1713), (SELECT tag_id FROM tags WHERE name = 'sunrise'));
INSERT OR IGNORE INTO tags (name) VALUES ('clouds');
INSERT INTO photo_tags (photo_idx, tag_id) VALUES ((SELECT photo_idx FROM photos WHERE photo_id = 1713), (SELECT tag_id FROM tags WHERE name = 'clouds'));
INSERT OR IGNORE INTO tags (name) VALUES ('desert');
INSERT INTO photo_tags (photo_idx, tag_id) VALUES ((SELECT photo_idx FROM photos WHERE photo_id = 1713), (SELECT tag_id FROM tags WHERE name = 'desert'));
INSERT OR IGNORE INTO tags (name) VALUES ('dunes');
INSERT INTO photo_tags (photo_idx, tag_id) VALUES ((SELECT photo_idx FROM photos WHERE photo_id = 1713), (SELECT tag_id FROM tags WHERE name = 'dunes'));

INSERT INTO photos (photo_id, photo_title, photo_collection, photo_location, photo_year, camera, film_stock, film_format) VALUES (1715, 'Riverbed and Mountains', 'Death Valley', 'Lone Pine, California', 1990, 'Hasselblad', 'Ektachrome 100 Plus', '6 x 6 cm');
INSERT INTO photos_fts (photo_idx, photo_id, photo_title, photo_collection, photo_location, photo_year, camera, film_stock, film_format, tag_names) VALUES ((SELECT photo_idx FROM photos WHERE photo_id = 1715), 1715, 'Riverbed and Mountains', 'Death Valley', 'Lone Pine, California', 1990, 'Hasselblad', 'Ektachrome 100 Plus', '6 x 6 cm', 'horizontal,scenic,landscape,color,outdoors,blue,tan,sand,sky,desert');
INSERT OR IGNORE INTO tags (name) VALUES ('horizontal');
INSERT INTO photo_tags (photo_idx, tag_id) VALUES ((SELECT photo_idx FROM photos WHERE photo_id = 1715), (SELECT tag_id FROM tags WHERE name = 'horizontal'));
INSERT OR IGNORE INTO tags (name) VALUES ('scenic');
INSERT INTO photo_tags (photo_idx, tag_id) VALUES ((SELECT photo_idx FROM photos WHERE photo_id = 1715), (SELECT tag_id FROM tags WHERE name = 'scenic'));
INSERT OR IGNORE INTO tags (name) VALUES ('landscape');
INSERT INTO photo_tags (photo_idx, tag_id) VALUES ((SELECT photo_idx FROM photos WHERE photo_id = 1715), (SELECT tag_id FROM tags WHERE name = 'landscape'));
INSERT OR IGNORE INTO tags (name) VALUES ('color');
INSERT INTO photo_tags (photo_idx, tag_id) VALUES ((SELECT photo_idx FROM photos WHERE photo_id = 1715), (SELECT tag_id FROM tags WHERE name = 'color'));
INSERT OR IGNORE INTO tags (name) VALUES ('outdoors');
INSERT INTO photo_tags (photo_idx, tag_id) VALUES ((SELECT photo_idx FROM photos WHERE photo_id = 1715), (SELECT tag_id FROM tags WHERE name = 'outdoors'));
INSERT OR IGNORE INTO tags (name) VALUES ('blue');
INSERT INTO photo_tags (photo_idx, tag_id) VALUES ((SELECT photo_idx FROM photos WHERE photo_id = 1715), (SELECT tag_id FROM tags WHERE name = 'blue'));
INSERT OR IGNORE INTO tags (name) VALUES ('tan');
INSERT INTO photo_tags (photo_idx, tag_id) VALUES ((SELECT photo_idx FROM photos WHERE photo_id = 1715), (SELECT tag_id FROM tags WHERE name = 'tan'));
INSERT OR IGNORE INTO tags (name) VALUES ('sand');
INSERT INTO photo_tags (photo_idx, tag_id) VALUES ((SELECT photo_idx FROM photos WHERE photo_id = 1715), (SELECT tag_id FROM tags WHERE name = 'sand'));
INSERT OR IGNORE INTO tags (name) VALUES ('sky');
INSERT INTO photo_tags (photo_idx, tag_id) VALUES ((SELECT photo_idx FROM photos WHERE photo_id = 1715), (SELECT tag_id FROM tags WHERE name = 'sky'));
INSERT OR IGNORE INTO tags (name) VALUES ('desert');
INSERT INTO photo_tags (photo_idx, tag_id) VALUES ((SELECT photo_idx FROM photos WHERE photo_id = 1715), (SELECT tag_id FROM tags WHERE name = 'desert'));

INSERT INTO photos (photo_id, photo_title, photo_collection, photo_location, photo_year, camera, film_stock, film_format) VALUES (1716, 'Sandstone Fragments', 'Death Valley', 'Death Valley, California', 1990, 'Hasselblad', 'Ektachrome 100 Plus', '6 x 6 cm');
INSERT INTO photos_fts (photo_idx, photo_id, photo_title, photo_collection, photo_location, photo_year, camera, film_stock, film_format, tag_names) VALUES ((SELECT photo_idx FROM photos WHERE photo_id = 1716), 1716, 'Sandstone Fragments', 'Death Valley', 'Death Valley, California', 1990, 'Hasselblad', 'Ektachrome 100 Plus', '6 x 6 cm', 'vertical,closeup,scenic,abstract,landscape,color,outdoors,tan,rock,sandstone,desert');
INSERT OR IGNORE INTO tags (name) VALUES ('vertical');
INSERT INTO photo_tags (photo_idx, tag_id) VALUES ((SELECT photo_idx FROM photos WHERE photo_id = 1716), (SELECT tag_id FROM tags WHERE name = 'vertical'));
INSERT OR IGNORE INTO tags (name) VALUES ('closeup');
INSERT INTO photo_tags (photo_idx, tag_id) VALUES ((SELECT photo_idx FROM photos WHERE photo_id = 1716), (SELECT tag_id FROM tags WHERE name = 'closeup'));
INSERT OR IGNORE INTO tags (name) VALUES ('scenic');
INSERT INTO photo_tags (photo_idx, tag_id) VALUES ((SELECT photo_idx FROM photos WHERE photo_id = 1716), (SELECT tag_id FROM tags WHERE name = 'scenic'));
INSERT OR IGNORE INTO tags (name) VALUES ('abstract');
INSERT INTO photo_tags (photo_idx, tag_id) VALUES ((SELECT photo_idx FROM photos WHERE photo_id = 1716), (SELECT tag_id FROM tags WHERE name = 'abstract'));
INSERT OR IGNORE INTO tags (name) VALUES ('landscape');
INSERT INTO photo_tags (photo_idx, tag_id) VALUES ((SELECT photo_idx FROM photos WHERE photo_id = 1716), (SELECT tag_id FROM tags WHERE name = 'landscape'));
INSERT OR IGNORE INTO tags (name) VALUES ('color');
INSERT INTO photo_tags (photo_idx, tag_id) VALUES ((SELECT photo_idx FROM photos WHERE photo_id = 1716), (SELECT tag_id FROM tags WHERE name = 'color'));
INSERT OR IGNORE INTO tags (name) VALUES ('outdoors');
INSERT INTO photo_tags (photo_idx, tag_id) VALUES ((SELECT photo_idx FROM photos WHERE photo_id = 1716), (SELECT tag_id FROM tags WHERE name = 'outdoors'));
INSERT OR IGNORE INTO tags (name) VALUES ('tan');
INSERT INTO photo_tags (photo_idx, tag_id) VALUES ((SELECT photo_idx FROM photos WHERE photo_id = 1716), (SELECT tag_id FROM tags WHERE name = 'tan'));
INSERT OR IGNORE INTO tags (name) VALUES ('rock');
INSERT INTO photo_tags (photo_idx, tag_id) VALUES ((SELECT photo_idx FROM photos WHERE photo_id = 1716), (SELECT tag_id FROM tags WHERE name = 'rock'));
INSERT OR IGNORE INTO tags (name) VALUES ('sandstone');
INSERT INTO photo_tags (photo_idx, tag_id) VALUES ((SELECT photo_idx FROM photos WHERE photo_id = 1716), (SELECT tag_id FROM tags WHERE name = 'sandstone'));
INSERT OR IGNORE INTO tags (name) VALUES ('desert');
INSERT INTO photo_tags (photo_idx, tag_id) VALUES ((SELECT photo_idx FROM photos WHERE photo_id = 1716), (SELECT tag_id FROM tags WHERE name = 'desert'));

INSERT INTO photos (photo_id, photo_title, photo_collection, photo_location, photo_year, camera, film_stock, film_format) VALUES (1717, 'Bush in the Desert', 'Death Valley', 'Lone Pine, California', 1990, 'Hasselblad', 'Ektachrome 100 Plus', '6 x 6 cm');
INSERT INTO photos_fts (photo_idx, photo_id, photo_title, photo_collection, photo_location, photo_year, camera, film_stock, film_format, tag_names) VALUES ((SELECT photo_idx FROM photos WHERE photo_id = 1717), 1717, 'Bush in the Desert', 'Death Valley', 'Lone Pine, California', 1990, 'Hasselblad', 'Ektachrome 100 Plus', '6 x 6 cm', 'vertical,scenic,landscape,color,outdoors,tan,grass,desert');
INSERT OR IGNORE INTO tags (name) VALUES ('vertical');
INSERT INTO photo_tags (photo_idx, tag_id) VALUES ((SELECT photo_idx FROM photos WHERE photo_id = 1717), (SELECT tag_id FROM tags WHERE name = 'vertical'));
INSERT OR IGNORE INTO tags (name) VALUES ('scenic');
INSERT INTO photo_tags (photo_idx, tag_id) VALUES ((SELECT photo_idx FROM photos WHERE photo_id = 1717), (SELECT tag_id FROM tags WHERE name = 'scenic'));
INSERT OR IGNORE INTO tags (name) VALUES ('landscape');
INSERT INTO photo_tags (photo_idx, tag_id) VALUES ((SELECT photo_idx FROM photos WHERE photo_id = 1717), (SELECT tag_id FROM tags WHERE name = 'landscape'));
INSERT OR IGNORE INTO tags (name) VALUES ('color');
INSERT INTO photo_tags (photo_idx, tag_id) VALUES ((SELECT photo_idx FROM photos WHERE photo_id = 1717), (SELECT tag_id FROM tags WHERE name = 'color'));
INSERT OR IGNORE INTO tags (name) VALUES ('outdoors');
INSERT INTO photo_tags (photo_idx, tag_id) VALUES ((SELECT photo_idx FROM photos WHERE photo_id = 1717), (SELECT tag_id FROM tags WHERE name = 'outdoors'));
INSERT OR IGNORE INTO tags (name) VALUES ('tan');
INSERT INTO photo_tags (photo_idx, tag_id) VALUES ((SELECT photo_idx FROM photos WHERE photo_id = 1717), (SELECT tag_id FROM tags WHERE name = 'tan'));
INSERT OR IGNORE INTO tags (name) VALUES ('grass');
INSERT INTO photo_tags (photo_idx, tag_id) VALUES ((SELECT photo_idx FROM photos WHERE photo_id = 1717), (SELECT tag_id FROM tags WHERE name = 'grass'));
INSERT OR IGNORE INTO tags (name) VALUES ('desert');
INSERT INTO photo_tags (photo_idx, tag_id) VALUES ((SELECT photo_idx FROM photos WHERE photo_id = 1717), (SELECT tag_id FROM tags WHERE name = 'desert'));

INSERT INTO photos (photo_id, photo_title, photo_collection, photo_location, photo_year, camera, film_stock, film_format) VALUES (1718, 'Dried Mud and Bush', 'Death Valley', 'Death Valley, California', 1990, 'Hasselblad', 'Ektachrome 100 Plus', '6 x 6 cm');
INSERT INTO photos_fts (photo_idx, photo_id, photo_title, photo_collection, photo_location, photo_year, camera, film_stock, film_format, tag_names) VALUES ((SELECT photo_idx FROM photos WHERE photo_id = 1718), 1718, 'Dried Mud and Bush', 'Death Valley', 'Death Valley, California', 1990, 'Hasselblad', 'Ektachrome 100 Plus', '6 x 6 cm', 'vertical,popular,scenic,landscape,color,outdoors,blue,tan,sand,sandstone,sky,clouds,mud,desert,dunes');
INSERT OR IGNORE INTO tags (name) VALUES ('vertical');
INSERT INTO photo_tags (photo_idx, tag_id) VALUES ((SELECT photo_idx FROM photos WHERE photo_id = 1718), (SELECT tag_id FROM tags WHERE name = 'vertical'));
INSERT OR IGNORE INTO tags (name) VALUES ('popular');
INSERT INTO photo_tags (photo_idx, tag_id) VALUES ((SELECT photo_idx FROM photos WHERE photo_id = 1718), (SELECT tag_id FROM tags WHERE name = 'popular'));
INSERT OR IGNORE INTO tags (name) VALUES ('scenic');
INSERT INTO photo_tags (photo_idx, tag_id) VALUES ((SELECT photo_idx FROM photos WHERE photo_id = 1718), (SELECT tag_id FROM tags WHERE name = 'scenic'));
INSERT OR IGNORE INTO tags (name) VALUES ('landscape');
INSERT INTO photo_tags (photo_idx, tag_id) VALUES ((SELECT photo_idx FROM photos WHERE photo_id = 1718), (SELECT tag_id FROM tags WHERE name = 'landscape'));
INSERT OR IGNORE INTO tags (name) VALUES ('color');
INSERT INTO photo_tags (photo_idx, tag_id) VALUES ((SELECT photo_idx FROM photos WHERE photo_id = 1718), (SELECT tag_id FROM tags WHERE name = 'color'));
INSERT OR IGNORE INTO tags (name) VALUES ('outdoors');
INSERT INTO photo_tags (photo_idx, tag_id) VALUES ((SELECT photo_idx FROM photos WHERE photo_id = 1718), (SELECT tag_id FROM tags WHERE name = 'outdoors'));
INSERT OR IGNORE INTO tags (name) VALUES ('blue');
INSERT INTO photo_tags (photo_idx, tag_id) VALUES ((SELECT photo_idx FROM photos WHERE photo_id = 1718), (SELECT tag_id FROM tags WHERE name = 'blue'));
INSERT OR IGNORE INTO tags (name) VALUES ('tan');
INSERT INTO photo_tags (photo_idx, tag_id) VALUES ((SELECT photo_idx FROM photos WHERE photo_id = 1718), (SELECT tag_id FROM tags WHERE name = 'tan'));
INSERT OR IGNORE INTO tags (name) VALUES ('sand');
INSERT INTO photo_tags (photo_idx, tag_id) VALUES ((SELECT photo_idx FROM photos WHERE photo_id = 1718), (SELECT tag_id FROM tags WHERE name = 'sand'));
INSERT OR IGNORE INTO tags (name) VALUES ('sandstone');
INSERT INTO photo_tags (photo_idx, tag_id) VALUES ((SELECT photo_idx FROM photos WHERE photo_id = 1718), (SELECT tag_id FROM tags WHERE name = 'sandstone'));
INSERT OR IGNORE INTO tags (name) VALUES ('sky');
INSERT INTO photo_tags (photo_idx, tag_id) VALUES ((SELECT photo_idx FROM photos WHERE photo_id = 1718), (SELECT tag_id FROM tags WHERE name = 'sky'));
INSERT OR IGNORE INTO tags (name) VALUES ('clouds');
INSERT INTO photo_tags (photo_idx, tag_id) VALUES ((SELECT photo_idx FROM photos WHERE photo_id = 1718), (SELECT tag_id FROM tags WHERE name = 'clouds'));
INSERT OR IGNORE INTO tags (name) VALUES ('mud');
INSERT INTO photo_tags (photo_idx, tag_id) VALUES ((SELECT photo_idx FROM photos WHERE photo_id = 1718), (SELECT tag_id FROM tags WHERE name = 'mud'));
INSERT OR IGNORE INTO tags (name) VALUES ('desert');
INSERT INTO photo_tags (photo_idx, tag_id) VALUES ((SELECT photo_idx FROM photos WHERE photo_id = 1718), (SELECT tag_id FROM tags WHERE name = 'desert'));
INSERT OR IGNORE INTO tags (name) VALUES ('dunes');
INSERT INTO photo_tags (photo_idx, tag_id) VALUES ((SELECT photo_idx FROM photos WHERE photo_id = 1718), (SELECT tag_id FROM tags WHERE name = 'dunes'));

INSERT INTO photos (photo_id, photo_title, photo_collection, photo_location, photo_year, camera, film_stock, film_format) VALUES (1719, 'Sand and Cracked Mud', 'Death Valley', 'Death Valley, California', 1990, 'Hasselblad', 'Ektachrome 100 Plus', '6 x 6 cm');
INSERT INTO photos_fts (photo_idx, photo_id, photo_title, photo_collection, photo_location, photo_year, camera, film_stock, film_format, tag_names) VALUES ((SELECT photo_idx FROM photos WHERE photo_id = 1719), 1719, 'Sand and Cracked Mud', 'Death Valley', 'Death Valley, California', 1990, 'Hasselblad', 'Ektachrome 100 Plus', '6 x 6 cm', 'horizontal,scenic,landscape,color,outdoors,tan,white,sand,sandstone,mud,desert,dunes');
INSERT OR IGNORE INTO tags (name) VALUES ('horizontal');
INSERT INTO photo_tags (photo_idx, tag_id) VALUES ((SELECT photo_idx FROM photos WHERE photo_id = 1719), (SELECT tag_id FROM tags WHERE name = 'horizontal'));
INSERT OR IGNORE INTO tags (name) VALUES ('scenic');
INSERT INTO photo_tags (photo_idx, tag_id) VALUES ((SELECT photo_idx FROM photos WHERE photo_id = 1719), (SELECT tag_id FROM tags WHERE name = 'scenic'));
INSERT OR IGNORE INTO tags (name) VALUES ('landscape');
INSERT INTO photo_tags (photo_idx, tag_id) VALUES ((SELECT photo_idx FROM photos WHERE photo_id = 1719), (SELECT tag_id FROM tags WHERE name = 'landscape'));
INSERT OR IGNORE INTO tags (name) VALUES ('color');
INSERT INTO photo_tags (photo_idx, tag_id) VALUES ((SELECT photo_idx FROM photos WHERE photo_id = 1719), (SELECT tag_id FROM tags WHERE name = 'color'));
INSERT OR IGNORE INTO tags (name) VALUES ('outdoors');
INSERT INTO photo_tags (photo_idx, tag_id) VALUES ((SELECT photo_idx FROM photos WHERE photo_id = 1719), (SELECT tag_id FROM tags WHERE name = 'outdoors'));
INSERT OR IGNORE INTO tags (name) VALUES ('tan');
INSERT INTO photo_tags (photo_idx, tag_id) VALUES ((SELECT photo_idx FROM photos WHERE photo_id = 1719), (SELECT tag_id FROM tags WHERE name = 'tan'));
INSERT OR IGNORE INTO tags (name) VALUES ('white');
INSERT INTO photo_tags (photo_idx, tag_id) VALUES ((SELECT photo_idx FROM photos WHERE photo_id = 1719), (SELECT tag_id FROM tags WHERE name = 'white'));
INSERT OR IGNORE INTO tags (name) VALUES ('sand');
INSERT INTO photo_tags (photo_idx, tag_id) VALUES ((SELECT photo_idx FROM photos WHERE photo_id = 1719), (SELECT tag_id FROM tags WHERE name = 'sand'));
INSERT OR IGNORE INTO tags (name) VALUES ('sandstone');
INSERT INTO photo_tags (photo_idx, tag_id) VALUES ((SELECT photo_idx FROM photos WHERE photo_id = 1719), (SELECT tag_id FROM tags WHERE name = 'sandstone'));
INSERT OR IGNORE INTO tags (name) VALUES ('mud');
INSERT INTO photo_tags (photo_idx, tag_id) VALUES ((SELECT photo_idx FROM photos WHERE photo_id = 1719), (SELECT tag_id FROM tags WHERE name = 'mud'));
INSERT OR IGNORE INTO tags (name) VALUES ('desert');
INSERT INTO photo_tags (photo_idx, tag_id) VALUES ((SELECT photo_idx FROM photos WHERE photo_id = 1719), (SELECT tag_id FROM tags WHERE name = 'desert'));
INSERT OR IGNORE INTO tags (name) VALUES ('dunes');
INSERT INTO photo_tags (photo_idx, tag_id) VALUES ((SELECT photo_idx FROM photos WHERE photo_id = 1719), (SELECT tag_id FROM tags WHERE name = 'dunes'));

INSERT INTO photos (photo_id, photo_title, photo_collection, photo_location, photo_year, camera, film_stock, film_format) VALUES (1720, 'Shapes in the Dunes', 'Death Valley', 'Death Valley, California', 1990, 'Hasselblad', 'Kodak TMax 100', '6 x 6 cm');
INSERT INTO photos_fts (photo_idx, photo_id, photo_title, photo_collection, photo_location, photo_year, camera, film_stock, film_format, tag_names) VALUES ((SELECT photo_idx FROM photos WHERE photo_id = 1720), 1720, 'Shapes in the Dunes', 'Death Valley', 'Death Valley, California', 1990, 'Hasselblad', 'Kodak TMax 100', '6 x 6 cm', 'horizontal,scenic,landscape,grayscale,outdoors,black,gray,white,sand,sandstone,mud,desert,dunes');
INSERT OR IGNORE INTO tags (name) VALUES ('horizontal');
INSERT INTO photo_tags (photo_idx, tag_id) VALUES ((SELECT photo_idx FROM photos WHERE photo_id = 1720), (SELECT tag_id FROM tags WHERE name = 'horizontal'));
INSERT OR IGNORE INTO tags (name) VALUES ('scenic');
INSERT INTO photo_tags (photo_idx, tag_id) VALUES ((SELECT photo_idx FROM photos WHERE photo_id = 1720), (SELECT tag_id FROM tags WHERE name = 'scenic'));
INSERT OR IGNORE INTO tags (name) VALUES ('landscape');
INSERT INTO photo_tags (photo_idx, tag_id) VALUES ((SELECT photo_idx FROM photos WHERE photo_id = 1720), (SELECT tag_id FROM tags WHERE name = 'landscape'));
INSERT OR IGNORE INTO tags (name) VALUES ('grayscale');
INSERT INTO photo_tags (photo_idx, tag_id) VALUES ((SELECT photo_idx FROM photos WHERE photo_id = 1720), (SELECT tag_id FROM tags WHERE name = 'grayscale'));
INSERT OR IGNORE INTO tags (name) VALUES ('outdoors');
INSERT INTO photo_tags (photo_idx, tag_id) VALUES ((SELECT photo_idx FROM photos WHERE photo_id = 1720), (SELECT tag_id FROM tags WHERE name = 'outdoors'));
INSERT OR IGNORE INTO tags (name) VALUES ('black');
INSERT INTO photo_tags (photo_idx, tag_id) VALUES ((SELECT photo_idx FROM photos WHERE photo_id = 1720), (SELECT tag_id FROM tags WHERE name = 'black'));
INSERT OR IGNORE INTO tags (name) VALUES ('gray');
INSERT INTO photo_tags (photo_idx, tag_id) VALUES ((SELECT photo_idx FROM photos WHERE photo_id = 1720), (SELECT tag_id FROM tags WHERE name = 'gray'));
INSERT OR IGNORE INTO tags (name) VALUES ('white');
INSERT INTO photo_tags (photo_idx, tag_id) VALUES ((SELECT photo_idx FROM photos WHERE photo_id = 1720), (SELECT tag_id FROM tags WHERE name = 'white'));
INSERT OR IGNORE INTO tags (name) VALUES ('sand');
INSERT INTO photo_tags (photo_idx, tag_id) VALUES ((SELECT photo_idx FROM photos WHERE photo_id = 1720), (SELECT tag_id FROM tags WHERE name = 'sand'));
INSERT OR IGNORE INTO tags (name) VALUES ('sandstone');
INSERT INTO photo_tags (photo_idx, tag_id) VALUES ((SELECT photo_idx FROM photos WHERE photo_id = 1720), (SELECT tag_id FROM tags WHERE name = 'sandstone'));
INSERT OR IGNORE INTO tags (name) VALUES ('mud');
INSERT INTO photo_tags (photo_idx, tag_id) VALUES ((SELECT photo_idx FROM photos WHERE photo_id = 1720), (SELECT tag_id FROM tags WHERE name = 'mud'));
INSERT OR IGNORE INTO tags (name) VALUES ('desert');
INSERT INTO photo_tags (photo_idx, tag_id) VALUES ((SELECT photo_idx FROM photos WHERE photo_id = 1720), (SELECT tag_id FROM tags WHERE name = 'desert'));
INSERT OR IGNORE INTO tags (name) VALUES ('dunes');
INSERT INTO photo_tags (photo_idx, tag_id) VALUES ((SELECT photo_idx FROM photos WHERE photo_id = 1720), (SELECT tag_id FROM tags WHERE name = 'dunes'));

INSERT INTO photos (photo_id, photo_title, photo_collection, photo_location, photo_year, camera, film_stock, film_format) VALUES (1721, 'Alkali Mud Formation', 'Death Valley', 'Death Valley, California', 1990, 'Hasselblad', 'Kodak TMax 100', '6 x 6 cm');
INSERT INTO photos_fts (photo_idx, photo_id, photo_title, photo_collection, photo_location, photo_year, camera, film_stock, film_format, tag_names) VALUES ((SELECT photo_idx FROM photos WHERE photo_id = 1721), 1721, 'Alkali Mud Formation', 'Death Valley', 'Death Valley, California', 1990, 'Hasselblad', 'Kodak TMax 100', '6 x 6 cm', 'horizontal,scenic,landscape,grayscale,outdoors,gray,mud,desert');
INSERT OR IGNORE INTO tags (name) VALUES ('horizontal');
INSERT INTO photo_tags (photo_idx, tag_id) VALUES ((SELECT photo_idx FROM photos WHERE photo_id = 1721), (SELECT tag_id FROM tags WHERE name = 'horizontal'));
INSERT OR IGNORE INTO tags (name) VALUES ('scenic');
INSERT INTO photo_tags (photo_idx, tag_id) VALUES ((SELECT photo_idx FROM photos WHERE photo_id = 1721), (SELECT tag_id FROM tags WHERE name = 'scenic'));
INSERT OR IGNORE INTO tags (name) VALUES ('landscape');
INSERT INTO photo_tags (photo_idx, tag_id) VALUES ((SELECT photo_idx FROM photos WHERE photo_id = 1721), (SELECT tag_id FROM tags WHERE name = 'landscape'));
INSERT OR IGNORE INTO tags (name) VALUES ('grayscale');
INSERT INTO photo_tags (photo_idx, tag_id) VALUES ((SELECT photo_idx FROM photos WHERE photo_id = 1721), (SELECT tag_id FROM tags WHERE name = 'grayscale'));
INSERT OR IGNORE INTO tags (name) VALUES ('outdoors');
INSERT INTO photo_tags (photo_idx, tag_id) VALUES ((SELECT photo_idx FROM photos WHERE photo_id = 1721), (SELECT tag_id FROM tags WHERE name = 'outdoors'));
INSERT OR IGNORE INTO tags (name) VALUES ('gray');
INSERT INTO photo_tags (photo_idx, tag_id) VALUES ((SELECT photo_idx FROM photos WHERE photo_id = 1721), (SELECT tag_id FROM tags WHERE name = 'gray'));
INSERT OR IGNORE INTO tags (name) VALUES ('mud');
INSERT INTO photo_tags (photo_idx, tag_id) VALUES ((SELECT photo_idx FROM photos WHERE photo_id = 1721), (SELECT tag_id FROM tags WHERE name = 'mud'));
INSERT OR IGNORE INTO tags (name) VALUES ('desert');
INSERT INTO photo_tags (photo_idx, tag_id) VALUES ((SELECT photo_idx FROM photos WHERE photo_id = 1721), (SELECT tag_id FROM tags WHERE name = 'desert'));

INSERT INTO photos (photo_id, photo_title, photo_collection, photo_location, photo_year, camera, film_stock, film_format) VALUES (1722, 'Alkali Mud Formation', 'Death Valley', 'Death Valley, California', 1990, 'Hasselblad', 'Kodak TMax 100', '6 x 6 cm');
INSERT INTO photos_fts (photo_idx, photo_id, photo_title, photo_collection, photo_location, photo_year, camera, film_stock, film_format, tag_names) VALUES ((SELECT photo_idx FROM photos WHERE photo_id = 1722), 1722, 'Alkali Mud Formation', 'Death Valley', 'Death Valley, California', 1990, 'Hasselblad', 'Kodak TMax 100', '6 x 6 cm', 'horizontal,scenic,landscape,grayscale,outdoors,gray,mud,desert');
INSERT OR IGNORE INTO tags (name) VALUES ('horizontal');
INSERT INTO photo_tags (photo_idx, tag_id) VALUES ((SELECT photo_idx FROM photos WHERE photo_id = 1722), (SELECT tag_id FROM tags WHERE name = 'horizontal'));
INSERT OR IGNORE INTO tags (name) VALUES ('scenic');
INSERT INTO photo_tags (photo_idx, tag_id) VALUES ((SELECT photo_idx FROM photos WHERE photo_id = 1722), (SELECT tag_id FROM tags WHERE name = 'scenic'));
INSERT OR IGNORE INTO tags (name) VALUES ('landscape');
INSERT INTO photo_tags (photo_idx, tag_id) VALUES ((SELECT photo_idx FROM photos WHERE photo_id = 1722), (SELECT tag_id FROM tags WHERE name = 'landscape'));
INSERT OR IGNORE INTO tags (name) VALUES ('grayscale');
INSERT INTO photo_tags (photo_idx, tag_id) VALUES ((SELECT photo_idx FROM photos WHERE photo_id = 1722), (SELECT tag_id FROM tags WHERE name = 'grayscale'));
INSERT OR IGNORE INTO tags (name) VALUES ('outdoors');
INSERT INTO photo_tags (photo_idx, tag_id) VALUES ((SELECT photo_idx FROM photos WHERE photo_id = 1722), (SELECT tag_id FROM tags WHERE name = 'outdoors'));
INSERT OR IGNORE INTO tags (name) VALUES ('gray');
INSERT INTO photo_tags (photo_idx, tag_id) VALUES ((SELECT photo_idx FROM photos WHERE photo_id = 1722), (SELECT tag_id FROM tags WHERE name = 'gray'));
INSERT OR IGNORE INTO tags (name) VALUES ('mud');
INSERT INTO photo_tags (photo_idx, tag_id) VALUES ((SELECT photo_idx FROM photos WHERE photo_id = 1722), (SELECT tag_id FROM tags WHERE name = 'mud'));
INSERT OR IGNORE INTO tags (name) VALUES ('desert');
INSERT INTO photo_tags (photo_idx, tag_id) VALUES ((SELECT photo_idx FROM photos WHERE photo_id = 1722), (SELECT tag_id FROM tags WHERE name = 'desert'));

INSERT INTO photos (photo_id, photo_title, photo_collection, photo_location, photo_year, camera, film_stock, film_format) VALUES (1723, 'Alkali Mud Formation', 'Death Valley', 'Death Valley, California', 1990, 'Hasselblad', 'Kodak TMax 100', '6 x 6 cm');
INSERT INTO photos_fts (photo_idx, photo_id, photo_title, photo_collection, photo_location, photo_year, camera, film_stock, film_format, tag_names) VALUES ((SELECT photo_idx FROM photos WHERE photo_id = 1723), 1723, 'Alkali Mud Formation', 'Death Valley', 'Death Valley, California', 1990, 'Hasselblad', 'Kodak TMax 100', '6 x 6 cm', 'vertical,scenic,landscape,grayscale,outdoors,gray,mud,desert');
INSERT OR IGNORE INTO tags (name) VALUES ('vertical');
INSERT INTO photo_tags (photo_idx, tag_id) VALUES ((SELECT photo_idx FROM photos WHERE photo_id = 1723), (SELECT tag_id FROM tags WHERE name = 'vertical'));
INSERT OR IGNORE INTO tags (name) VALUES ('scenic');
INSERT INTO photo_tags (photo_idx, tag_id) VALUES ((SELECT photo_idx FROM photos WHERE photo_id = 1723), (SELECT tag_id FROM tags WHERE name = 'scenic'));
INSERT OR IGNORE INTO tags (name) VALUES ('landscape');
INSERT INTO photo_tags (photo_idx, tag_id) VALUES ((SELECT photo_idx FROM photos WHERE photo_id = 1723), (SELECT tag_id FROM tags WHERE name = 'landscape'));
INSERT OR IGNORE INTO tags (name) VALUES ('grayscale');
INSERT INTO photo_tags (photo_idx, tag_id) VALUES ((SELECT photo_idx FROM photos WHERE photo_id = 1723), (SELECT tag_id FROM tags WHERE name = 'grayscale'));
INSERT OR IGNORE INTO tags (name) VALUES ('outdoors');
INSERT INTO photo_tags (photo_idx, tag_id) VALUES ((SELECT photo_idx FROM photos WHERE photo_id = 1723), (SELECT tag_id FROM tags WHERE name = 'outdoors'));
INSERT OR IGNORE INTO tags (name) VALUES ('gray');
INSERT INTO photo_tags (photo_idx, tag_id) VALUES ((SELECT photo_idx FROM photos WHERE photo_id = 1723), (SELECT tag_id FROM tags WHERE name = 'gray'));
INSERT OR IGNORE INTO tags (name) VALUES ('mud');
INSERT INTO photo_tags (photo_idx, tag_id) VALUES ((SELECT photo_idx FROM photos WHERE photo_id = 1723), (SELECT tag_id FROM tags WHERE name = 'mud'));
INSERT OR IGNORE INTO tags (name) VALUES ('desert');
INSERT INTO photo_tags (photo_idx, tag_id) VALUES ((SELECT photo_idx FROM photos WHERE photo_id = 1723), (SELECT tag_id FROM tags WHERE name = 'desert'));

INSERT INTO photos (photo_id, photo_title, photo_collection, photo_location, photo_year, camera, film_stock, film_format) VALUES (1724, 'Alkali Mud Formation', 'Death Valley', 'Death Valley, California', 1990, 'Hasselblad', 'Kodak TMax 100', '6 x 6 cm');
INSERT INTO photos_fts (photo_idx, photo_id, photo_title, photo_collection, photo_location, photo_year, camera, film_stock, film_format, tag_names) VALUES ((SELECT photo_idx FROM photos WHERE photo_id = 1724), 1724, 'Alkali Mud Formation', 'Death Valley', 'Death Valley, California', 1990, 'Hasselblad', 'Kodak TMax 100', '6 x 6 cm', 'vertical,scenic,landscape,grayscale,outdoors,gray,sand,mud,desert,dunes');
INSERT OR IGNORE INTO tags (name) VALUES ('vertical');
INSERT INTO photo_tags (photo_idx, tag_id) VALUES ((SELECT photo_idx FROM photos WHERE photo_id = 1724), (SELECT tag_id FROM tags WHERE name = 'vertical'));
INSERT OR IGNORE INTO tags (name) VALUES ('scenic');
INSERT INTO photo_tags (photo_idx, tag_id) VALUES ((SELECT photo_idx FROM photos WHERE photo_id = 1724), (SELECT tag_id FROM tags WHERE name = 'scenic'));
INSERT OR IGNORE INTO tags (name) VALUES ('landscape');
INSERT INTO photo_tags (photo_idx, tag_id) VALUES ((SELECT photo_idx FROM photos WHERE photo_id = 1724), (SELECT tag_id FROM tags WHERE name = 'landscape'));
INSERT OR IGNORE INTO tags (name) VALUES ('grayscale');
INSERT INTO photo_tags (photo_idx, tag_id) VALUES ((SELECT photo_idx FROM photos WHERE photo_id = 1724), (SELECT tag_id FROM tags WHERE name = 'grayscale'));
INSERT OR IGNORE INTO tags (name) VALUES ('outdoors');
INSERT INTO photo_tags (photo_idx, tag_id) VALUES ((SELECT photo_idx FROM photos WHERE photo_id = 1724), (SELECT tag_id FROM tags WHERE name = 'outdoors'));
INSERT OR IGNORE INTO tags (name) VALUES ('gray');
INSERT INTO photo_tags (photo_idx, tag_id) VALUES ((SELECT photo_idx FROM photos WHERE photo_id = 1724), (SELECT tag_id FROM tags WHERE name = 'gray'));
INSERT OR IGNORE INTO tags (name) VALUES ('sand');
INSERT INTO photo_tags (photo_idx, tag_id) VALUES ((SELECT photo_idx FROM photos WHERE photo_id = 1724), (SELECT tag_id FROM tags WHERE name = 'sand'));
INSERT OR IGNORE INTO tags (name) VALUES ('mud');
INSERT INTO photo_tags (photo_idx, tag_id) VALUES ((SELECT photo_idx FROM photos WHERE photo_id = 1724), (SELECT tag_id FROM tags WHERE name = 'mud'));
INSERT OR IGNORE INTO tags (name) VALUES ('desert');
INSERT INTO photo_tags (photo_idx, tag_id) VALUES ((SELECT photo_idx FROM photos WHERE photo_id = 1724), (SELECT tag_id FROM tags WHERE name = 'desert'));
INSERT OR IGNORE INTO tags (name) VALUES ('dunes');
INSERT INTO photo_tags (photo_idx, tag_id) VALUES ((SELECT photo_idx FROM photos WHERE photo_id = 1724), (SELECT tag_id FROM tags WHERE name = 'dunes'));

INSERT INTO photos (photo_id, photo_title, photo_collection, photo_location, photo_year, camera, film_stock, film_format) VALUES (1725, 'Alkali Mud Formation', 'Death Valley', 'Death Valley, California', 1990, 'Hasselblad', 'Kodak TMax 100', '6 x 6 cm');
INSERT INTO photos_fts (photo_idx, photo_id, photo_title, photo_collection, photo_location, photo_year, camera, film_stock, film_format, tag_names) VALUES ((SELECT photo_idx FROM photos WHERE photo_id = 1725), 1725, 'Alkali Mud Formation', 'Death Valley', 'Death Valley, California', 1990, 'Hasselblad', 'Kodak TMax 100', '6 x 6 cm', 'vertical,scenic,landscape,grayscale,outdoors,gray,sand,mud,desert,dunes');
INSERT OR IGNORE INTO tags (name) VALUES ('vertical');
INSERT INTO photo_tags (photo_idx, tag_id) VALUES ((SELECT photo_idx FROM photos WHERE photo_id = 1725), (SELECT tag_id FROM tags WHERE name = 'vertical'));
INSERT OR IGNORE INTO tags (name) VALUES ('scenic');
INSERT INTO photo_tags (photo_idx, tag_id) VALUES ((SELECT photo_idx FROM photos WHERE photo_id = 1725), (SELECT tag_id FROM tags WHERE name = 'scenic'));
INSERT OR IGNORE INTO tags (name) VALUES ('landscape');
INSERT INTO photo_tags (photo_idx, tag_id) VALUES ((SELECT photo_idx FROM photos WHERE photo_id = 1725), (SELECT tag_id FROM tags WHERE name = 'landscape'));
INSERT OR IGNORE INTO tags (name) VALUES ('grayscale');
INSERT INTO photo_tags (photo_idx, tag_id) VALUES ((SELECT photo_idx FROM photos WHERE photo_id = 1725), (SELECT tag_id FROM tags WHERE name = 'grayscale'));
INSERT OR IGNORE INTO tags (name) VALUES ('outdoors');
INSERT INTO photo_tags (photo_idx, tag_id) VALUES ((SELECT photo_idx FROM photos WHERE photo_id = 1725), (SELECT tag_id FROM tags WHERE name = 'outdoors'));
INSERT OR IGNORE INTO tags (name) VALUES ('gray');
INSERT INTO photo_tags (photo_idx, tag_id) VALUES ((SELECT photo_idx FROM photos WHERE photo_id = 1725), (SELECT tag_id FROM tags WHERE name = 'gray'));
INSERT OR IGNORE INTO tags (name) VALUES ('sand');
INSERT INTO photo_tags (photo_idx, tag_id) VALUES ((SELECT photo_idx FROM photos WHERE photo_id = 1725), (SELECT tag_id FROM tags WHERE name = 'sand'));
INSERT OR IGNORE INTO tags (name) VALUES ('mud');
INSERT INTO photo_tags (photo_idx, tag_id) VALUES ((SELECT photo_idx FROM photos WHERE photo_id = 1725), (SELECT tag_id FROM tags WHERE name = 'mud'));
INSERT OR IGNORE INTO tags (name) VALUES ('desert');
INSERT INTO photo_tags (photo_idx, tag_id) VALUES ((SELECT photo_idx FROM photos WHERE photo_id = 1725), (SELECT tag_id FROM tags WHERE name = 'desert'));
INSERT OR IGNORE INTO tags (name) VALUES ('dunes');
INSERT INTO photo_tags (photo_idx, tag_id) VALUES ((SELECT photo_idx FROM photos WHERE photo_id = 1725), (SELECT tag_id FROM tags WHERE name = 'dunes'));

INSERT INTO photos (photo_id, photo_title, photo_collection, photo_location, photo_year, camera, film_stock, film_format) VALUES (1726, 'Alkali Mud Formation', 'Death Valley', 'Death Valley, California', 1990, 'Hasselblad', 'Kodak TMax 100', '6 x 6 cm');
INSERT INTO photos_fts (photo_idx, photo_id, photo_title, photo_collection, photo_location, photo_year, camera, film_stock, film_format, tag_names) VALUES ((SELECT photo_idx FROM photos WHERE photo_id = 1726), 1726, 'Alkali Mud Formation', 'Death Valley', 'Death Valley, California', 1990, 'Hasselblad', 'Kodak TMax 100', '6 x 6 cm', 'vertical,scenic,landscape,grayscale,outdoors,gray,white,sand,mud,desert,dunes');
INSERT OR IGNORE INTO tags (name) VALUES ('vertical');
INSERT INTO photo_tags (photo_idx, tag_id) VALUES ((SELECT photo_idx FROM photos WHERE photo_id = 1726), (SELECT tag_id FROM tags WHERE name = 'vertical'));
INSERT OR IGNORE INTO tags (name) VALUES ('scenic');
INSERT INTO photo_tags (photo_idx, tag_id) VALUES ((SELECT photo_idx FROM photos WHERE photo_id = 1726), (SELECT tag_id FROM tags WHERE name = 'scenic'));
INSERT OR IGNORE INTO tags (name) VALUES ('landscape');
INSERT INTO photo_tags (photo_idx, tag_id) VALUES ((SELECT photo_idx FROM photos WHERE photo_id = 1726), (SELECT tag_id FROM tags WHERE name = 'landscape'));
INSERT OR IGNORE INTO tags (name) VALUES ('grayscale');
INSERT INTO photo_tags (photo_idx, tag_id) VALUES ((SELECT photo_idx FROM photos WHERE photo_id = 1726), (SELECT tag_id FROM tags WHERE name = 'grayscale'));
INSERT OR IGNORE INTO tags (name) VALUES ('outdoors');
INSERT INTO photo_tags (photo_idx, tag_id) VALUES ((SELECT photo_idx FROM photos WHERE photo_id = 1726), (SELECT tag_id FROM tags WHERE name = 'outdoors'));
INSERT OR IGNORE INTO tags (name) VALUES ('gray');
INSERT INTO photo_tags (photo_idx, tag_id) VALUES ((SELECT photo_idx FROM photos WHERE photo_id = 1726), (SELECT tag_id FROM tags WHERE name = 'gray'));
INSERT OR IGNORE INTO tags (name) VALUES ('white');
INSERT INTO photo_tags (photo_idx, tag_id) VALUES ((SELECT photo_idx FROM photos WHERE photo_id = 1726), (SELECT tag_id FROM tags WHERE name = 'white'));
INSERT OR IGNORE INTO tags (name) VALUES ('sand');
INSERT INTO photo_tags (photo_idx, tag_id) VALUES ((SELECT photo_idx FROM photos WHERE photo_id = 1726), (SELECT tag_id FROM tags WHERE name = 'sand'));
INSERT OR IGNORE INTO tags (name) VALUES ('mud');
INSERT INTO photo_tags (photo_idx, tag_id) VALUES ((SELECT photo_idx FROM photos WHERE photo_id = 1726), (SELECT tag_id FROM tags WHERE name = 'mud'));
INSERT OR IGNORE INTO tags (name) VALUES ('desert');
INSERT INTO photo_tags (photo_idx, tag_id) VALUES ((SELECT photo_idx FROM photos WHERE photo_id = 1726), (SELECT tag_id FROM tags WHERE name = 'desert'));
INSERT OR IGNORE INTO tags (name) VALUES ('dunes');
INSERT INTO photo_tags (photo_idx, tag_id) VALUES ((SELECT photo_idx FROM photos WHERE photo_id = 1726), (SELECT tag_id FROM tags WHERE name = 'dunes'));

INSERT INTO photos (photo_id, photo_title, photo_collection, photo_location, photo_year, camera, film_stock, film_format) VALUES (1727, 'Textured Sand Dunes', 'Death Valley', 'Death Valley, California', 1990, 'Hasselblad', 'Kodak TMax 100', '6 x 6 cm');
INSERT INTO photos_fts (photo_idx, photo_id, photo_title, photo_collection, photo_location, photo_year, camera, film_stock, film_format, tag_names) VALUES ((SELECT photo_idx FROM photos WHERE photo_id = 1727), 1727, 'Textured Sand Dunes', 'Death Valley', 'Death Valley, California', 1990, 'Hasselblad', 'Kodak TMax 100', '6 x 6 cm', 'vertical,scenic,landscape,grayscale,outdoors,gray,sand,desert,dunes');
INSERT OR IGNORE INTO tags (name) VALUES ('vertical');
INSERT INTO photo_tags (photo_idx, tag_id) VALUES ((SELECT photo_idx FROM photos WHERE photo_id = 1727), (SELECT tag_id FROM tags WHERE name = 'vertical'));
INSERT OR IGNORE INTO tags (name) VALUES ('scenic');
INSERT INTO photo_tags (photo_idx, tag_id) VALUES ((SELECT photo_idx FROM photos WHERE photo_id = 1727), (SELECT tag_id FROM tags WHERE name = 'scenic'));
INSERT OR IGNORE INTO tags (name) VALUES ('landscape');
INSERT INTO photo_tags (photo_idx, tag_id) VALUES ((SELECT photo_idx FROM photos WHERE photo_id = 1727), (SELECT tag_id FROM tags WHERE name = 'landscape'));
INSERT OR IGNORE INTO tags (name) VALUES ('grayscale');
INSERT INTO photo_tags (photo_idx, tag_id) VALUES ((SELECT photo_idx FROM photos WHERE photo_id = 1727), (SELECT tag_id FROM tags WHERE name = 'grayscale'));
INSERT OR IGNORE INTO tags (name) VALUES ('outdoors');
INSERT INTO photo_tags (photo_idx, tag_id) VALUES ((SELECT photo_idx FROM photos WHERE photo_id = 1727), (SELECT tag_id FROM tags WHERE name = 'outdoors'));
INSERT OR IGNORE INTO tags (name) VALUES ('gray');
INSERT INTO photo_tags (photo_idx, tag_id) VALUES ((SELECT photo_idx FROM photos WHERE photo_id = 1727), (SELECT tag_id FROM tags WHERE name = 'gray'));
INSERT OR IGNORE INTO tags (name) VALUES ('sand');
INSERT INTO photo_tags (photo_idx, tag_id) VALUES ((SELECT photo_idx FROM photos WHERE photo_id = 1727), (SELECT tag_id FROM tags WHERE name = 'sand'));
INSERT OR IGNORE INTO tags (name) VALUES ('desert');
INSERT INTO photo_tags (photo_idx, tag_id) VALUES ((SELECT photo_idx FROM photos WHERE photo_id = 1727), (SELECT tag_id FROM tags WHERE name = 'desert'));
INSERT OR IGNORE INTO tags (name) VALUES ('dunes');
INSERT INTO photo_tags (photo_idx, tag_id) VALUES ((SELECT photo_idx FROM photos WHERE photo_id = 1727), (SELECT tag_id FROM tags WHERE name = 'dunes'));

INSERT INTO photos (photo_id, photo_title, photo_collection, photo_location, photo_year, camera, film_stock, film_format) VALUES (1728, 'Textured Sand Dunes', 'Death Valley', 'Death Valley, California', 1990, 'Hasselblad', 'Kodak TMax 100', '6 x 6 cm');
INSERT INTO photos_fts (photo_idx, photo_id, photo_title, photo_collection, photo_location, photo_year, camera, film_stock, film_format, tag_names) VALUES ((SELECT photo_idx FROM photos WHERE photo_id = 1728), 1728, 'Textured Sand Dunes', 'Death Valley', 'Death Valley, California', 1990, 'Hasselblad', 'Kodak TMax 100', '6 x 6 cm', 'vertical,scenic,landscape,grayscale,outdoors,gray,sand,desert,dunes');
INSERT OR IGNORE INTO tags (name) VALUES ('vertical');
INSERT INTO photo_tags (photo_idx, tag_id) VALUES ((SELECT photo_idx FROM photos WHERE photo_id = 1728), (SELECT tag_id FROM tags WHERE name = 'vertical'));
INSERT OR IGNORE INTO tags (name) VALUES ('scenic');
INSERT INTO photo_tags (photo_idx, tag_id) VALUES ((SELECT photo_idx FROM photos WHERE photo_id = 1728), (SELECT tag_id FROM tags WHERE name = 'scenic'));
INSERT OR IGNORE INTO tags (name) VALUES ('landscape');
INSERT INTO photo_tags (photo_idx, tag_id) VALUES ((SELECT photo_idx FROM photos WHERE photo_id = 1728), (SELECT tag_id FROM tags WHERE name = 'landscape'));
INSERT OR IGNORE INTO tags (name) VALUES ('grayscale');
INSERT INTO photo_tags (photo_idx, tag_id) VALUES ((SELECT photo_idx FROM photos WHERE photo_id = 1728), (SELECT tag_id FROM tags WHERE name = 'grayscale'));
INSERT OR IGNORE INTO tags (name) VALUES ('outdoors');
INSERT INTO photo_tags (photo_idx, tag_id) VALUES ((SELECT photo_idx FROM photos WHERE photo_id = 1728), (SELECT tag_id FROM tags WHERE name = 'outdoors'));
INSERT OR IGNORE INTO tags (name) VALUES ('gray');
INSERT INTO photo_tags (photo_idx, tag_id) VALUES ((SELECT photo_idx FROM photos WHERE photo_id = 1728), (SELECT tag_id FROM tags WHERE name = 'gray'));
INSERT OR IGNORE INTO tags (name) VALUES ('sand');
INSERT INTO photo_tags (photo_idx, tag_id) VALUES ((SELECT photo_idx FROM photos WHERE photo_id = 1728), (SELECT tag_id FROM tags WHERE name = 'sand'));
INSERT OR IGNORE INTO tags (name) VALUES ('desert');
INSERT INTO photo_tags (photo_idx, tag_id) VALUES ((SELECT photo_idx FROM photos WHERE photo_id = 1728), (SELECT tag_id FROM tags WHERE name = 'desert'));
INSERT OR IGNORE INTO tags (name) VALUES ('dunes');
INSERT INTO photo_tags (photo_idx, tag_id) VALUES ((SELECT photo_idx FROM photos WHERE photo_id = 1728), (SELECT tag_id FROM tags WHERE name = 'dunes'));

INSERT INTO photos (photo_id, photo_title, photo_collection, photo_location, photo_year, camera, film_stock, film_format) VALUES (1730, 'Death Valley Sand Dunes', 'Death Valley', 'Death Valley, California', 1990, 'Hasselblad', 'Kodak TMax 100', '6 x 6 cm');
INSERT INTO photos_fts (photo_idx, photo_id, photo_title, photo_collection, photo_location, photo_year, camera, film_stock, film_format, tag_names) VALUES ((SELECT photo_idx FROM photos WHERE photo_id = 1730), 1730, 'Death Valley Sand Dunes', 'Death Valley', 'Death Valley, California', 1990, 'Hasselblad', 'Kodak TMax 100', '6 x 6 cm', 'vertical,scenic,landscape,grayscale,outdoors,gray,sand,desert,dunes');
INSERT OR IGNORE INTO tags (name) VALUES ('vertical');
INSERT INTO photo_tags (photo_idx, tag_id) VALUES ((SELECT photo_idx FROM photos WHERE photo_id = 1730), (SELECT tag_id FROM tags WHERE name = 'vertical'));
INSERT OR IGNORE INTO tags (name) VALUES ('scenic');
INSERT INTO photo_tags (photo_idx, tag_id) VALUES ((SELECT photo_idx FROM photos WHERE photo_id = 1730), (SELECT tag_id FROM tags WHERE name = 'scenic'));
INSERT OR IGNORE INTO tags (name) VALUES ('landscape');
INSERT INTO photo_tags (photo_idx, tag_id) VALUES ((SELECT photo_idx FROM photos WHERE photo_id = 1730), (SELECT tag_id FROM tags WHERE name = 'landscape'));
INSERT OR IGNORE INTO tags (name) VALUES ('grayscale');
INSERT INTO photo_tags (photo_idx, tag_id) VALUES ((SELECT photo_idx FROM photos WHERE photo_id = 1730), (SELECT tag_id FROM tags WHERE name = 'grayscale'));
INSERT OR IGNORE INTO tags (name) VALUES ('outdoors');
INSERT INTO photo_tags (photo_idx, tag_id) VALUES ((SELECT photo_idx FROM photos WHERE photo_id = 1730), (SELECT tag_id FROM tags WHERE name = 'outdoors'));
INSERT OR IGNORE INTO tags (name) VALUES ('gray');
INSERT INTO photo_tags (photo_idx, tag_id) VALUES ((SELECT photo_idx FROM photos WHERE photo_id = 1730), (SELECT tag_id FROM tags WHERE name = 'gray'));
INSERT OR IGNORE INTO tags (name) VALUES ('sand');
INSERT INTO photo_tags (photo_idx, tag_id) VALUES ((SELECT photo_idx FROM photos WHERE photo_id = 1730), (SELECT tag_id FROM tags WHERE name = 'sand'));
INSERT OR IGNORE INTO tags (name) VALUES ('desert');
INSERT INTO photo_tags (photo_idx, tag_id) VALUES ((SELECT photo_idx FROM photos WHERE photo_id = 1730), (SELECT tag_id FROM tags WHERE name = 'desert'));
INSERT OR IGNORE INTO tags (name) VALUES ('dunes');
INSERT INTO photo_tags (photo_idx, tag_id) VALUES ((SELECT photo_idx FROM photos WHERE photo_id = 1730), (SELECT tag_id FROM tags WHERE name = 'dunes'));

INSERT INTO photos (photo_id, photo_title, photo_collection, photo_location, photo_year, camera, film_stock, film_format) VALUES (1731, 'Death Valley Sand Dunes', 'Death Valley', 'Death Valley, California', 1990, 'Hasselblad', 'Kodak TMax 100', '6 x 6 cm');
INSERT INTO photos_fts (photo_idx, photo_id, photo_title, photo_collection, photo_location, photo_year, camera, film_stock, film_format, tag_names) VALUES ((SELECT photo_idx FROM photos WHERE photo_id = 1731), 1731, 'Death Valley Sand Dunes', 'Death Valley', 'Death Valley, California', 1990, 'Hasselblad', 'Kodak TMax 100', '6 x 6 cm', 'horizontal,scenic,landscape,grayscale,outdoors,black,gray,sand,desert,dunes');
INSERT OR IGNORE INTO tags (name) VALUES ('horizontal');
INSERT INTO photo_tags (photo_idx, tag_id) VALUES ((SELECT photo_idx FROM photos WHERE photo_id = 1731), (SELECT tag_id FROM tags WHERE name = 'horizontal'));
INSERT OR IGNORE INTO tags (name) VALUES ('scenic');
INSERT INTO photo_tags (photo_idx, tag_id) VALUES ((SELECT photo_idx FROM photos WHERE photo_id = 1731), (SELECT tag_id FROM tags WHERE name = 'scenic'));
INSERT OR IGNORE INTO tags (name) VALUES ('landscape');
INSERT INTO photo_tags (photo_idx, tag_id) VALUES ((SELECT photo_idx FROM photos WHERE photo_id = 1731), (SELECT tag_id FROM tags WHERE name = 'landscape'));
INSERT OR IGNORE INTO tags (name) VALUES ('grayscale');
INSERT INTO photo_tags (photo_idx, tag_id) VALUES ((SELECT photo_idx FROM photos WHERE photo_id = 1731), (SELECT tag_id FROM tags WHERE name = 'grayscale'));
INSERT OR IGNORE INTO tags (name) VALUES ('outdoors');
INSERT INTO photo_tags (photo_idx, tag_id) VALUES ((SELECT photo_idx FROM photos WHERE photo_id = 1731), (SELECT tag_id FROM tags WHERE name = 'outdoors'));
INSERT OR IGNORE INTO tags (name) VALUES ('black');
INSERT INTO photo_tags (photo_idx, tag_id) VALUES ((SELECT photo_idx FROM photos WHERE photo_id = 1731), (SELECT tag_id FROM tags WHERE name = 'black'));
INSERT OR IGNORE INTO tags (name) VALUES ('gray');
INSERT INTO photo_tags (photo_idx, tag_id) VALUES ((SELECT photo_idx FROM photos WHERE photo_id = 1731), (SELECT tag_id FROM tags WHERE name = 'gray'));
INSERT OR IGNORE INTO tags (name) VALUES ('sand');
INSERT INTO photo_tags (photo_idx, tag_id) VALUES ((SELECT photo_idx FROM photos WHERE photo_id = 1731), (SELECT tag_id FROM tags WHERE name = 'sand'));
INSERT OR IGNORE INTO tags (name) VALUES ('desert');
INSERT INTO photo_tags (photo_idx, tag_id) VALUES ((SELECT photo_idx FROM photos WHERE photo_id = 1731), (SELECT tag_id FROM tags WHERE name = 'desert'));
INSERT OR IGNORE INTO tags (name) VALUES ('dunes');
INSERT INTO photo_tags (photo_idx, tag_id) VALUES ((SELECT photo_idx FROM photos WHERE photo_id = 1731), (SELECT tag_id FROM tags WHERE name = 'dunes'));

INSERT INTO photos (photo_id, photo_title, photo_collection, photo_location, photo_year, camera, film_stock, film_format) VALUES (1732, 'Death Valley Sand Dunes', 'Death Valley', 'Death Valley, California', 1990, 'Hasselblad', 'Kodak TMax 100', '6 x 6 cm');
INSERT INTO photos_fts (photo_idx, photo_id, photo_title, photo_collection, photo_location, photo_year, camera, film_stock, film_format, tag_names) VALUES ((SELECT photo_idx FROM photos WHERE photo_id = 1732), 1732, 'Death Valley Sand Dunes', 'Death Valley', 'Death Valley, California', 1990, 'Hasselblad', 'Kodak TMax 100', '6 x 6 cm', 'vertical,scenic,landscape,grayscale,outdoors,black,gray,sand,desert,dunes');
INSERT OR IGNORE INTO tags (name) VALUES ('vertical');
INSERT INTO photo_tags (photo_idx, tag_id) VALUES ((SELECT photo_idx FROM photos WHERE photo_id = 1732), (SELECT tag_id FROM tags WHERE name = 'vertical'));
INSERT OR IGNORE INTO tags (name) VALUES ('scenic');
INSERT INTO photo_tags (photo_idx, tag_id) VALUES ((SELECT photo_idx FROM photos WHERE photo_id = 1732), (SELECT tag_id FROM tags WHERE name = 'scenic'));
INSERT OR IGNORE INTO tags (name) VALUES ('landscape');
INSERT INTO photo_tags (photo_idx, tag_id) VALUES ((SELECT photo_idx FROM photos WHERE photo_id = 1732), (SELECT tag_id FROM tags WHERE name = 'landscape'));
INSERT OR IGNORE INTO tags (name) VALUES ('grayscale');
INSERT INTO photo_tags (photo_idx, tag_id) VALUES ((SELECT photo_idx FROM photos WHERE photo_id = 1732), (SELECT tag_id FROM tags WHERE name = 'grayscale'));
INSERT OR IGNORE INTO tags (name) VALUES ('outdoors');
INSERT INTO photo_tags (photo_idx, tag_id) VALUES ((SELECT photo_idx FROM photos WHERE photo_id = 1732), (SELECT tag_id FROM tags WHERE name = 'outdoors'));
INSERT OR IGNORE INTO tags (name) VALUES ('black');
INSERT INTO photo_tags (photo_idx, tag_id) VALUES ((SELECT photo_idx FROM photos WHERE photo_id = 1732), (SELECT tag_id FROM tags WHERE name = 'black'));
INSERT OR IGNORE INTO tags (name) VALUES ('gray');
INSERT INTO photo_tags (photo_idx, tag_id) VALUES ((SELECT photo_idx FROM photos WHERE photo_id = 1732), (SELECT tag_id FROM tags WHERE name = 'gray'));
INSERT OR IGNORE INTO tags (name) VALUES ('sand');
INSERT INTO photo_tags (photo_idx, tag_id) VALUES ((SELECT photo_idx FROM photos WHERE photo_id = 1732), (SELECT tag_id FROM tags WHERE name = 'sand'));
INSERT OR IGNORE INTO tags (name) VALUES ('desert');
INSERT INTO photo_tags (photo_idx, tag_id) VALUES ((SELECT photo_idx FROM photos WHERE photo_id = 1732), (SELECT tag_id FROM tags WHERE name = 'desert'));
INSERT OR IGNORE INTO tags (name) VALUES ('dunes');
INSERT INTO photo_tags (photo_idx, tag_id) VALUES ((SELECT photo_idx FROM photos WHERE photo_id = 1732), (SELECT tag_id FROM tags WHERE name = 'dunes'));

INSERT INTO photos (photo_id, photo_title, photo_collection, photo_location, photo_year, camera, film_stock, film_format) VALUES (1733, 'Death Valley Sand Dunes', 'Death Valley', 'Death Valley, California', 1990, 'Hasselblad', 'Kodak TMax 100', '6 x 6 cm');
INSERT INTO photos_fts (photo_idx, photo_id, photo_title, photo_collection, photo_location, photo_year, camera, film_stock, film_format, tag_names) VALUES ((SELECT photo_idx FROM photos WHERE photo_id = 1733), 1733, 'Death Valley Sand Dunes', 'Death Valley', 'Death Valley, California', 1990, 'Hasselblad', 'Kodak TMax 100', '6 x 6 cm', 'vertical,scenic,landscape,grayscale,outdoors,black,gray,sand,desert,dunes');
INSERT OR IGNORE INTO tags (name) VALUES ('vertical');
INSERT INTO photo_tags (photo_idx, tag_id) VALUES ((SELECT photo_idx FROM photos WHERE photo_id = 1733), (SELECT tag_id FROM tags WHERE name = 'vertical'));
INSERT OR IGNORE INTO tags (name) VALUES ('scenic');
INSERT INTO photo_tags (photo_idx, tag_id) VALUES ((SELECT photo_idx FROM photos WHERE photo_id = 1733), (SELECT tag_id FROM tags WHERE name = 'scenic'));
INSERT OR IGNORE INTO tags (name) VALUES ('landscape');
INSERT INTO photo_tags (photo_idx, tag_id) VALUES ((SELECT photo_idx FROM photos WHERE photo_id = 1733), (SELECT tag_id FROM tags WHERE name = 'landscape'));
INSERT OR IGNORE INTO tags (name) VALUES ('grayscale');
INSERT INTO photo_tags (photo_idx, tag_id) VALUES ((SELECT photo_idx FROM photos WHERE photo_id = 1733), (SELECT tag_id FROM tags WHERE name = 'grayscale'));
INSERT OR IGNORE INTO tags (name) VALUES ('outdoors');
INSERT INTO photo_tags (photo_idx, tag_id) VALUES ((SELECT photo_idx FROM photos WHERE photo_id = 1733), (SELECT tag_id FROM tags WHERE name = 'outdoors'));
INSERT OR IGNORE INTO tags (name) VALUES ('black');
INSERT INTO photo_tags (photo_idx, tag_id) VALUES ((SELECT photo_idx FROM photos WHERE photo_id = 1733), (SELECT tag_id FROM tags WHERE name = 'black'));
INSERT OR IGNORE INTO tags (name) VALUES ('gray');
INSERT INTO photo_tags (photo_idx, tag_id) VALUES ((SELECT photo_idx FROM photos WHERE photo_id = 1733), (SELECT tag_id FROM tags WHERE name = 'gray'));
INSERT OR IGNORE INTO tags (name) VALUES ('sand');
INSERT INTO photo_tags (photo_idx, tag_id) VALUES ((SELECT photo_idx FROM photos WHERE photo_id = 1733), (SELECT tag_id FROM tags WHERE name = 'sand'));
INSERT OR IGNORE INTO tags (name) VALUES ('desert');
INSERT INTO photo_tags (photo_idx, tag_id) VALUES ((SELECT photo_idx FROM photos WHERE photo_id = 1733), (SELECT tag_id FROM tags WHERE name = 'desert'));
INSERT OR IGNORE INTO tags (name) VALUES ('dunes');
INSERT INTO photo_tags (photo_idx, tag_id) VALUES ((SELECT photo_idx FROM photos WHERE photo_id = 1733), (SELECT tag_id FROM tags WHERE name = 'dunes'));

INSERT INTO photos (photo_id, photo_title, photo_collection, photo_location, photo_year, camera, film_stock, film_format) VALUES (1735, 'Death Valley Sand Dunes', 'Death Valley', 'Death Valley, California', 1990, 'Hasselblad', 'Kodak TMax 100', '6 x 6 cm');
INSERT INTO photos_fts (photo_idx, photo_id, photo_title, photo_collection, photo_location, photo_year, camera, film_stock, film_format, tag_names) VALUES ((SELECT photo_idx FROM photos WHERE photo_id = 1735), 1735, 'Death Valley Sand Dunes', 'Death Valley', 'Death Valley, California', 1990, 'Hasselblad', 'Kodak TMax 100', '6 x 6 cm', 'horizontal,scenic,landscape,grayscale,outdoors,black,gray,sand,sky,desert,dunes');
INSERT OR IGNORE INTO tags (name) VALUES ('horizontal');
INSERT INTO photo_tags (photo_idx, tag_id) VALUES ((SELECT photo_idx FROM photos WHERE photo_id = 1735), (SELECT tag_id FROM tags WHERE name = 'horizontal'));
INSERT OR IGNORE INTO tags (name) VALUES ('scenic');
INSERT INTO photo_tags (photo_idx, tag_id) VALUES ((SELECT photo_idx FROM photos WHERE photo_id = 1735), (SELECT tag_id FROM tags WHERE name = 'scenic'));
INSERT OR IGNORE INTO tags (name) VALUES ('landscape');
INSERT INTO photo_tags (photo_idx, tag_id) VALUES ((SELECT photo_idx FROM photos WHERE photo_id = 1735), (SELECT tag_id FROM tags WHERE name = 'landscape'));
INSERT OR IGNORE INTO tags (name) VALUES ('grayscale');
INSERT INTO photo_tags (photo_idx, tag_id) VALUES ((SELECT photo_idx FROM photos WHERE photo_id = 1735), (SELECT tag_id FROM tags WHERE name = 'grayscale'));
INSERT OR IGNORE INTO tags (name) VALUES ('outdoors');
INSERT INTO photo_tags (photo_idx, tag_id) VALUES ((SELECT photo_idx FROM photos WHERE photo_id = 1735), (SELECT tag_id FROM tags WHERE name = 'outdoors'));
INSERT OR IGNORE INTO tags (name) VALUES ('black');
INSERT INTO photo_tags (photo_idx, tag_id) VALUES ((SELECT photo_idx FROM photos WHERE photo_id = 1735), (SELECT tag_id FROM tags WHERE name = 'black'));
INSERT OR IGNORE INTO tags (name) VALUES ('gray');
INSERT INTO photo_tags (photo_idx, tag_id) VALUES ((SELECT photo_idx FROM photos WHERE photo_id = 1735), (SELECT tag_id FROM tags WHERE name = 'gray'));
INSERT OR IGNORE INTO tags (name) VALUES ('sand');
INSERT INTO photo_tags (photo_idx, tag_id) VALUES ((SELECT photo_idx FROM photos WHERE photo_id = 1735), (SELECT tag_id FROM tags WHERE name = 'sand'));
INSERT OR IGNORE INTO tags (name) VALUES ('sky');
INSERT INTO photo_tags (photo_idx, tag_id) VALUES ((SELECT photo_idx FROM photos WHERE photo_id = 1735), (SELECT tag_id FROM tags WHERE name = 'sky'));
INSERT OR IGNORE INTO tags (name) VALUES ('desert');
INSERT INTO photo_tags (photo_idx, tag_id) VALUES ((SELECT photo_idx FROM photos WHERE photo_id = 1735), (SELECT tag_id FROM tags WHERE name = 'desert'));
INSERT OR IGNORE INTO tags (name) VALUES ('dunes');
INSERT INTO photo_tags (photo_idx, tag_id) VALUES ((SELECT photo_idx FROM photos WHERE photo_id = 1735), (SELECT tag_id FROM tags WHERE name = 'dunes'));

INSERT INTO photos (photo_id, photo_title, photo_collection, photo_location, photo_year, camera, film_stock, film_format) VALUES (1736, 'Death Valley Sand Dunes', 'Death Valley', 'Death Valley, California', 1990, 'Hasselblad', 'Kodak TMax 100', '6 x 6 cm');
INSERT INTO photos_fts (photo_idx, photo_id, photo_title, photo_collection, photo_location, photo_year, camera, film_stock, film_format, tag_names) VALUES ((SELECT photo_idx FROM photos WHERE photo_id = 1736), 1736, 'Death Valley Sand Dunes', 'Death Valley', 'Death Valley, California', 1990, 'Hasselblad', 'Kodak TMax 100', '6 x 6 cm', 'vertical,scenic,landscape,grayscale,outdoors,black,gray,sand,sky,desert,dunes');
INSERT OR IGNORE INTO tags (name) VALUES ('vertical');
INSERT INTO photo_tags (photo_idx, tag_id) VALUES ((SELECT photo_idx FROM photos WHERE photo_id = 1736), (SELECT tag_id FROM tags WHERE name = 'vertical'));
INSERT OR IGNORE INTO tags (name) VALUES ('scenic');
INSERT INTO photo_tags (photo_idx, tag_id) VALUES ((SELECT photo_idx FROM photos WHERE photo_id = 1736), (SELECT tag_id FROM tags WHERE name = 'scenic'));
INSERT OR IGNORE INTO tags (name) VALUES ('landscape');
INSERT INTO photo_tags (photo_idx, tag_id) VALUES ((SELECT photo_idx FROM photos WHERE photo_id = 1736), (SELECT tag_id FROM tags WHERE name = 'landscape'));
INSERT OR IGNORE INTO tags (name) VALUES ('grayscale');
INSERT INTO photo_tags (photo_idx, tag_id) VALUES ((SELECT photo_idx FROM photos WHERE photo_id = 1736), (SELECT tag_id FROM tags WHERE name = 'grayscale'));
INSERT OR IGNORE INTO tags (name) VALUES ('outdoors');
INSERT INTO photo_tags (photo_idx, tag_id) VALUES ((SELECT photo_idx FROM photos WHERE photo_id = 1736), (SELECT tag_id FROM tags WHERE name = 'outdoors'));
INSERT OR IGNORE INTO tags (name) VALUES ('black');
INSERT INTO photo_tags (photo_idx, tag_id) VALUES ((SELECT photo_idx FROM photos WHERE photo_id = 1736), (SELECT tag_id FROM tags WHERE name = 'black'));
INSERT OR IGNORE INTO tags (name) VALUES ('gray');
INSERT INTO photo_tags (photo_idx, tag_id) VALUES ((SELECT photo_idx FROM photos WHERE photo_id = 1736), (SELECT tag_id FROM tags WHERE name = 'gray'));
INSERT OR IGNORE INTO tags (name) VALUES ('sand');
INSERT INTO photo_tags (photo_idx, tag_id) VALUES ((SELECT photo_idx FROM photos WHERE photo_id = 1736), (SELECT tag_id FROM tags WHERE name = 'sand'));
INSERT OR IGNORE INTO tags (name) VALUES ('sky');
INSERT INTO photo_tags (photo_idx, tag_id) VALUES ((SELECT photo_idx FROM photos WHERE photo_id = 1736), (SELECT tag_id FROM tags WHERE name = 'sky'));
INSERT OR IGNORE INTO tags (name) VALUES ('desert');
INSERT INTO photo_tags (photo_idx, tag_id) VALUES ((SELECT photo_idx FROM photos WHERE photo_id = 1736), (SELECT tag_id FROM tags WHERE name = 'desert'));
INSERT OR IGNORE INTO tags (name) VALUES ('dunes');
INSERT INTO photo_tags (photo_idx, tag_id) VALUES ((SELECT photo_idx FROM photos WHERE photo_id = 1736), (SELECT tag_id FROM tags WHERE name = 'dunes'));

INSERT INTO photos (photo_id, photo_title, photo_collection, photo_location, photo_year, camera, film_stock, film_format) VALUES (1737, 'Shadows of Stick and Cork', 'Death Valley', 'Death Valley, California', 1990, 'Hasselblad', 'Kodak TMax 100', '6 x 6 cm');
INSERT INTO photos_fts (photo_idx, photo_id, photo_title, photo_collection, photo_location, photo_year, camera, film_stock, film_format, tag_names) VALUES ((SELECT photo_idx FROM photos WHERE photo_id = 1737), 1737, 'Shadows of Stick and Cork', 'Death Valley', 'Death Valley, California', 1990, 'Hasselblad', 'Kodak TMax 100', '6 x 6 cm', 'vertical,scenic,landscape,grayscale,outdoors,black,gray,sand,desert,dunes');
INSERT OR IGNORE INTO tags (name) VALUES ('vertical');
INSERT INTO photo_tags (photo_idx, tag_id) VALUES ((SELECT photo_idx FROM photos WHERE photo_id = 1737), (SELECT tag_id FROM tags WHERE name = 'vertical'));
INSERT OR IGNORE INTO tags (name) VALUES ('scenic');
INSERT INTO photo_tags (photo_idx, tag_id) VALUES ((SELECT photo_idx FROM photos WHERE photo_id = 1737), (SELECT tag_id FROM tags WHERE name = 'scenic'));
INSERT OR IGNORE INTO tags (name) VALUES ('landscape');
INSERT INTO photo_tags (photo_idx, tag_id) VALUES ((SELECT photo_idx FROM photos WHERE photo_id = 1737), (SELECT tag_id FROM tags WHERE name = 'landscape'));
INSERT OR IGNORE INTO tags (name) VALUES ('grayscale');
INSERT INTO photo_tags (photo_idx, tag_id) VALUES ((SELECT photo_idx FROM photos WHERE photo_id = 1737), (SELECT tag_id FROM tags WHERE name = 'grayscale'));
INSERT OR IGNORE INTO tags (name) VALUES ('outdoors');
INSERT INTO photo_tags (photo_idx, tag_id) VALUES ((SELECT photo_idx FROM photos WHERE photo_id = 1737), (SELECT tag_id FROM tags WHERE name = 'outdoors'));
INSERT OR IGNORE INTO tags (name) VALUES ('black');
INSERT INTO photo_tags (photo_idx, tag_id) VALUES ((SELECT photo_idx FROM photos WHERE photo_id = 1737), (SELECT tag_id FROM tags WHERE name = 'black'));
INSERT OR IGNORE INTO tags (name) VALUES ('gray');
INSERT INTO photo_tags (photo_idx, tag_id) VALUES ((SELECT photo_idx FROM photos WHERE photo_id = 1737), (SELECT tag_id FROM tags WHERE name = 'gray'));
INSERT OR IGNORE INTO tags (name) VALUES ('sand');
INSERT INTO photo_tags (photo_idx, tag_id) VALUES ((SELECT photo_idx FROM photos WHERE photo_id = 1737), (SELECT tag_id FROM tags WHERE name = 'sand'));
INSERT OR IGNORE INTO tags (name) VALUES ('desert');
INSERT INTO photo_tags (photo_idx, tag_id) VALUES ((SELECT photo_idx FROM photos WHERE photo_id = 1737), (SELECT tag_id FROM tags WHERE name = 'desert'));
INSERT OR IGNORE INTO tags (name) VALUES ('dunes');
INSERT INTO photo_tags (photo_idx, tag_id) VALUES ((SELECT photo_idx FROM photos WHERE photo_id = 1737), (SELECT tag_id FROM tags WHERE name = 'dunes'));

INSERT INTO photos (photo_id, photo_title, photo_collection, photo_location, photo_year, camera, film_stock, film_format) VALUES (1740, 'Alkali Mud Formation', 'Death Valley', 'Death Valley, California', 1990, 'Hasselblad', 'Kodak TMax 100', '6 x 6 cm');
INSERT INTO photos_fts (photo_idx, photo_id, photo_title, photo_collection, photo_location, photo_year, camera, film_stock, film_format, tag_names) VALUES ((SELECT photo_idx FROM photos WHERE photo_id = 1740), 1740, 'Alkali Mud Formation', 'Death Valley', 'Death Valley, California', 1990, 'Hasselblad', 'Kodak TMax 100', '6 x 6 cm', 'vertical,scenic,landscape,grayscale,outdoors,black,gray,sand,mud,desert,dunes');
INSERT OR IGNORE INTO tags (name) VALUES ('vertical');
INSERT INTO photo_tags (photo_idx, tag_id) VALUES ((SELECT photo_idx FROM photos WHERE photo_id = 1740), (SELECT tag_id FROM tags WHERE name = 'vertical'));
INSERT OR IGNORE INTO tags (name) VALUES ('scenic');
INSERT INTO photo_tags (photo_idx, tag_id) VALUES ((SELECT photo_idx FROM photos WHERE photo_id = 1740), (SELECT tag_id FROM tags WHERE name = 'scenic'));
INSERT OR IGNORE INTO tags (name) VALUES ('landscape');
INSERT INTO photo_tags (photo_idx, tag_id) VALUES ((SELECT photo_idx FROM photos WHERE photo_id = 1740), (SELECT tag_id FROM tags WHERE name = 'landscape'));
INSERT OR IGNORE INTO tags (name) VALUES ('grayscale');
INSERT INTO photo_tags (photo_idx, tag_id) VALUES ((SELECT photo_idx FROM photos WHERE photo_id = 1740), (SELECT tag_id FROM tags WHERE name = 'grayscale'));
INSERT OR IGNORE INTO tags (name) VALUES ('outdoors');
INSERT INTO photo_tags (photo_idx, tag_id) VALUES ((SELECT photo_idx FROM photos WHERE photo_id = 1740), (SELECT tag_id FROM tags WHERE name = 'outdoors'));
INSERT OR IGNORE INTO tags (name) VALUES ('black');
INSERT INTO photo_tags (photo_idx, tag_id) VALUES ((SELECT photo_idx FROM photos WHERE photo_id = 1740), (SELECT tag_id FROM tags WHERE name = 'black'));
INSERT OR IGNORE INTO tags (name) VALUES ('gray');
INSERT INTO photo_tags (photo_idx, tag_id) VALUES ((SELECT photo_idx FROM photos WHERE photo_id = 1740), (SELECT tag_id FROM tags WHERE name = 'gray'));
INSERT OR IGNORE INTO tags (name) VALUES ('sand');
INSERT INTO photo_tags (photo_idx, tag_id) VALUES ((SELECT photo_idx FROM photos WHERE photo_id = 1740), (SELECT tag_id FROM tags WHERE name = 'sand'));
INSERT OR IGNORE INTO tags (name) VALUES ('mud');
INSERT INTO photo_tags (photo_idx, tag_id) VALUES ((SELECT photo_idx FROM photos WHERE photo_id = 1740), (SELECT tag_id FROM tags WHERE name = 'mud'));
INSERT OR IGNORE INTO tags (name) VALUES ('desert');
INSERT INTO photo_tags (photo_idx, tag_id) VALUES ((SELECT photo_idx FROM photos WHERE photo_id = 1740), (SELECT tag_id FROM tags WHERE name = 'desert'));
INSERT OR IGNORE INTO tags (name) VALUES ('dunes');
INSERT INTO photo_tags (photo_idx, tag_id) VALUES ((SELECT photo_idx FROM photos WHERE photo_id = 1740), (SELECT tag_id FROM tags WHERE name = 'dunes'));

INSERT INTO photos (photo_id, photo_title, photo_collection, photo_location, photo_year, camera, film_stock, film_format) VALUES (1742, 'Rock Shadow at Sunset', 'California', 'San Gregorio Beach, California', 1989, 'Hasselblad', 'Kodak TMax 400', '6 x 6 cm');
INSERT INTO photos_fts (photo_idx, photo_id, photo_title, photo_collection, photo_location, photo_year, camera, film_stock, film_format, tag_names) VALUES ((SELECT photo_idx FROM photos WHERE photo_id = 1742), 1742, 'Rock Shadow at Sunset', 'California', 'San Gregorio Beach, California', 1989, 'Hasselblad', 'Kodak TMax 400', '6 x 6 cm', 'horizontal,popular,scenic,landscape,grayscale,outdoors,black,gray,rock,sand,beach,dunes,coast');
INSERT OR IGNORE INTO tags (name) VALUES ('horizontal');
INSERT INTO photo_tags (photo_idx, tag_id) VALUES ((SELECT photo_idx FROM photos WHERE photo_id = 1742), (SELECT tag_id FROM tags WHERE name = 'horizontal'));
INSERT OR IGNORE INTO tags (name) VALUES ('popular');
INSERT INTO photo_tags (photo_idx, tag_id) VALUES ((SELECT photo_idx FROM photos WHERE photo_id = 1742), (SELECT tag_id FROM tags WHERE name = 'popular'));
INSERT OR IGNORE INTO tags (name) VALUES ('scenic');
INSERT INTO photo_tags (photo_idx, tag_id) VALUES ((SELECT photo_idx FROM photos WHERE photo_id = 1742), (SELECT tag_id FROM tags WHERE name = 'scenic'));
INSERT OR IGNORE INTO tags (name) VALUES ('landscape');
INSERT INTO photo_tags (photo_idx, tag_id) VALUES ((SELECT photo_idx FROM photos WHERE photo_id = 1742), (SELECT tag_id FROM tags WHERE name = 'landscape'));
INSERT OR IGNORE INTO tags (name) VALUES ('grayscale');
INSERT INTO photo_tags (photo_idx, tag_id) VALUES ((SELECT photo_idx FROM photos WHERE photo_id = 1742), (SELECT tag_id FROM tags WHERE name = 'grayscale'));
INSERT OR IGNORE INTO tags (name) VALUES ('outdoors');
INSERT INTO photo_tags (photo_idx, tag_id) VALUES ((SELECT photo_idx FROM photos WHERE photo_id = 1742), (SELECT tag_id FROM tags WHERE name = 'outdoors'));
INSERT OR IGNORE INTO tags (name) VALUES ('black');
INSERT INTO photo_tags (photo_idx, tag_id) VALUES ((SELECT photo_idx FROM photos WHERE photo_id = 1742), (SELECT tag_id FROM tags WHERE name = 'black'));
INSERT OR IGNORE INTO tags (name) VALUES ('gray');
INSERT INTO photo_tags (photo_idx, tag_id) VALUES ((SELECT photo_idx FROM photos WHERE photo_id = 1742), (SELECT tag_id FROM tags WHERE name = 'gray'));
INSERT OR IGNORE INTO tags (name) VALUES ('rock');
INSERT INTO photo_tags (photo_idx, tag_id) VALUES ((SELECT photo_idx FROM photos WHERE photo_id = 1742), (SELECT tag_id FROM tags WHERE name = 'rock'));
INSERT OR IGNORE INTO tags (name) VALUES ('sand');
INSERT INTO photo_tags (photo_idx, tag_id) VALUES ((SELECT photo_idx FROM photos WHERE photo_id = 1742), (SELECT tag_id FROM tags WHERE name = 'sand'));
INSERT OR IGNORE INTO tags (name) VALUES ('beach');
INSERT INTO photo_tags (photo_idx, tag_id) VALUES ((SELECT photo_idx FROM photos WHERE photo_id = 1742), (SELECT tag_id FROM tags WHERE name = 'beach'));
INSERT OR IGNORE INTO tags (name) VALUES ('dunes');
INSERT INTO photo_tags (photo_idx, tag_id) VALUES ((SELECT photo_idx FROM photos WHERE photo_id = 1742), (SELECT tag_id FROM tags WHERE name = 'dunes'));
INSERT OR IGNORE INTO tags (name) VALUES ('coast');
INSERT INTO photo_tags (photo_idx, tag_id) VALUES ((SELECT photo_idx FROM photos WHERE photo_id = 1742), (SELECT tag_id FROM tags WHERE name = 'coast'));

INSERT INTO photos (photo_id, photo_title, photo_collection, photo_location, photo_year, camera, film_stock, film_format) VALUES (1743, 'Beachwood Trunk at Sunset', 'California', 'San Gregorio Beach, California', 1989, 'Hasselblad', 'Kodak TMax 400', '6 x 6 cm');
INSERT INTO photos_fts (photo_idx, photo_id, photo_title, photo_collection, photo_location, photo_year, camera, film_stock, film_format, tag_names) VALUES ((SELECT photo_idx FROM photos WHERE photo_id = 1743), 1743, 'Beachwood Trunk at Sunset', 'California', 'San Gregorio Beach, California', 1989, 'Hasselblad', 'Kodak TMax 400', '6 x 6 cm', 'vertical,scenic,landscape,grayscale,outdoors,black,gray,sand,trees,beach,coast');
INSERT OR IGNORE INTO tags (name) VALUES ('vertical');
INSERT INTO photo_tags (photo_idx, tag_id) VALUES ((SELECT photo_idx FROM photos WHERE photo_id = 1743), (SELECT tag_id FROM tags WHERE name = 'vertical'));
INSERT OR IGNORE INTO tags (name) VALUES ('scenic');
INSERT INTO photo_tags (photo_idx, tag_id) VALUES ((SELECT photo_idx FROM photos WHERE photo_id = 1743), (SELECT tag_id FROM tags WHERE name = 'scenic'));
INSERT OR IGNORE INTO tags (name) VALUES ('landscape');
INSERT INTO photo_tags (photo_idx, tag_id) VALUES ((SELECT photo_idx FROM photos WHERE photo_id = 1743), (SELECT tag_id FROM tags WHERE name = 'landscape'));
INSERT OR IGNORE INTO tags (name) VALUES ('grayscale');
INSERT INTO photo_tags (photo_idx, tag_id) VALUES ((SELECT photo_idx FROM photos WHERE photo_id = 1743), (SELECT tag_id FROM tags WHERE name = 'grayscale'));
INSERT OR IGNORE INTO tags (name) VALUES ('outdoors');
INSERT INTO photo_tags (photo_idx, tag_id) VALUES ((SELECT photo_idx FROM photos WHERE photo_id = 1743), (SELECT tag_id FROM tags WHERE name = 'outdoors'));
INSERT OR IGNORE INTO tags (name) VALUES ('black');
INSERT INTO photo_tags (photo_idx, tag_id) VALUES ((SELECT photo_idx FROM photos WHERE photo_id = 1743), (SELECT tag_id FROM tags WHERE name = 'black'));
INSERT OR IGNORE INTO tags (name) VALUES ('gray');
INSERT INTO photo_tags (photo_idx, tag_id) VALUES ((SELECT photo_idx FROM photos WHERE photo_id = 1743), (SELECT tag_id FROM tags WHERE name = 'gray'));
INSERT OR IGNORE INTO tags (name) VALUES ('sand');
INSERT INTO photo_tags (photo_idx, tag_id) VALUES ((SELECT photo_idx FROM photos WHERE photo_id = 1743), (SELECT tag_id FROM tags WHERE name = 'sand'));
INSERT OR IGNORE INTO tags (name) VALUES ('trees');
INSERT INTO photo_tags (photo_idx, tag_id) VALUES ((SELECT photo_idx FROM photos WHERE photo_id = 1743), (SELECT tag_id FROM tags WHERE name = 'trees'));
INSERT OR IGNORE INTO tags (name) VALUES ('beach');
INSERT INTO photo_tags (photo_idx, tag_id) VALUES ((SELECT photo_idx FROM photos WHERE photo_id = 1743), (SELECT tag_id FROM tags WHERE name = 'beach'));
INSERT OR IGNORE INTO tags (name) VALUES ('coast');
INSERT INTO photo_tags (photo_idx, tag_id) VALUES ((SELECT photo_idx FROM photos WHERE photo_id = 1743), (SELECT tag_id FROM tags WHERE name = 'coast'));

INSERT INTO photos (photo_id, photo_title, photo_collection, photo_location, photo_year, camera, film_stock, film_format) VALUES (1744, 'Steps at Martin''s Beach', 'California', 'Half Moon Bay, California', 1989, 'Hasselblad', 'Kodak TMax 400', '6 x 6 cm');
INSERT INTO photos_fts (photo_idx, photo_id, photo_title, photo_collection, photo_location, photo_year, camera, film_stock, film_format, tag_names) VALUES ((SELECT photo_idx FROM photos WHERE photo_id = 1744), 1744, 'Steps at Martin''s Beach', 'California', 'Half Moon Bay, California', 1989, 'Hasselblad', 'Kodak TMax 400', '6 x 6 cm', 'vertical,scenic,landscape,grayscale,outdoors,gray,sand,sky,ocean,beach,coast,sea stack');
INSERT OR IGNORE INTO tags (name) VALUES ('vertical');
INSERT INTO photo_tags (photo_idx, tag_id) VALUES ((SELECT photo_idx FROM photos WHERE photo_id = 1744), (SELECT tag_id FROM tags WHERE name = 'vertical'));
INSERT OR IGNORE INTO tags (name) VALUES ('scenic');
INSERT INTO photo_tags (photo_idx, tag_id) VALUES ((SELECT photo_idx FROM photos WHERE photo_id = 1744), (SELECT tag_id FROM tags WHERE name = 'scenic'));
INSERT OR IGNORE INTO tags (name) VALUES ('landscape');
INSERT INTO photo_tags (photo_idx, tag_id) VALUES ((SELECT photo_idx FROM photos WHERE photo_id = 1744), (SELECT tag_id FROM tags WHERE name = 'landscape'));
INSERT OR IGNORE INTO tags (name) VALUES ('grayscale');
INSERT INTO photo_tags (photo_idx, tag_id) VALUES ((SELECT photo_idx FROM photos WHERE photo_id = 1744), (SELECT tag_id FROM tags WHERE name = 'grayscale'));
INSERT OR IGNORE INTO tags (name) VALUES ('outdoors');
INSERT INTO photo_tags (photo_idx, tag_id) VALUES ((SELECT photo_idx FROM photos WHERE photo_id = 1744), (SELECT tag_id FROM tags WHERE name = 'outdoors'));
INSERT OR IGNORE INTO tags (name) VALUES ('gray');
INSERT INTO photo_tags (photo_idx, tag_id) VALUES ((SELECT photo_idx FROM photos WHERE photo_id = 1744), (SELECT tag_id FROM tags WHERE name = 'gray'));
INSERT OR IGNORE INTO tags (name) VALUES ('sand');
INSERT INTO photo_tags (photo_idx, tag_id) VALUES ((SELECT photo_idx FROM photos WHERE photo_id = 1744), (SELECT tag_id FROM tags WHERE name = 'sand'));
INSERT OR IGNORE INTO tags (name) VALUES ('sky');
INSERT INTO photo_tags (photo_idx, tag_id) VALUES ((SELECT photo_idx FROM photos WHERE photo_id = 1744), (SELECT tag_id FROM tags WHERE name = 'sky'));
INSERT OR IGNORE INTO tags (name) VALUES ('ocean');
INSERT INTO photo_tags (photo_idx, tag_id) VALUES ((SELECT photo_idx FROM photos WHERE photo_id = 1744), (SELECT tag_id FROM tags WHERE name = 'ocean'));
INSERT OR IGNORE INTO tags (name) VALUES ('beach');
INSERT INTO photo_tags (photo_idx, tag_id) VALUES ((SELECT photo_idx FROM photos WHERE photo_id = 1744), (SELECT tag_id FROM tags WHERE name = 'beach'));
INSERT OR IGNORE INTO tags (name) VALUES ('coast');
INSERT INTO photo_tags (photo_idx, tag_id) VALUES ((SELECT photo_idx FROM photos WHERE photo_id = 1744), (SELECT tag_id FROM tags WHERE name = 'coast'));
INSERT OR IGNORE INTO tags (name) VALUES ('sea stack');
INSERT INTO photo_tags (photo_idx, tag_id) VALUES ((SELECT photo_idx FROM photos WHERE photo_id = 1744), (SELECT tag_id FROM tags WHERE name = 'sea stack'));

INSERT INTO photos (photo_id, photo_title, photo_collection, photo_location, photo_year, camera, film_stock, film_format) VALUES (1745, 'Tracks in the Sand', 'California', 'Half Moon Bay, California', 1989, 'Hasselblad', 'Kodak TMax 400', '6 x 6 cm');
INSERT INTO photos_fts (photo_idx, photo_id, photo_title, photo_collection, photo_location, photo_year, camera, film_stock, film_format, tag_names) VALUES ((SELECT photo_idx FROM photos WHERE photo_id = 1745), 1745, 'Tracks in the Sand', 'California', 'Half Moon Bay, California', 1989, 'Hasselblad', 'Kodak TMax 400', '6 x 6 cm', 'horizontal,scenic,landscape,grayscale,outdoors,gray,sand,sky,ocean,beach,coast');
INSERT OR IGNORE INTO tags (name) VALUES ('horizontal');
INSERT INTO photo_tags (photo_idx, tag_id) VALUES ((SELECT photo_idx FROM photos WHERE photo_id = 1745), (SELECT tag_id FROM tags WHERE name = 'horizontal'));
INSERT OR IGNORE INTO tags (name) VALUES ('scenic');
INSERT INTO photo_tags (photo_idx, tag_id) VALUES ((SELECT photo_idx FROM photos WHERE photo_id = 1745), (SELECT tag_id FROM tags WHERE name = 'scenic'));
INSERT OR IGNORE INTO tags (name) VALUES ('landscape');
INSERT INTO photo_tags (photo_idx, tag_id) VALUES ((SELECT photo_idx FROM photos WHERE photo_id = 1745), (SELECT tag_id FROM tags WHERE name = 'landscape'));
INSERT OR IGNORE INTO tags (name) VALUES ('grayscale');
INSERT INTO photo_tags (photo_idx, tag_id) VALUES ((SELECT photo_idx FROM photos WHERE photo_id = 1745), (SELECT tag_id FROM tags WHERE name = 'grayscale'));
INSERT OR IGNORE INTO tags (name) VALUES ('outdoors');
INSERT INTO photo_tags (photo_idx, tag_id) VALUES ((SELECT photo_idx FROM photos WHERE photo_id = 1745), (SELECT tag_id FROM tags WHERE name = 'outdoors'));
INSERT OR IGNORE INTO tags (name) VALUES ('gray');
INSERT INTO photo_tags (photo_idx, tag_id) VALUES ((SELECT photo_idx FROM photos WHERE photo_id = 1745), (SELECT tag_id FROM tags WHERE name = 'gray'));
INSERT OR IGNORE INTO tags (name) VALUES ('sand');
INSERT INTO photo_tags (photo_idx, tag_id) VALUES ((SELECT photo_idx FROM photos WHERE photo_id = 1745), (SELECT tag_id FROM tags WHERE name = 'sand'));
INSERT OR IGNORE INTO tags (name) VALUES ('sky');
INSERT INTO photo_tags (photo_idx, tag_id) VALUES ((SELECT photo_idx FROM photos WHERE photo_id = 1745), (SELECT tag_id FROM tags WHERE name = 'sky'));
INSERT OR IGNORE INTO tags (name) VALUES ('ocean');
INSERT INTO photo_tags (photo_idx, tag_id) VALUES ((SELECT photo_idx FROM photos WHERE photo_id = 1745), (SELECT tag_id FROM tags WHERE name = 'ocean'));
INSERT OR IGNORE INTO tags (name) VALUES ('beach');
INSERT INTO photo_tags (photo_idx, tag_id) VALUES ((SELECT photo_idx FROM photos WHERE photo_id = 1745), (SELECT tag_id FROM tags WHERE name = 'beach'));
INSERT OR IGNORE INTO tags (name) VALUES ('coast');
INSERT INTO photo_tags (photo_idx, tag_id) VALUES ((SELECT photo_idx FROM photos WHERE photo_id = 1745), (SELECT tag_id FROM tags WHERE name = 'coast'));

INSERT INTO photos (photo_id, photo_title, photo_collection, photo_location, photo_year, camera, film_stock, film_format) VALUES (1746, 'Ocean Foam', 'California', 'Half Moon Bay, California', 1989, 'Hasselblad', 'Kodak TMax 400', '6 x 6 cm');
INSERT INTO photos_fts (photo_idx, photo_id, photo_title, photo_collection, photo_location, photo_year, camera, film_stock, film_format, tag_names) VALUES ((SELECT photo_idx FROM photos WHERE photo_id = 1746), 1746, 'Ocean Foam', 'California', 'Half Moon Bay, California', 1989, 'Hasselblad', 'Kodak TMax 400', '6 x 6 cm', 'vertical,scenic,landscape,grayscale,outdoors,gray,white,sand,ocean,beach,coast,waves');
INSERT OR IGNORE INTO tags (name) VALUES ('vertical');
INSERT INTO photo_tags (photo_idx, tag_id) VALUES ((SELECT photo_idx FROM photos WHERE photo_id = 1746), (SELECT tag_id FROM tags WHERE name = 'vertical'));
INSERT OR IGNORE INTO tags (name) VALUES ('scenic');
INSERT INTO photo_tags (photo_idx, tag_id) VALUES ((SELECT photo_idx FROM photos WHERE photo_id = 1746), (SELECT tag_id FROM tags WHERE name = 'scenic'));
INSERT OR IGNORE INTO tags (name) VALUES ('landscape');
INSERT INTO photo_tags (photo_idx, tag_id) VALUES ((SELECT photo_idx FROM photos WHERE photo_id = 1746), (SELECT tag_id FROM tags WHERE name = 'landscape'));
INSERT OR IGNORE INTO tags (name) VALUES ('grayscale');
INSERT INTO photo_tags (photo_idx, tag_id) VALUES ((SELECT photo_idx FROM photos WHERE photo_id = 1746), (SELECT tag_id FROM tags WHERE name = 'grayscale'));
INSERT OR IGNORE INTO tags (name) VALUES ('outdoors');
INSERT INTO photo_tags (photo_idx, tag_id) VALUES ((SELECT photo_idx FROM photos WHERE photo_id = 1746), (SELECT tag_id FROM tags WHERE name = 'outdoors'));
INSERT OR IGNORE INTO tags (name) VALUES ('gray');
INSERT INTO photo_tags (photo_idx, tag_id) VALUES ((SELECT photo_idx FROM photos WHERE photo_id = 1746), (SELECT tag_id FROM tags WHERE name = 'gray'));
INSERT OR IGNORE INTO tags (name) VALUES ('white');
INSERT INTO photo_tags (photo_idx, tag_id) VALUES ((SELECT photo_idx FROM photos WHERE photo_id = 1746), (SELECT tag_id FROM tags WHERE name = 'white'));
INSERT OR IGNORE INTO tags (name) VALUES ('sand');
INSERT INTO photo_tags (photo_idx, tag_id) VALUES ((SELECT photo_idx FROM photos WHERE photo_id = 1746), (SELECT tag_id FROM tags WHERE name = 'sand'));
INSERT OR IGNORE INTO tags (name) VALUES ('ocean');
INSERT INTO photo_tags (photo_idx, tag_id) VALUES ((SELECT photo_idx FROM photos WHERE photo_id = 1746), (SELECT tag_id FROM tags WHERE name = 'ocean'));
INSERT OR IGNORE INTO tags (name) VALUES ('beach');
INSERT INTO photo_tags (photo_idx, tag_id) VALUES ((SELECT photo_idx FROM photos WHERE photo_id = 1746), (SELECT tag_id FROM tags WHERE name = 'beach'));
INSERT OR IGNORE INTO tags (name) VALUES ('coast');
INSERT INTO photo_tags (photo_idx, tag_id) VALUES ((SELECT photo_idx FROM photos WHERE photo_id = 1746), (SELECT tag_id FROM tags WHERE name = 'coast'));
INSERT OR IGNORE INTO tags (name) VALUES ('waves');
INSERT INTO photo_tags (photo_idx, tag_id) VALUES ((SELECT photo_idx FROM photos WHERE photo_id = 1746), (SELECT tag_id FROM tags WHERE name = 'waves'));

INSERT INTO photos (photo_id, photo_title, photo_collection, photo_location, photo_year, camera, film_stock, film_format) VALUES (1747, 'Ocean Foam', 'California', 'Half Moon Bay, California', 1989, 'Hasselblad', 'Kodak TMax 400', '6 x 6 cm');
INSERT INTO photos_fts (photo_idx, photo_id, photo_title, photo_collection, photo_location, photo_year, camera, film_stock, film_format, tag_names) VALUES ((SELECT photo_idx FROM photos WHERE photo_id = 1747), 1747, 'Ocean Foam', 'California', 'Half Moon Bay, California', 1989, 'Hasselblad', 'Kodak TMax 400', '6 x 6 cm', 'horizontal,scenic,landscape,grayscale,outdoors,gray,white,sand,ocean,beach,coast,waves');
INSERT OR IGNORE INTO tags (name) VALUES ('horizontal');
INSERT INTO photo_tags (photo_idx, tag_id) VALUES ((SELECT photo_idx FROM photos WHERE photo_id = 1747), (SELECT tag_id FROM tags WHERE name = 'horizontal'));
INSERT OR IGNORE INTO tags (name) VALUES ('scenic');
INSERT INTO photo_tags (photo_idx, tag_id) VALUES ((SELECT photo_idx FROM photos WHERE photo_id = 1747), (SELECT tag_id FROM tags WHERE name = 'scenic'));
INSERT OR IGNORE INTO tags (name) VALUES ('landscape');
INSERT INTO photo_tags (photo_idx, tag_id) VALUES ((SELECT photo_idx FROM photos WHERE photo_id = 1747), (SELECT tag_id FROM tags WHERE name = 'landscape'));
INSERT OR IGNORE INTO tags (name) VALUES ('grayscale');
INSERT INTO photo_tags (photo_idx, tag_id) VALUES ((SELECT photo_idx FROM photos WHERE photo_id = 1747), (SELECT tag_id FROM tags WHERE name = 'grayscale'));
INSERT OR IGNORE INTO tags (name) VALUES ('outdoors');
INSERT INTO photo_tags (photo_idx, tag_id) VALUES ((SELECT photo_idx FROM photos WHERE photo_id = 1747), (SELECT tag_id FROM tags WHERE name = 'outdoors'));
INSERT OR IGNORE INTO tags (name) VALUES ('gray');
INSERT INTO photo_tags (photo_idx, tag_id) VALUES ((SELECT photo_idx FROM photos WHERE photo_id = 1747), (SELECT tag_id FROM tags WHERE name = 'gray'));
INSERT OR IGNORE INTO tags (name) VALUES ('white');
INSERT INTO photo_tags (photo_idx, tag_id) VALUES ((SELECT photo_idx FROM photos WHERE photo_id = 1747), (SELECT tag_id FROM tags WHERE name = 'white'));
INSERT OR IGNORE INTO tags (name) VALUES ('sand');
INSERT INTO photo_tags (photo_idx, tag_id) VALUES ((SELECT photo_idx FROM photos WHERE photo_id = 1747), (SELECT tag_id FROM tags WHERE name = 'sand'));
INSERT OR IGNORE INTO tags (name) VALUES ('ocean');
INSERT INTO photo_tags (photo_idx, tag_id) VALUES ((SELECT photo_idx FROM photos WHERE photo_id = 1747), (SELECT tag_id FROM tags WHERE name = 'ocean'));
INSERT OR IGNORE INTO tags (name) VALUES ('beach');
INSERT INTO photo_tags (photo_idx, tag_id) VALUES ((SELECT photo_idx FROM photos WHERE photo_id = 1747), (SELECT tag_id FROM tags WHERE name = 'beach'));
INSERT OR IGNORE INTO tags (name) VALUES ('coast');
INSERT INTO photo_tags (photo_idx, tag_id) VALUES ((SELECT photo_idx FROM photos WHERE photo_id = 1747), (SELECT tag_id FROM tags WHERE name = 'coast'));
INSERT OR IGNORE INTO tags (name) VALUES ('waves');
INSERT INTO photo_tags (photo_idx, tag_id) VALUES ((SELECT photo_idx FROM photos WHERE photo_id = 1747), (SELECT tag_id FROM tags WHERE name = 'waves'));

INSERT INTO photos (photo_id, photo_title, photo_collection, photo_location, photo_year, camera, film_stock, film_format) VALUES (1749, 'Beach Shell at Sunset', 'California', 'Half Moon Bay, California', 1989, 'Hasselblad', 'Kodak TMax 400', '6 x 6 cm');
INSERT INTO photos_fts (photo_idx, photo_id, photo_title, photo_collection, photo_location, photo_year, camera, film_stock, film_format, tag_names) VALUES ((SELECT photo_idx FROM photos WHERE photo_id = 1749), 1749, 'Beach Shell at Sunset', 'California', 'Half Moon Bay, California', 1989, 'Hasselblad', 'Kodak TMax 400', '6 x 6 cm', 'horizontal,closeup,grayscale,outdoors,gray,sand,shell,beach,coast');
INSERT OR IGNORE INTO tags (name) VALUES ('horizontal');
INSERT INTO photo_tags (photo_idx, tag_id) VALUES ((SELECT photo_idx FROM photos WHERE photo_id = 1749), (SELECT tag_id FROM tags WHERE name = 'horizontal'));
INSERT OR IGNORE INTO tags (name) VALUES ('closeup');
INSERT INTO photo_tags (photo_idx, tag_id) VALUES ((SELECT photo_idx FROM photos WHERE photo_id = 1749), (SELECT tag_id FROM tags WHERE name = 'closeup'));
INSERT OR IGNORE INTO tags (name) VALUES ('grayscale');
INSERT INTO photo_tags (photo_idx, tag_id) VALUES ((SELECT photo_idx FROM photos WHERE photo_id = 1749), (SELECT tag_id FROM tags WHERE name = 'grayscale'));
INSERT OR IGNORE INTO tags (name) VALUES ('outdoors');
INSERT INTO photo_tags (photo_idx, tag_id) VALUES ((SELECT photo_idx FROM photos WHERE photo_id = 1749), (SELECT tag_id FROM tags WHERE name = 'outdoors'));
INSERT OR IGNORE INTO tags (name) VALUES ('gray');
INSERT INTO photo_tags (photo_idx, tag_id) VALUES ((SELECT photo_idx FROM photos WHERE photo_id = 1749), (SELECT tag_id FROM tags WHERE name = 'gray'));
INSERT OR IGNORE INTO tags (name) VALUES ('sand');
INSERT INTO photo_tags (photo_idx, tag_id) VALUES ((SELECT photo_idx FROM photos WHERE photo_id = 1749), (SELECT tag_id FROM tags WHERE name = 'sand'));
INSERT OR IGNORE INTO tags (name) VALUES ('shell');
INSERT INTO photo_tags (photo_idx, tag_id) VALUES ((SELECT photo_idx FROM photos WHERE photo_id = 1749), (SELECT tag_id FROM tags WHERE name = 'shell'));
INSERT OR IGNORE INTO tags (name) VALUES ('beach');
INSERT INTO photo_tags (photo_idx, tag_id) VALUES ((SELECT photo_idx FROM photos WHERE photo_id = 1749), (SELECT tag_id FROM tags WHERE name = 'beach'));
INSERT OR IGNORE INTO tags (name) VALUES ('coast');
INSERT INTO photo_tags (photo_idx, tag_id) VALUES ((SELECT photo_idx FROM photos WHERE photo_id = 1749), (SELECT tag_id FROM tags WHERE name = 'coast'));

INSERT INTO photos (photo_id, photo_title, photo_collection, photo_location, photo_year, camera, film_stock, film_format) VALUES (1751, 'Wet Pebbles', 'California', 'Point Lobos, California', 1993, 'Hasselblad', 'Kodak TMax 100', '6 x 6 cm');
INSERT INTO photos_fts (photo_idx, photo_id, photo_title, photo_collection, photo_location, photo_year, camera, film_stock, film_format, tag_names) VALUES ((SELECT photo_idx FROM photos WHERE photo_id = 1751), 1751, 'Wet Pebbles', 'California', 'Point Lobos, California', 1993, 'Hasselblad', 'Kodak TMax 100', '6 x 6 cm', 'vertical,scenic,landscape,grayscale,outdoors,gray,beach,coast');
INSERT OR IGNORE INTO tags (name) VALUES ('vertical');
INSERT INTO photo_tags (photo_idx, tag_id) VALUES ((SELECT photo_idx FROM photos WHERE photo_id = 1751), (SELECT tag_id FROM tags WHERE name = 'vertical'));
INSERT OR IGNORE INTO tags (name) VALUES ('scenic');
INSERT INTO photo_tags (photo_idx, tag_id) VALUES ((SELECT photo_idx FROM photos WHERE photo_id = 1751), (SELECT tag_id FROM tags WHERE name = 'scenic'));
INSERT OR IGNORE INTO tags (name) VALUES ('landscape');
INSERT INTO photo_tags (photo_idx, tag_id) VALUES ((SELECT photo_idx FROM photos WHERE photo_id = 1751), (SELECT tag_id FROM tags WHERE name = 'landscape'));
INSERT OR IGNORE INTO tags (name) VALUES ('grayscale');
INSERT INTO photo_tags (photo_idx, tag_id) VALUES ((SELECT photo_idx FROM photos WHERE photo_id = 1751), (SELECT tag_id FROM tags WHERE name = 'grayscale'));
INSERT OR IGNORE INTO tags (name) VALUES ('outdoors');
INSERT INTO photo_tags (photo_idx, tag_id) VALUES ((SELECT photo_idx FROM photos WHERE photo_id = 1751), (SELECT tag_id FROM tags WHERE name = 'outdoors'));
INSERT OR IGNORE INTO tags (name) VALUES ('gray');
INSERT INTO photo_tags (photo_idx, tag_id) VALUES ((SELECT photo_idx FROM photos WHERE photo_id = 1751), (SELECT tag_id FROM tags WHERE name = 'gray'));
INSERT OR IGNORE INTO tags (name) VALUES ('beach');
INSERT INTO photo_tags (photo_idx, tag_id) VALUES ((SELECT photo_idx FROM photos WHERE photo_id = 1751), (SELECT tag_id FROM tags WHERE name = 'beach'));
INSERT OR IGNORE INTO tags (name) VALUES ('coast');
INSERT INTO photo_tags (photo_idx, tag_id) VALUES ((SELECT photo_idx FROM photos WHERE photo_id = 1751), (SELECT tag_id FROM tags WHERE name = 'coast'));

INSERT INTO photos (photo_id, photo_title, photo_collection, photo_location, photo_year, camera, film_stock, film_format) VALUES (1752, 'Rock Formations', 'California', 'Point Lobos, California', 1993, 'Hasselblad', 'Kodak TMax 400', '6 x 6 cm');
INSERT INTO photos_fts (photo_idx, photo_id, photo_title, photo_collection, photo_location, photo_year, camera, film_stock, film_format, tag_names) VALUES ((SELECT photo_idx FROM photos WHERE photo_id = 1752), 1752, 'Rock Formations', 'California', 'Point Lobos, California', 1993, 'Hasselblad', 'Kodak TMax 400', '6 x 6 cm', 'vertical,scenic,landscape,grayscale,outdoors,gray,rock,beach,coast');
INSERT OR IGNORE INTO tags (name) VALUES ('vertical');
INSERT INTO photo_tags (photo_idx, tag_id) VALUES ((SELECT photo_idx FROM photos WHERE photo_id = 1752), (SELECT tag_id FROM tags WHERE name = 'vertical'));
INSERT OR IGNORE INTO tags (name) VALUES ('scenic');
INSERT INTO photo_tags (photo_idx, tag_id) VALUES ((SELECT photo_idx FROM photos WHERE photo_id = 1752), (SELECT tag_id FROM tags WHERE name = 'scenic'));
INSERT OR IGNORE INTO tags (name) VALUES ('landscape');
INSERT INTO photo_tags (photo_idx, tag_id) VALUES ((SELECT photo_idx FROM photos WHERE photo_id = 1752), (SELECT tag_id FROM tags WHERE name = 'landscape'));
INSERT OR IGNORE INTO tags (name) VALUES ('grayscale');
INSERT INTO photo_tags (photo_idx, tag_id) VALUES ((SELECT photo_idx FROM photos WHERE photo_id = 1752), (SELECT tag_id FROM tags WHERE name = 'grayscale'));
INSERT OR IGNORE INTO tags (name) VALUES ('outdoors');
INSERT INTO photo_tags (photo_idx, tag_id) VALUES ((SELECT photo_idx FROM photos WHERE photo_id = 1752), (SELECT tag_id FROM tags WHERE name = 'outdoors'));
INSERT OR IGNORE INTO tags (name) VALUES ('gray');
INSERT INTO photo_tags (photo_idx, tag_id) VALUES ((SELECT photo_idx FROM photos WHERE photo_id = 1752), (SELECT tag_id FROM tags WHERE name = 'gray'));
INSERT OR IGNORE INTO tags (name) VALUES ('rock');
INSERT INTO photo_tags (photo_idx, tag_id) VALUES ((SELECT photo_idx FROM photos WHERE photo_id = 1752), (SELECT tag_id FROM tags WHERE name = 'rock'));
INSERT OR IGNORE INTO tags (name) VALUES ('beach');
INSERT INTO photo_tags (photo_idx, tag_id) VALUES ((SELECT photo_idx FROM photos WHERE photo_id = 1752), (SELECT tag_id FROM tags WHERE name = 'beach'));
INSERT OR IGNORE INTO tags (name) VALUES ('coast');
INSERT INTO photo_tags (photo_idx, tag_id) VALUES ((SELECT photo_idx FROM photos WHERE photo_id = 1752), (SELECT tag_id FROM tags WHERE name = 'coast'));

INSERT INTO photos (photo_id, photo_title, photo_collection, photo_location, photo_year, camera, film_stock, film_format) VALUES (1753, 'Rock Formations', 'California', 'Point Lobos, California', 1993, 'Hasselblad', 'Kodak TMax 400', '6 x 6 cm');
INSERT INTO photos_fts (photo_idx, photo_id, photo_title, photo_collection, photo_location, photo_year, camera, film_stock, film_format, tag_names) VALUES ((SELECT photo_idx FROM photos WHERE photo_id = 1753), 1753, 'Rock Formations', 'California', 'Point Lobos, California', 1993, 'Hasselblad', 'Kodak TMax 400', '6 x 6 cm', 'horizontal,scenic,landscape,grayscale,outdoors,gray,rock,beach,coast');
INSERT OR IGNORE INTO tags (name) VALUES ('horizontal');
INSERT INTO photo_tags (photo_idx, tag_id) VALUES ((SELECT photo_idx FROM photos WHERE photo_id = 1753), (SELECT tag_id FROM tags WHERE name = 'horizontal'));
INSERT OR IGNORE INTO tags (name) VALUES ('scenic');
INSERT INTO photo_tags (photo_idx, tag_id) VALUES ((SELECT photo_idx FROM photos WHERE photo_id = 1753), (SELECT tag_id FROM tags WHERE name = 'scenic'));
INSERT OR IGNORE INTO tags (name) VALUES ('landscape');
INSERT INTO photo_tags (photo_idx, tag_id) VALUES ((SELECT photo_idx FROM photos WHERE photo_id = 1753), (SELECT tag_id FROM tags WHERE name = 'landscape'));
INSERT OR IGNORE INTO tags (name) VALUES ('grayscale');
INSERT INTO photo_tags (photo_idx, tag_id) VALUES ((SELECT photo_idx FROM photos WHERE photo_id = 1753), (SELECT tag_id FROM tags WHERE name = 'grayscale'));
INSERT OR IGNORE INTO tags (name) VALUES ('outdoors');
INSERT INTO photo_tags (photo_idx, tag_id) VALUES ((SELECT photo_idx FROM photos WHERE photo_id = 1753), (SELECT tag_id FROM tags WHERE name = 'outdoors'));
INSERT OR IGNORE INTO tags (name) VALUES ('gray');
INSERT INTO photo_tags (photo_idx, tag_id) VALUES ((SELECT photo_idx FROM photos WHERE photo_id = 1753), (SELECT tag_id FROM tags WHERE name = 'gray'));
INSERT OR IGNORE INTO tags (name) VALUES ('rock');
INSERT INTO photo_tags (photo_idx, tag_id) VALUES ((SELECT photo_idx FROM photos WHERE photo_id = 1753), (SELECT tag_id FROM tags WHERE name = 'rock'));
INSERT OR IGNORE INTO tags (name) VALUES ('beach');
INSERT INTO photo_tags (photo_idx, tag_id) VALUES ((SELECT photo_idx FROM photos WHERE photo_id = 1753), (SELECT tag_id FROM tags WHERE name = 'beach'));
INSERT OR IGNORE INTO tags (name) VALUES ('coast');
INSERT INTO photo_tags (photo_idx, tag_id) VALUES ((SELECT photo_idx FROM photos WHERE photo_id = 1753), (SELECT tag_id FROM tags WHERE name = 'coast'));

INSERT INTO photos (photo_id, photo_title, photo_collection, photo_location, photo_year, camera, film_stock, film_format) VALUES (1754, 'Rock Formations', 'California', 'Point Lobos, California', 1993, 'Hasselblad', 'Kodak TMax 100', '6 x 6 cm');
INSERT INTO photos_fts (photo_idx, photo_id, photo_title, photo_collection, photo_location, photo_year, camera, film_stock, film_format, tag_names) VALUES ((SELECT photo_idx FROM photos WHERE photo_id = 1754), 1754, 'Rock Formations', 'California', 'Point Lobos, California', 1993, 'Hasselblad', 'Kodak TMax 100', '6 x 6 cm', 'horizontal,scenic,landscape,grayscale,outdoors,gray,rock,beach,coast');
INSERT OR IGNORE INTO tags (name) VALUES ('horizontal');
INSERT INTO photo_tags (photo_idx, tag_id) VALUES ((SELECT photo_idx FROM photos WHERE photo_id = 1754), (SELECT tag_id FROM tags WHERE name = 'horizontal'));
INSERT OR IGNORE INTO tags (name) VALUES ('scenic');
INSERT INTO photo_tags (photo_idx, tag_id) VALUES ((SELECT photo_idx FROM photos WHERE photo_id = 1754), (SELECT tag_id FROM tags WHERE name = 'scenic'));
INSERT OR IGNORE INTO tags (name) VALUES ('landscape');
INSERT INTO photo_tags (photo_idx, tag_id) VALUES ((SELECT photo_idx FROM photos WHERE photo_id = 1754), (SELECT tag_id FROM tags WHERE name = 'landscape'));
INSERT OR IGNORE INTO tags (name) VALUES ('grayscale');
INSERT INTO photo_tags (photo_idx, tag_id) VALUES ((SELECT photo_idx FROM photos WHERE photo_id = 1754), (SELECT tag_id FROM tags WHERE name = 'grayscale'));
INSERT OR IGNORE INTO tags (name) VALUES ('outdoors');
INSERT INTO photo_tags (photo_idx, tag_id) VALUES ((SELECT photo_idx FROM photos WHERE photo_id = 1754), (SELECT tag_id FROM tags WHERE name = 'outdoors'));
INSERT OR IGNORE INTO tags (name) VALUES ('gray');
INSERT INTO photo_tags (photo_idx, tag_id) VALUES ((SELECT photo_idx FROM photos WHERE photo_id = 1754), (SELECT tag_id FROM tags WHERE name = 'gray'));
INSERT OR IGNORE INTO tags (name) VALUES ('rock');
INSERT INTO photo_tags (photo_idx, tag_id) VALUES ((SELECT photo_idx FROM photos WHERE photo_id = 1754), (SELECT tag_id FROM tags WHERE name = 'rock'));
INSERT OR IGNORE INTO tags (name) VALUES ('beach');
INSERT INTO photo_tags (photo_idx, tag_id) VALUES ((SELECT photo_idx FROM photos WHERE photo_id = 1754), (SELECT tag_id FROM tags WHERE name = 'beach'));
INSERT OR IGNORE INTO tags (name) VALUES ('coast');
INSERT INTO photo_tags (photo_idx, tag_id) VALUES ((SELECT photo_idx FROM photos WHERE photo_id = 1754), (SELECT tag_id FROM tags WHERE name = 'coast'));

INSERT INTO photos (photo_id, photo_title, photo_collection, photo_location, photo_year, camera, film_stock, film_format) VALUES (1755, 'Rock Formations', 'California', 'Point Lobos, California', 1993, 'Hasselblad', 'Kodak TMax 100', '6 x 6 cm');
INSERT INTO photos_fts (photo_idx, photo_id, photo_title, photo_collection, photo_location, photo_year, camera, film_stock, film_format, tag_names) VALUES ((SELECT photo_idx FROM photos WHERE photo_id = 1755), 1755, 'Rock Formations', 'California', 'Point Lobos, California', 1993, 'Hasselblad', 'Kodak TMax 100', '6 x 6 cm', 'vertical,scenic,landscape,grayscale,outdoors,gray,rock,beach,coast');
INSERT OR IGNORE INTO tags (name) VALUES ('vertical');
INSERT INTO photo_tags (photo_idx, tag_id) VALUES ((SELECT photo_idx FROM photos WHERE photo_id = 1755), (SELECT tag_id FROM tags WHERE name = 'vertical'));
INSERT OR IGNORE INTO tags (name) VALUES ('scenic');
INSERT INTO photo_tags (photo_idx, tag_id) VALUES ((SELECT photo_idx FROM photos WHERE photo_id = 1755), (SELECT tag_id FROM tags WHERE name = 'scenic'));
INSERT OR IGNORE INTO tags (name) VALUES ('landscape');
INSERT INTO photo_tags (photo_idx, tag_id) VALUES ((SELECT photo_idx FROM photos WHERE photo_id = 1755), (SELECT tag_id FROM tags WHERE name = 'landscape'));
INSERT OR IGNORE INTO tags (name) VALUES ('grayscale');
INSERT INTO photo_tags (photo_idx, tag_id) VALUES ((SELECT photo_idx FROM photos WHERE photo_id = 1755), (SELECT tag_id FROM tags WHERE name = 'grayscale'));
INSERT OR IGNORE INTO tags (name) VALUES ('outdoors');
INSERT INTO photo_tags (photo_idx, tag_id) VALUES ((SELECT photo_idx FROM photos WHERE photo_id = 1755), (SELECT tag_id FROM tags WHERE name = 'outdoors'));
INSERT OR IGNORE INTO tags (name) VALUES ('gray');
INSERT INTO photo_tags (photo_idx, tag_id) VALUES ((SELECT photo_idx FROM photos WHERE photo_id = 1755), (SELECT tag_id FROM tags WHERE name = 'gray'));
INSERT OR IGNORE INTO tags (name) VALUES ('rock');
INSERT INTO photo_tags (photo_idx, tag_id) VALUES ((SELECT photo_idx FROM photos WHERE photo_id = 1755), (SELECT tag_id FROM tags WHERE name = 'rock'));
INSERT OR IGNORE INTO tags (name) VALUES ('beach');
INSERT INTO photo_tags (photo_idx, tag_id) VALUES ((SELECT photo_idx FROM photos WHERE photo_id = 1755), (SELECT tag_id FROM tags WHERE name = 'beach'));
INSERT OR IGNORE INTO tags (name) VALUES ('coast');
INSERT INTO photo_tags (photo_idx, tag_id) VALUES ((SELECT photo_idx FROM photos WHERE photo_id = 1755), (SELECT tag_id FROM tags WHERE name = 'coast'));

INSERT INTO photos (photo_id, photo_title, photo_collection, photo_location, photo_year, camera, film_stock, film_format) VALUES (1756, 'Rock Formations', 'California', 'Point Lobos, California', 1993, 'Hasselblad', 'Kodak TMax 400', '6 x 6 cm');
INSERT INTO photos_fts (photo_idx, photo_id, photo_title, photo_collection, photo_location, photo_year, camera, film_stock, film_format, tag_names) VALUES ((SELECT photo_idx FROM photos WHERE photo_id = 1756), 1756, 'Rock Formations', 'California', 'Point Lobos, California', 1993, 'Hasselblad', 'Kodak TMax 400', '6 x 6 cm', 'horizontal,scenic,landscape,grayscale,outdoors,gray,rock,beach,coast');
INSERT OR IGNORE INTO tags (name) VALUES ('horizontal');
INSERT INTO photo_tags (photo_idx, tag_id) VALUES ((SELECT photo_idx FROM photos WHERE photo_id = 1756), (SELECT tag_id FROM tags WHERE name = 'horizontal'));
INSERT OR IGNORE INTO tags (name) VALUES ('scenic');
INSERT INTO photo_tags (photo_idx, tag_id) VALUES ((SELECT photo_idx FROM photos WHERE photo_id = 1756), (SELECT tag_id FROM tags WHERE name = 'scenic'));
INSERT OR IGNORE INTO tags (name) VALUES ('landscape');
INSERT INTO photo_tags (photo_idx, tag_id) VALUES ((SELECT photo_idx FROM photos WHERE photo_id = 1756), (SELECT tag_id FROM tags WHERE name = 'landscape'));
INSERT OR IGNORE INTO tags (name) VALUES ('grayscale');
INSERT INTO photo_tags (photo_idx, tag_id) VALUES ((SELECT photo_idx FROM photos WHERE photo_id = 1756), (SELECT tag_id FROM tags WHERE name = 'grayscale'));
INSERT OR IGNORE INTO tags (name) VALUES ('outdoors');
INSERT INTO photo_tags (photo_idx, tag_id) VALUES ((SELECT photo_idx FROM photos WHERE photo_id = 1756), (SELECT tag_id FROM tags WHERE name = 'outdoors'));
INSERT OR IGNORE INTO tags (name) VALUES ('gray');
INSERT INTO photo_tags (photo_idx, tag_id) VALUES ((SELECT photo_idx FROM photos WHERE photo_id = 1756), (SELECT tag_id FROM tags WHERE name = 'gray'));
INSERT OR IGNORE INTO tags (name) VALUES ('rock');
INSERT INTO photo_tags (photo_idx, tag_id) VALUES ((SELECT photo_idx FROM photos WHERE photo_id = 1756), (SELECT tag_id FROM tags WHERE name = 'rock'));
INSERT OR IGNORE INTO tags (name) VALUES ('beach');
INSERT INTO photo_tags (photo_idx, tag_id) VALUES ((SELECT photo_idx FROM photos WHERE photo_id = 1756), (SELECT tag_id FROM tags WHERE name = 'beach'));
INSERT OR IGNORE INTO tags (name) VALUES ('coast');
INSERT INTO photo_tags (photo_idx, tag_id) VALUES ((SELECT photo_idx FROM photos WHERE photo_id = 1756), (SELECT tag_id FROM tags WHERE name = 'coast'));

INSERT INTO photos (photo_id, photo_title, photo_collection, photo_location, photo_year, camera, film_stock, film_format) VALUES (1757, 'Dried Mud and Dunes', 'Death Valley', 'Death Valley, California', 1990, 'Hasselblad', 'Ektachrome 100 Plus', '6 x 6 cm');
INSERT INTO photos_fts (photo_idx, photo_id, photo_title, photo_collection, photo_location, photo_year, camera, film_stock, film_format, tag_names) VALUES ((SELECT photo_idx FROM photos WHERE photo_id = 1757), 1757, 'Dried Mud and Dunes', 'Death Valley', 'Death Valley, California', 1990, 'Hasselblad', 'Ektachrome 100 Plus', '6 x 6 cm', 'vertical,scenic,landscape,color,outdoors,blue,tan,sand,sky,clouds,mud,desert,dunes');
INSERT OR IGNORE INTO tags (name) VALUES ('vertical');
INSERT INTO photo_tags (photo_idx, tag_id) VALUES ((SELECT photo_idx FROM photos WHERE photo_id = 1757), (SELECT tag_id FROM tags WHERE name = 'vertical'));
INSERT OR IGNORE INTO tags (name) VALUES ('scenic');
INSERT INTO photo_tags (photo_idx, tag_id) VALUES ((SELECT photo_idx FROM photos WHERE photo_id = 1757), (SELECT tag_id FROM tags WHERE name = 'scenic'));
INSERT OR IGNORE INTO tags (name) VALUES ('landscape');
INSERT INTO photo_tags (photo_idx, tag_id) VALUES ((SELECT photo_idx FROM photos WHERE photo_id = 1757), (SELECT tag_id FROM tags WHERE name = 'landscape'));
INSERT OR IGNORE INTO tags (name) VALUES ('color');
INSERT INTO photo_tags (photo_idx, tag_id) VALUES ((SELECT photo_idx FROM photos WHERE photo_id = 1757), (SELECT tag_id FROM tags WHERE name = 'color'));
INSERT OR IGNORE INTO tags (name) VALUES ('outdoors');
INSERT INTO photo_tags (photo_idx, tag_id) VALUES ((SELECT photo_idx FROM photos WHERE photo_id = 1757), (SELECT tag_id FROM tags WHERE name = 'outdoors'));
INSERT OR IGNORE INTO tags (name) VALUES ('blue');
INSERT INTO photo_tags (photo_idx, tag_id) VALUES ((SELECT photo_idx FROM photos WHERE photo_id = 1757), (SELECT tag_id FROM tags WHERE name = 'blue'));
INSERT OR IGNORE INTO tags (name) VALUES ('tan');
INSERT INTO photo_tags (photo_idx, tag_id) VALUES ((SELECT photo_idx FROM photos WHERE photo_id = 1757), (SELECT tag_id FROM tags WHERE name = 'tan'));
INSERT OR IGNORE INTO tags (name) VALUES ('sand');
INSERT INTO photo_tags (photo_idx, tag_id) VALUES ((SELECT photo_idx FROM photos WHERE photo_id = 1757), (SELECT tag_id FROM tags WHERE name = 'sand'));
INSERT OR IGNORE INTO tags (name) VALUES ('sky');
INSERT INTO photo_tags (photo_idx, tag_id) VALUES ((SELECT photo_idx FROM photos WHERE photo_id = 1757), (SELECT tag_id FROM tags WHERE name = 'sky'));
INSERT OR IGNORE INTO tags (name) VALUES ('clouds');
INSERT INTO photo_tags (photo_idx, tag_id) VALUES ((SELECT photo_idx FROM photos WHERE photo_id = 1757), (SELECT tag_id FROM tags WHERE name = 'clouds'));
INSERT OR IGNORE INTO tags (name) VALUES ('mud');
INSERT INTO photo_tags (photo_idx, tag_id) VALUES ((SELECT photo_idx FROM photos WHERE photo_id = 1757), (SELECT tag_id FROM tags WHERE name = 'mud'));
INSERT OR IGNORE INTO tags (name) VALUES ('desert');
INSERT INTO photo_tags (photo_idx, tag_id) VALUES ((SELECT photo_idx FROM photos WHERE photo_id = 1757), (SELECT tag_id FROM tags WHERE name = 'desert'));
INSERT OR IGNORE INTO tags (name) VALUES ('dunes');
INSERT INTO photo_tags (photo_idx, tag_id) VALUES ((SELECT photo_idx FROM photos WHERE photo_id = 1757), (SELECT tag_id FROM tags WHERE name = 'dunes'));

INSERT INTO photos (photo_id, photo_title, photo_collection, photo_location, photo_year, camera, film_stock, film_format) VALUES (1758, 'Cracked Mud Design One', 'Death Valley', 'Death Valley, California', 1990, 'Hasselblad', 'Ektachrome 100 Plus', '6 x 6 cm');
INSERT INTO photos_fts (photo_idx, photo_id, photo_title, photo_collection, photo_location, photo_year, camera, film_stock, film_format, tag_names) VALUES ((SELECT photo_idx FROM photos WHERE photo_id = 1758), 1758, 'Cracked Mud Design One', 'Death Valley', 'Death Valley, California', 1990, 'Hasselblad', 'Ektachrome 100 Plus', '6 x 6 cm', 'horizontal,scenic,landscape,color,outdoors,popular,tan,mud,desert');
INSERT OR IGNORE INTO tags (name) VALUES ('horizontal');
INSERT INTO photo_tags (photo_idx, tag_id) VALUES ((SELECT photo_idx FROM photos WHERE photo_id = 1758), (SELECT tag_id FROM tags WHERE name = 'horizontal'));
INSERT OR IGNORE INTO tags (name) VALUES ('scenic');
INSERT INTO photo_tags (photo_idx, tag_id) VALUES ((SELECT photo_idx FROM photos WHERE photo_id = 1758), (SELECT tag_id FROM tags WHERE name = 'scenic'));
INSERT OR IGNORE INTO tags (name) VALUES ('landscape');
INSERT INTO photo_tags (photo_idx, tag_id) VALUES ((SELECT photo_idx FROM photos WHERE photo_id = 1758), (SELECT tag_id FROM tags WHERE name = 'landscape'));
INSERT OR IGNORE INTO tags (name) VALUES ('color');
INSERT INTO photo_tags (photo_idx, tag_id) VALUES ((SELECT photo_idx FROM photos WHERE photo_id = 1758), (SELECT tag_id FROM tags WHERE name = 'color'));
INSERT OR IGNORE INTO tags (name) VALUES ('outdoors');
INSERT INTO photo_tags (photo_idx, tag_id) VALUES ((SELECT photo_idx FROM photos WHERE photo_id = 1758), (SELECT tag_id FROM tags WHERE name = 'outdoors'));
INSERT OR IGNORE INTO tags (name) VALUES ('popular');
INSERT INTO photo_tags (photo_idx, tag_id) VALUES ((SELECT photo_idx FROM photos WHERE photo_id = 1758), (SELECT tag_id FROM tags WHERE name = 'popular'));
INSERT OR IGNORE INTO tags (name) VALUES ('tan');
INSERT INTO photo_tags (photo_idx, tag_id) VALUES ((SELECT photo_idx FROM photos WHERE photo_id = 1758), (SELECT tag_id FROM tags WHERE name = 'tan'));
INSERT OR IGNORE INTO tags (name) VALUES ('mud');
INSERT INTO photo_tags (photo_idx, tag_id) VALUES ((SELECT photo_idx FROM photos WHERE photo_id = 1758), (SELECT tag_id FROM tags WHERE name = 'mud'));
INSERT OR IGNORE INTO tags (name) VALUES ('desert');
INSERT INTO photo_tags (photo_idx, tag_id) VALUES ((SELECT photo_idx FROM photos WHERE photo_id = 1758), (SELECT tag_id FROM tags WHERE name = 'desert'));

INSERT INTO photos (photo_id, photo_title, photo_collection, photo_location, photo_year, camera, film_stock, film_format) VALUES (1759, 'Cracked Mud Design Two', 'Death Valley', 'Death Valley, California', 1990, 'Hasselblad', 'Ektachrome 100 Plus', '6 x 6 cm');
INSERT INTO photos_fts (photo_idx, photo_id, photo_title, photo_collection, photo_location, photo_year, camera, film_stock, film_format, tag_names) VALUES ((SELECT photo_idx FROM photos WHERE photo_id = 1759), 1759, 'Cracked Mud Design Two', 'Death Valley', 'Death Valley, California', 1990, 'Hasselblad', 'Ektachrome 100 Plus', '6 x 6 cm', 'horizontal,popular,scenic,landscape,color,outdoors,tan,mud,desert');
INSERT OR IGNORE INTO tags (name) VALUES ('horizontal');
INSERT INTO photo_tags (photo_idx, tag_id) VALUES ((SELECT photo_idx FROM photos WHERE photo_id = 1759), (SELECT tag_id FROM tags WHERE name = 'horizontal'));
INSERT OR IGNORE INTO tags (name) VALUES ('popular');
INSERT INTO photo_tags (photo_idx, tag_id) VALUES ((SELECT photo_idx FROM photos WHERE photo_id = 1759), (SELECT tag_id FROM tags WHERE name = 'popular'));
INSERT OR IGNORE INTO tags (name) VALUES ('scenic');
INSERT INTO photo_tags (photo_idx, tag_id) VALUES ((SELECT photo_idx FROM photos WHERE photo_id = 1759), (SELECT tag_id FROM tags WHERE name = 'scenic'));
INSERT OR IGNORE INTO tags (name) VALUES ('landscape');
INSERT INTO photo_tags (photo_idx, tag_id) VALUES ((SELECT photo_idx FROM photos WHERE photo_id = 1759), (SELECT tag_id FROM tags WHERE name = 'landscape'));
INSERT OR IGNORE INTO tags (name) VALUES ('color');
INSERT INTO photo_tags (photo_idx, tag_id) VALUES ((SELECT photo_idx FROM photos WHERE photo_id = 1759), (SELECT tag_id FROM tags WHERE name = 'color'));
INSERT OR IGNORE INTO tags (name) VALUES ('outdoors');
INSERT INTO photo_tags (photo_idx, tag_id) VALUES ((SELECT photo_idx FROM photos WHERE photo_id = 1759), (SELECT tag_id FROM tags WHERE name = 'outdoors'));
INSERT OR IGNORE INTO tags (name) VALUES ('tan');
INSERT INTO photo_tags (photo_idx, tag_id) VALUES ((SELECT photo_idx FROM photos WHERE photo_id = 1759), (SELECT tag_id FROM tags WHERE name = 'tan'));
INSERT OR IGNORE INTO tags (name) VALUES ('mud');
INSERT INTO photo_tags (photo_idx, tag_id) VALUES ((SELECT photo_idx FROM photos WHERE photo_id = 1759), (SELECT tag_id FROM tags WHERE name = 'mud'));
INSERT OR IGNORE INTO tags (name) VALUES ('desert');
INSERT INTO photo_tags (photo_idx, tag_id) VALUES ((SELECT photo_idx FROM photos WHERE photo_id = 1759), (SELECT tag_id FROM tags WHERE name = 'desert'));

INSERT INTO photos (photo_id, photo_title, photo_collection, photo_location, photo_year, camera, film_stock, film_format) VALUES (1760, 'Death Valley Sand Dunes', 'Death Valley', 'Death Valley, California', 1990, 'Hasselblad', 'Ektachrome 100 Plus', '6 x 6 cm');
INSERT INTO photos_fts (photo_idx, photo_id, photo_title, photo_collection, photo_location, photo_year, camera, film_stock, film_format, tag_names) VALUES ((SELECT photo_idx FROM photos WHERE photo_id = 1760), 1760, 'Death Valley Sand Dunes', 'Death Valley', 'Death Valley, California', 1990, 'Hasselblad', 'Ektachrome 100 Plus', '6 x 6 cm', 'vertical,scenic,landscape,color,outdoors,tan,sand,sky,desert,dunes');
INSERT OR IGNORE INTO tags (name) VALUES ('vertical');
INSERT INTO photo_tags (photo_idx, tag_id) VALUES ((SELECT photo_idx FROM photos WHERE photo_id = 1760), (SELECT tag_id FROM tags WHERE name = 'vertical'));
INSERT OR IGNORE INTO tags (name) VALUES ('scenic');
INSERT INTO photo_tags (photo_idx, tag_id) VALUES ((SELECT photo_idx FROM photos WHERE photo_id = 1760), (SELECT tag_id FROM tags WHERE name = 'scenic'));
INSERT OR IGNORE INTO tags (name) VALUES ('landscape');
INSERT INTO photo_tags (photo_idx, tag_id) VALUES ((SELECT photo_idx FROM photos WHERE photo_id = 1760), (SELECT tag_id FROM tags WHERE name = 'landscape'));
INSERT OR IGNORE INTO tags (name) VALUES ('color');
INSERT INTO photo_tags (photo_idx, tag_id) VALUES ((SELECT photo_idx FROM photos WHERE photo_id = 1760), (SELECT tag_id FROM tags WHERE name = 'color'));
INSERT OR IGNORE INTO tags (name) VALUES ('outdoors');
INSERT INTO photo_tags (photo_idx, tag_id) VALUES ((SELECT photo_idx FROM photos WHERE photo_id = 1760), (SELECT tag_id FROM tags WHERE name = 'outdoors'));
INSERT OR IGNORE INTO tags (name) VALUES ('tan');
INSERT INTO photo_tags (photo_idx, tag_id) VALUES ((SELECT photo_idx FROM photos WHERE photo_id = 1760), (SELECT tag_id FROM tags WHERE name = 'tan'));
INSERT OR IGNORE INTO tags (name) VALUES ('sand');
INSERT INTO photo_tags (photo_idx, tag_id) VALUES ((SELECT photo_idx FROM photos WHERE photo_id = 1760), (SELECT tag_id FROM tags WHERE name = 'sand'));
INSERT OR IGNORE INTO tags (name) VALUES ('sky');
INSERT INTO photo_tags (photo_idx, tag_id) VALUES ((SELECT photo_idx FROM photos WHERE photo_id = 1760), (SELECT tag_id FROM tags WHERE name = 'sky'));
INSERT OR IGNORE INTO tags (name) VALUES ('desert');
INSERT INTO photo_tags (photo_idx, tag_id) VALUES ((SELECT photo_idx FROM photos WHERE photo_id = 1760), (SELECT tag_id FROM tags WHERE name = 'desert'));
INSERT OR IGNORE INTO tags (name) VALUES ('dunes');
INSERT INTO photo_tags (photo_idx, tag_id) VALUES ((SELECT photo_idx FROM photos WHERE photo_id = 1760), (SELECT tag_id FROM tags WHERE name = 'dunes'));

INSERT INTO photos (photo_id, photo_title, photo_collection, photo_location, photo_year, camera, film_stock, film_format) VALUES (1761, 'Rock Formation at Lone Pine', 'Death Valley', 'Lone Pine, California', 1990, 'Hasselblad', 'Ektachrome 100 Plus', '6 x 6 cm');
INSERT INTO photos_fts (photo_idx, photo_id, photo_title, photo_collection, photo_location, photo_year, camera, film_stock, film_format, tag_names) VALUES ((SELECT photo_idx FROM photos WHERE photo_id = 1761), 1761, 'Rock Formation at Lone Pine', 'Death Valley', 'Lone Pine, California', 1990, 'Hasselblad', 'Ektachrome 100 Plus', '6 x 6 cm', 'horizontal,scenic,landscape,color,outdoors,blue,tan,rock,sky,desert');
INSERT OR IGNORE INTO tags (name) VALUES ('horizontal');
INSERT INTO photo_tags (photo_idx, tag_id) VALUES ((SELECT photo_idx FROM photos WHERE photo_id = 1761), (SELECT tag_id FROM tags WHERE name = 'horizontal'));
INSERT OR IGNORE INTO tags (name) VALUES ('scenic');
INSERT INTO photo_tags (photo_idx, tag_id) VALUES ((SELECT photo_idx FROM photos WHERE photo_id = 1761), (SELECT tag_id FROM tags WHERE name = 'scenic'));
INSERT OR IGNORE INTO tags (name) VALUES ('landscape');
INSERT INTO photo_tags (photo_idx, tag_id) VALUES ((SELECT photo_idx FROM photos WHERE photo_id = 1761), (SELECT tag_id FROM tags WHERE name = 'landscape'));
INSERT OR IGNORE INTO tags (name) VALUES ('color');
INSERT INTO photo_tags (photo_idx, tag_id) VALUES ((SELECT photo_idx FROM photos WHERE photo_id = 1761), (SELECT tag_id FROM tags WHERE name = 'color'));
INSERT OR IGNORE INTO tags (name) VALUES ('outdoors');
INSERT INTO photo_tags (photo_idx, tag_id) VALUES ((SELECT photo_idx FROM photos WHERE photo_id = 1761), (SELECT tag_id FROM tags WHERE name = 'outdoors'));
INSERT OR IGNORE INTO tags (name) VALUES ('blue');
INSERT INTO photo_tags (photo_idx, tag_id) VALUES ((SELECT photo_idx FROM photos WHERE photo_id = 1761), (SELECT tag_id FROM tags WHERE name = 'blue'));
INSERT OR IGNORE INTO tags (name) VALUES ('tan');
INSERT INTO photo_tags (photo_idx, tag_id) VALUES ((SELECT photo_idx FROM photos WHERE photo_id = 1761), (SELECT tag_id FROM tags WHERE name = 'tan'));
INSERT OR IGNORE INTO tags (name) VALUES ('rock');
INSERT INTO photo_tags (photo_idx, tag_id) VALUES ((SELECT photo_idx FROM photos WHERE photo_id = 1761), (SELECT tag_id FROM tags WHERE name = 'rock'));
INSERT OR IGNORE INTO tags (name) VALUES ('sky');
INSERT INTO photo_tags (photo_idx, tag_id) VALUES ((SELECT photo_idx FROM photos WHERE photo_id = 1761), (SELECT tag_id FROM tags WHERE name = 'sky'));
INSERT OR IGNORE INTO tags (name) VALUES ('desert');
INSERT INTO photo_tags (photo_idx, tag_id) VALUES ((SELECT photo_idx FROM photos WHERE photo_id = 1761), (SELECT tag_id FROM tags WHERE name = 'desert'));

INSERT INTO photos (photo_id, photo_title, photo_collection, photo_location, photo_year, camera, film_stock, film_format) VALUES (1762, 'Yosemite Forest Scene', 'California', 'Yosemite National Park', 1989, 'Hasselblad', 'Ektachrome 100 Plus', '6 x 6 cm');
INSERT INTO photos_fts (photo_idx, photo_id, photo_title, photo_collection, photo_location, photo_year, camera, film_stock, film_format, tag_names) VALUES ((SELECT photo_idx FROM photos WHERE photo_id = 1762), 1762, 'Yosemite Forest Scene', 'California', 'Yosemite National Park', 1989, 'Hasselblad', 'Ektachrome 100 Plus', '6 x 6 cm', 'vertical,scenic,landscape,color,outdoors,blue,yellow,trees,forest');
INSERT OR IGNORE INTO tags (name) VALUES ('vertical');
INSERT INTO photo_tags (photo_idx, tag_id) VALUES ((SELECT photo_idx FROM photos WHERE photo_id = 1762), (SELECT tag_id FROM tags WHERE name = 'vertical'));
INSERT OR IGNORE INTO tags (name) VALUES ('scenic');
INSERT INTO photo_tags (photo_idx, tag_id) VALUES ((SELECT photo_idx FROM photos WHERE photo_id = 1762), (SELECT tag_id FROM tags WHERE name = 'scenic'));
INSERT OR IGNORE INTO tags (name) VALUES ('landscape');
INSERT INTO photo_tags (photo_idx, tag_id) VALUES ((SELECT photo_idx FROM photos WHERE photo_id = 1762), (SELECT tag_id FROM tags WHERE name = 'landscape'));
INSERT OR IGNORE INTO tags (name) VALUES ('color');
INSERT INTO photo_tags (photo_idx, tag_id) VALUES ((SELECT photo_idx FROM photos WHERE photo_id = 1762), (SELECT tag_id FROM tags WHERE name = 'color'));
INSERT OR IGNORE INTO tags (name) VALUES ('outdoors');
INSERT INTO photo_tags (photo_idx, tag_id) VALUES ((SELECT photo_idx FROM photos WHERE photo_id = 1762), (SELECT tag_id FROM tags WHERE name = 'outdoors'));
INSERT OR IGNORE INTO tags (name) VALUES ('blue');
INSERT INTO photo_tags (photo_idx, tag_id) VALUES ((SELECT photo_idx FROM photos WHERE photo_id = 1762), (SELECT tag_id FROM tags WHERE name = 'blue'));
INSERT OR IGNORE INTO tags (name) VALUES ('yellow');
INSERT INTO photo_tags (photo_idx, tag_id) VALUES ((SELECT photo_idx FROM photos WHERE photo_id = 1762), (SELECT tag_id FROM tags WHERE name = 'yellow'));
INSERT OR IGNORE INTO tags (name) VALUES ('trees');
INSERT INTO photo_tags (photo_idx, tag_id) VALUES ((SELECT photo_idx FROM photos WHERE photo_id = 1762), (SELECT tag_id FROM tags WHERE name = 'trees'));
INSERT OR IGNORE INTO tags (name) VALUES ('forest');
INSERT INTO photo_tags (photo_idx, tag_id) VALUES ((SELECT photo_idx FROM photos WHERE photo_id = 1762), (SELECT tag_id FROM tags WHERE name = 'forest'));

INSERT INTO photos (photo_id, photo_title, photo_collection, photo_location, photo_year, camera, film_stock, film_format) VALUES (1763, 'Orchard and Wild Mustard', 'California', 'Portola Valley, California', 1990, 'Hasselblad', 'Ektachrome 100 Plus', '6 x 6 cm');
INSERT INTO photos_fts (photo_idx, photo_id, photo_title, photo_collection, photo_location, photo_year, camera, film_stock, film_format, tag_names) VALUES ((SELECT photo_idx FROM photos WHERE photo_id = 1763), 1763, 'Orchard and Wild Mustard', 'California', 'Portola Valley, California', 1990, 'Hasselblad', 'Ektachrome 100 Plus', '6 x 6 cm', 'horizontal,spring,scenic,landscape,color,outdoors,green,yellow,grass');
INSERT OR IGNORE INTO tags (name) VALUES ('horizontal');
INSERT INTO photo_tags (photo_idx, tag_id) VALUES ((SELECT photo_idx FROM photos WHERE photo_id = 1763), (SELECT tag_id FROM tags WHERE name = 'horizontal'));
INSERT OR IGNORE INTO tags (name) VALUES ('spring');
INSERT INTO photo_tags (photo_idx, tag_id) VALUES ((SELECT photo_idx FROM photos WHERE photo_id = 1763), (SELECT tag_id FROM tags WHERE name = 'spring'));
INSERT OR IGNORE INTO tags (name) VALUES ('scenic');
INSERT INTO photo_tags (photo_idx, tag_id) VALUES ((SELECT photo_idx FROM photos WHERE photo_id = 1763), (SELECT tag_id FROM tags WHERE name = 'scenic'));
INSERT OR IGNORE INTO tags (name) VALUES ('landscape');
INSERT INTO photo_tags (photo_idx, tag_id) VALUES ((SELECT photo_idx FROM photos WHERE photo_id = 1763), (SELECT tag_id FROM tags WHERE name = 'landscape'));
INSERT OR IGNORE INTO tags (name) VALUES ('color');
INSERT INTO photo_tags (photo_idx, tag_id) VALUES ((SELECT photo_idx FROM photos WHERE photo_id = 1763), (SELECT tag_id FROM tags WHERE name = 'color'));
INSERT OR IGNORE INTO tags (name) VALUES ('outdoors');
INSERT INTO photo_tags (photo_idx, tag_id) VALUES ((SELECT photo_idx FROM photos WHERE photo_id = 1763), (SELECT tag_id FROM tags WHERE name = 'outdoors'));
INSERT OR IGNORE INTO tags (name) VALUES ('green');
INSERT INTO photo_tags (photo_idx, tag_id) VALUES ((SELECT photo_idx FROM photos WHERE photo_id = 1763), (SELECT tag_id FROM tags WHERE name = 'green'));
INSERT OR IGNORE INTO tags (name) VALUES ('yellow');
INSERT INTO photo_tags (photo_idx, tag_id) VALUES ((SELECT photo_idx FROM photos WHERE photo_id = 1763), (SELECT tag_id FROM tags WHERE name = 'yellow'));
INSERT OR IGNORE INTO tags (name) VALUES ('grass');
INSERT INTO photo_tags (photo_idx, tag_id) VALUES ((SELECT photo_idx FROM photos WHERE photo_id = 1763), (SELECT tag_id FROM tags WHERE name = 'grass'));

INSERT INTO photos (photo_id, photo_title, photo_collection, photo_location, photo_year, camera, film_stock, film_format) VALUES (1764, 'Miner''s Lettuce', 'California', 'Portola Valley, California', 1990, 'Hasselblad', 'Ektachrome 100 Plus', '6 x 6 cm');
INSERT INTO photos_fts (photo_idx, photo_id, photo_title, photo_collection, photo_location, photo_year, camera, film_stock, film_format, tag_names) VALUES ((SELECT photo_idx FROM photos WHERE photo_id = 1764), 1764, 'Miner''s Lettuce', 'California', 'Portola Valley, California', 1990, 'Hasselblad', 'Ektachrome 100 Plus', '6 x 6 cm', 'vertical,spring,closeup,color,outdoors,green,leaf,leaves');
INSERT OR IGNORE INTO tags (name) VALUES ('vertical');
INSERT INTO photo_tags (photo_idx, tag_id) VALUES ((SELECT photo_idx FROM photos WHERE photo_id = 1764), (SELECT tag_id FROM tags WHERE name = 'vertical'));
INSERT OR IGNORE INTO tags (name) VALUES ('spring');
INSERT INTO photo_tags (photo_idx, tag_id) VALUES ((SELECT photo_idx FROM photos WHERE photo_id = 1764), (SELECT tag_id FROM tags WHERE name = 'spring'));
INSERT OR IGNORE INTO tags (name) VALUES ('closeup');
INSERT INTO photo_tags (photo_idx, tag_id) VALUES ((SELECT photo_idx FROM photos WHERE photo_id = 1764), (SELECT tag_id FROM tags WHERE name = 'closeup'));
INSERT OR IGNORE INTO tags (name) VALUES ('color');
INSERT INTO photo_tags (photo_idx, tag_id) VALUES ((SELECT photo_idx FROM photos WHERE photo_id = 1764), (SELECT tag_id FROM tags WHERE name = 'color'));
INSERT OR IGNORE INTO tags (name) VALUES ('outdoors');
INSERT INTO photo_tags (photo_idx, tag_id) VALUES ((SELECT photo_idx FROM photos WHERE photo_id = 1764), (SELECT tag_id FROM tags WHERE name = 'outdoors'));
INSERT OR IGNORE INTO tags (name) VALUES ('green');
INSERT INTO photo_tags (photo_idx, tag_id) VALUES ((SELECT photo_idx FROM photos WHERE photo_id = 1764), (SELECT tag_id FROM tags WHERE name = 'green'));
INSERT OR IGNORE INTO tags (name) VALUES ('leaf');
INSERT INTO photo_tags (photo_idx, tag_id) VALUES ((SELECT photo_idx FROM photos WHERE photo_id = 1764), (SELECT tag_id FROM tags WHERE name = 'leaf'));
INSERT OR IGNORE INTO tags (name) VALUES ('leaves');
INSERT INTO photo_tags (photo_idx, tag_id) VALUES ((SELECT photo_idx FROM photos WHERE photo_id = 1764), (SELECT tag_id FROM tags WHERE name = 'leaves'));

INSERT INTO photos (photo_id, photo_title, photo_collection, photo_location, photo_year, camera, film_stock, film_format) VALUES (1765, 'Leaves on the Ground', 'California', 'Boulder Creek, California', 1989, 'Hasselblad', 'Ektachrome 100 Plus', '6 x 6 cm');
INSERT INTO photos_fts (photo_idx, photo_id, photo_title, photo_collection, photo_location, photo_year, camera, film_stock, film_format, tag_names) VALUES ((SELECT photo_idx FROM photos WHERE photo_id = 1765), 1765, 'Leaves on the Ground', 'California', 'Boulder Creek, California', 1989, 'Hasselblad', 'Ektachrome 100 Plus', '6 x 6 cm', 'horizontal,autumn,fall,closeup,color,outdoors,orange,leaf,foliage,leaves');
INSERT OR IGNORE INTO tags (name) VALUES ('horizontal');
INSERT INTO photo_tags (photo_idx, tag_id) VALUES ((SELECT photo_idx FROM photos WHERE photo_id = 1765), (SELECT tag_id FROM tags WHERE name = 'horizontal'));
INSERT OR IGNORE INTO tags (name) VALUES ('autumn');
INSERT INTO photo_tags (photo_idx, tag_id) VALUES ((SELECT photo_idx FROM photos WHERE photo_id = 1765), (SELECT tag_id FROM tags WHERE name = 'autumn'));
INSERT OR IGNORE INTO tags (name) VALUES ('fall');
INSERT INTO photo_tags (photo_idx, tag_id) VALUES ((SELECT photo_idx FROM photos WHERE photo_id = 1765), (SELECT tag_id FROM tags WHERE name = 'fall'));
INSERT OR IGNORE INTO tags (name) VALUES ('closeup');
INSERT INTO photo_tags (photo_idx, tag_id) VALUES ((SELECT photo_idx FROM photos WHERE photo_id = 1765), (SELECT tag_id FROM tags WHERE name = 'closeup'));
INSERT OR IGNORE INTO tags (name) VALUES ('color');
INSERT INTO photo_tags (photo_idx, tag_id) VALUES ((SELECT photo_idx FROM photos WHERE photo_id = 1765), (SELECT tag_id FROM tags WHERE name = 'color'));
INSERT OR IGNORE INTO tags (name) VALUES ('outdoors');
INSERT INTO photo_tags (photo_idx, tag_id) VALUES ((SELECT photo_idx FROM photos WHERE photo_id = 1765), (SELECT tag_id FROM tags WHERE name = 'outdoors'));
INSERT OR IGNORE INTO tags (name) VALUES ('orange');
INSERT INTO photo_tags (photo_idx, tag_id) VALUES ((SELECT photo_idx FROM photos WHERE photo_id = 1765), (SELECT tag_id FROM tags WHERE name = 'orange'));
INSERT OR IGNORE INTO tags (name) VALUES ('leaf');
INSERT INTO photo_tags (photo_idx, tag_id) VALUES ((SELECT photo_idx FROM photos WHERE photo_id = 1765), (SELECT tag_id FROM tags WHERE name = 'leaf'));
INSERT OR IGNORE INTO tags (name) VALUES ('foliage');
INSERT INTO photo_tags (photo_idx, tag_id) VALUES ((SELECT photo_idx FROM photos WHERE photo_id = 1765), (SELECT tag_id FROM tags WHERE name = 'foliage'));
INSERT OR IGNORE INTO tags (name) VALUES ('leaves');
INSERT INTO photo_tags (photo_idx, tag_id) VALUES ((SELECT photo_idx FROM photos WHERE photo_id = 1765), (SELECT tag_id FROM tags WHERE name = 'leaves'));

INSERT INTO photos (photo_id, photo_title, photo_collection, photo_location, photo_year, camera, film_stock, film_format) VALUES (1767, 'Leaves on the Ground', 'California', 'Boulder Creek, California', 1989, 'Hasselblad', 'Ektachrome 100 Plus', '6 x 6 cm');
INSERT INTO photos_fts (photo_idx, photo_id, photo_title, photo_collection, photo_location, photo_year, camera, film_stock, film_format, tag_names) VALUES ((SELECT photo_idx FROM photos WHERE photo_id = 1767), 1767, 'Leaves on the Ground', 'California', 'Boulder Creek, California', 1989, 'Hasselblad', 'Ektachrome 100 Plus', '6 x 6 cm', 'horizontal,autumn,fall,closeup,color,outdoors,orange,leaf,foliage,leaves');
INSERT OR IGNORE INTO tags (name) VALUES ('horizontal');
INSERT INTO photo_tags (photo_idx, tag_id) VALUES ((SELECT photo_idx FROM photos WHERE photo_id = 1767), (SELECT tag_id FROM tags WHERE name = 'horizontal'));
INSERT OR IGNORE INTO tags (name) VALUES ('autumn');
INSERT INTO photo_tags (photo_idx, tag_id) VALUES ((SELECT photo_idx FROM photos WHERE photo_id = 1767), (SELECT tag_id FROM tags WHERE name = 'autumn'));
INSERT OR IGNORE INTO tags (name) VALUES ('fall');
INSERT INTO photo_tags (photo_idx, tag_id) VALUES ((SELECT photo_idx FROM photos WHERE photo_id = 1767), (SELECT tag_id FROM tags WHERE name = 'fall'));
INSERT OR IGNORE INTO tags (name) VALUES ('closeup');
INSERT INTO photo_tags (photo_idx, tag_id) VALUES ((SELECT photo_idx FROM photos WHERE photo_id = 1767), (SELECT tag_id FROM tags WHERE name = 'closeup'));
INSERT OR IGNORE INTO tags (name) VALUES ('color');
INSERT INTO photo_tags (photo_idx, tag_id) VALUES ((SELECT photo_idx FROM photos WHERE photo_id = 1767), (SELECT tag_id FROM tags WHERE name = 'color'));
INSERT OR IGNORE INTO tags (name) VALUES ('outdoors');
INSERT INTO photo_tags (photo_idx, tag_id) VALUES ((SELECT photo_idx FROM photos WHERE photo_id = 1767), (SELECT tag_id FROM tags WHERE name = 'outdoors'));
INSERT OR IGNORE INTO tags (name) VALUES ('orange');
INSERT INTO photo_tags (photo_idx, tag_id) VALUES ((SELECT photo_idx FROM photos WHERE photo_id = 1767), (SELECT tag_id FROM tags WHERE name = 'orange'));
INSERT OR IGNORE INTO tags (name) VALUES ('leaf');
INSERT INTO photo_tags (photo_idx, tag_id) VALUES ((SELECT photo_idx FROM photos WHERE photo_id = 1767), (SELECT tag_id FROM tags WHERE name = 'leaf'));
INSERT OR IGNORE INTO tags (name) VALUES ('foliage');
INSERT INTO photo_tags (photo_idx, tag_id) VALUES ((SELECT photo_idx FROM photos WHERE photo_id = 1767), (SELECT tag_id FROM tags WHERE name = 'foliage'));
INSERT OR IGNORE INTO tags (name) VALUES ('leaves');
INSERT INTO photo_tags (photo_idx, tag_id) VALUES ((SELECT photo_idx FROM photos WHERE photo_id = 1767), (SELECT tag_id FROM tags WHERE name = 'leaves'));

INSERT INTO photos (photo_id, photo_title, photo_collection, photo_location, photo_year, camera, film_stock, film_format) VALUES (1768, 'Mushroom in the Redwoods', 'California', 'Big Basin, California', 1989, 'Hasselblad', 'Ektachrome 100 Plus', '6 x 6 cm');
INSERT INTO photos_fts (photo_idx, photo_id, photo_title, photo_collection, photo_location, photo_year, camera, film_stock, film_format, tag_names) VALUES ((SELECT photo_idx FROM photos WHERE photo_id = 1768), 1768, 'Mushroom in the Redwoods', 'California', 'Big Basin, California', 1989, 'Hasselblad', 'Ektachrome 100 Plus', '6 x 6 cm', 'vertical,autumn,fall,closeup,color,outdoors,brown');
INSERT OR IGNORE INTO tags (name) VALUES ('vertical');
INSERT INTO photo_tags (photo_idx, tag_id) VALUES ((SELECT photo_idx FROM photos WHERE photo_id = 1768), (SELECT tag_id FROM tags WHERE name = 'vertical'));
INSERT OR IGNORE INTO tags (name) VALUES ('autumn');
INSERT INTO photo_tags (photo_idx, tag_id) VALUES ((SELECT photo_idx FROM photos WHERE photo_id = 1768), (SELECT tag_id FROM tags WHERE name = 'autumn'));
INSERT OR IGNORE INTO tags (name) VALUES ('fall');
INSERT INTO photo_tags (photo_idx, tag_id) VALUES ((SELECT photo_idx FROM photos WHERE photo_id = 1768), (SELECT tag_id FROM tags WHERE name = 'fall'));
INSERT OR IGNORE INTO tags (name) VALUES ('closeup');
INSERT INTO photo_tags (photo_idx, tag_id) VALUES ((SELECT photo_idx FROM photos WHERE photo_id = 1768), (SELECT tag_id FROM tags WHERE name = 'closeup'));
INSERT OR IGNORE INTO tags (name) VALUES ('color');
INSERT INTO photo_tags (photo_idx, tag_id) VALUES ((SELECT photo_idx FROM photos WHERE photo_id = 1768), (SELECT tag_id FROM tags WHERE name = 'color'));
INSERT OR IGNORE INTO tags (name) VALUES ('outdoors');
INSERT INTO photo_tags (photo_idx, tag_id) VALUES ((SELECT photo_idx FROM photos WHERE photo_id = 1768), (SELECT tag_id FROM tags WHERE name = 'outdoors'));
INSERT OR IGNORE INTO tags (name) VALUES ('brown');
INSERT INTO photo_tags (photo_idx, tag_id) VALUES ((SELECT photo_idx FROM photos WHERE photo_id = 1768), (SELECT tag_id FROM tags WHERE name = 'brown'));

INSERT INTO photos (photo_id, photo_title, photo_collection, photo_location, photo_year, camera, film_stock, film_format) VALUES (1769, 'Dieter''s Epiphyllum', 'Flower Portraits', 'Woodside, California', 2001, 'Hasselblad', 'Fujichrome Velvia', '6 x 6 cm');
INSERT INTO photos_fts (photo_idx, photo_id, photo_title, photo_collection, photo_location, photo_year, camera, film_stock, film_format, tag_names) VALUES ((SELECT photo_idx FROM photos WHERE photo_id = 1769), 1769, 'Dieter''s Epiphyllum', 'Flower Portraits', 'Woodside, California', 2001, 'Hasselblad', 'Fujichrome Velvia', '6 x 6 cm', 'horizontal,closeup,color,outdoors,studio,white,yellow,flowers,blossoms');
INSERT OR IGNORE INTO tags (name) VALUES ('horizontal');
INSERT INTO photo_tags (photo_idx, tag_id) VALUES ((SELECT photo_idx FROM photos WHERE photo_id = 1769), (SELECT tag_id FROM tags WHERE name = 'horizontal'));
INSERT OR IGNORE INTO tags (name) VALUES ('closeup');
INSERT INTO photo_tags (photo_idx, tag_id) VALUES ((SELECT photo_idx FROM photos WHERE photo_id = 1769), (SELECT tag_id FROM tags WHERE name = 'closeup'));
INSERT OR IGNORE INTO tags (name) VALUES ('color');
INSERT INTO photo_tags (photo_idx, tag_id) VALUES ((SELECT photo_idx FROM photos WHERE photo_id = 1769), (SELECT tag_id FROM tags WHERE name = 'color'));
INSERT OR IGNORE INTO tags (name) VALUES ('outdoors');
INSERT INTO photo_tags (photo_idx, tag_id) VALUES ((SELECT photo_idx FROM photos WHERE photo_id = 1769), (SELECT tag_id FROM tags WHERE name = 'outdoors'));
INSERT OR IGNORE INTO tags (name) VALUES ('studio');
INSERT INTO photo_tags (photo_idx, tag_id) VALUES ((SELECT photo_idx FROM photos WHERE photo_id = 1769), (SELECT tag_id FROM tags WHERE name = 'studio'));
INSERT OR IGNORE INTO tags (name) VALUES ('white');
INSERT INTO photo_tags (photo_idx, tag_id) VALUES ((SELECT photo_idx FROM photos WHERE photo_id = 1769), (SELECT tag_id FROM tags WHERE name = 'white'));
INSERT OR IGNORE INTO tags (name) VALUES ('yellow');
INSERT INTO photo_tags (photo_idx, tag_id) VALUES ((SELECT photo_idx FROM photos WHERE photo_id = 1769), (SELECT tag_id FROM tags WHERE name = 'yellow'));
INSERT OR IGNORE INTO tags (name) VALUES ('flowers');
INSERT INTO photo_tags (photo_idx, tag_id) VALUES ((SELECT photo_idx FROM photos WHERE photo_id = 1769), (SELECT tag_id FROM tags WHERE name = 'flowers'));
INSERT OR IGNORE INTO tags (name) VALUES ('blossoms');
INSERT INTO photo_tags (photo_idx, tag_id) VALUES ((SELECT photo_idx FROM photos WHERE photo_id = 1769), (SELECT tag_id FROM tags WHERE name = 'blossoms'));

INSERT INTO photos (photo_id, photo_title, photo_collection, photo_location, photo_year, camera, film_stock, film_format) VALUES (1770, 'Night Blooming Cactus', 'Flower Portraits', 'Woodside, California', 2001, 'Hasselblad', 'Fujichrome Velvia', '6 x 6 cm');
INSERT INTO photos_fts (photo_idx, photo_id, photo_title, photo_collection, photo_location, photo_year, camera, film_stock, film_format, tag_names) VALUES ((SELECT photo_idx FROM photos WHERE photo_id = 1770), 1770, 'Night Blooming Cactus', 'Flower Portraits', 'Woodside, California', 2001, 'Hasselblad', 'Fujichrome Velvia', '6 x 6 cm', 'horizontal,closeup,color,outdoors,studio,white,yellow,flowers,blossoms');
INSERT OR IGNORE INTO tags (name) VALUES ('horizontal');
INSERT INTO photo_tags (photo_idx, tag_id) VALUES ((SELECT photo_idx FROM photos WHERE photo_id = 1770), (SELECT tag_id FROM tags WHERE name = 'horizontal'));
INSERT OR IGNORE INTO tags (name) VALUES ('closeup');
INSERT INTO photo_tags (photo_idx, tag_id) VALUES ((SELECT photo_idx FROM photos WHERE photo_id = 1770), (SELECT tag_id FROM tags WHERE name = 'closeup'));
INSERT OR IGNORE INTO tags (name) VALUES ('color');
INSERT INTO photo_tags (photo_idx, tag_id) VALUES ((SELECT photo_idx FROM photos WHERE photo_id = 1770), (SELECT tag_id FROM tags WHERE name = 'color'));
INSERT OR IGNORE INTO tags (name) VALUES ('outdoors');
INSERT INTO photo_tags (photo_idx, tag_id) VALUES ((SELECT photo_idx FROM photos WHERE photo_id = 1770), (SELECT tag_id FROM tags WHERE name = 'outdoors'));
INSERT OR IGNORE INTO tags (name) VALUES ('studio');
INSERT INTO photo_tags (photo_idx, tag_id) VALUES ((SELECT photo_idx FROM photos WHERE photo_id = 1770), (SELECT tag_id FROM tags WHERE name = 'studio'));
INSERT OR IGNORE INTO tags (name) VALUES ('white');
INSERT INTO photo_tags (photo_idx, tag_id) VALUES ((SELECT photo_idx FROM photos WHERE photo_id = 1770), (SELECT tag_id FROM tags WHERE name = 'white'));
INSERT OR IGNORE INTO tags (name) VALUES ('yellow');
INSERT INTO photo_tags (photo_idx, tag_id) VALUES ((SELECT photo_idx FROM photos WHERE photo_id = 1770), (SELECT tag_id FROM tags WHERE name = 'yellow'));
INSERT OR IGNORE INTO tags (name) VALUES ('flowers');
INSERT INTO photo_tags (photo_idx, tag_id) VALUES ((SELECT photo_idx FROM photos WHERE photo_id = 1770), (SELECT tag_id FROM tags WHERE name = 'flowers'));
INSERT OR IGNORE INTO tags (name) VALUES ('blossoms');
INSERT INTO photo_tags (photo_idx, tag_id) VALUES ((SELECT photo_idx FROM photos WHERE photo_id = 1770), (SELECT tag_id FROM tags WHERE name = 'blossoms'));

INSERT INTO photos (photo_id, photo_title, photo_collection, photo_location, photo_year, camera, film_stock, film_format) VALUES (1771, 'Epiphyllum from Behind', 'Flower Portraits', 'Woodside, California', 2001, 'Hasselblad', 'Fujichrome Velvia', '6 x 6 cm');
INSERT INTO photos_fts (photo_idx, photo_id, photo_title, photo_collection, photo_location, photo_year, camera, film_stock, film_format, tag_names) VALUES ((SELECT photo_idx FROM photos WHERE photo_id = 1771), 1771, 'Epiphyllum from Behind', 'Flower Portraits', 'Woodside, California', 2001, 'Hasselblad', 'Fujichrome Velvia', '6 x 6 cm', 'vertical,closeup,color,outdoors,studio,green,white,flowers,blossoms');
INSERT OR IGNORE INTO tags (name) VALUES ('vertical');
INSERT INTO photo_tags (photo_idx, tag_id) VALUES ((SELECT photo_idx FROM photos WHERE photo_id = 1771), (SELECT tag_id FROM tags WHERE name = 'vertical'));
INSERT OR IGNORE INTO tags (name) VALUES ('closeup');
INSERT INTO photo_tags (photo_idx, tag_id) VALUES ((SELECT photo_idx FROM photos WHERE photo_id = 1771), (SELECT tag_id FROM tags WHERE name = 'closeup'));
INSERT OR IGNORE INTO tags (name) VALUES ('color');
INSERT INTO photo_tags (photo_idx, tag_id) VALUES ((SELECT photo_idx FROM photos WHERE photo_id = 1771), (SELECT tag_id FROM tags WHERE name = 'color'));
INSERT OR IGNORE INTO tags (name) VALUES ('outdoors');
INSERT INTO photo_tags (photo_idx, tag_id) VALUES ((SELECT photo_idx FROM photos WHERE photo_id = 1771), (SELECT tag_id FROM tags WHERE name = 'outdoors'));
INSERT OR IGNORE INTO tags (name) VALUES ('studio');
INSERT INTO photo_tags (photo_idx, tag_id) VALUES ((SELECT photo_idx FROM photos WHERE photo_id = 1771), (SELECT tag_id FROM tags WHERE name = 'studio'));
INSERT OR IGNORE INTO tags (name) VALUES ('green');
INSERT INTO photo_tags (photo_idx, tag_id) VALUES ((SELECT photo_idx FROM photos WHERE photo_id = 1771), (SELECT tag_id FROM tags WHERE name = 'green'));
INSERT OR IGNORE INTO tags (name) VALUES ('white');
INSERT INTO photo_tags (photo_idx, tag_id) VALUES ((SELECT photo_idx FROM photos WHERE photo_id = 1771), (SELECT tag_id FROM tags WHERE name = 'white'));
INSERT OR IGNORE INTO tags (name) VALUES ('flowers');
INSERT INTO photo_tags (photo_idx, tag_id) VALUES ((SELECT photo_idx FROM photos WHERE photo_id = 1771), (SELECT tag_id FROM tags WHERE name = 'flowers'));
INSERT OR IGNORE INTO tags (name) VALUES ('blossoms');
INSERT INTO photo_tags (photo_idx, tag_id) VALUES ((SELECT photo_idx FROM photos WHERE photo_id = 1771), (SELECT tag_id FROM tags WHERE name = 'blossoms'));

INSERT INTO photos (photo_id, photo_title, photo_collection, photo_location, photo_year, camera, film_stock, film_format) VALUES (1772, 'Yellow Carmel Shore', 'California', 'Carmel, California', 1999, 'Hasselblad', 'Fujichrome Velvia', '6 x 6 cm');
INSERT INTO photos_fts (photo_idx, photo_id, photo_title, photo_collection, photo_location, photo_year, camera, film_stock, film_format, tag_names) VALUES ((SELECT photo_idx FROM photos WHERE photo_id = 1772), 1772, 'Yellow Carmel Shore', 'California', 'Carmel, California', 1999, 'Hasselblad', 'Fujichrome Velvia', '6 x 6 cm', 'vertical,scenic,landscape,color,outdoors,blue,green,yellow,flowers,sand,sky,water,ocean,beach,coast,waves,wildflowers');
INSERT OR IGNORE INTO tags (name) VALUES ('vertical');
INSERT INTO photo_tags (photo_idx, tag_id) VALUES ((SELECT photo_idx FROM photos WHERE photo_id = 1772), (SELECT tag_id FROM tags WHERE name = 'vertical'));
INSERT OR IGNORE INTO tags (name) VALUES ('scenic');
INSERT INTO photo_tags (photo_idx, tag_id) VALUES ((SELECT photo_idx FROM photos WHERE photo_id = 1772), (SELECT tag_id FROM tags WHERE name = 'scenic'));
INSERT OR IGNORE INTO tags (name) VALUES ('landscape');
INSERT INTO photo_tags (photo_idx, tag_id) VALUES ((SELECT photo_idx FROM photos WHERE photo_id = 1772), (SELECT tag_id FROM tags WHERE name = 'landscape'));
INSERT OR IGNORE INTO tags (name) VALUES ('color');
INSERT INTO photo_tags (photo_idx, tag_id) VALUES ((SELECT photo_idx FROM photos WHERE photo_id = 1772), (SELECT tag_id FROM tags WHERE name = 'color'));
INSERT OR IGNORE INTO tags (name) VALUES ('outdoors');
INSERT INTO photo_tags (photo_idx, tag_id) VALUES ((SELECT photo_idx FROM photos WHERE photo_id = 1772), (SELECT tag_id FROM tags WHERE name = 'outdoors'));
INSERT OR IGNORE INTO tags (name) VALUES ('blue');
INSERT INTO photo_tags (photo_idx, tag_id) VALUES ((SELECT photo_idx FROM photos WHERE photo_id = 1772), (SELECT tag_id FROM tags WHERE name = 'blue'));
INSERT OR IGNORE INTO tags (name) VALUES ('green');
INSERT INTO photo_tags (photo_idx, tag_id) VALUES ((SELECT photo_idx FROM photos WHERE photo_id = 1772), (SELECT tag_id FROM tags WHERE name = 'green'));
INSERT OR IGNORE INTO tags (name) VALUES ('yellow');
INSERT INTO photo_tags (photo_idx, tag_id) VALUES ((SELECT photo_idx FROM photos WHERE photo_id = 1772), (SELECT tag_id FROM tags WHERE name = 'yellow'));
INSERT OR IGNORE INTO tags (name) VALUES ('flowers');
INSERT INTO photo_tags (photo_idx, tag_id) VALUES ((SELECT photo_idx FROM photos WHERE photo_id = 1772), (SELECT tag_id FROM tags WHERE name = 'flowers'));
INSERT OR IGNORE INTO tags (name) VALUES ('sand');
INSERT INTO photo_tags (photo_idx, tag_id) VALUES ((SELECT photo_idx FROM photos WHERE photo_id = 1772), (SELECT tag_id FROM tags WHERE name = 'sand'));
INSERT OR IGNORE INTO tags (name) VALUES ('sky');
INSERT INTO photo_tags (photo_idx, tag_id) VALUES ((SELECT photo_idx FROM photos WHERE photo_id = 1772), (SELECT tag_id FROM tags WHERE name = 'sky'));
INSERT OR IGNORE INTO tags (name) VALUES ('water');
INSERT INTO photo_tags (photo_idx, tag_id) VALUES ((SELECT photo_idx FROM photos WHERE photo_id = 1772), (SELECT tag_id FROM tags WHERE name = 'water'));
INSERT OR IGNORE INTO tags (name) VALUES ('ocean');
INSERT INTO photo_tags (photo_idx, tag_id) VALUES ((SELECT photo_idx FROM photos WHERE photo_id = 1772), (SELECT tag_id FROM tags WHERE name = 'ocean'));
INSERT OR IGNORE INTO tags (name) VALUES ('beach');
INSERT INTO photo_tags (photo_idx, tag_id) VALUES ((SELECT photo_idx FROM photos WHERE photo_id = 1772), (SELECT tag_id FROM tags WHERE name = 'beach'));
INSERT OR IGNORE INTO tags (name) VALUES ('coast');
INSERT INTO photo_tags (photo_idx, tag_id) VALUES ((SELECT photo_idx FROM photos WHERE photo_id = 1772), (SELECT tag_id FROM tags WHERE name = 'coast'));
INSERT OR IGNORE INTO tags (name) VALUES ('waves');
INSERT INTO photo_tags (photo_idx, tag_id) VALUES ((SELECT photo_idx FROM photos WHERE photo_id = 1772), (SELECT tag_id FROM tags WHERE name = 'waves'));
INSERT OR IGNORE INTO tags (name) VALUES ('wildflowers');
INSERT INTO photo_tags (photo_idx, tag_id) VALUES ((SELECT photo_idx FROM photos WHERE photo_id = 1772), (SELECT tag_id FROM tags WHERE name = 'wildflowers'));

INSERT INTO photos (photo_id, photo_title, photo_collection, photo_location, photo_year, camera, film_stock, film_format) VALUES (1773, 'Carmel Iceplant', 'California', 'Carmel, California', 1999, 'Hasselblad', 'Fujichrome Velvia', '6 x 6 cm');
INSERT INTO photos_fts (photo_idx, photo_id, photo_title, photo_collection, photo_location, photo_year, camera, film_stock, film_format, tag_names) VALUES ((SELECT photo_idx FROM photos WHERE photo_id = 1773), 1773, 'Carmel Iceplant', 'California', 'Carmel, California', 1999, 'Hasselblad', 'Fujichrome Velvia', '6 x 6 cm', 'vertical,closeup,scenic,landscape,color,outdoors,green,pink,purple,yellow,flowers,blossoms,coast,wildflowers');
INSERT OR IGNORE INTO tags (name) VALUES ('vertical');
INSERT INTO photo_tags (photo_idx, tag_id) VALUES ((SELECT photo_idx FROM photos WHERE photo_id = 1773), (SELECT tag_id FROM tags WHERE name = 'vertical'));
INSERT OR IGNORE INTO tags (name) VALUES ('closeup');
INSERT INTO photo_tags (photo_idx, tag_id) VALUES ((SELECT photo_idx FROM photos WHERE photo_id = 1773), (SELECT tag_id FROM tags WHERE name = 'closeup'));
INSERT OR IGNORE INTO tags (name) VALUES ('scenic');
INSERT INTO photo_tags (photo_idx, tag_id) VALUES ((SELECT photo_idx FROM photos WHERE photo_id = 1773), (SELECT tag_id FROM tags WHERE name = 'scenic'));
INSERT OR IGNORE INTO tags (name) VALUES ('landscape');
INSERT INTO photo_tags (photo_idx, tag_id) VALUES ((SELECT photo_idx FROM photos WHERE photo_id = 1773), (SELECT tag_id FROM tags WHERE name = 'landscape'));
INSERT OR IGNORE INTO tags (name) VALUES ('color');
INSERT INTO photo_tags (photo_idx, tag_id) VALUES ((SELECT photo_idx FROM photos WHERE photo_id = 1773), (SELECT tag_id FROM tags WHERE name = 'color'));
INSERT OR IGNORE INTO tags (name) VALUES ('outdoors');
INSERT INTO photo_tags (photo_idx, tag_id) VALUES ((SELECT photo_idx FROM photos WHERE photo_id = 1773), (SELECT tag_id FROM tags WHERE name = 'outdoors'));
INSERT OR IGNORE INTO tags (name) VALUES ('green');
INSERT INTO photo_tags (photo_idx, tag_id) VALUES ((SELECT photo_idx FROM photos WHERE photo_id = 1773), (SELECT tag_id FROM tags WHERE name = 'green'));
INSERT OR IGNORE INTO tags (name) VALUES ('pink');
INSERT INTO photo_tags (photo_idx, tag_id) VALUES ((SELECT photo_idx FROM photos WHERE photo_id = 1773), (SELECT tag_id FROM tags WHERE name = 'pink'));
INSERT OR IGNORE INTO tags (name) VALUES ('purple');
INSERT INTO photo_tags (photo_idx, tag_id) VALUES ((SELECT photo_idx FROM photos WHERE photo_id = 1773), (SELECT tag_id FROM tags WHERE name = 'purple'));
INSERT OR IGNORE INTO tags (name) VALUES ('yellow');
INSERT INTO photo_tags (photo_idx, tag_id) VALUES ((SELECT photo_idx FROM photos WHERE photo_id = 1773), (SELECT tag_id FROM tags WHERE name = 'yellow'));
INSERT OR IGNORE INTO tags (name) VALUES ('flowers');
INSERT INTO photo_tags (photo_idx, tag_id) VALUES ((SELECT photo_idx FROM photos WHERE photo_id = 1773), (SELECT tag_id FROM tags WHERE name = 'flowers'));
INSERT OR IGNORE INTO tags (name) VALUES ('blossoms');
INSERT INTO photo_tags (photo_idx, tag_id) VALUES ((SELECT photo_idx FROM photos WHERE photo_id = 1773), (SELECT tag_id FROM tags WHERE name = 'blossoms'));
INSERT OR IGNORE INTO tags (name) VALUES ('coast');
INSERT INTO photo_tags (photo_idx, tag_id) VALUES ((SELECT photo_idx FROM photos WHERE photo_id = 1773), (SELECT tag_id FROM tags WHERE name = 'coast'));
INSERT OR IGNORE INTO tags (name) VALUES ('wildflowers');
INSERT INTO photo_tags (photo_idx, tag_id) VALUES ((SELECT photo_idx FROM photos WHERE photo_id = 1773), (SELECT tag_id FROM tags WHERE name = 'wildflowers'));

INSERT INTO photos (photo_id, photo_title, photo_collection, photo_location, photo_year, camera, film_stock, film_format) VALUES (1774, 'Green Path through Calla Lilies', 'California', 'Carmel, California', 1999, 'Hasselblad', 'Fujichrome Velvia', '6 x 6 cm');
INSERT INTO photos_fts (photo_idx, photo_id, photo_title, photo_collection, photo_location, photo_year, camera, film_stock, film_format, tag_names) VALUES ((SELECT photo_idx FROM photos WHERE photo_id = 1774), 1774, 'Green Path through Calla Lilies', 'California', 'Carmel, California', 1999, 'Hasselblad', 'Fujichrome Velvia', '6 x 6 cm', 'vertical,scenic,landscape,color,outdoors,green,blossoms,coast,wildflowers');
INSERT OR IGNORE INTO tags (name) VALUES ('vertical');
INSERT INTO photo_tags (photo_idx, tag_id) VALUES ((SELECT photo_idx FROM photos WHERE photo_id = 1774), (SELECT tag_id FROM tags WHERE name = 'vertical'));
INSERT OR IGNORE INTO tags (name) VALUES ('scenic');
INSERT INTO photo_tags (photo_idx, tag_id) VALUES ((SELECT photo_idx FROM photos WHERE photo_id = 1774), (SELECT tag_id FROM tags WHERE name = 'scenic'));
INSERT OR IGNORE INTO tags (name) VALUES ('landscape');
INSERT INTO photo_tags (photo_idx, tag_id) VALUES ((SELECT photo_idx FROM photos WHERE photo_id = 1774), (SELECT tag_id FROM tags WHERE name = 'landscape'));
INSERT OR IGNORE INTO tags (name) VALUES ('color');
INSERT INTO photo_tags (photo_idx, tag_id) VALUES ((SELECT photo_idx FROM photos WHERE photo_id = 1774), (SELECT tag_id FROM tags WHERE name = 'color'));
INSERT OR IGNORE INTO tags (name) VALUES ('outdoors');
INSERT INTO photo_tags (photo_idx, tag_id) VALUES ((SELECT photo_idx FROM photos WHERE photo_id = 1774), (SELECT tag_id FROM tags WHERE name = 'outdoors'));
INSERT OR IGNORE INTO tags (name) VALUES ('green');
INSERT INTO photo_tags (photo_idx, tag_id) VALUES ((SELECT photo_idx FROM photos WHERE photo_id = 1774), (SELECT tag_id FROM tags WHERE name = 'green'));
INSERT OR IGNORE INTO tags (name) VALUES ('blossoms');
INSERT INTO photo_tags (photo_idx, tag_id) VALUES ((SELECT photo_idx FROM photos WHERE photo_id = 1774), (SELECT tag_id FROM tags WHERE name = 'blossoms'));
INSERT OR IGNORE INTO tags (name) VALUES ('coast');
INSERT INTO photo_tags (photo_idx, tag_id) VALUES ((SELECT photo_idx FROM photos WHERE photo_id = 1774), (SELECT tag_id FROM tags WHERE name = 'coast'));
INSERT OR IGNORE INTO tags (name) VALUES ('wildflowers');
INSERT INTO photo_tags (photo_idx, tag_id) VALUES ((SELECT photo_idx FROM photos WHERE photo_id = 1774), (SELECT tag_id FROM tags WHERE name = 'wildflowers'));

INSERT INTO photos (photo_id, photo_title, photo_collection, photo_location, photo_year, camera, film_stock, film_format) VALUES (1775, 'Morning Glories on Big Sur Coast', 'California', 'Big Sur, California', 1999, 'Hasselblad', 'Fujichrome Velvia', '6 x 6 cm');
INSERT INTO photos_fts (photo_idx, photo_id, photo_title, photo_collection, photo_location, photo_year, camera, film_stock, film_format, tag_names) VALUES ((SELECT photo_idx FROM photos WHERE photo_id = 1775), 1775, 'Morning Glories on Big Sur Coast', 'California', 'Big Sur, California', 1999, 'Hasselblad', 'Fujichrome Velvia', '6 x 6 cm', 'horizontal,scenic,landscape,color,outdoors,blue,green,white,flowers,fog,sky,water,ocean,mist,blossoms,beach,coast,wildflowers');
INSERT OR IGNORE INTO tags (name) VALUES ('horizontal');
INSERT INTO photo_tags (photo_idx, tag_id) VALUES ((SELECT photo_idx FROM photos WHERE photo_id = 1775), (SELECT tag_id FROM tags WHERE name = 'horizontal'));
INSERT OR IGNORE INTO tags (name) VALUES ('scenic');
INSERT INTO photo_tags (photo_idx, tag_id) VALUES ((SELECT photo_idx FROM photos WHERE photo_id = 1775), (SELECT tag_id FROM tags WHERE name = 'scenic'));
INSERT OR IGNORE INTO tags (name) VALUES ('landscape');
INSERT INTO photo_tags (photo_idx, tag_id) VALUES ((SELECT photo_idx FROM photos WHERE photo_id = 1775), (SELECT tag_id FROM tags WHERE name = 'landscape'));
INSERT OR IGNORE INTO tags (name) VALUES ('color');
INSERT INTO photo_tags (photo_idx, tag_id) VALUES ((SELECT photo_idx FROM photos WHERE photo_id = 1775), (SELECT tag_id FROM tags WHERE name = 'color'));
INSERT OR IGNORE INTO tags (name) VALUES ('outdoors');
INSERT INTO photo_tags (photo_idx, tag_id) VALUES ((SELECT photo_idx FROM photos WHERE photo_id = 1775), (SELECT tag_id FROM tags WHERE name = 'outdoors'));
INSERT OR IGNORE INTO tags (name) VALUES ('blue');
INSERT INTO photo_tags (photo_idx, tag_id) VALUES ((SELECT photo_idx FROM photos WHERE photo_id = 1775), (SELECT tag_id FROM tags WHERE name = 'blue'));
INSERT OR IGNORE INTO tags (name) VALUES ('green');
INSERT INTO photo_tags (photo_idx, tag_id) VALUES ((SELECT photo_idx FROM photos WHERE photo_id = 1775), (SELECT tag_id FROM tags WHERE name = 'green'));
INSERT OR IGNORE INTO tags (name) VALUES ('white');
INSERT INTO photo_tags (photo_idx, tag_id) VALUES ((SELECT photo_idx FROM photos WHERE photo_id = 1775), (SELECT tag_id FROM tags WHERE name = 'white'));
INSERT OR IGNORE INTO tags (name) VALUES ('flowers');
INSERT INTO photo_tags (photo_idx, tag_id) VALUES ((SELECT photo_idx FROM photos WHERE photo_id = 1775), (SELECT tag_id FROM tags WHERE name = 'flowers'));
INSERT OR IGNORE INTO tags (name) VALUES ('fog');
INSERT INTO photo_tags (photo_idx, tag_id) VALUES ((SELECT photo_idx FROM photos WHERE photo_id = 1775), (SELECT tag_id FROM tags WHERE name = 'fog'));
INSERT OR IGNORE INTO tags (name) VALUES ('sky');
INSERT INTO photo_tags (photo_idx, tag_id) VALUES ((SELECT photo_idx FROM photos WHERE photo_id = 1775), (SELECT tag_id FROM tags WHERE name = 'sky'));
INSERT OR IGNORE INTO tags (name) VALUES ('water');
INSERT INTO photo_tags (photo_idx, tag_id) VALUES ((SELECT photo_idx FROM photos WHERE photo_id = 1775), (SELECT tag_id FROM tags WHERE name = 'water'));
INSERT OR IGNORE INTO tags (name) VALUES ('ocean');
INSERT INTO photo_tags (photo_idx, tag_id) VALUES ((SELECT photo_idx FROM photos WHERE photo_id = 1775), (SELECT tag_id FROM tags WHERE name = 'ocean'));
INSERT OR IGNORE INTO tags (name) VALUES ('mist');
INSERT INTO photo_tags (photo_idx, tag_id) VALUES ((SELECT photo_idx FROM photos WHERE photo_id = 1775), (SELECT tag_id FROM tags WHERE name = 'mist'));
INSERT OR IGNORE INTO tags (name) VALUES ('blossoms');
INSERT INTO photo_tags (photo_idx, tag_id) VALUES ((SELECT photo_idx FROM photos WHERE photo_id = 1775), (SELECT tag_id FROM tags WHERE name = 'blossoms'));
INSERT OR IGNORE INTO tags (name) VALUES ('beach');
INSERT INTO photo_tags (photo_idx, tag_id) VALUES ((SELECT photo_idx FROM photos WHERE photo_id = 1775), (SELECT tag_id FROM tags WHERE name = 'beach'));
INSERT OR IGNORE INTO tags (name) VALUES ('coast');
INSERT INTO photo_tags (photo_idx, tag_id) VALUES ((SELECT photo_idx FROM photos WHERE photo_id = 1775), (SELECT tag_id FROM tags WHERE name = 'coast'));
INSERT OR IGNORE INTO tags (name) VALUES ('wildflowers');
INSERT INTO photo_tags (photo_idx, tag_id) VALUES ((SELECT photo_idx FROM photos WHERE photo_id = 1775), (SELECT tag_id FROM tags WHERE name = 'wildflowers'));

INSERT INTO photos (photo_id, photo_title, photo_collection, photo_location, photo_year, camera, film_stock, film_format) VALUES (1776, 'Agave at Nepenthe''s', 'California', 'Big Sur, California', 1999, 'Hasselblad', 'Fujichrome Velvia', '6 x 6 cm');
INSERT INTO photos_fts (photo_idx, photo_id, photo_title, photo_collection, photo_location, photo_year, camera, film_stock, film_format, tag_names) VALUES ((SELECT photo_idx FROM photos WHERE photo_id = 1776), 1776, 'Agave at Nepenthe''s', 'California', 'Big Sur, California', 1999, 'Hasselblad', 'Fujichrome Velvia', '6 x 6 cm', 'horizontal,closeup,color,outdoors,green,leaf,coast');
INSERT OR IGNORE INTO tags (name) VALUES ('horizontal');
INSERT INTO photo_tags (photo_idx, tag_id) VALUES ((SELECT photo_idx FROM photos WHERE photo_id = 1776), (SELECT tag_id FROM tags WHERE name = 'horizontal'));
INSERT OR IGNORE INTO tags (name) VALUES ('closeup');
INSERT INTO photo_tags (photo_idx, tag_id) VALUES ((SELECT photo_idx FROM photos WHERE photo_id = 1776), (SELECT tag_id FROM tags WHERE name = 'closeup'));
INSERT OR IGNORE INTO tags (name) VALUES ('color');
INSERT INTO photo_tags (photo_idx, tag_id) VALUES ((SELECT photo_idx FROM photos WHERE photo_id = 1776), (SELECT tag_id FROM tags WHERE name = 'color'));
INSERT OR IGNORE INTO tags (name) VALUES ('outdoors');
INSERT INTO photo_tags (photo_idx, tag_id) VALUES ((SELECT photo_idx FROM photos WHERE photo_id = 1776), (SELECT tag_id FROM tags WHERE name = 'outdoors'));
INSERT OR IGNORE INTO tags (name) VALUES ('green');
INSERT INTO photo_tags (photo_idx, tag_id) VALUES ((SELECT photo_idx FROM photos WHERE photo_id = 1776), (SELECT tag_id FROM tags WHERE name = 'green'));
INSERT OR IGNORE INTO tags (name) VALUES ('leaf');
INSERT INTO photo_tags (photo_idx, tag_id) VALUES ((SELECT photo_idx FROM photos WHERE photo_id = 1776), (SELECT tag_id FROM tags WHERE name = 'leaf'));
INSERT OR IGNORE INTO tags (name) VALUES ('coast');
INSERT INTO photo_tags (photo_idx, tag_id) VALUES ((SELECT photo_idx FROM photos WHERE photo_id = 1776), (SELECT tag_id FROM tags WHERE name = 'coast'));

INSERT INTO photos (photo_id, photo_title, photo_collection, photo_location, photo_year, camera, film_stock, film_format) VALUES (1778, 'Big Sur Wildflowers', 'California', 'Big Sur, California', 1999, 'Hasselblad', 'Fujichrome Velvia', '6 x 6 cm');
INSERT INTO photos_fts (photo_idx, photo_id, photo_title, photo_collection, photo_location, photo_year, camera, film_stock, film_format, tag_names) VALUES ((SELECT photo_idx FROM photos WHERE photo_id = 1778), 1778, 'Big Sur Wildflowers', 'California', 'Big Sur, California', 1999, 'Hasselblad', 'Fujichrome Velvia', '6 x 6 cm', 'vertical,color,outdoors,green,yellow,flowers,coast,wildflowers');
INSERT OR IGNORE INTO tags (name) VALUES ('vertical');
INSERT INTO photo_tags (photo_idx, tag_id) VALUES ((SELECT photo_idx FROM photos WHERE photo_id = 1778), (SELECT tag_id FROM tags WHERE name = 'vertical'));
INSERT OR IGNORE INTO tags (name) VALUES ('color');
INSERT INTO photo_tags (photo_idx, tag_id) VALUES ((SELECT photo_idx FROM photos WHERE photo_id = 1778), (SELECT tag_id FROM tags WHERE name = 'color'));
INSERT OR IGNORE INTO tags (name) VALUES ('outdoors');
INSERT INTO photo_tags (photo_idx, tag_id) VALUES ((SELECT photo_idx FROM photos WHERE photo_id = 1778), (SELECT tag_id FROM tags WHERE name = 'outdoors'));
INSERT OR IGNORE INTO tags (name) VALUES ('green');
INSERT INTO photo_tags (photo_idx, tag_id) VALUES ((SELECT photo_idx FROM photos WHERE photo_id = 1778), (SELECT tag_id FROM tags WHERE name = 'green'));
INSERT OR IGNORE INTO tags (name) VALUES ('yellow');
INSERT INTO photo_tags (photo_idx, tag_id) VALUES ((SELECT photo_idx FROM photos WHERE photo_id = 1778), (SELECT tag_id FROM tags WHERE name = 'yellow'));
INSERT OR IGNORE INTO tags (name) VALUES ('flowers');
INSERT INTO photo_tags (photo_idx, tag_id) VALUES ((SELECT photo_idx FROM photos WHERE photo_id = 1778), (SELECT tag_id FROM tags WHERE name = 'flowers'));
INSERT OR IGNORE INTO tags (name) VALUES ('coast');
INSERT INTO photo_tags (photo_idx, tag_id) VALUES ((SELECT photo_idx FROM photos WHERE photo_id = 1778), (SELECT tag_id FROM tags WHERE name = 'coast'));
INSERT OR IGNORE INTO tags (name) VALUES ('wildflowers');
INSERT INTO photo_tags (photo_idx, tag_id) VALUES ((SELECT photo_idx FROM photos WHERE photo_id = 1778), (SELECT tag_id FROM tags WHERE name = 'wildflowers'));

INSERT INTO photos (photo_id, photo_title, photo_collection, photo_location, photo_year, camera, film_stock, film_format) VALUES (1779, 'Big Sur Coast', 'California', 'Big Sur, California', 1999, 'Hasselblad', 'Fujichrome Velvia', '6 x 6 cm');
INSERT INTO photos_fts (photo_idx, photo_id, photo_title, photo_collection, photo_location, photo_year, camera, film_stock, film_format, tag_names) VALUES ((SELECT photo_idx FROM photos WHERE photo_id = 1779), 1779, 'Big Sur Coast', 'California', 'Big Sur, California', 1999, 'Hasselblad', 'Fujichrome Velvia', '6 x 6 cm', 'horizontal,scenic,landscape,color,outdoors,blue,green,white,yellow,flowers,fog,sky,water,ocean,mist,beach,coast,wildflowers');
INSERT OR IGNORE INTO tags (name) VALUES ('horizontal');
INSERT INTO photo_tags (photo_idx, tag_id) VALUES ((SELECT photo_idx FROM photos WHERE photo_id = 1779), (SELECT tag_id FROM tags WHERE name = 'horizontal'));
INSERT OR IGNORE INTO tags (name) VALUES ('scenic');
INSERT INTO photo_tags (photo_idx, tag_id) VALUES ((SELECT photo_idx FROM photos WHERE photo_id = 1779), (SELECT tag_id FROM tags WHERE name = 'scenic'));
INSERT OR IGNORE INTO tags (name) VALUES ('landscape');
INSERT INTO photo_tags (photo_idx, tag_id) VALUES ((SELECT photo_idx FROM photos WHERE photo_id = 1779), (SELECT tag_id FROM tags WHERE name = 'landscape'));
INSERT OR IGNORE INTO tags (name) VALUES ('color');
INSERT INTO photo_tags (photo_idx, tag_id) VALUES ((SELECT photo_idx FROM photos WHERE photo_id = 1779), (SELECT tag_id FROM tags WHERE name = 'color'));
INSERT OR IGNORE INTO tags (name) VALUES ('outdoors');
INSERT INTO photo_tags (photo_idx, tag_id) VALUES ((SELECT photo_idx FROM photos WHERE photo_id = 1779), (SELECT tag_id FROM tags WHERE name = 'outdoors'));
INSERT OR IGNORE INTO tags (name) VALUES ('blue');
INSERT INTO photo_tags (photo_idx, tag_id) VALUES ((SELECT photo_idx FROM photos WHERE photo_id = 1779), (SELECT tag_id FROM tags WHERE name = 'blue'));
INSERT OR IGNORE INTO tags (name) VALUES ('green');
INSERT INTO photo_tags (photo_idx, tag_id) VALUES ((SELECT photo_idx FROM photos WHERE photo_id = 1779), (SELECT tag_id FROM tags WHERE name = 'green'));
INSERT OR IGNORE INTO tags (name) VALUES ('white');
INSERT INTO photo_tags (photo_idx, tag_id) VALUES ((SELECT photo_idx FROM photos WHERE photo_id = 1779), (SELECT tag_id FROM tags WHERE name = 'white'));
INSERT OR IGNORE INTO tags (name) VALUES ('yellow');
INSERT INTO photo_tags (photo_idx, tag_id) VALUES ((SELECT photo_idx FROM photos WHERE photo_id = 1779), (SELECT tag_id FROM tags WHERE name = 'yellow'));
INSERT OR IGNORE INTO tags (name) VALUES ('flowers');
INSERT INTO photo_tags (photo_idx, tag_id) VALUES ((SELECT photo_idx FROM photos WHERE photo_id = 1779), (SELECT tag_id FROM tags WHERE name = 'flowers'));
INSERT OR IGNORE INTO tags (name) VALUES ('fog');
INSERT INTO photo_tags (photo_idx, tag_id) VALUES ((SELECT photo_idx FROM photos WHERE photo_id = 1779), (SELECT tag_id FROM tags WHERE name = 'fog'));
INSERT OR IGNORE INTO tags (name) VALUES ('sky');
INSERT INTO photo_tags (photo_idx, tag_id) VALUES ((SELECT photo_idx FROM photos WHERE photo_id = 1779), (SELECT tag_id FROM tags WHERE name = 'sky'));
INSERT OR IGNORE INTO tags (name) VALUES ('water');
INSERT INTO photo_tags (photo_idx, tag_id) VALUES ((SELECT photo_idx FROM photos WHERE photo_id = 1779), (SELECT tag_id FROM tags WHERE name = 'water'));
INSERT OR IGNORE INTO tags (name) VALUES ('ocean');
INSERT INTO photo_tags (photo_idx, tag_id) VALUES ((SELECT photo_idx FROM photos WHERE photo_id = 1779), (SELECT tag_id FROM tags WHERE name = 'ocean'));
INSERT OR IGNORE INTO tags (name) VALUES ('mist');
INSERT INTO photo_tags (photo_idx, tag_id) VALUES ((SELECT photo_idx FROM photos WHERE photo_id = 1779), (SELECT tag_id FROM tags WHERE name = 'mist'));
INSERT OR IGNORE INTO tags (name) VALUES ('beach');
INSERT INTO photo_tags (photo_idx, tag_id) VALUES ((SELECT photo_idx FROM photos WHERE photo_id = 1779), (SELECT tag_id FROM tags WHERE name = 'beach'));
INSERT OR IGNORE INTO tags (name) VALUES ('coast');
INSERT INTO photo_tags (photo_idx, tag_id) VALUES ((SELECT photo_idx FROM photos WHERE photo_id = 1779), (SELECT tag_id FROM tags WHERE name = 'coast'));
INSERT OR IGNORE INTO tags (name) VALUES ('wildflowers');
INSERT INTO photo_tags (photo_idx, tag_id) VALUES ((SELECT photo_idx FROM photos WHERE photo_id = 1779), (SELECT tag_id FROM tags WHERE name = 'wildflowers'));

INSERT INTO photos (photo_id, photo_title, photo_collection, photo_location, photo_year, camera, film_stock, film_format) VALUES (1780, 'Flowers and Coast at Big Sur', 'California', 'Big Sur, California', 1999, 'Hasselblad', 'Fujichrome Velvia', '6 x 6 cm');
INSERT INTO photos_fts (photo_idx, photo_id, photo_title, photo_collection, photo_location, photo_year, camera, film_stock, film_format, tag_names) VALUES ((SELECT photo_idx FROM photos WHERE photo_id = 1780), 1780, 'Flowers and Coast at Big Sur', 'California', 'Big Sur, California', 1999, 'Hasselblad', 'Fujichrome Velvia', '6 x 6 cm', 'vertical,scenic,landscape,color,outdoors,blue,green,yellow,flowers,sky,water,ocean,beach,coast,waves,wildflowers');
INSERT OR IGNORE INTO tags (name) VALUES ('vertical');
INSERT INTO photo_tags (photo_idx, tag_id) VALUES ((SELECT photo_idx FROM photos WHERE photo_id = 1780), (SELECT tag_id FROM tags WHERE name = 'vertical'));
INSERT OR IGNORE INTO tags (name) VALUES ('scenic');
INSERT INTO photo_tags (photo_idx, tag_id) VALUES ((SELECT photo_idx FROM photos WHERE photo_id = 1780), (SELECT tag_id FROM tags WHERE name = 'scenic'));
INSERT OR IGNORE INTO tags (name) VALUES ('landscape');
INSERT INTO photo_tags (photo_idx, tag_id) VALUES ((SELECT photo_idx FROM photos WHERE photo_id = 1780), (SELECT tag_id FROM tags WHERE name = 'landscape'));
INSERT OR IGNORE INTO tags (name) VALUES ('color');
INSERT INTO photo_tags (photo_idx, tag_id) VALUES ((SELECT photo_idx FROM photos WHERE photo_id = 1780), (SELECT tag_id FROM tags WHERE name = 'color'));
INSERT OR IGNORE INTO tags (name) VALUES ('outdoors');
INSERT INTO photo_tags (photo_idx, tag_id) VALUES ((SELECT photo_idx FROM photos WHERE photo_id = 1780), (SELECT tag_id FROM tags WHERE name = 'outdoors'));
INSERT OR IGNORE INTO tags (name) VALUES ('blue');
INSERT INTO photo_tags (photo_idx, tag_id) VALUES ((SELECT photo_idx FROM photos WHERE photo_id = 1780), (SELECT tag_id FROM tags WHERE name = 'blue'));
INSERT OR IGNORE INTO tags (name) VALUES ('green');
INSERT INTO photo_tags (photo_idx, tag_id) VALUES ((SELECT photo_idx FROM photos WHERE photo_id = 1780), (SELECT tag_id FROM tags WHERE name = 'green'));
INSERT OR IGNORE INTO tags (name) VALUES ('yellow');
INSERT INTO photo_tags (photo_idx, tag_id) VALUES ((SELECT photo_idx FROM photos WHERE photo_id = 1780), (SELECT tag_id FROM tags WHERE name = 'yellow'));
INSERT OR IGNORE INTO tags (name) VALUES ('flowers');
INSERT INTO photo_tags (photo_idx, tag_id) VALUES ((SELECT photo_idx FROM photos WHERE photo_id = 1780), (SELECT tag_id FROM tags WHERE name = 'flowers'));
INSERT OR IGNORE INTO tags (name) VALUES ('sky');
INSERT INTO photo_tags (photo_idx, tag_id) VALUES ((SELECT photo_idx FROM photos WHERE photo_id = 1780), (SELECT tag_id FROM tags WHERE name = 'sky'));
INSERT OR IGNORE INTO tags (name) VALUES ('water');
INSERT INTO photo_tags (photo_idx, tag_id) VALUES ((SELECT photo_idx FROM photos WHERE photo_id = 1780), (SELECT tag_id FROM tags WHERE name = 'water'));
INSERT OR IGNORE INTO tags (name) VALUES ('ocean');
INSERT INTO photo_tags (photo_idx, tag_id) VALUES ((SELECT photo_idx FROM photos WHERE photo_id = 1780), (SELECT tag_id FROM tags WHERE name = 'ocean'));
INSERT OR IGNORE INTO tags (name) VALUES ('beach');
INSERT INTO photo_tags (photo_idx, tag_id) VALUES ((SELECT photo_idx FROM photos WHERE photo_id = 1780), (SELECT tag_id FROM tags WHERE name = 'beach'));
INSERT OR IGNORE INTO tags (name) VALUES ('coast');
INSERT INTO photo_tags (photo_idx, tag_id) VALUES ((SELECT photo_idx FROM photos WHERE photo_id = 1780), (SELECT tag_id FROM tags WHERE name = 'coast'));
INSERT OR IGNORE INTO tags (name) VALUES ('waves');
INSERT INTO photo_tags (photo_idx, tag_id) VALUES ((SELECT photo_idx FROM photos WHERE photo_id = 1780), (SELECT tag_id FROM tags WHERE name = 'waves'));
INSERT OR IGNORE INTO tags (name) VALUES ('wildflowers');
INSERT INTO photo_tags (photo_idx, tag_id) VALUES ((SELECT photo_idx FROM photos WHERE photo_id = 1780), (SELECT tag_id FROM tags WHERE name = 'wildflowers'));

INSERT INTO photos (photo_id, photo_title, photo_collection, photo_location, photo_year, camera, film_stock, film_format) VALUES (1783, 'Agave', 'California', 'Portola Valley, California', 1999, 'Hasselblad', 'Fujichrome Velvia', '6 x 6 cm');
INSERT INTO photos_fts (photo_idx, photo_id, photo_title, photo_collection, photo_location, photo_year, camera, film_stock, film_format, tag_names) VALUES ((SELECT photo_idx FROM photos WHERE photo_id = 1783), 1783, 'Agave', 'California', 'Portola Valley, California', 1999, 'Hasselblad', 'Fujichrome Velvia', '6 x 6 cm', 'horizontal,closeup,abstract,color,outdoors,gray,yellow,leaf');
INSERT OR IGNORE INTO tags (name) VALUES ('horizontal');
INSERT INTO photo_tags (photo_idx, tag_id) VALUES ((SELECT photo_idx FROM photos WHERE photo_id = 1783), (SELECT tag_id FROM tags WHERE name = 'horizontal'));
INSERT OR IGNORE INTO tags (name) VALUES ('closeup');
INSERT INTO photo_tags (photo_idx, tag_id) VALUES ((SELECT photo_idx FROM photos WHERE photo_id = 1783), (SELECT tag_id FROM tags WHERE name = 'closeup'));
INSERT OR IGNORE INTO tags (name) VALUES ('abstract');
INSERT INTO photo_tags (photo_idx, tag_id) VALUES ((SELECT photo_idx FROM photos WHERE photo_id = 1783), (SELECT tag_id FROM tags WHERE name = 'abstract'));
INSERT OR IGNORE INTO tags (name) VALUES ('color');
INSERT INTO photo_tags (photo_idx, tag_id) VALUES ((SELECT photo_idx FROM photos WHERE photo_id = 1783), (SELECT tag_id FROM tags WHERE name = 'color'));
INSERT OR IGNORE INTO tags (name) VALUES ('outdoors');
INSERT INTO photo_tags (photo_idx, tag_id) VALUES ((SELECT photo_idx FROM photos WHERE photo_id = 1783), (SELECT tag_id FROM tags WHERE name = 'outdoors'));
INSERT OR IGNORE INTO tags (name) VALUES ('gray');
INSERT INTO photo_tags (photo_idx, tag_id) VALUES ((SELECT photo_idx FROM photos WHERE photo_id = 1783), (SELECT tag_id FROM tags WHERE name = 'gray'));
INSERT OR IGNORE INTO tags (name) VALUES ('yellow');
INSERT INTO photo_tags (photo_idx, tag_id) VALUES ((SELECT photo_idx FROM photos WHERE photo_id = 1783), (SELECT tag_id FROM tags WHERE name = 'yellow'));
INSERT OR IGNORE INTO tags (name) VALUES ('leaf');
INSERT INTO photo_tags (photo_idx, tag_id) VALUES ((SELECT photo_idx FROM photos WHERE photo_id = 1783), (SELECT tag_id FROM tags WHERE name = 'leaf'));

INSERT INTO photos (photo_id, photo_title, photo_collection, photo_location, photo_year, camera, film_stock, film_format) VALUES (1784, 'Wet Beach Stones', 'California', 'Pebble Beach, California', 1999, 'Hasselblad', 'Fujichrome Velvia', '6 x 6 cm');
INSERT INTO photos_fts (photo_idx, photo_id, photo_title, photo_collection, photo_location, photo_year, camera, film_stock, film_format, tag_names) VALUES ((SELECT photo_idx FROM photos WHERE photo_id = 1784), 1784, 'Wet Beach Stones', 'California', 'Pebble Beach, California', 1999, 'Hasselblad', 'Fujichrome Velvia', '6 x 6 cm', 'vertical,closeup,color,outdoors,gray,rock,coast');
INSERT OR IGNORE INTO tags (name) VALUES ('vertical');
INSERT INTO photo_tags (photo_idx, tag_id) VALUES ((SELECT photo_idx FROM photos WHERE photo_id = 1784), (SELECT tag_id FROM tags WHERE name = 'vertical'));
INSERT OR IGNORE INTO tags (name) VALUES ('closeup');
INSERT INTO photo_tags (photo_idx, tag_id) VALUES ((SELECT photo_idx FROM photos WHERE photo_id = 1784), (SELECT tag_id FROM tags WHERE name = 'closeup'));
INSERT OR IGNORE INTO tags (name) VALUES ('color');
INSERT INTO photo_tags (photo_idx, tag_id) VALUES ((SELECT photo_idx FROM photos WHERE photo_id = 1784), (SELECT tag_id FROM tags WHERE name = 'color'));
INSERT OR IGNORE INTO tags (name) VALUES ('outdoors');
INSERT INTO photo_tags (photo_idx, tag_id) VALUES ((SELECT photo_idx FROM photos WHERE photo_id = 1784), (SELECT tag_id FROM tags WHERE name = 'outdoors'));
INSERT OR IGNORE INTO tags (name) VALUES ('gray');
INSERT INTO photo_tags (photo_idx, tag_id) VALUES ((SELECT photo_idx FROM photos WHERE photo_id = 1784), (SELECT tag_id FROM tags WHERE name = 'gray'));
INSERT OR IGNORE INTO tags (name) VALUES ('rock');
INSERT INTO photo_tags (photo_idx, tag_id) VALUES ((SELECT photo_idx FROM photos WHERE photo_id = 1784), (SELECT tag_id FROM tags WHERE name = 'rock'));
INSERT OR IGNORE INTO tags (name) VALUES ('coast');
INSERT INTO photo_tags (photo_idx, tag_id) VALUES ((SELECT photo_idx FROM photos WHERE photo_id = 1784), (SELECT tag_id FROM tags WHERE name = 'coast'));

INSERT INTO photos (photo_id, photo_title, photo_collection, photo_location, photo_year, camera, film_stock, film_format) VALUES (1785, 'Dry Beach Stones', 'California', 'Pebble Beach, California', 1999, 'Hasselblad', 'Fujichrome Velvia', '6 x 6 cm');
INSERT INTO photos_fts (photo_idx, photo_id, photo_title, photo_collection, photo_location, photo_year, camera, film_stock, film_format, tag_names) VALUES ((SELECT photo_idx FROM photos WHERE photo_id = 1785), 1785, 'Dry Beach Stones', 'California', 'Pebble Beach, California', 1999, 'Hasselblad', 'Fujichrome Velvia', '6 x 6 cm', 'vertical,closeup,color,outdoors,gray,rock,coast');
INSERT OR IGNORE INTO tags (name) VALUES ('vertical');
INSERT INTO photo_tags (photo_idx, tag_id) VALUES ((SELECT photo_idx FROM photos WHERE photo_id = 1785), (SELECT tag_id FROM tags WHERE name = 'vertical'));
INSERT OR IGNORE INTO tags (name) VALUES ('closeup');
INSERT INTO photo_tags (photo_idx, tag_id) VALUES ((SELECT photo_idx FROM photos WHERE photo_id = 1785), (SELECT tag_id FROM tags WHERE name = 'closeup'));
INSERT OR IGNORE INTO tags (name) VALUES ('color');
INSERT INTO photo_tags (photo_idx, tag_id) VALUES ((SELECT photo_idx FROM photos WHERE photo_id = 1785), (SELECT tag_id FROM tags WHERE name = 'color'));
INSERT OR IGNORE INTO tags (name) VALUES ('outdoors');
INSERT INTO photo_tags (photo_idx, tag_id) VALUES ((SELECT photo_idx FROM photos WHERE photo_id = 1785), (SELECT tag_id FROM tags WHERE name = 'outdoors'));
INSERT OR IGNORE INTO tags (name) VALUES ('gray');
INSERT INTO photo_tags (photo_idx, tag_id) VALUES ((SELECT photo_idx FROM photos WHERE photo_id = 1785), (SELECT tag_id FROM tags WHERE name = 'gray'));
INSERT OR IGNORE INTO tags (name) VALUES ('rock');
INSERT INTO photo_tags (photo_idx, tag_id) VALUES ((SELECT photo_idx FROM photos WHERE photo_id = 1785), (SELECT tag_id FROM tags WHERE name = 'rock'));
INSERT OR IGNORE INTO tags (name) VALUES ('coast');
INSERT INTO photo_tags (photo_idx, tag_id) VALUES ((SELECT photo_idx FROM photos WHERE photo_id = 1785), (SELECT tag_id FROM tags WHERE name = 'coast'));

INSERT INTO photos (photo_id, photo_title, photo_collection, photo_location, photo_year, camera, film_stock, film_format) VALUES (1787, 'Sticks and Stones', 'California', 'Pebble Beach, California', 1999, 'Hasselblad', 'Fujichrome Velvia', '6 x 6 cm');
INSERT INTO photos_fts (photo_idx, photo_id, photo_title, photo_collection, photo_location, photo_year, camera, film_stock, film_format, tag_names) VALUES ((SELECT photo_idx FROM photos WHERE photo_id = 1787), 1787, 'Sticks and Stones', 'California', 'Pebble Beach, California', 1999, 'Hasselblad', 'Fujichrome Velvia', '6 x 6 cm', 'horizontal,popular,closeup,color,outdoors,gray,rock,coast');
INSERT OR IGNORE INTO tags (name) VALUES ('horizontal');
INSERT INTO photo_tags (photo_idx, tag_id) VALUES ((SELECT photo_idx FROM photos WHERE photo_id = 1787), (SELECT tag_id FROM tags WHERE name = 'horizontal'));
INSERT OR IGNORE INTO tags (name) VALUES ('popular');
INSERT INTO photo_tags (photo_idx, tag_id) VALUES ((SELECT photo_idx FROM photos WHERE photo_id = 1787), (SELECT tag_id FROM tags WHERE name = 'popular'));
INSERT OR IGNORE INTO tags (name) VALUES ('closeup');
INSERT INTO photo_tags (photo_idx, tag_id) VALUES ((SELECT photo_idx FROM photos WHERE photo_id = 1787), (SELECT tag_id FROM tags WHERE name = 'closeup'));
INSERT OR IGNORE INTO tags (name) VALUES ('color');
INSERT INTO photo_tags (photo_idx, tag_id) VALUES ((SELECT photo_idx FROM photos WHERE photo_id = 1787), (SELECT tag_id FROM tags WHERE name = 'color'));
INSERT OR IGNORE INTO tags (name) VALUES ('outdoors');
INSERT INTO photo_tags (photo_idx, tag_id) VALUES ((SELECT photo_idx FROM photos WHERE photo_id = 1787), (SELECT tag_id FROM tags WHERE name = 'outdoors'));
INSERT OR IGNORE INTO tags (name) VALUES ('gray');
INSERT INTO photo_tags (photo_idx, tag_id) VALUES ((SELECT photo_idx FROM photos WHERE photo_id = 1787), (SELECT tag_id FROM tags WHERE name = 'gray'));
INSERT OR IGNORE INTO tags (name) VALUES ('rock');
INSERT INTO photo_tags (photo_idx, tag_id) VALUES ((SELECT photo_idx FROM photos WHERE photo_id = 1787), (SELECT tag_id FROM tags WHERE name = 'rock'));
INSERT OR IGNORE INTO tags (name) VALUES ('coast');
INSERT INTO photo_tags (photo_idx, tag_id) VALUES ((SELECT photo_idx FROM photos WHERE photo_id = 1787), (SELECT tag_id FROM tags WHERE name = 'coast'));

INSERT INTO photos (photo_id, photo_title, photo_collection, photo_location, photo_year, camera, film_stock, film_format) VALUES (1790, 'Bryce Canyon', 'Southwest', 'Bryce Canyon, Utah', 1998, 'Hasselblad', 'Fujichrome Velvia', '6 x 6 cm');
INSERT INTO photos_fts (photo_idx, photo_id, photo_title, photo_collection, photo_location, photo_year, camera, film_stock, film_format, tag_names) VALUES ((SELECT photo_idx FROM photos WHERE photo_id = 1790), 1790, 'Bryce Canyon', 'Southwest', 'Bryce Canyon, Utah', 1998, 'Hasselblad', 'Fujichrome Velvia', '6 x 6 cm', 'horizontal,scenic,landscape,color,outdoors,red,tan,rock,sandstone');
INSERT OR IGNORE INTO tags (name) VALUES ('horizontal');
INSERT INTO photo_tags (photo_idx, tag_id) VALUES ((SELECT photo_idx FROM photos WHERE photo_id = 1790), (SELECT tag_id FROM tags WHERE name = 'horizontal'));
INSERT OR IGNORE INTO tags (name) VALUES ('scenic');
INSERT INTO photo_tags (photo_idx, tag_id) VALUES ((SELECT photo_idx FROM photos WHERE photo_id = 1790), (SELECT tag_id FROM tags WHERE name = 'scenic'));
INSERT OR IGNORE INTO tags (name) VALUES ('landscape');
INSERT INTO photo_tags (photo_idx, tag_id) VALUES ((SELECT photo_idx FROM photos WHERE photo_id = 1790), (SELECT tag_id FROM tags WHERE name = 'landscape'));
INSERT OR IGNORE INTO tags (name) VALUES ('color');
INSERT INTO photo_tags (photo_idx, tag_id) VALUES ((SELECT photo_idx FROM photos WHERE photo_id = 1790), (SELECT tag_id FROM tags WHERE name = 'color'));
INSERT OR IGNORE INTO tags (name) VALUES ('outdoors');
INSERT INTO photo_tags (photo_idx, tag_id) VALUES ((SELECT photo_idx FROM photos WHERE photo_id = 1790), (SELECT tag_id FROM tags WHERE name = 'outdoors'));
INSERT OR IGNORE INTO tags (name) VALUES ('red');
INSERT INTO photo_tags (photo_idx, tag_id) VALUES ((SELECT photo_idx FROM photos WHERE photo_id = 1790), (SELECT tag_id FROM tags WHERE name = 'red'));
INSERT OR IGNORE INTO tags (name) VALUES ('tan');
INSERT INTO photo_tags (photo_idx, tag_id) VALUES ((SELECT photo_idx FROM photos WHERE photo_id = 1790), (SELECT tag_id FROM tags WHERE name = 'tan'));
INSERT OR IGNORE INTO tags (name) VALUES ('rock');
INSERT INTO photo_tags (photo_idx, tag_id) VALUES ((SELECT photo_idx FROM photos WHERE photo_id = 1790), (SELECT tag_id FROM tags WHERE name = 'rock'));
INSERT OR IGNORE INTO tags (name) VALUES ('sandstone');
INSERT INTO photo_tags (photo_idx, tag_id) VALUES ((SELECT photo_idx FROM photos WHERE photo_id = 1790), (SELECT tag_id FROM tags WHERE name = 'sandstone'));

INSERT INTO photos (photo_id, photo_title, photo_collection, photo_location, photo_year, camera, film_stock, film_format) VALUES (1791, 'Bryce Canyon', 'Southwest', 'Bryce Canyon, Utah', 1998, 'Hasselblad', 'Fujichrome Velvia', '6 x 6 cm');
INSERT INTO photos_fts (photo_idx, photo_id, photo_title, photo_collection, photo_location, photo_year, camera, film_stock, film_format, tag_names) VALUES ((SELECT photo_idx FROM photos WHERE photo_id = 1791), 1791, 'Bryce Canyon', 'Southwest', 'Bryce Canyon, Utah', 1998, 'Hasselblad', 'Fujichrome Velvia', '6 x 6 cm', 'vertical,popular,scenic,landscape,color,outdoors,red,tan,rock,sandstone');
INSERT OR IGNORE INTO tags (name) VALUES ('vertical');
INSERT INTO photo_tags (photo_idx, tag_id) VALUES ((SELECT photo_idx FROM photos WHERE photo_id = 1791), (SELECT tag_id FROM tags WHERE name = 'vertical'));
INSERT OR IGNORE INTO tags (name) VALUES ('popular');
INSERT INTO photo_tags (photo_idx, tag_id) VALUES ((SELECT photo_idx FROM photos WHERE photo_id = 1791), (SELECT tag_id FROM tags WHERE name = 'popular'));
INSERT OR IGNORE INTO tags (name) VALUES ('scenic');
INSERT INTO photo_tags (photo_idx, tag_id) VALUES ((SELECT photo_idx FROM photos WHERE photo_id = 1791), (SELECT tag_id FROM tags WHERE name = 'scenic'));
INSERT OR IGNORE INTO tags (name) VALUES ('landscape');
INSERT INTO photo_tags (photo_idx, tag_id) VALUES ((SELECT photo_idx FROM photos WHERE photo_id = 1791), (SELECT tag_id FROM tags WHERE name = 'landscape'));
INSERT OR IGNORE INTO tags (name) VALUES ('color');
INSERT INTO photo_tags (photo_idx, tag_id) VALUES ((SELECT photo_idx FROM photos WHERE photo_id = 1791), (SELECT tag_id FROM tags WHERE name = 'color'));
INSERT OR IGNORE INTO tags (name) VALUES ('outdoors');
INSERT INTO photo_tags (photo_idx, tag_id) VALUES ((SELECT photo_idx FROM photos WHERE photo_id = 1791), (SELECT tag_id FROM tags WHERE name = 'outdoors'));
INSERT OR IGNORE INTO tags (name) VALUES ('red');
INSERT INTO photo_tags (photo_idx, tag_id) VALUES ((SELECT photo_idx FROM photos WHERE photo_id = 1791), (SELECT tag_id FROM tags WHERE name = 'red'));
INSERT OR IGNORE INTO tags (name) VALUES ('tan');
INSERT INTO photo_tags (photo_idx, tag_id) VALUES ((SELECT photo_idx FROM photos WHERE photo_id = 1791), (SELECT tag_id FROM tags WHERE name = 'tan'));
INSERT OR IGNORE INTO tags (name) VALUES ('rock');
INSERT INTO photo_tags (photo_idx, tag_id) VALUES ((SELECT photo_idx FROM photos WHERE photo_id = 1791), (SELECT tag_id FROM tags WHERE name = 'rock'));
INSERT OR IGNORE INTO tags (name) VALUES ('sandstone');
INSERT INTO photo_tags (photo_idx, tag_id) VALUES ((SELECT photo_idx FROM photos WHERE photo_id = 1791), (SELECT tag_id FROM tags WHERE name = 'sandstone'));

INSERT INTO photos (photo_id, photo_title, photo_collection, photo_location, photo_year, camera, film_stock, film_format) VALUES (1792, 'Bryce Canyon', 'Southwest', 'Bryce Canyon, Utah', 1998, 'Hasselblad', 'Fujichrome Velvia', '6 x 6 cm');
INSERT INTO photos_fts (photo_idx, photo_id, photo_title, photo_collection, photo_location, photo_year, camera, film_stock, film_format, tag_names) VALUES ((SELECT photo_idx FROM photos WHERE photo_id = 1792), 1792, 'Bryce Canyon', 'Southwest', 'Bryce Canyon, Utah', 1998, 'Hasselblad', 'Fujichrome Velvia', '6 x 6 cm', 'vertical,scenic,landscape,color,outdoors,red,tan,rock,sandstone');
INSERT OR IGNORE INTO tags (name) VALUES ('vertical');
INSERT INTO photo_tags (photo_idx, tag_id) VALUES ((SELECT photo_idx FROM photos WHERE photo_id = 1792), (SELECT tag_id FROM tags WHERE name = 'vertical'));
INSERT OR IGNORE INTO tags (name) VALUES ('scenic');
INSERT INTO photo_tags (photo_idx, tag_id) VALUES ((SELECT photo_idx FROM photos WHERE photo_id = 1792), (SELECT tag_id FROM tags WHERE name = 'scenic'));
INSERT OR IGNORE INTO tags (name) VALUES ('landscape');
INSERT INTO photo_tags (photo_idx, tag_id) VALUES ((SELECT photo_idx FROM photos WHERE photo_id = 1792), (SELECT tag_id FROM tags WHERE name = 'landscape'));
INSERT OR IGNORE INTO tags (name) VALUES ('color');
INSERT INTO photo_tags (photo_idx, tag_id) VALUES ((SELECT photo_idx FROM photos WHERE photo_id = 1792), (SELECT tag_id FROM tags WHERE name = 'color'));
INSERT OR IGNORE INTO tags (name) VALUES ('outdoors');
INSERT INTO photo_tags (photo_idx, tag_id) VALUES ((SELECT photo_idx FROM photos WHERE photo_id = 1792), (SELECT tag_id FROM tags WHERE name = 'outdoors'));
INSERT OR IGNORE INTO tags (name) VALUES ('red');
INSERT INTO photo_tags (photo_idx, tag_id) VALUES ((SELECT photo_idx FROM photos WHERE photo_id = 1792), (SELECT tag_id FROM tags WHERE name = 'red'));
INSERT OR IGNORE INTO tags (name) VALUES ('tan');
INSERT INTO photo_tags (photo_idx, tag_id) VALUES ((SELECT photo_idx FROM photos WHERE photo_id = 1792), (SELECT tag_id FROM tags WHERE name = 'tan'));
INSERT OR IGNORE INTO tags (name) VALUES ('rock');
INSERT INTO photo_tags (photo_idx, tag_id) VALUES ((SELECT photo_idx FROM photos WHERE photo_id = 1792), (SELECT tag_id FROM tags WHERE name = 'rock'));
INSERT OR IGNORE INTO tags (name) VALUES ('sandstone');
INSERT INTO photo_tags (photo_idx, tag_id) VALUES ((SELECT photo_idx FROM photos WHERE photo_id = 1792), (SELECT tag_id FROM tags WHERE name = 'sandstone'));

INSERT INTO photos (photo_id, photo_title, photo_collection, photo_location, photo_year, camera, film_stock, film_format) VALUES (1793, 'Bryce Canyon', 'Southwest', 'Bryce Canyon, Utah', 1998, 'Hasselblad', 'Fujichrome Velvia', '6 x 6 cm');
INSERT INTO photos_fts (photo_idx, photo_id, photo_title, photo_collection, photo_location, photo_year, camera, film_stock, film_format, tag_names) VALUES ((SELECT photo_idx FROM photos WHERE photo_id = 1793), 1793, 'Bryce Canyon', 'Southwest', 'Bryce Canyon, Utah', 1998, 'Hasselblad', 'Fujichrome Velvia', '6 x 6 cm', 'vertical,scenic,landscape,color,outdoors,red,tan,rock,sandstone');
INSERT OR IGNORE INTO tags (name) VALUES ('vertical');
INSERT INTO photo_tags (photo_idx, tag_id) VALUES ((SELECT photo_idx FROM photos WHERE photo_id = 1793), (SELECT tag_id FROM tags WHERE name = 'vertical'));
INSERT OR IGNORE INTO tags (name) VALUES ('scenic');
INSERT INTO photo_tags (photo_idx, tag_id) VALUES ((SELECT photo_idx FROM photos WHERE photo_id = 1793), (SELECT tag_id FROM tags WHERE name = 'scenic'));
INSERT OR IGNORE INTO tags (name) VALUES ('landscape');
INSERT INTO photo_tags (photo_idx, tag_id) VALUES ((SELECT photo_idx FROM photos WHERE photo_id = 1793), (SELECT tag_id FROM tags WHERE name = 'landscape'));
INSERT OR IGNORE INTO tags (name) VALUES ('color');
INSERT INTO photo_tags (photo_idx, tag_id) VALUES ((SELECT photo_idx FROM photos WHERE photo_id = 1793), (SELECT tag_id FROM tags WHERE name = 'color'));
INSERT OR IGNORE INTO tags (name) VALUES ('outdoors');
INSERT INTO photo_tags (photo_idx, tag_id) VALUES ((SELECT photo_idx FROM photos WHERE photo_id = 1793), (SELECT tag_id FROM tags WHERE name = 'outdoors'));
INSERT OR IGNORE INTO tags (name) VALUES ('red');
INSERT INTO photo_tags (photo_idx, tag_id) VALUES ((SELECT photo_idx FROM photos WHERE photo_id = 1793), (SELECT tag_id FROM tags WHERE name = 'red'));
INSERT OR IGNORE INTO tags (name) VALUES ('tan');
INSERT INTO photo_tags (photo_idx, tag_id) VALUES ((SELECT photo_idx FROM photos WHERE photo_id = 1793), (SELECT tag_id FROM tags WHERE name = 'tan'));
INSERT OR IGNORE INTO tags (name) VALUES ('rock');
INSERT INTO photo_tags (photo_idx, tag_id) VALUES ((SELECT photo_idx FROM photos WHERE photo_id = 1793), (SELECT tag_id FROM tags WHERE name = 'rock'));
INSERT OR IGNORE INTO tags (name) VALUES ('sandstone');
INSERT INTO photo_tags (photo_idx, tag_id) VALUES ((SELECT photo_idx FROM photos WHERE photo_id = 1793), (SELECT tag_id FROM tags WHERE name = 'sandstone'));

INSERT INTO photos (photo_id, photo_title, photo_collection, photo_location, photo_year, camera, film_stock, film_format) VALUES (1794, 'Bryce Canyon', 'Southwest', 'Bryce Canyon, Utah', 1998, 'Hasselblad', 'Fujichrome Velvia', '6 x 6 cm');
INSERT INTO photos_fts (photo_idx, photo_id, photo_title, photo_collection, photo_location, photo_year, camera, film_stock, film_format, tag_names) VALUES ((SELECT photo_idx FROM photos WHERE photo_id = 1794), 1794, 'Bryce Canyon', 'Southwest', 'Bryce Canyon, Utah', 1998, 'Hasselblad', 'Fujichrome Velvia', '6 x 6 cm', 'vertical,scenic,landscape,color,outdoors,red,tan,rock,sandstone');
INSERT OR IGNORE INTO tags (name) VALUES ('vertical');
INSERT INTO photo_tags (photo_idx, tag_id) VALUES ((SELECT photo_idx FROM photos WHERE photo_id = 1794), (SELECT tag_id FROM tags WHERE name = 'vertical'));
INSERT OR IGNORE INTO tags (name) VALUES ('scenic');
INSERT INTO photo_tags (photo_idx, tag_id) VALUES ((SELECT photo_idx FROM photos WHERE photo_id = 1794), (SELECT tag_id FROM tags WHERE name = 'scenic'));
INSERT OR IGNORE INTO tags (name) VALUES ('landscape');
INSERT INTO photo_tags (photo_idx, tag_id) VALUES ((SELECT photo_idx FROM photos WHERE photo_id = 1794), (SELECT tag_id FROM tags WHERE name = 'landscape'));
INSERT OR IGNORE INTO tags (name) VALUES ('color');
INSERT INTO photo_tags (photo_idx, tag_id) VALUES ((SELECT photo_idx FROM photos WHERE photo_id = 1794), (SELECT tag_id FROM tags WHERE name = 'color'));
INSERT OR IGNORE INTO tags (name) VALUES ('outdoors');
INSERT INTO photo_tags (photo_idx, tag_id) VALUES ((SELECT photo_idx FROM photos WHERE photo_id = 1794), (SELECT tag_id FROM tags WHERE name = 'outdoors'));
INSERT OR IGNORE INTO tags (name) VALUES ('red');
INSERT INTO photo_tags (photo_idx, tag_id) VALUES ((SELECT photo_idx FROM photos WHERE photo_id = 1794), (SELECT tag_id FROM tags WHERE name = 'red'));
INSERT OR IGNORE INTO tags (name) VALUES ('tan');
INSERT INTO photo_tags (photo_idx, tag_id) VALUES ((SELECT photo_idx FROM photos WHERE photo_id = 1794), (SELECT tag_id FROM tags WHERE name = 'tan'));
INSERT OR IGNORE INTO tags (name) VALUES ('rock');
INSERT INTO photo_tags (photo_idx, tag_id) VALUES ((SELECT photo_idx FROM photos WHERE photo_id = 1794), (SELECT tag_id FROM tags WHERE name = 'rock'));
INSERT OR IGNORE INTO tags (name) VALUES ('sandstone');
INSERT INTO photo_tags (photo_idx, tag_id) VALUES ((SELECT photo_idx FROM photos WHERE photo_id = 1794), (SELECT tag_id FROM tags WHERE name = 'sandstone'));

INSERT INTO photos (photo_id, photo_title, photo_collection, photo_location, photo_year, camera, film_stock, film_format) VALUES (1795, 'Bryce Canyon', 'Southwest', 'Bryce Canyon, Utah', 1998, 'Hasselblad', 'Fujichrome Velvia', '6 x 6 cm');
INSERT INTO photos_fts (photo_idx, photo_id, photo_title, photo_collection, photo_location, photo_year, camera, film_stock, film_format, tag_names) VALUES ((SELECT photo_idx FROM photos WHERE photo_id = 1795), 1795, 'Bryce Canyon', 'Southwest', 'Bryce Canyon, Utah', 1998, 'Hasselblad', 'Fujichrome Velvia', '6 x 6 cm', 'vertical,scenic,landscape,color,outdoors,red,tan,rock,sandstone');
INSERT OR IGNORE INTO tags (name) VALUES ('vertical');
INSERT INTO photo_tags (photo_idx, tag_id) VALUES ((SELECT photo_idx FROM photos WHERE photo_id = 1795), (SELECT tag_id FROM tags WHERE name = 'vertical'));
INSERT OR IGNORE INTO tags (name) VALUES ('scenic');
INSERT INTO photo_tags (photo_idx, tag_id) VALUES ((SELECT photo_idx FROM photos WHERE photo_id = 1795), (SELECT tag_id FROM tags WHERE name = 'scenic'));
INSERT OR IGNORE INTO tags (name) VALUES ('landscape');
INSERT INTO photo_tags (photo_idx, tag_id) VALUES ((SELECT photo_idx FROM photos WHERE photo_id = 1795), (SELECT tag_id FROM tags WHERE name = 'landscape'));
INSERT OR IGNORE INTO tags (name) VALUES ('color');
INSERT INTO photo_tags (photo_idx, tag_id) VALUES ((SELECT photo_idx FROM photos WHERE photo_id = 1795), (SELECT tag_id FROM tags WHERE name = 'color'));
INSERT OR IGNORE INTO tags (name) VALUES ('outdoors');
INSERT INTO photo_tags (photo_idx, tag_id) VALUES ((SELECT photo_idx FROM photos WHERE photo_id = 1795), (SELECT tag_id FROM tags WHERE name = 'outdoors'));
INSERT OR IGNORE INTO tags (name) VALUES ('red');
INSERT INTO photo_tags (photo_idx, tag_id) VALUES ((SELECT photo_idx FROM photos WHERE photo_id = 1795), (SELECT tag_id FROM tags WHERE name = 'red'));
INSERT OR IGNORE INTO tags (name) VALUES ('tan');
INSERT INTO photo_tags (photo_idx, tag_id) VALUES ((SELECT photo_idx FROM photos WHERE photo_id = 1795), (SELECT tag_id FROM tags WHERE name = 'tan'));
INSERT OR IGNORE INTO tags (name) VALUES ('rock');
INSERT INTO photo_tags (photo_idx, tag_id) VALUES ((SELECT photo_idx FROM photos WHERE photo_id = 1795), (SELECT tag_id FROM tags WHERE name = 'rock'));
INSERT OR IGNORE INTO tags (name) VALUES ('sandstone');
INSERT INTO photo_tags (photo_idx, tag_id) VALUES ((SELECT photo_idx FROM photos WHERE photo_id = 1795), (SELECT tag_id FROM tags WHERE name = 'sandstone'));

INSERT INTO photos (photo_id, photo_title, photo_collection, photo_location, photo_year, camera, film_stock, film_format) VALUES (1796, 'Monument Valley Spires', 'Southwest', 'Monument Valley, Arizona', 1998, 'Hasselblad', 'Fujichrome Velvia', '6 x 6 cm');
INSERT INTO photos_fts (photo_idx, photo_id, photo_title, photo_collection, photo_location, photo_year, camera, film_stock, film_format, tag_names) VALUES ((SELECT photo_idx FROM photos WHERE photo_id = 1796), 1796, 'Monument Valley Spires', 'Southwest', 'Monument Valley, Arizona', 1998, 'Hasselblad', 'Fujichrome Velvia', '6 x 6 cm', 'horizontal,scenic,landscape,color,outdoors,blue,red,white,rock,sand,sandstone,sky,desert,dunes');
INSERT OR IGNORE INTO tags (name) VALUES ('horizontal');
INSERT INTO photo_tags (photo_idx, tag_id) VALUES ((SELECT photo_idx FROM photos WHERE photo_id = 1796), (SELECT tag_id FROM tags WHERE name = 'horizontal'));
INSERT OR IGNORE INTO tags (name) VALUES ('scenic');
INSERT INTO photo_tags (photo_idx, tag_id) VALUES ((SELECT photo_idx FROM photos WHERE photo_id = 1796), (SELECT tag_id FROM tags WHERE name = 'scenic'));
INSERT OR IGNORE INTO tags (name) VALUES ('landscape');
INSERT INTO photo_tags (photo_idx, tag_id) VALUES ((SELECT photo_idx FROM photos WHERE photo_id = 1796), (SELECT tag_id FROM tags WHERE name = 'landscape'));
INSERT OR IGNORE INTO tags (name) VALUES ('color');
INSERT INTO photo_tags (photo_idx, tag_id) VALUES ((SELECT photo_idx FROM photos WHERE photo_id = 1796), (SELECT tag_id FROM tags WHERE name = 'color'));
INSERT OR IGNORE INTO tags (name) VALUES ('outdoors');
INSERT INTO photo_tags (photo_idx, tag_id) VALUES ((SELECT photo_idx FROM photos WHERE photo_id = 1796), (SELECT tag_id FROM tags WHERE name = 'outdoors'));
INSERT OR IGNORE INTO tags (name) VALUES ('blue');
INSERT INTO photo_tags (photo_idx, tag_id) VALUES ((SELECT photo_idx FROM photos WHERE photo_id = 1796), (SELECT tag_id FROM tags WHERE name = 'blue'));
INSERT OR IGNORE INTO tags (name) VALUES ('red');
INSERT INTO photo_tags (photo_idx, tag_id) VALUES ((SELECT photo_idx FROM photos WHERE photo_id = 1796), (SELECT tag_id FROM tags WHERE name = 'red'));
INSERT OR IGNORE INTO tags (name) VALUES ('white');
INSERT INTO photo_tags (photo_idx, tag_id) VALUES ((SELECT photo_idx FROM photos WHERE photo_id = 1796), (SELECT tag_id FROM tags WHERE name = 'white'));
INSERT OR IGNORE INTO tags (name) VALUES ('rock');
INSERT INTO photo_tags (photo_idx, tag_id) VALUES ((SELECT photo_idx FROM photos WHERE photo_id = 1796), (SELECT tag_id FROM tags WHERE name = 'rock'));
INSERT OR IGNORE INTO tags (name) VALUES ('sand');
INSERT INTO photo_tags (photo_idx, tag_id) VALUES ((SELECT photo_idx FROM photos WHERE photo_id = 1796), (SELECT tag_id FROM tags WHERE name = 'sand'));
INSERT OR IGNORE INTO tags (name) VALUES ('sandstone');
INSERT INTO photo_tags (photo_idx, tag_id) VALUES ((SELECT photo_idx FROM photos WHERE photo_id = 1796), (SELECT tag_id FROM tags WHERE name = 'sandstone'));
INSERT OR IGNORE INTO tags (name) VALUES ('sky');
INSERT INTO photo_tags (photo_idx, tag_id) VALUES ((SELECT photo_idx FROM photos WHERE photo_id = 1796), (SELECT tag_id FROM tags WHERE name = 'sky'));
INSERT OR IGNORE INTO tags (name) VALUES ('desert');
INSERT INTO photo_tags (photo_idx, tag_id) VALUES ((SELECT photo_idx FROM photos WHERE photo_id = 1796), (SELECT tag_id FROM tags WHERE name = 'desert'));
INSERT OR IGNORE INTO tags (name) VALUES ('dunes');
INSERT INTO photo_tags (photo_idx, tag_id) VALUES ((SELECT photo_idx FROM photos WHERE photo_id = 1796), (SELECT tag_id FROM tags WHERE name = 'dunes'));

INSERT INTO photos (photo_id, photo_title, photo_collection, photo_location, photo_year, camera, film_stock, film_format) VALUES (1797, 'Sandstone Hogan', 'Southwest', 'Monument Valley, Arizona', 1998, 'Hasselblad', 'Fujichrome Velvia', '6 x 6 cm');
INSERT INTO photos_fts (photo_idx, photo_id, photo_title, photo_collection, photo_location, photo_year, camera, film_stock, film_format, tag_names) VALUES ((SELECT photo_idx FROM photos WHERE photo_id = 1797), 1797, 'Sandstone Hogan', 'Southwest', 'Monument Valley, Arizona', 1998, 'Hasselblad', 'Fujichrome Velvia', '6 x 6 cm', 'vertical,scenic,landscape,color,outdoors,orange,tan,rock,sandstone');
INSERT OR IGNORE INTO tags (name) VALUES ('vertical');
INSERT INTO photo_tags (photo_idx, tag_id) VALUES ((SELECT photo_idx FROM photos WHERE photo_id = 1797), (SELECT tag_id FROM tags WHERE name = 'vertical'));
INSERT OR IGNORE INTO tags (name) VALUES ('scenic');
INSERT INTO photo_tags (photo_idx, tag_id) VALUES ((SELECT photo_idx FROM photos WHERE photo_id = 1797), (SELECT tag_id FROM tags WHERE name = 'scenic'));
INSERT OR IGNORE INTO tags (name) VALUES ('landscape');
INSERT INTO photo_tags (photo_idx, tag_id) VALUES ((SELECT photo_idx FROM photos WHERE photo_id = 1797), (SELECT tag_id FROM tags WHERE name = 'landscape'));
INSERT OR IGNORE INTO tags (name) VALUES ('color');
INSERT INTO photo_tags (photo_idx, tag_id) VALUES ((SELECT photo_idx FROM photos WHERE photo_id = 1797), (SELECT tag_id FROM tags WHERE name = 'color'));
INSERT OR IGNORE INTO tags (name) VALUES ('outdoors');
INSERT INTO photo_tags (photo_idx, tag_id) VALUES ((SELECT photo_idx FROM photos WHERE photo_id = 1797), (SELECT tag_id FROM tags WHERE name = 'outdoors'));
INSERT OR IGNORE INTO tags (name) VALUES ('orange');
INSERT INTO photo_tags (photo_idx, tag_id) VALUES ((SELECT photo_idx FROM photos WHERE photo_id = 1797), (SELECT tag_id FROM tags WHERE name = 'orange'));
INSERT OR IGNORE INTO tags (name) VALUES ('tan');
INSERT INTO photo_tags (photo_idx, tag_id) VALUES ((SELECT photo_idx FROM photos WHERE photo_id = 1797), (SELECT tag_id FROM tags WHERE name = 'tan'));
INSERT OR IGNORE INTO tags (name) VALUES ('rock');
INSERT INTO photo_tags (photo_idx, tag_id) VALUES ((SELECT photo_idx FROM photos WHERE photo_id = 1797), (SELECT tag_id FROM tags WHERE name = 'rock'));
INSERT OR IGNORE INTO tags (name) VALUES ('sandstone');
INSERT INTO photo_tags (photo_idx, tag_id) VALUES ((SELECT photo_idx FROM photos WHERE photo_id = 1797), (SELECT tag_id FROM tags WHERE name = 'sandstone'));

INSERT INTO photos (photo_id, photo_title, photo_collection, photo_location, photo_year, camera, film_stock, film_format) VALUES (1799, 'The Eye of God', 'Southwest', 'Monument Valley, Arizona', 1998, 'Hasselblad', 'Fujichrome Velvia', '6 x 6 cm');
INSERT INTO photos_fts (photo_idx, photo_id, photo_title, photo_collection, photo_location, photo_year, camera, film_stock, film_format, tag_names) VALUES ((SELECT photo_idx FROM photos WHERE photo_id = 1799), 1799, 'The Eye of God', 'Southwest', 'Monument Valley, Arizona', 1998, 'Hasselblad', 'Fujichrome Velvia', '6 x 6 cm', 'vertical,scenic,landscape,color,outdoors,orange,tan,rock,sandstone');
INSERT OR IGNORE INTO tags (name) VALUES ('vertical');
INSERT INTO photo_tags (photo_idx, tag_id) VALUES ((SELECT photo_idx FROM photos WHERE photo_id = 1799), (SELECT tag_id FROM tags WHERE name = 'vertical'));
INSERT OR IGNORE INTO tags (name) VALUES ('scenic');
INSERT INTO photo_tags (photo_idx, tag_id) VALUES ((SELECT photo_idx FROM photos WHERE photo_id = 1799), (SELECT tag_id FROM tags WHERE name = 'scenic'));
INSERT OR IGNORE INTO tags (name) VALUES ('landscape');
INSERT INTO photo_tags (photo_idx, tag_id) VALUES ((SELECT photo_idx FROM photos WHERE photo_id = 1799), (SELECT tag_id FROM tags WHERE name = 'landscape'));
INSERT OR IGNORE INTO tags (name) VALUES ('color');
INSERT INTO photo_tags (photo_idx, tag_id) VALUES ((SELECT photo_idx FROM photos WHERE photo_id = 1799), (SELECT tag_id FROM tags WHERE name = 'color'));
INSERT OR IGNORE INTO tags (name) VALUES ('outdoors');
INSERT INTO photo_tags (photo_idx, tag_id) VALUES ((SELECT photo_idx FROM photos WHERE photo_id = 1799), (SELECT tag_id FROM tags WHERE name = 'outdoors'));
INSERT OR IGNORE INTO tags (name) VALUES ('orange');
INSERT INTO photo_tags (photo_idx, tag_id) VALUES ((SELECT photo_idx FROM photos WHERE photo_id = 1799), (SELECT tag_id FROM tags WHERE name = 'orange'));
INSERT OR IGNORE INTO tags (name) VALUES ('tan');
INSERT INTO photo_tags (photo_idx, tag_id) VALUES ((SELECT photo_idx FROM photos WHERE photo_id = 1799), (SELECT tag_id FROM tags WHERE name = 'tan'));
INSERT OR IGNORE INTO tags (name) VALUES ('rock');
INSERT INTO photo_tags (photo_idx, tag_id) VALUES ((SELECT photo_idx FROM photos WHERE photo_id = 1799), (SELECT tag_id FROM tags WHERE name = 'rock'));
INSERT OR IGNORE INTO tags (name) VALUES ('sandstone');
INSERT INTO photo_tags (photo_idx, tag_id) VALUES ((SELECT photo_idx FROM photos WHERE photo_id = 1799), (SELECT tag_id FROM tags WHERE name = 'sandstone'));

INSERT INTO photos (photo_id, photo_title, photo_collection, photo_location, photo_year, camera, film_stock, film_format) VALUES (1800, 'Sandstone Vortex', 'Southwest', 'Antelope Canyon, Arizona', 1998, 'Hasselblad', 'Fujichrome Velvia', '6 x 6 cm');
INSERT INTO photos_fts (photo_idx, photo_id, photo_title, photo_collection, photo_location, photo_year, camera, film_stock, film_format, tag_names) VALUES ((SELECT photo_idx FROM photos WHERE photo_id = 1800), 1800, 'Sandstone Vortex', 'Southwest', 'Antelope Canyon, Arizona', 1998, 'Hasselblad', 'Fujichrome Velvia', '6 x 6 cm', 'horizontal,scenic,abstract,landscape,color,outdoors,black,orange,red,tan,rock,sandstone,canyon,slot canyon');
INSERT OR IGNORE INTO tags (name) VALUES ('horizontal');
INSERT INTO photo_tags (photo_idx, tag_id) VALUES ((SELECT photo_idx FROM photos WHERE photo_id = 1800), (SELECT tag_id FROM tags WHERE name = 'horizontal'));
INSERT OR IGNORE INTO tags (name) VALUES ('scenic');
INSERT INTO photo_tags (photo_idx, tag_id) VALUES ((SELECT photo_idx FROM photos WHERE photo_id = 1800), (SELECT tag_id FROM tags WHERE name = 'scenic'));
INSERT OR IGNORE INTO tags (name) VALUES ('abstract');
INSERT INTO photo_tags (photo_idx, tag_id) VALUES ((SELECT photo_idx FROM photos WHERE photo_id = 1800), (SELECT tag_id FROM tags WHERE name = 'abstract'));
INSERT OR IGNORE INTO tags (name) VALUES ('landscape');
INSERT INTO photo_tags (photo_idx, tag_id) VALUES ((SELECT photo_idx FROM photos WHERE photo_id = 1800), (SELECT tag_id FROM tags WHERE name = 'landscape'));
INSERT OR IGNORE INTO tags (name) VALUES ('color');
INSERT INTO photo_tags (photo_idx, tag_id) VALUES ((SELECT photo_idx FROM photos WHERE photo_id = 1800), (SELECT tag_id FROM tags WHERE name = 'color'));
INSERT OR IGNORE INTO tags (name) VALUES ('outdoors');
INSERT INTO photo_tags (photo_idx, tag_id) VALUES ((SELECT photo_idx FROM photos WHERE photo_id = 1800), (SELECT tag_id FROM tags WHERE name = 'outdoors'));
INSERT OR IGNORE INTO tags (name) VALUES ('black');
INSERT INTO photo_tags (photo_idx, tag_id) VALUES ((SELECT photo_idx FROM photos WHERE photo_id = 1800), (SELECT tag_id FROM tags WHERE name = 'black'));
INSERT OR IGNORE INTO tags (name) VALUES ('orange');
INSERT INTO photo_tags (photo_idx, tag_id) VALUES ((SELECT photo_idx FROM photos WHERE photo_id = 1800), (SELECT tag_id FROM tags WHERE name = 'orange'));
INSERT OR IGNORE INTO tags (name) VALUES ('red');
INSERT INTO photo_tags (photo_idx, tag_id) VALUES ((SELECT photo_idx FROM photos WHERE photo_id = 1800), (SELECT tag_id FROM tags WHERE name = 'red'));
INSERT OR IGNORE INTO tags (name) VALUES ('tan');
INSERT INTO photo_tags (photo_idx, tag_id) VALUES ((SELECT photo_idx FROM photos WHERE photo_id = 1800), (SELECT tag_id FROM tags WHERE name = 'tan'));
INSERT OR IGNORE INTO tags (name) VALUES ('rock');
INSERT INTO photo_tags (photo_idx, tag_id) VALUES ((SELECT photo_idx FROM photos WHERE photo_id = 1800), (SELECT tag_id FROM tags WHERE name = 'rock'));
INSERT OR IGNORE INTO tags (name) VALUES ('sandstone');
INSERT INTO photo_tags (photo_idx, tag_id) VALUES ((SELECT photo_idx FROM photos WHERE photo_id = 1800), (SELECT tag_id FROM tags WHERE name = 'sandstone'));
INSERT OR IGNORE INTO tags (name) VALUES ('canyon');
INSERT INTO photo_tags (photo_idx, tag_id) VALUES ((SELECT photo_idx FROM photos WHERE photo_id = 1800), (SELECT tag_id FROM tags WHERE name = 'canyon'));
INSERT OR IGNORE INTO tags (name) VALUES ('slot canyon');
INSERT INTO photo_tags (photo_idx, tag_id) VALUES ((SELECT photo_idx FROM photos WHERE photo_id = 1800), (SELECT tag_id FROM tags WHERE name = 'slot canyon'));

INSERT INTO photos (photo_id, photo_title, photo_collection, photo_location, photo_year, camera, film_stock, film_format) VALUES (1802, 'Sandstone Weeps', 'Southwest', 'Davis Gulch, Utah', 1999, 'Hasselblad', 'Fujichrome Velvia', '6 x 6 cm');
INSERT INTO photos_fts (photo_idx, photo_id, photo_title, photo_collection, photo_location, photo_year, camera, film_stock, film_format, tag_names) VALUES ((SELECT photo_idx FROM photos WHERE photo_id = 1802), 1802, 'Sandstone Weeps', 'Southwest', 'Davis Gulch, Utah', 1999, 'Hasselblad', 'Fujichrome Velvia', '6 x 6 cm', 'horizontal,scenic,landscape,color,outdoors,tan,rock,sandstone');
INSERT OR IGNORE INTO tags (name) VALUES ('horizontal');
INSERT INTO photo_tags (photo_idx, tag_id) VALUES ((SELECT photo_idx FROM photos WHERE photo_id = 1802), (SELECT tag_id FROM tags WHERE name = 'horizontal'));
INSERT OR IGNORE INTO tags (name) VALUES ('scenic');
INSERT INTO photo_tags (photo_idx, tag_id) VALUES ((SELECT photo_idx FROM photos WHERE photo_id = 1802), (SELECT tag_id FROM tags WHERE name = 'scenic'));
INSERT OR IGNORE INTO tags (name) VALUES ('landscape');
INSERT INTO photo_tags (photo_idx, tag_id) VALUES ((SELECT photo_idx FROM photos WHERE photo_id = 1802), (SELECT tag_id FROM tags WHERE name = 'landscape'));
INSERT OR IGNORE INTO tags (name) VALUES ('color');
INSERT INTO photo_tags (photo_idx, tag_id) VALUES ((SELECT photo_idx FROM photos WHERE photo_id = 1802), (SELECT tag_id FROM tags WHERE name = 'color'));
INSERT OR IGNORE INTO tags (name) VALUES ('outdoors');
INSERT INTO photo_tags (photo_idx, tag_id) VALUES ((SELECT photo_idx FROM photos WHERE photo_id = 1802), (SELECT tag_id FROM tags WHERE name = 'outdoors'));
INSERT OR IGNORE INTO tags (name) VALUES ('tan');
INSERT INTO photo_tags (photo_idx, tag_id) VALUES ((SELECT photo_idx FROM photos WHERE photo_id = 1802), (SELECT tag_id FROM tags WHERE name = 'tan'));
INSERT OR IGNORE INTO tags (name) VALUES ('rock');
INSERT INTO photo_tags (photo_idx, tag_id) VALUES ((SELECT photo_idx FROM photos WHERE photo_id = 1802), (SELECT tag_id FROM tags WHERE name = 'rock'));
INSERT OR IGNORE INTO tags (name) VALUES ('sandstone');
INSERT INTO photo_tags (photo_idx, tag_id) VALUES ((SELECT photo_idx FROM photos WHERE photo_id = 1802), (SELECT tag_id FROM tags WHERE name = 'sandstone'));

INSERT INTO photos (photo_id, photo_title, photo_collection, photo_location, photo_year, camera, film_stock, film_format) VALUES (1803, 'Sandstone TeePee', 'Southwest', 'Paria Wilderness, Arizona', 1999, 'Hasselblad', 'Fujichrome Velvia', '6 x 6 cm');
INSERT INTO photos_fts (photo_idx, photo_id, photo_title, photo_collection, photo_location, photo_year, camera, film_stock, film_format, tag_names) VALUES ((SELECT photo_idx FROM photos WHERE photo_id = 1803), 1803, 'Sandstone TeePee', 'Southwest', 'Paria Wilderness, Arizona', 1999, 'Hasselblad', 'Fujichrome Velvia', '6 x 6 cm', 'vertical,scenic,landscape,color,outdoors,blue,tan,white,rock,sandstone,sky,clouds');
INSERT OR IGNORE INTO tags (name) VALUES ('vertical');
INSERT INTO photo_tags (photo_idx, tag_id) VALUES ((SELECT photo_idx FROM photos WHERE photo_id = 1803), (SELECT tag_id FROM tags WHERE name = 'vertical'));
INSERT OR IGNORE INTO tags (name) VALUES ('scenic');
INSERT INTO photo_tags (photo_idx, tag_id) VALUES ((SELECT photo_idx FROM photos WHERE photo_id = 1803), (SELECT tag_id FROM tags WHERE name = 'scenic'));
INSERT OR IGNORE INTO tags (name) VALUES ('landscape');
INSERT INTO photo_tags (photo_idx, tag_id) VALUES ((SELECT photo_idx FROM photos WHERE photo_id = 1803), (SELECT tag_id FROM tags WHERE name = 'landscape'));
INSERT OR IGNORE INTO tags (name) VALUES ('color');
INSERT INTO photo_tags (photo_idx, tag_id) VALUES ((SELECT photo_idx FROM photos WHERE photo_id = 1803), (SELECT tag_id FROM tags WHERE name = 'color'));
INSERT OR IGNORE INTO tags (name) VALUES ('outdoors');
INSERT INTO photo_tags (photo_idx, tag_id) VALUES ((SELECT photo_idx FROM photos WHERE photo_id = 1803), (SELECT tag_id FROM tags WHERE name = 'outdoors'));
INSERT OR IGNORE INTO tags (name) VALUES ('blue');
INSERT INTO photo_tags (photo_idx, tag_id) VALUES ((SELECT photo_idx FROM photos WHERE photo_id = 1803), (SELECT tag_id FROM tags WHERE name = 'blue'));
INSERT OR IGNORE INTO tags (name) VALUES ('tan');
INSERT INTO photo_tags (photo_idx, tag_id) VALUES ((SELECT photo_idx FROM photos WHERE photo_id = 1803), (SELECT tag_id FROM tags WHERE name = 'tan'));
INSERT OR IGNORE INTO tags (name) VALUES ('white');
INSERT INTO photo_tags (photo_idx, tag_id) VALUES ((SELECT photo_idx FROM photos WHERE photo_id = 1803), (SELECT tag_id FROM tags WHERE name = 'white'));
INSERT OR IGNORE INTO tags (name) VALUES ('rock');
INSERT INTO photo_tags (photo_idx, tag_id) VALUES ((SELECT photo_idx FROM photos WHERE photo_id = 1803), (SELECT tag_id FROM tags WHERE name = 'rock'));
INSERT OR IGNORE INTO tags (name) VALUES ('sandstone');
INSERT INTO photo_tags (photo_idx, tag_id) VALUES ((SELECT photo_idx FROM photos WHERE photo_id = 1803), (SELECT tag_id FROM tags WHERE name = 'sandstone'));
INSERT OR IGNORE INTO tags (name) VALUES ('sky');
INSERT INTO photo_tags (photo_idx, tag_id) VALUES ((SELECT photo_idx FROM photos WHERE photo_id = 1803), (SELECT tag_id FROM tags WHERE name = 'sky'));
INSERT OR IGNORE INTO tags (name) VALUES ('clouds');
INSERT INTO photo_tags (photo_idx, tag_id) VALUES ((SELECT photo_idx FROM photos WHERE photo_id = 1803), (SELECT tag_id FROM tags WHERE name = 'clouds'));

INSERT INTO photos (photo_id, photo_title, photo_collection, photo_location, photo_year, camera, film_stock, film_format) VALUES (1804, 'Stick and Lichens', 'Southwest', 'Paria Wilderness, Arizona', 1999, 'Hasselblad', 'Fujichrome Velvia', '6 x 6 cm');
INSERT INTO photos_fts (photo_idx, photo_id, photo_title, photo_collection, photo_location, photo_year, camera, film_stock, film_format, tag_names) VALUES ((SELECT photo_idx FROM photos WHERE photo_id = 1804), 1804, 'Stick and Lichens', 'Southwest', 'Paria Wilderness, Arizona', 1999, 'Hasselblad', 'Fujichrome Velvia', '6 x 6 cm', 'horizontal,closeup,scenic,landscape,color,outdoors,tan,rock,sandstone');
INSERT OR IGNORE INTO tags (name) VALUES ('horizontal');
INSERT INTO photo_tags (photo_idx, tag_id) VALUES ((SELECT photo_idx FROM photos WHERE photo_id = 1804), (SELECT tag_id FROM tags WHERE name = 'horizontal'));
INSERT OR IGNORE INTO tags (name) VALUES ('closeup');
INSERT INTO photo_tags (photo_idx, tag_id) VALUES ((SELECT photo_idx FROM photos WHERE photo_id = 1804), (SELECT tag_id FROM tags WHERE name = 'closeup'));
INSERT OR IGNORE INTO tags (name) VALUES ('scenic');
INSERT INTO photo_tags (photo_idx, tag_id) VALUES ((SELECT photo_idx FROM photos WHERE photo_id = 1804), (SELECT tag_id FROM tags WHERE name = 'scenic'));
INSERT OR IGNORE INTO tags (name) VALUES ('landscape');
INSERT INTO photo_tags (photo_idx, tag_id) VALUES ((SELECT photo_idx FROM photos WHERE photo_id = 1804), (SELECT tag_id FROM tags WHERE name = 'landscape'));
INSERT OR IGNORE INTO tags (name) VALUES ('color');
INSERT INTO photo_tags (photo_idx, tag_id) VALUES ((SELECT photo_idx FROM photos WHERE photo_id = 1804), (SELECT tag_id FROM tags WHERE name = 'color'));
INSERT OR IGNORE INTO tags (name) VALUES ('outdoors');
INSERT INTO photo_tags (photo_idx, tag_id) VALUES ((SELECT photo_idx FROM photos WHERE photo_id = 1804), (SELECT tag_id FROM tags WHERE name = 'outdoors'));
INSERT OR IGNORE INTO tags (name) VALUES ('tan');
INSERT INTO photo_tags (photo_idx, tag_id) VALUES ((SELECT photo_idx FROM photos WHERE photo_id = 1804), (SELECT tag_id FROM tags WHERE name = 'tan'));
INSERT OR IGNORE INTO tags (name) VALUES ('rock');
INSERT INTO photo_tags (photo_idx, tag_id) VALUES ((SELECT photo_idx FROM photos WHERE photo_id = 1804), (SELECT tag_id FROM tags WHERE name = 'rock'));
INSERT OR IGNORE INTO tags (name) VALUES ('sandstone');
INSERT INTO photo_tags (photo_idx, tag_id) VALUES ((SELECT photo_idx FROM photos WHERE photo_id = 1804), (SELECT tag_id FROM tags WHERE name = 'sandstone'));

INSERT INTO photos (photo_id, photo_title, photo_collection, photo_location, photo_year, camera, film_stock, film_format) VALUES (1805, 'Buckskin Rock Formation', 'Southwest', 'Paria Wilderness, Arizona', 1999, 'Hasselblad', 'Fujichrome Velvia', '6 x 6 cm');
INSERT INTO photos_fts (photo_idx, photo_id, photo_title, photo_collection, photo_location, photo_year, camera, film_stock, film_format, tag_names) VALUES ((SELECT photo_idx FROM photos WHERE photo_id = 1805), 1805, 'Buckskin Rock Formation', 'Southwest', 'Paria Wilderness, Arizona', 1999, 'Hasselblad', 'Fujichrome Velvia', '6 x 6 cm', 'horizontal,scenic,landscape,color,outdoors,tan,rock,sandstone');
INSERT OR IGNORE INTO tags (name) VALUES ('horizontal');
INSERT INTO photo_tags (photo_idx, tag_id) VALUES ((SELECT photo_idx FROM photos WHERE photo_id = 1805), (SELECT tag_id FROM tags WHERE name = 'horizontal'));
INSERT OR IGNORE INTO tags (name) VALUES ('scenic');
INSERT INTO photo_tags (photo_idx, tag_id) VALUES ((SELECT photo_idx FROM photos WHERE photo_id = 1805), (SELECT tag_id FROM tags WHERE name = 'scenic'));
INSERT OR IGNORE INTO tags (name) VALUES ('landscape');
INSERT INTO photo_tags (photo_idx, tag_id) VALUES ((SELECT photo_idx FROM photos WHERE photo_id = 1805), (SELECT tag_id FROM tags WHERE name = 'landscape'));
INSERT OR IGNORE INTO tags (name) VALUES ('color');
INSERT INTO photo_tags (photo_idx, tag_id) VALUES ((SELECT photo_idx FROM photos WHERE photo_id = 1805), (SELECT tag_id FROM tags WHERE name = 'color'));
INSERT OR IGNORE INTO tags (name) VALUES ('outdoors');
INSERT INTO photo_tags (photo_idx, tag_id) VALUES ((SELECT photo_idx FROM photos WHERE photo_id = 1805), (SELECT tag_id FROM tags WHERE name = 'outdoors'));
INSERT OR IGNORE INTO tags (name) VALUES ('tan');
INSERT INTO photo_tags (photo_idx, tag_id) VALUES ((SELECT photo_idx FROM photos WHERE photo_id = 1805), (SELECT tag_id FROM tags WHERE name = 'tan'));
INSERT OR IGNORE INTO tags (name) VALUES ('rock');
INSERT INTO photo_tags (photo_idx, tag_id) VALUES ((SELECT photo_idx FROM photos WHERE photo_id = 1805), (SELECT tag_id FROM tags WHERE name = 'rock'));
INSERT OR IGNORE INTO tags (name) VALUES ('sandstone');
INSERT INTO photo_tags (photo_idx, tag_id) VALUES ((SELECT photo_idx FROM photos WHERE photo_id = 1805), (SELECT tag_id FROM tags WHERE name = 'sandstone'));

INSERT INTO photos (photo_id, photo_title, photo_collection, photo_location, photo_year, camera, film_stock, film_format) VALUES (1806, 'Red Sandstone Angles', 'Southwest', 'Paria Wilderness, Arizona', 1999, 'Hasselblad', 'Fujichrome Velvia', '6 x 6 cm');
INSERT INTO photos_fts (photo_idx, photo_id, photo_title, photo_collection, photo_location, photo_year, camera, film_stock, film_format, tag_names) VALUES ((SELECT photo_idx FROM photos WHERE photo_id = 1806), 1806, 'Red Sandstone Angles', 'Southwest', 'Paria Wilderness, Arizona', 1999, 'Hasselblad', 'Fujichrome Velvia', '6 x 6 cm', 'horizontal,scenic,landscape,color,outdoors,tan,rock,sand,sandstone');
INSERT OR IGNORE INTO tags (name) VALUES ('horizontal');
INSERT INTO photo_tags (photo_idx, tag_id) VALUES ((SELECT photo_idx FROM photos WHERE photo_id = 1806), (SELECT tag_id FROM tags WHERE name = 'horizontal'));
INSERT OR IGNORE INTO tags (name) VALUES ('scenic');
INSERT INTO photo_tags (photo_idx, tag_id) VALUES ((SELECT photo_idx FROM photos WHERE photo_id = 1806), (SELECT tag_id FROM tags WHERE name = 'scenic'));
INSERT OR IGNORE INTO tags (name) VALUES ('landscape');
INSERT INTO photo_tags (photo_idx, tag_id) VALUES ((SELECT photo_idx FROM photos WHERE photo_id = 1806), (SELECT tag_id FROM tags WHERE name = 'landscape'));
INSERT OR IGNORE INTO tags (name) VALUES ('color');
INSERT INTO photo_tags (photo_idx, tag_id) VALUES ((SELECT photo_idx FROM photos WHERE photo_id = 1806), (SELECT tag_id FROM tags WHERE name = 'color'));
INSERT OR IGNORE INTO tags (name) VALUES ('outdoors');
INSERT INTO photo_tags (photo_idx, tag_id) VALUES ((SELECT photo_idx FROM photos WHERE photo_id = 1806), (SELECT tag_id FROM tags WHERE name = 'outdoors'));
INSERT OR IGNORE INTO tags (name) VALUES ('tan');
INSERT INTO photo_tags (photo_idx, tag_id) VALUES ((SELECT photo_idx FROM photos WHERE photo_id = 1806), (SELECT tag_id FROM tags WHERE name = 'tan'));
INSERT OR IGNORE INTO tags (name) VALUES ('rock');
INSERT INTO photo_tags (photo_idx, tag_id) VALUES ((SELECT photo_idx FROM photos WHERE photo_id = 1806), (SELECT tag_id FROM tags WHERE name = 'rock'));
INSERT OR IGNORE INTO tags (name) VALUES ('sand');
INSERT INTO photo_tags (photo_idx, tag_id) VALUES ((SELECT photo_idx FROM photos WHERE photo_id = 1806), (SELECT tag_id FROM tags WHERE name = 'sand'));
INSERT OR IGNORE INTO tags (name) VALUES ('sandstone');
INSERT INTO photo_tags (photo_idx, tag_id) VALUES ((SELECT photo_idx FROM photos WHERE photo_id = 1806), (SELECT tag_id FROM tags WHERE name = 'sandstone'));

INSERT INTO photos (photo_id, photo_title, photo_collection, photo_location, photo_year, camera, film_stock, film_format) VALUES (1808, 'Kolob Canyon Wall', 'Southwest', 'Kolob Canyon, Utah', 1999, 'Hasselblad', 'Fujichrome Velvia', '6 x 6 cm');
INSERT INTO photos_fts (photo_idx, photo_id, photo_title, photo_collection, photo_location, photo_year, camera, film_stock, film_format, tag_names) VALUES ((SELECT photo_idx FROM photos WHERE photo_id = 1808), 1808, 'Kolob Canyon Wall', 'Southwest', 'Kolob Canyon, Utah', 1999, 'Hasselblad', 'Fujichrome Velvia', '6 x 6 cm', 'horizontal,scenic,landscape,color,outdoors,tan,rock,sandstone');
INSERT OR IGNORE INTO tags (name) VALUES ('horizontal');
INSERT INTO photo_tags (photo_idx, tag_id) VALUES ((SELECT photo_idx FROM photos WHERE photo_id = 1808), (SELECT tag_id FROM tags WHERE name = 'horizontal'));
INSERT OR IGNORE INTO tags (name) VALUES ('scenic');
INSERT INTO photo_tags (photo_idx, tag_id) VALUES ((SELECT photo_idx FROM photos WHERE photo_id = 1808), (SELECT tag_id FROM tags WHERE name = 'scenic'));
INSERT OR IGNORE INTO tags (name) VALUES ('landscape');
INSERT INTO photo_tags (photo_idx, tag_id) VALUES ((SELECT photo_idx FROM photos WHERE photo_id = 1808), (SELECT tag_id FROM tags WHERE name = 'landscape'));
INSERT OR IGNORE INTO tags (name) VALUES ('color');
INSERT INTO photo_tags (photo_idx, tag_id) VALUES ((SELECT photo_idx FROM photos WHERE photo_id = 1808), (SELECT tag_id FROM tags WHERE name = 'color'));
INSERT OR IGNORE INTO tags (name) VALUES ('outdoors');
INSERT INTO photo_tags (photo_idx, tag_id) VALUES ((SELECT photo_idx FROM photos WHERE photo_id = 1808), (SELECT tag_id FROM tags WHERE name = 'outdoors'));
INSERT OR IGNORE INTO tags (name) VALUES ('tan');
INSERT INTO photo_tags (photo_idx, tag_id) VALUES ((SELECT photo_idx FROM photos WHERE photo_id = 1808), (SELECT tag_id FROM tags WHERE name = 'tan'));
INSERT OR IGNORE INTO tags (name) VALUES ('rock');
INSERT INTO photo_tags (photo_idx, tag_id) VALUES ((SELECT photo_idx FROM photos WHERE photo_id = 1808), (SELECT tag_id FROM tags WHERE name = 'rock'));
INSERT OR IGNORE INTO tags (name) VALUES ('sandstone');
INSERT INTO photo_tags (photo_idx, tag_id) VALUES ((SELECT photo_idx FROM photos WHERE photo_id = 1808), (SELECT tag_id FROM tags WHERE name = 'sandstone'));

INSERT INTO photos (photo_id, photo_title, photo_collection, photo_location, photo_year, camera, film_stock, film_format) VALUES (1809, 'Kolob Canyon Wall', 'Southwest', 'Kolob Canyon, Utah', 1999, 'Hasselblad', 'Fujichrome Velvia', '6 x 6 cm');
INSERT INTO photos_fts (photo_idx, photo_id, photo_title, photo_collection, photo_location, photo_year, camera, film_stock, film_format, tag_names) VALUES ((SELECT photo_idx FROM photos WHERE photo_id = 1809), 1809, 'Kolob Canyon Wall', 'Southwest', 'Kolob Canyon, Utah', 1999, 'Hasselblad', 'Fujichrome Velvia', '6 x 6 cm', 'vertical,scenic,landscape,color,outdoors,tan,rock,sandstone');
INSERT OR IGNORE INTO tags (name) VALUES ('vertical');
INSERT INTO photo_tags (photo_idx, tag_id) VALUES ((SELECT photo_idx FROM photos WHERE photo_id = 1809), (SELECT tag_id FROM tags WHERE name = 'vertical'));
INSERT OR IGNORE INTO tags (name) VALUES ('scenic');
INSERT INTO photo_tags (photo_idx, tag_id) VALUES ((SELECT photo_idx FROM photos WHERE photo_id = 1809), (SELECT tag_id FROM tags WHERE name = 'scenic'));
INSERT OR IGNORE INTO tags (name) VALUES ('landscape');
INSERT INTO photo_tags (photo_idx, tag_id) VALUES ((SELECT photo_idx FROM photos WHERE photo_id = 1809), (SELECT tag_id FROM tags WHERE name = 'landscape'));
INSERT OR IGNORE INTO tags (name) VALUES ('color');
INSERT INTO photo_tags (photo_idx, tag_id) VALUES ((SELECT photo_idx FROM photos WHERE photo_id = 1809), (SELECT tag_id FROM tags WHERE name = 'color'));
INSERT OR IGNORE INTO tags (name) VALUES ('outdoors');
INSERT INTO photo_tags (photo_idx, tag_id) VALUES ((SELECT photo_idx FROM photos WHERE photo_id = 1809), (SELECT tag_id FROM tags WHERE name = 'outdoors'));
INSERT OR IGNORE INTO tags (name) VALUES ('tan');
INSERT INTO photo_tags (photo_idx, tag_id) VALUES ((SELECT photo_idx FROM photos WHERE photo_id = 1809), (SELECT tag_id FROM tags WHERE name = 'tan'));
INSERT OR IGNORE INTO tags (name) VALUES ('rock');
INSERT INTO photo_tags (photo_idx, tag_id) VALUES ((SELECT photo_idx FROM photos WHERE photo_id = 1809), (SELECT tag_id FROM tags WHERE name = 'rock'));
INSERT OR IGNORE INTO tags (name) VALUES ('sandstone');
INSERT INTO photo_tags (photo_idx, tag_id) VALUES ((SELECT photo_idx FROM photos WHERE photo_id = 1809), (SELECT tag_id FROM tags WHERE name = 'sandstone'));

INSERT INTO photos (photo_id, photo_title, photo_collection, photo_location, photo_year, camera, film_stock, film_format) VALUES (1810, 'Tree and Canyon Wall', 'Southwest', 'Kolob Canyon, Utah', 1999, 'Hasselblad', 'Fujichrome Velvia', '6 x 6 cm');
INSERT INTO photos_fts (photo_idx, photo_id, photo_title, photo_collection, photo_location, photo_year, camera, film_stock, film_format, tag_names) VALUES ((SELECT photo_idx FROM photos WHERE photo_id = 1810), 1810, 'Tree and Canyon Wall', 'Southwest', 'Kolob Canyon, Utah', 1999, 'Hasselblad', 'Fujichrome Velvia', '6 x 6 cm', 'vertical,scenic,landscape,color,outdoors,tan,rock,sandstone');
INSERT OR IGNORE INTO tags (name) VALUES ('vertical');
INSERT INTO photo_tags (photo_idx, tag_id) VALUES ((SELECT photo_idx FROM photos WHERE photo_id = 1810), (SELECT tag_id FROM tags WHERE name = 'vertical'));
INSERT OR IGNORE INTO tags (name) VALUES ('scenic');
INSERT INTO photo_tags (photo_idx, tag_id) VALUES ((SELECT photo_idx FROM photos WHERE photo_id = 1810), (SELECT tag_id FROM tags WHERE name = 'scenic'));
INSERT OR IGNORE INTO tags (name) VALUES ('landscape');
INSERT INTO photo_tags (photo_idx, tag_id) VALUES ((SELECT photo_idx FROM photos WHERE photo_id = 1810), (SELECT tag_id FROM tags WHERE name = 'landscape'));
INSERT OR IGNORE INTO tags (name) VALUES ('color');
INSERT INTO photo_tags (photo_idx, tag_id) VALUES ((SELECT photo_idx FROM photos WHERE photo_id = 1810), (SELECT tag_id FROM tags WHERE name = 'color'));
INSERT OR IGNORE INTO tags (name) VALUES ('outdoors');
INSERT INTO photo_tags (photo_idx, tag_id) VALUES ((SELECT photo_idx FROM photos WHERE photo_id = 1810), (SELECT tag_id FROM tags WHERE name = 'outdoors'));
INSERT OR IGNORE INTO tags (name) VALUES ('tan');
INSERT INTO photo_tags (photo_idx, tag_id) VALUES ((SELECT photo_idx FROM photos WHERE photo_id = 1810), (SELECT tag_id FROM tags WHERE name = 'tan'));
INSERT OR IGNORE INTO tags (name) VALUES ('rock');
INSERT INTO photo_tags (photo_idx, tag_id) VALUES ((SELECT photo_idx FROM photos WHERE photo_id = 1810), (SELECT tag_id FROM tags WHERE name = 'rock'));
INSERT OR IGNORE INTO tags (name) VALUES ('sandstone');
INSERT INTO photo_tags (photo_idx, tag_id) VALUES ((SELECT photo_idx FROM photos WHERE photo_id = 1810), (SELECT tag_id FROM tags WHERE name = 'sandstone'));

INSERT INTO photos (photo_id, photo_title, photo_collection, photo_location, photo_year, camera, film_stock, film_format) VALUES (1811, 'Petrified Wood Boulder', 'Rocks', 'Petrified Forest National Park, Arizona', 1999, 'Hasselblad', 'Fujichrome Velvia', '6 x 6 cm');
INSERT INTO photos_fts (photo_idx, photo_id, photo_title, photo_collection, photo_location, photo_year, camera, film_stock, film_format, tag_names) VALUES ((SELECT photo_idx FROM photos WHERE photo_id = 1811), 1811, 'Petrified Wood Boulder', 'Rocks', 'Petrified Forest National Park, Arizona', 1999, 'Hasselblad', 'Fujichrome Velvia', '6 x 6 cm', 'horizontal,popular,closeup,color,outdoors,landscape,tan,rock');
INSERT OR IGNORE INTO tags (name) VALUES ('horizontal');
INSERT INTO photo_tags (photo_idx, tag_id) VALUES ((SELECT photo_idx FROM photos WHERE photo_id = 1811), (SELECT tag_id FROM tags WHERE name = 'horizontal'));
INSERT OR IGNORE INTO tags (name) VALUES ('popular');
INSERT INTO photo_tags (photo_idx, tag_id) VALUES ((SELECT photo_idx FROM photos WHERE photo_id = 1811), (SELECT tag_id FROM tags WHERE name = 'popular'));
INSERT OR IGNORE INTO tags (name) VALUES ('closeup');
INSERT INTO photo_tags (photo_idx, tag_id) VALUES ((SELECT photo_idx FROM photos WHERE photo_id = 1811), (SELECT tag_id FROM tags WHERE name = 'closeup'));
INSERT OR IGNORE INTO tags (name) VALUES ('color');
INSERT INTO photo_tags (photo_idx, tag_id) VALUES ((SELECT photo_idx FROM photos WHERE photo_id = 1811), (SELECT tag_id FROM tags WHERE name = 'color'));
INSERT OR IGNORE INTO tags (name) VALUES ('outdoors');
INSERT INTO photo_tags (photo_idx, tag_id) VALUES ((SELECT photo_idx FROM photos WHERE photo_id = 1811), (SELECT tag_id FROM tags WHERE name = 'outdoors'));
INSERT OR IGNORE INTO tags (name) VALUES ('landscape');
INSERT INTO photo_tags (photo_idx, tag_id) VALUES ((SELECT photo_idx FROM photos WHERE photo_id = 1811), (SELECT tag_id FROM tags WHERE name = 'landscape'));
INSERT OR IGNORE INTO tags (name) VALUES ('tan');
INSERT INTO photo_tags (photo_idx, tag_id) VALUES ((SELECT photo_idx FROM photos WHERE photo_id = 1811), (SELECT tag_id FROM tags WHERE name = 'tan'));
INSERT OR IGNORE INTO tags (name) VALUES ('rock');
INSERT INTO photo_tags (photo_idx, tag_id) VALUES ((SELECT photo_idx FROM photos WHERE photo_id = 1811), (SELECT tag_id FROM tags WHERE name = 'rock'));

INSERT INTO photos (photo_id, photo_title, photo_collection, photo_location, photo_year, camera, film_stock, film_format) VALUES (1812, 'Face of Petrified Wood', 'Rocks', 'Petrified Forest National Park, Arizona', 1999, 'Hasselblad', 'Fujichrome Velvia', '6 x 6 cm');
INSERT INTO photos_fts (photo_idx, photo_id, photo_title, photo_collection, photo_location, photo_year, camera, film_stock, film_format, tag_names) VALUES ((SELECT photo_idx FROM photos WHERE photo_id = 1812), 1812, 'Face of Petrified Wood', 'Rocks', 'Petrified Forest National Park, Arizona', 1999, 'Hasselblad', 'Fujichrome Velvia', '6 x 6 cm', 'horizontal,closeup,color,outdoors,tan,rock');
INSERT OR IGNORE INTO tags (name) VALUES ('horizontal');
INSERT INTO photo_tags (photo_idx, tag_id) VALUES ((SELECT photo_idx FROM photos WHERE photo_id = 1812), (SELECT tag_id FROM tags WHERE name = 'horizontal'));
INSERT OR IGNORE INTO tags (name) VALUES ('closeup');
INSERT INTO photo_tags (photo_idx, tag_id) VALUES ((SELECT photo_idx FROM photos WHERE photo_id = 1812), (SELECT tag_id FROM tags WHERE name = 'closeup'));
INSERT OR IGNORE INTO tags (name) VALUES ('color');
INSERT INTO photo_tags (photo_idx, tag_id) VALUES ((SELECT photo_idx FROM photos WHERE photo_id = 1812), (SELECT tag_id FROM tags WHERE name = 'color'));
INSERT OR IGNORE INTO tags (name) VALUES ('outdoors');
INSERT INTO photo_tags (photo_idx, tag_id) VALUES ((SELECT photo_idx FROM photos WHERE photo_id = 1812), (SELECT tag_id FROM tags WHERE name = 'outdoors'));
INSERT OR IGNORE INTO tags (name) VALUES ('tan');
INSERT INTO photo_tags (photo_idx, tag_id) VALUES ((SELECT photo_idx FROM photos WHERE photo_id = 1812), (SELECT tag_id FROM tags WHERE name = 'tan'));
INSERT OR IGNORE INTO tags (name) VALUES ('rock');
INSERT INTO photo_tags (photo_idx, tag_id) VALUES ((SELECT photo_idx FROM photos WHERE photo_id = 1812), (SELECT tag_id FROM tags WHERE name = 'rock'));

INSERT INTO photos (photo_id, photo_title, photo_collection, photo_location, photo_year, camera, film_stock, film_format) VALUES (1814, 'River Mud Design', 'Southwest', 'Coyote Gulch, Utah', 1999, 'Hasselblad', 'Fujichrome Velvia', '6 x 6 cm');
INSERT INTO photos_fts (photo_idx, photo_id, photo_title, photo_collection, photo_location, photo_year, camera, film_stock, film_format, tag_names) VALUES ((SELECT photo_idx FROM photos WHERE photo_id = 1814), 1814, 'River Mud Design', 'Southwest', 'Coyote Gulch, Utah', 1999, 'Hasselblad', 'Fujichrome Velvia', '6 x 6 cm', 'vertical,scenic,landscape,color,outdoors,brown,rock,mud');
INSERT OR IGNORE INTO tags (name) VALUES ('vertical');
INSERT INTO photo_tags (photo_idx, tag_id) VALUES ((SELECT photo_idx FROM photos WHERE photo_id = 1814), (SELECT tag_id FROM tags WHERE name = 'vertical'));
INSERT OR IGNORE INTO tags (name) VALUES ('scenic');
INSERT INTO photo_tags (photo_idx, tag_id) VALUES ((SELECT photo_idx FROM photos WHERE photo_id = 1814), (SELECT tag_id FROM tags WHERE name = 'scenic'));
INSERT OR IGNORE INTO tags (name) VALUES ('landscape');
INSERT INTO photo_tags (photo_idx, tag_id) VALUES ((SELECT photo_idx FROM photos WHERE photo_id = 1814), (SELECT tag_id FROM tags WHERE name = 'landscape'));
INSERT OR IGNORE INTO tags (name) VALUES ('color');
INSERT INTO photo_tags (photo_idx, tag_id) VALUES ((SELECT photo_idx FROM photos WHERE photo_id = 1814), (SELECT tag_id FROM tags WHERE name = 'color'));
INSERT OR IGNORE INTO tags (name) VALUES ('outdoors');
INSERT INTO photo_tags (photo_idx, tag_id) VALUES ((SELECT photo_idx FROM photos WHERE photo_id = 1814), (SELECT tag_id FROM tags WHERE name = 'outdoors'));
INSERT OR IGNORE INTO tags (name) VALUES ('brown');
INSERT INTO photo_tags (photo_idx, tag_id) VALUES ((SELECT photo_idx FROM photos WHERE photo_id = 1814), (SELECT tag_id FROM tags WHERE name = 'brown'));
INSERT OR IGNORE INTO tags (name) VALUES ('rock');
INSERT INTO photo_tags (photo_idx, tag_id) VALUES ((SELECT photo_idx FROM photos WHERE photo_id = 1814), (SELECT tag_id FROM tags WHERE name = 'rock'));
INSERT OR IGNORE INTO tags (name) VALUES ('mud');
INSERT INTO photo_tags (photo_idx, tag_id) VALUES ((SELECT photo_idx FROM photos WHERE photo_id = 1814), (SELECT tag_id FROM tags WHERE name = 'mud'));

INSERT INTO photos (photo_id, photo_title, photo_collection, photo_location, photo_year, camera, film_stock, film_format) VALUES (1815, 'Canyon Wall', 'Southwest', 'Explorer Canyon, Utah', 1999, 'Hasselblad', 'Fujichrome Velvia', '6 x 6 cm');
INSERT INTO photos_fts (photo_idx, photo_id, photo_title, photo_collection, photo_location, photo_year, camera, film_stock, film_format, tag_names) VALUES ((SELECT photo_idx FROM photos WHERE photo_id = 1815), 1815, 'Canyon Wall', 'Southwest', 'Explorer Canyon, Utah', 1999, 'Hasselblad', 'Fujichrome Velvia', '6 x 6 cm', 'vertical,scenic,landscape,color,outdoors,tan,rock,sandstone');
INSERT OR IGNORE INTO tags (name) VALUES ('vertical');
INSERT INTO photo_tags (photo_idx, tag_id) VALUES ((SELECT photo_idx FROM photos WHERE photo_id = 1815), (SELECT tag_id FROM tags WHERE name = 'vertical'));
INSERT OR IGNORE INTO tags (name) VALUES ('scenic');
INSERT INTO photo_tags (photo_idx, tag_id) VALUES ((SELECT photo_idx FROM photos WHERE photo_id = 1815), (SELECT tag_id FROM tags WHERE name = 'scenic'));
INSERT OR IGNORE INTO tags (name) VALUES ('landscape');
INSERT INTO photo_tags (photo_idx, tag_id) VALUES ((SELECT photo_idx FROM photos WHERE photo_id = 1815), (SELECT tag_id FROM tags WHERE name = 'landscape'));
INSERT OR IGNORE INTO tags (name) VALUES ('color');
INSERT INTO photo_tags (photo_idx, tag_id) VALUES ((SELECT photo_idx FROM photos WHERE photo_id = 1815), (SELECT tag_id FROM tags WHERE name = 'color'));
INSERT OR IGNORE INTO tags (name) VALUES ('outdoors');
INSERT INTO photo_tags (photo_idx, tag_id) VALUES ((SELECT photo_idx FROM photos WHERE photo_id = 1815), (SELECT tag_id FROM tags WHERE name = 'outdoors'));
INSERT OR IGNORE INTO tags (name) VALUES ('tan');
INSERT INTO photo_tags (photo_idx, tag_id) VALUES ((SELECT photo_idx FROM photos WHERE photo_id = 1815), (SELECT tag_id FROM tags WHERE name = 'tan'));
INSERT OR IGNORE INTO tags (name) VALUES ('rock');
INSERT INTO photo_tags (photo_idx, tag_id) VALUES ((SELECT photo_idx FROM photos WHERE photo_id = 1815), (SELECT tag_id FROM tags WHERE name = 'rock'));
INSERT OR IGNORE INTO tags (name) VALUES ('sandstone');
INSERT INTO photo_tags (photo_idx, tag_id) VALUES ((SELECT photo_idx FROM photos WHERE photo_id = 1815), (SELECT tag_id FROM tags WHERE name = 'sandstone'));

INSERT INTO photos (photo_id, photo_title, photo_collection, photo_location, photo_year, camera, film_stock, film_format) VALUES (1817, 'Banded Agate', 'Rocks', 'Rio Grande do Sul, Brazil', 2000, 'Hasselblad', 'Fujichrome Velvia', '6 x 6 cm');
INSERT INTO photos_fts (photo_idx, photo_id, photo_title, photo_collection, photo_location, photo_year, camera, film_stock, film_format, tag_names) VALUES ((SELECT photo_idx FROM photos WHERE photo_id = 1817), 1817, 'Banded Agate', 'Rocks', 'Rio Grande do Sul, Brazil', 2000, 'Hasselblad', 'Fujichrome Velvia', '6 x 6 cm', 'horizontal,popular,closeup,color,studio,blue,brown,orange,red,rock');
INSERT OR IGNORE INTO tags (name) VALUES ('horizontal');
INSERT INTO photo_tags (photo_idx, tag_id) VALUES ((SELECT photo_idx FROM photos WHERE photo_id = 1817), (SELECT tag_id FROM tags WHERE name = 'horizontal'));
INSERT OR IGNORE INTO tags (name) VALUES ('popular');
INSERT INTO photo_tags (photo_idx, tag_id) VALUES ((SELECT photo_idx FROM photos WHERE photo_id = 1817), (SELECT tag_id FROM tags WHERE name = 'popular'));
INSERT OR IGNORE INTO tags (name) VALUES ('closeup');
INSERT INTO photo_tags (photo_idx, tag_id) VALUES ((SELECT photo_idx FROM photos WHERE photo_id = 1817), (SELECT tag_id FROM tags WHERE name = 'closeup'));
INSERT OR IGNORE INTO tags (name) VALUES ('color');
INSERT INTO photo_tags (photo_idx, tag_id) VALUES ((SELECT photo_idx FROM photos WHERE photo_id = 1817), (SELECT tag_id FROM tags WHERE name = 'color'));
INSERT OR IGNORE INTO tags (name) VALUES ('studio');
INSERT INTO photo_tags (photo_idx, tag_id) VALUES ((SELECT photo_idx FROM photos WHERE photo_id = 1817), (SELECT tag_id FROM tags WHERE name = 'studio'));
INSERT OR IGNORE INTO tags (name) VALUES ('blue');
INSERT INTO photo_tags (photo_idx, tag_id) VALUES ((SELECT photo_idx FROM photos WHERE photo_id = 1817), (SELECT tag_id FROM tags WHERE name = 'blue'));
INSERT OR IGNORE INTO tags (name) VALUES ('brown');
INSERT INTO photo_tags (photo_idx, tag_id) VALUES ((SELECT photo_idx FROM photos WHERE photo_id = 1817), (SELECT tag_id FROM tags WHERE name = 'brown'));
INSERT OR IGNORE INTO tags (name) VALUES ('orange');
INSERT INTO photo_tags (photo_idx, tag_id) VALUES ((SELECT photo_idx FROM photos WHERE photo_id = 1817), (SELECT tag_id FROM tags WHERE name = 'orange'));
INSERT OR IGNORE INTO tags (name) VALUES ('red');
INSERT INTO photo_tags (photo_idx, tag_id) VALUES ((SELECT photo_idx FROM photos WHERE photo_id = 1817), (SELECT tag_id FROM tags WHERE name = 'red'));
INSERT OR IGNORE INTO tags (name) VALUES ('rock');
INSERT INTO photo_tags (photo_idx, tag_id) VALUES ((SELECT photo_idx FROM photos WHERE photo_id = 1817), (SELECT tag_id FROM tags WHERE name = 'rock'));

INSERT INTO photos (photo_id, photo_title, photo_collection, photo_location, photo_year, camera, film_stock, film_format) VALUES (1818, 'Petrified Wood', 'Rocks', 'Near Petrified Forest National Park, Arizona', 2000, 'Hasselblad', 'Fujichrome Velvia', '6 x 6 cm');
INSERT INTO photos_fts (photo_idx, photo_id, photo_title, photo_collection, photo_location, photo_year, camera, film_stock, film_format, tag_names) VALUES ((SELECT photo_idx FROM photos WHERE photo_id = 1818), 1818, 'Petrified Wood', 'Rocks', 'Near Petrified Forest National Park, Arizona', 2000, 'Hasselblad', 'Fujichrome Velvia', '6 x 6 cm', 'horizontal,closeup,color,studio,brown,red,rock');
INSERT OR IGNORE INTO tags (name) VALUES ('horizontal');
INSERT INTO photo_tags (photo_idx, tag_id) VALUES ((SELECT photo_idx FROM photos WHERE photo_id = 1818), (SELECT tag_id FROM tags WHERE name = 'horizontal'));
INSERT OR IGNORE INTO tags (name) VALUES ('closeup');
INSERT INTO photo_tags (photo_idx, tag_id) VALUES ((SELECT photo_idx FROM photos WHERE photo_id = 1818), (SELECT tag_id FROM tags WHERE name = 'closeup'));
INSERT OR IGNORE INTO tags (name) VALUES ('color');
INSERT INTO photo_tags (photo_idx, tag_id) VALUES ((SELECT photo_idx FROM photos WHERE photo_id = 1818), (SELECT tag_id FROM tags WHERE name = 'color'));
INSERT OR IGNORE INTO tags (name) VALUES ('studio');
INSERT INTO photo_tags (photo_idx, tag_id) VALUES ((SELECT photo_idx FROM photos WHERE photo_id = 1818), (SELECT tag_id FROM tags WHERE name = 'studio'));
INSERT OR IGNORE INTO tags (name) VALUES ('brown');
INSERT INTO photo_tags (photo_idx, tag_id) VALUES ((SELECT photo_idx FROM photos WHERE photo_id = 1818), (SELECT tag_id FROM tags WHERE name = 'brown'));
INSERT OR IGNORE INTO tags (name) VALUES ('red');
INSERT INTO photo_tags (photo_idx, tag_id) VALUES ((SELECT photo_idx FROM photos WHERE photo_id = 1818), (SELECT tag_id FROM tags WHERE name = 'red'));
INSERT OR IGNORE INTO tags (name) VALUES ('rock');
INSERT INTO photo_tags (photo_idx, tag_id) VALUES ((SELECT photo_idx FROM photos WHERE photo_id = 1818), (SELECT tag_id FROM tags WHERE name = 'rock'));

INSERT INTO photos (photo_id, photo_title, photo_collection, photo_location, photo_year, camera, film_stock, film_format) VALUES (1820, 'Aspen Trunks', 'Colorado', 'Boulder Mountain, Utah', 1998, 'Hasselblad', 'Fujichrome Velvia', '6 x 6 cm');
INSERT INTO photos_fts (photo_idx, photo_id, photo_title, photo_collection, photo_location, photo_year, camera, film_stock, film_format, tag_names) VALUES ((SELECT photo_idx FROM photos WHERE photo_id = 1820), 1820, 'Aspen Trunks', 'Colorado', 'Boulder Mountain, Utah', 1998, 'Hasselblad', 'Fujichrome Velvia', '6 x 6 cm', 'vertical,autumn,fall,scenic,landscape,color,outdoors,yellow,trees,foliage,aspen');
INSERT OR IGNORE INTO tags (name) VALUES ('vertical');
INSERT INTO photo_tags (photo_idx, tag_id) VALUES ((SELECT photo_idx FROM photos WHERE photo_id = 1820), (SELECT tag_id FROM tags WHERE name = 'vertical'));
INSERT OR IGNORE INTO tags (name) VALUES ('autumn');
INSERT INTO photo_tags (photo_idx, tag_id) VALUES ((SELECT photo_idx FROM photos WHERE photo_id = 1820), (SELECT tag_id FROM tags WHERE name = 'autumn'));
INSERT OR IGNORE INTO tags (name) VALUES ('fall');
INSERT INTO photo_tags (photo_idx, tag_id) VALUES ((SELECT photo_idx FROM photos WHERE photo_id = 1820), (SELECT tag_id FROM tags WHERE name = 'fall'));
INSERT OR IGNORE INTO tags (name) VALUES ('scenic');
INSERT INTO photo_tags (photo_idx, tag_id) VALUES ((SELECT photo_idx FROM photos WHERE photo_id = 1820), (SELECT tag_id FROM tags WHERE name = 'scenic'));
INSERT OR IGNORE INTO tags (name) VALUES ('landscape');
INSERT INTO photo_tags (photo_idx, tag_id) VALUES ((SELECT photo_idx FROM photos WHERE photo_id = 1820), (SELECT tag_id FROM tags WHERE name = 'landscape'));
INSERT OR IGNORE INTO tags (name) VALUES ('color');
INSERT INTO photo_tags (photo_idx, tag_id) VALUES ((SELECT photo_idx FROM photos WHERE photo_id = 1820), (SELECT tag_id FROM tags WHERE name = 'color'));
INSERT OR IGNORE INTO tags (name) VALUES ('outdoors');
INSERT INTO photo_tags (photo_idx, tag_id) VALUES ((SELECT photo_idx FROM photos WHERE photo_id = 1820), (SELECT tag_id FROM tags WHERE name = 'outdoors'));
INSERT OR IGNORE INTO tags (name) VALUES ('yellow');
INSERT INTO photo_tags (photo_idx, tag_id) VALUES ((SELECT photo_idx FROM photos WHERE photo_id = 1820), (SELECT tag_id FROM tags WHERE name = 'yellow'));
INSERT OR IGNORE INTO tags (name) VALUES ('trees');
INSERT INTO photo_tags (photo_idx, tag_id) VALUES ((SELECT photo_idx FROM photos WHERE photo_id = 1820), (SELECT tag_id FROM tags WHERE name = 'trees'));
INSERT OR IGNORE INTO tags (name) VALUES ('foliage');
INSERT INTO photo_tags (photo_idx, tag_id) VALUES ((SELECT photo_idx FROM photos WHERE photo_id = 1820), (SELECT tag_id FROM tags WHERE name = 'foliage'));
INSERT OR IGNORE INTO tags (name) VALUES ('aspen');
INSERT INTO photo_tags (photo_idx, tag_id) VALUES ((SELECT photo_idx FROM photos WHERE photo_id = 1820), (SELECT tag_id FROM tags WHERE name = 'aspen'));

INSERT INTO photos (photo_id, photo_title, photo_collection, photo_location, photo_year, camera, film_stock, film_format) VALUES (1821, 'The Dalles Divide', 'Colorado', 'Mount Sneffels Wilderness, Colorado', 1998, 'Hasselblad', 'Fujichrome Velvia', '6 x 6 cm');
INSERT INTO photos_fts (photo_idx, photo_id, photo_title, photo_collection, photo_location, photo_year, camera, film_stock, film_format, tag_names) VALUES ((SELECT photo_idx FROM photos WHERE photo_id = 1821), 1821, 'The Dalles Divide', 'Colorado', 'Mount Sneffels Wilderness, Colorado', 1998, 'Hasselblad', 'Fujichrome Velvia', '6 x 6 cm', 'horizontal,autumn,fall,scenic,landscape,color,outdoors,white,yellow,fog,sky,snow,trees,foliage,clouds,aspen');
INSERT OR IGNORE INTO tags (name) VALUES ('horizontal');
INSERT INTO photo_tags (photo_idx, tag_id) VALUES ((SELECT photo_idx FROM photos WHERE photo_id = 1821), (SELECT tag_id FROM tags WHERE name = 'horizontal'));
INSERT OR IGNORE INTO tags (name) VALUES ('autumn');
INSERT INTO photo_tags (photo_idx, tag_id) VALUES ((SELECT photo_idx FROM photos WHERE photo_id = 1821), (SELECT tag_id FROM tags WHERE name = 'autumn'));
INSERT OR IGNORE INTO tags (name) VALUES ('fall');
INSERT INTO photo_tags (photo_idx, tag_id) VALUES ((SELECT photo_idx FROM photos WHERE photo_id = 1821), (SELECT tag_id FROM tags WHERE name = 'fall'));
INSERT OR IGNORE INTO tags (name) VALUES ('scenic');
INSERT INTO photo_tags (photo_idx, tag_id) VALUES ((SELECT photo_idx FROM photos WHERE photo_id = 1821), (SELECT tag_id FROM tags WHERE name = 'scenic'));
INSERT OR IGNORE INTO tags (name) VALUES ('landscape');
INSERT INTO photo_tags (photo_idx, tag_id) VALUES ((SELECT photo_idx FROM photos WHERE photo_id = 1821), (SELECT tag_id FROM tags WHERE name = 'landscape'));
INSERT OR IGNORE INTO tags (name) VALUES ('color');
INSERT INTO photo_tags (photo_idx, tag_id) VALUES ((SELECT photo_idx FROM photos WHERE photo_id = 1821), (SELECT tag_id FROM tags WHERE name = 'color'));
INSERT OR IGNORE INTO tags (name) VALUES ('outdoors');
INSERT INTO photo_tags (photo_idx, tag_id) VALUES ((SELECT photo_idx FROM photos WHERE photo_id = 1821), (SELECT tag_id FROM tags WHERE name = 'outdoors'));
INSERT OR IGNORE INTO tags (name) VALUES ('white');
INSERT INTO photo_tags (photo_idx, tag_id) VALUES ((SELECT photo_idx FROM photos WHERE photo_id = 1821), (SELECT tag_id FROM tags WHERE name = 'white'));
INSERT OR IGNORE INTO tags (name) VALUES ('yellow');
INSERT INTO photo_tags (photo_idx, tag_id) VALUES ((SELECT photo_idx FROM photos WHERE photo_id = 1821), (SELECT tag_id FROM tags WHERE name = 'yellow'));
INSERT OR IGNORE INTO tags (name) VALUES ('fog');
INSERT INTO photo_tags (photo_idx, tag_id) VALUES ((SELECT photo_idx FROM photos WHERE photo_id = 1821), (SELECT tag_id FROM tags WHERE name = 'fog'));
INSERT OR IGNORE INTO tags (name) VALUES ('sky');
INSERT INTO photo_tags (photo_idx, tag_id) VALUES ((SELECT photo_idx FROM photos WHERE photo_id = 1821), (SELECT tag_id FROM tags WHERE name = 'sky'));
INSERT OR IGNORE INTO tags (name) VALUES ('snow');
INSERT INTO photo_tags (photo_idx, tag_id) VALUES ((SELECT photo_idx FROM photos WHERE photo_id = 1821), (SELECT tag_id FROM tags WHERE name = 'snow'));
INSERT OR IGNORE INTO tags (name) VALUES ('trees');
INSERT INTO photo_tags (photo_idx, tag_id) VALUES ((SELECT photo_idx FROM photos WHERE photo_id = 1821), (SELECT tag_id FROM tags WHERE name = 'trees'));
INSERT OR IGNORE INTO tags (name) VALUES ('foliage');
INSERT INTO photo_tags (photo_idx, tag_id) VALUES ((SELECT photo_idx FROM photos WHERE photo_id = 1821), (SELECT tag_id FROM tags WHERE name = 'foliage'));
INSERT OR IGNORE INTO tags (name) VALUES ('clouds');
INSERT INTO photo_tags (photo_idx, tag_id) VALUES ((SELECT photo_idx FROM photos WHERE photo_id = 1821), (SELECT tag_id FROM tags WHERE name = 'clouds'));
INSERT OR IGNORE INTO tags (name) VALUES ('aspen');
INSERT INTO photo_tags (photo_idx, tag_id) VALUES ((SELECT photo_idx FROM photos WHERE photo_id = 1821), (SELECT tag_id FROM tags WHERE name = 'aspen'));

INSERT INTO photos (photo_id, photo_title, photo_collection, photo_location, photo_year, camera, film_stock, film_format) VALUES (1823, 'Aspen and Evergreen', 'Colorado', 'San Juan Mountains, Colorado', 1998, 'Hasselblad', 'Fujichrome Velvia', '6 x 6 cm');
INSERT INTO photos_fts (photo_idx, photo_id, photo_title, photo_collection, photo_location, photo_year, camera, film_stock, film_format, tag_names) VALUES ((SELECT photo_idx FROM photos WHERE photo_id = 1823), 1823, 'Aspen and Evergreen', 'Colorado', 'San Juan Mountains, Colorado', 1998, 'Hasselblad', 'Fujichrome Velvia', '6 x 6 cm', 'vertical,autumn,fall,scenic,landscape,color,outdoors,yellow,trees,foliage,aspen');
INSERT OR IGNORE INTO tags (name) VALUES ('vertical');
INSERT INTO photo_tags (photo_idx, tag_id) VALUES ((SELECT photo_idx FROM photos WHERE photo_id = 1823), (SELECT tag_id FROM tags WHERE name = 'vertical'));
INSERT OR IGNORE INTO tags (name) VALUES ('autumn');
INSERT INTO photo_tags (photo_idx, tag_id) VALUES ((SELECT photo_idx FROM photos WHERE photo_id = 1823), (SELECT tag_id FROM tags WHERE name = 'autumn'));
INSERT OR IGNORE INTO tags (name) VALUES ('fall');
INSERT INTO photo_tags (photo_idx, tag_id) VALUES ((SELECT photo_idx FROM photos WHERE photo_id = 1823), (SELECT tag_id FROM tags WHERE name = 'fall'));
INSERT OR IGNORE INTO tags (name) VALUES ('scenic');
INSERT INTO photo_tags (photo_idx, tag_id) VALUES ((SELECT photo_idx FROM photos WHERE photo_id = 1823), (SELECT tag_id FROM tags WHERE name = 'scenic'));
INSERT OR IGNORE INTO tags (name) VALUES ('landscape');
INSERT INTO photo_tags (photo_idx, tag_id) VALUES ((SELECT photo_idx FROM photos WHERE photo_id = 1823), (SELECT tag_id FROM tags WHERE name = 'landscape'));
INSERT OR IGNORE INTO tags (name) VALUES ('color');
INSERT INTO photo_tags (photo_idx, tag_id) VALUES ((SELECT photo_idx FROM photos WHERE photo_id = 1823), (SELECT tag_id FROM tags WHERE name = 'color'));
INSERT OR IGNORE INTO tags (name) VALUES ('outdoors');
INSERT INTO photo_tags (photo_idx, tag_id) VALUES ((SELECT photo_idx FROM photos WHERE photo_id = 1823), (SELECT tag_id FROM tags WHERE name = 'outdoors'));
INSERT OR IGNORE INTO tags (name) VALUES ('yellow');
INSERT INTO photo_tags (photo_idx, tag_id) VALUES ((SELECT photo_idx FROM photos WHERE photo_id = 1823), (SELECT tag_id FROM tags WHERE name = 'yellow'));
INSERT OR IGNORE INTO tags (name) VALUES ('trees');
INSERT INTO photo_tags (photo_idx, tag_id) VALUES ((SELECT photo_idx FROM photos WHERE photo_id = 1823), (SELECT tag_id FROM tags WHERE name = 'trees'));
INSERT OR IGNORE INTO tags (name) VALUES ('foliage');
INSERT INTO photo_tags (photo_idx, tag_id) VALUES ((SELECT photo_idx FROM photos WHERE photo_id = 1823), (SELECT tag_id FROM tags WHERE name = 'foliage'));
INSERT OR IGNORE INTO tags (name) VALUES ('aspen');
INSERT INTO photo_tags (photo_idx, tag_id) VALUES ((SELECT photo_idx FROM photos WHERE photo_id = 1823), (SELECT tag_id FROM tags WHERE name = 'aspen'));

INSERT INTO photos (photo_id, photo_title, photo_collection, photo_location, photo_year, camera, film_stock, film_format) VALUES (1825, 'Ophir Aspens and Snow', 'Colorado', 'San Juan Mountains, Colorado', 1998, 'Hasselblad', 'Fujichrome Velvia', '6 x 6 cm');
INSERT INTO photos_fts (photo_idx, photo_id, photo_title, photo_collection, photo_location, photo_year, camera, film_stock, film_format, tag_names) VALUES ((SELECT photo_idx FROM photos WHERE photo_id = 1825), 1825, 'Ophir Aspens and Snow', 'Colorado', 'San Juan Mountains, Colorado', 1998, 'Hasselblad', 'Fujichrome Velvia', '6 x 6 cm', 'horizontal,autumn,fall,scenic,landscape,color,outdoors,blue,white,yellow,sky,snow,trees,foliage,clouds,aspen');
INSERT OR IGNORE INTO tags (name) VALUES ('horizontal');
INSERT INTO photo_tags (photo_idx, tag_id) VALUES ((SELECT photo_idx FROM photos WHERE photo_id = 1825), (SELECT tag_id FROM tags WHERE name = 'horizontal'));
INSERT OR IGNORE INTO tags (name) VALUES ('autumn');
INSERT INTO photo_tags (photo_idx, tag_id) VALUES ((SELECT photo_idx FROM photos WHERE photo_id = 1825), (SELECT tag_id FROM tags WHERE name = 'autumn'));
INSERT OR IGNORE INTO tags (name) VALUES ('fall');
INSERT INTO photo_tags (photo_idx, tag_id) VALUES ((SELECT photo_idx FROM photos WHERE photo_id = 1825), (SELECT tag_id FROM tags WHERE name = 'fall'));
INSERT OR IGNORE INTO tags (name) VALUES ('scenic');
INSERT INTO photo_tags (photo_idx, tag_id) VALUES ((SELECT photo_idx FROM photos WHERE photo_id = 1825), (SELECT tag_id FROM tags WHERE name = 'scenic'));
INSERT OR IGNORE INTO tags (name) VALUES ('landscape');
INSERT INTO photo_tags (photo_idx, tag_id) VALUES ((SELECT photo_idx FROM photos WHERE photo_id = 1825), (SELECT tag_id FROM tags WHERE name = 'landscape'));
INSERT OR IGNORE INTO tags (name) VALUES ('color');
INSERT INTO photo_tags (photo_idx, tag_id) VALUES ((SELECT photo_idx FROM photos WHERE photo_id = 1825), (SELECT tag_id FROM tags WHERE name = 'color'));
INSERT OR IGNORE INTO tags (name) VALUES ('outdoors');
INSERT INTO photo_tags (photo_idx, tag_id) VALUES ((SELECT photo_idx FROM photos WHERE photo_id = 1825), (SELECT tag_id FROM tags WHERE name = 'outdoors'));
INSERT OR IGNORE INTO tags (name) VALUES ('blue');
INSERT INTO photo_tags (photo_idx, tag_id) VALUES ((SELECT photo_idx FROM photos WHERE photo_id = 1825), (SELECT tag_id FROM tags WHERE name = 'blue'));
INSERT OR IGNORE INTO tags (name) VALUES ('white');
INSERT INTO photo_tags (photo_idx, tag_id) VALUES ((SELECT photo_idx FROM photos WHERE photo_id = 1825), (SELECT tag_id FROM tags WHERE name = 'white'));
INSERT OR IGNORE INTO tags (name) VALUES ('yellow');
INSERT INTO photo_tags (photo_idx, tag_id) VALUES ((SELECT photo_idx FROM photos WHERE photo_id = 1825), (SELECT tag_id FROM tags WHERE name = 'yellow'));
INSERT OR IGNORE INTO tags (name) VALUES ('sky');
INSERT INTO photo_tags (photo_idx, tag_id) VALUES ((SELECT photo_idx FROM photos WHERE photo_id = 1825), (SELECT tag_id FROM tags WHERE name = 'sky'));
INSERT OR IGNORE INTO tags (name) VALUES ('snow');
INSERT INTO photo_tags (photo_idx, tag_id) VALUES ((SELECT photo_idx FROM photos WHERE photo_id = 1825), (SELECT tag_id FROM tags WHERE name = 'snow'));
INSERT OR IGNORE INTO tags (name) VALUES ('trees');
INSERT INTO photo_tags (photo_idx, tag_id) VALUES ((SELECT photo_idx FROM photos WHERE photo_id = 1825), (SELECT tag_id FROM tags WHERE name = 'trees'));
INSERT OR IGNORE INTO tags (name) VALUES ('foliage');
INSERT INTO photo_tags (photo_idx, tag_id) VALUES ((SELECT photo_idx FROM photos WHERE photo_id = 1825), (SELECT tag_id FROM tags WHERE name = 'foliage'));
INSERT OR IGNORE INTO tags (name) VALUES ('clouds');
INSERT INTO photo_tags (photo_idx, tag_id) VALUES ((SELECT photo_idx FROM photos WHERE photo_id = 1825), (SELECT tag_id FROM tags WHERE name = 'clouds'));
INSERT OR IGNORE INTO tags (name) VALUES ('aspen');
INSERT INTO photo_tags (photo_idx, tag_id) VALUES ((SELECT photo_idx FROM photos WHERE photo_id = 1825), (SELECT tag_id FROM tags WHERE name = 'aspen'));

INSERT INTO photos (photo_id, photo_title, photo_collection, photo_location, photo_year, camera, film_stock, film_format) VALUES (1826, 'Aspen in the Forest', 'Colorado', 'San Juan Mountains, Colorado', 1998, 'Hasselblad', 'Fujichrome Velvia', '6 x 6 cm');
INSERT INTO photos_fts (photo_idx, photo_id, photo_title, photo_collection, photo_location, photo_year, camera, film_stock, film_format, tag_names) VALUES ((SELECT photo_idx FROM photos WHERE photo_id = 1826), 1826, 'Aspen in the Forest', 'Colorado', 'San Juan Mountains, Colorado', 1998, 'Hasselblad', 'Fujichrome Velvia', '6 x 6 cm', 'vertical,autumn,fall,scenic,landscape,color,outdoors,yellow,foliage,aspen');
INSERT OR IGNORE INTO tags (name) VALUES ('vertical');
INSERT INTO photo_tags (photo_idx, tag_id) VALUES ((SELECT photo_idx FROM photos WHERE photo_id = 1826), (SELECT tag_id FROM tags WHERE name = 'vertical'));
INSERT OR IGNORE INTO tags (name) VALUES ('autumn');
INSERT INTO photo_tags (photo_idx, tag_id) VALUES ((SELECT photo_idx FROM photos WHERE photo_id = 1826), (SELECT tag_id FROM tags WHERE name = 'autumn'));
INSERT OR IGNORE INTO tags (name) VALUES ('fall');
INSERT INTO photo_tags (photo_idx, tag_id) VALUES ((SELECT photo_idx FROM photos WHERE photo_id = 1826), (SELECT tag_id FROM tags WHERE name = 'fall'));
INSERT OR IGNORE INTO tags (name) VALUES ('scenic');
INSERT INTO photo_tags (photo_idx, tag_id) VALUES ((SELECT photo_idx FROM photos WHERE photo_id = 1826), (SELECT tag_id FROM tags WHERE name = 'scenic'));
INSERT OR IGNORE INTO tags (name) VALUES ('landscape');
INSERT INTO photo_tags (photo_idx, tag_id) VALUES ((SELECT photo_idx FROM photos WHERE photo_id = 1826), (SELECT tag_id FROM tags WHERE name = 'landscape'));
INSERT OR IGNORE INTO tags (name) VALUES ('color');
INSERT INTO photo_tags (photo_idx, tag_id) VALUES ((SELECT photo_idx FROM photos WHERE photo_id = 1826), (SELECT tag_id FROM tags WHERE name = 'color'));
INSERT OR IGNORE INTO tags (name) VALUES ('outdoors');
INSERT INTO photo_tags (photo_idx, tag_id) VALUES ((SELECT photo_idx FROM photos WHERE photo_id = 1826), (SELECT tag_id FROM tags WHERE name = 'outdoors'));
INSERT OR IGNORE INTO tags (name) VALUES ('yellow');
INSERT INTO photo_tags (photo_idx, tag_id) VALUES ((SELECT photo_idx FROM photos WHERE photo_id = 1826), (SELECT tag_id FROM tags WHERE name = 'yellow'));
INSERT OR IGNORE INTO tags (name) VALUES ('foliage');
INSERT INTO photo_tags (photo_idx, tag_id) VALUES ((SELECT photo_idx FROM photos WHERE photo_id = 1826), (SELECT tag_id FROM tags WHERE name = 'foliage'));
INSERT OR IGNORE INTO tags (name) VALUES ('aspen');
INSERT INTO photo_tags (photo_idx, tag_id) VALUES ((SELECT photo_idx FROM photos WHERE photo_id = 1826), (SELECT tag_id FROM tags WHERE name = 'aspen'));

INSERT INTO photos (photo_id, photo_title, photo_collection, photo_location, photo_year, camera, film_stock, film_format) VALUES (1827, 'Winter Aspens', 'Colorado', 'San Juan Mountains, Colorado', 1998, 'Hasselblad', 'Fujichrome Velvia', '6 x 6 cm');
INSERT INTO photos_fts (photo_idx, photo_id, photo_title, photo_collection, photo_location, photo_year, camera, film_stock, film_format, tag_names) VALUES ((SELECT photo_idx FROM photos WHERE photo_id = 1827), 1827, 'Winter Aspens', 'Colorado', 'San Juan Mountains, Colorado', 1998, 'Hasselblad', 'Fujichrome Velvia', '6 x 6 cm', 'vertical,winter,scenic,landscape,color,outdoors,white,snow,trees,aspen');
INSERT OR IGNORE INTO tags (name) VALUES ('vertical');
INSERT INTO photo_tags (photo_idx, tag_id) VALUES ((SELECT photo_idx FROM photos WHERE photo_id = 1827), (SELECT tag_id FROM tags WHERE name = 'vertical'));
INSERT OR IGNORE INTO tags (name) VALUES ('winter');
INSERT INTO photo_tags (photo_idx, tag_id) VALUES ((SELECT photo_idx FROM photos WHERE photo_id = 1827), (SELECT tag_id FROM tags WHERE name = 'winter'));
INSERT OR IGNORE INTO tags (name) VALUES ('scenic');
INSERT INTO photo_tags (photo_idx, tag_id) VALUES ((SELECT photo_idx FROM photos WHERE photo_id = 1827), (SELECT tag_id FROM tags WHERE name = 'scenic'));
INSERT OR IGNORE INTO tags (name) VALUES ('landscape');
INSERT INTO photo_tags (photo_idx, tag_id) VALUES ((SELECT photo_idx FROM photos WHERE photo_id = 1827), (SELECT tag_id FROM tags WHERE name = 'landscape'));
INSERT OR IGNORE INTO tags (name) VALUES ('color');
INSERT INTO photo_tags (photo_idx, tag_id) VALUES ((SELECT photo_idx FROM photos WHERE photo_id = 1827), (SELECT tag_id FROM tags WHERE name = 'color'));
INSERT OR IGNORE INTO tags (name) VALUES ('outdoors');
INSERT INTO photo_tags (photo_idx, tag_id) VALUES ((SELECT photo_idx FROM photos WHERE photo_id = 1827), (SELECT tag_id FROM tags WHERE name = 'outdoors'));
INSERT OR IGNORE INTO tags (name) VALUES ('white');
INSERT INTO photo_tags (photo_idx, tag_id) VALUES ((SELECT photo_idx FROM photos WHERE photo_id = 1827), (SELECT tag_id FROM tags WHERE name = 'white'));
INSERT OR IGNORE INTO tags (name) VALUES ('snow');
INSERT INTO photo_tags (photo_idx, tag_id) VALUES ((SELECT photo_idx FROM photos WHERE photo_id = 1827), (SELECT tag_id FROM tags WHERE name = 'snow'));
INSERT OR IGNORE INTO tags (name) VALUES ('trees');
INSERT INTO photo_tags (photo_idx, tag_id) VALUES ((SELECT photo_idx FROM photos WHERE photo_id = 1827), (SELECT tag_id FROM tags WHERE name = 'trees'));
INSERT OR IGNORE INTO tags (name) VALUES ('aspen');
INSERT INTO photo_tags (photo_idx, tag_id) VALUES ((SELECT photo_idx FROM photos WHERE photo_id = 1827), (SELECT tag_id FROM tags WHERE name = 'aspen'));

INSERT INTO photos (photo_id, photo_title, photo_collection, photo_location, photo_year, camera, film_stock, film_format) VALUES (1828, 'Winter Aspens', 'Colorado', 'San Juan Mountains, Colorado', 1998, 'Hasselblad', 'Fujichrome Velvia', '6 x 6 cm');
INSERT INTO photos_fts (photo_idx, photo_id, photo_title, photo_collection, photo_location, photo_year, camera, film_stock, film_format, tag_names) VALUES ((SELECT photo_idx FROM photos WHERE photo_id = 1828), 1828, 'Winter Aspens', 'Colorado', 'San Juan Mountains, Colorado', 1998, 'Hasselblad', 'Fujichrome Velvia', '6 x 6 cm', 'vertical,winter,scenic,landscape,color,outdoors,white,snow');
INSERT OR IGNORE INTO tags (name) VALUES ('vertical');
INSERT INTO photo_tags (photo_idx, tag_id) VALUES ((SELECT photo_idx FROM photos WHERE photo_id = 1828), (SELECT tag_id FROM tags WHERE name = 'vertical'));
INSERT OR IGNORE INTO tags (name) VALUES ('winter');
INSERT INTO photo_tags (photo_idx, tag_id) VALUES ((SELECT photo_idx FROM photos WHERE photo_id = 1828), (SELECT tag_id FROM tags WHERE name = 'winter'));
INSERT OR IGNORE INTO tags (name) VALUES ('scenic');
INSERT INTO photo_tags (photo_idx, tag_id) VALUES ((SELECT photo_idx FROM photos WHERE photo_id = 1828), (SELECT tag_id FROM tags WHERE name = 'scenic'));
INSERT OR IGNORE INTO tags (name) VALUES ('landscape');
INSERT INTO photo_tags (photo_idx, tag_id) VALUES ((SELECT photo_idx FROM photos WHERE photo_id = 1828), (SELECT tag_id FROM tags WHERE name = 'landscape'));
INSERT OR IGNORE INTO tags (name) VALUES ('color');
INSERT INTO photo_tags (photo_idx, tag_id) VALUES ((SELECT photo_idx FROM photos WHERE photo_id = 1828), (SELECT tag_id FROM tags WHERE name = 'color'));
INSERT OR IGNORE INTO tags (name) VALUES ('outdoors');
INSERT INTO photo_tags (photo_idx, tag_id) VALUES ((SELECT photo_idx FROM photos WHERE photo_id = 1828), (SELECT tag_id FROM tags WHERE name = 'outdoors'));
INSERT OR IGNORE INTO tags (name) VALUES ('white');
INSERT INTO photo_tags (photo_idx, tag_id) VALUES ((SELECT photo_idx FROM photos WHERE photo_id = 1828), (SELECT tag_id FROM tags WHERE name = 'white'));
INSERT OR IGNORE INTO tags (name) VALUES ('snow');
INSERT INTO photo_tags (photo_idx, tag_id) VALUES ((SELECT photo_idx FROM photos WHERE photo_id = 1828), (SELECT tag_id FROM tags WHERE name = 'snow'));

INSERT INTO photos (photo_id, photo_title, photo_collection, photo_location, photo_year, camera, film_stock, film_format) VALUES (1829, 'Morning Dune Shadows', 'Colorado', 'Great Sand Dunes, Colorado', 1998, 'Hasselblad', 'Fujichrome Velvia', '6 x 6 cm');
INSERT INTO photos_fts (photo_idx, photo_id, photo_title, photo_collection, photo_location, photo_year, camera, film_stock, film_format, tag_names) VALUES ((SELECT photo_idx FROM photos WHERE photo_id = 1829), 1829, 'Morning Dune Shadows', 'Colorado', 'Great Sand Dunes, Colorado', 1998, 'Hasselblad', 'Fujichrome Velvia', '6 x 6 cm', 'vertical,scenic,landscape,color,outdoors,brown,sand,dunes');
INSERT OR IGNORE INTO tags (name) VALUES ('vertical');
INSERT INTO photo_tags (photo_idx, tag_id) VALUES ((SELECT photo_idx FROM photos WHERE photo_id = 1829), (SELECT tag_id FROM tags WHERE name = 'vertical'));
INSERT OR IGNORE INTO tags (name) VALUES ('scenic');
INSERT INTO photo_tags (photo_idx, tag_id) VALUES ((SELECT photo_idx FROM photos WHERE photo_id = 1829), (SELECT tag_id FROM tags WHERE name = 'scenic'));
INSERT OR IGNORE INTO tags (name) VALUES ('landscape');
INSERT INTO photo_tags (photo_idx, tag_id) VALUES ((SELECT photo_idx FROM photos WHERE photo_id = 1829), (SELECT tag_id FROM tags WHERE name = 'landscape'));
INSERT OR IGNORE INTO tags (name) VALUES ('color');
INSERT INTO photo_tags (photo_idx, tag_id) VALUES ((SELECT photo_idx FROM photos WHERE photo_id = 1829), (SELECT tag_id FROM tags WHERE name = 'color'));
INSERT OR IGNORE INTO tags (name) VALUES ('outdoors');
INSERT INTO photo_tags (photo_idx, tag_id) VALUES ((SELECT photo_idx FROM photos WHERE photo_id = 1829), (SELECT tag_id FROM tags WHERE name = 'outdoors'));
INSERT OR IGNORE INTO tags (name) VALUES ('brown');
INSERT INTO photo_tags (photo_idx, tag_id) VALUES ((SELECT photo_idx FROM photos WHERE photo_id = 1829), (SELECT tag_id FROM tags WHERE name = 'brown'));
INSERT OR IGNORE INTO tags (name) VALUES ('sand');
INSERT INTO photo_tags (photo_idx, tag_id) VALUES ((SELECT photo_idx FROM photos WHERE photo_id = 1829), (SELECT tag_id FROM tags WHERE name = 'sand'));
INSERT OR IGNORE INTO tags (name) VALUES ('dunes');
INSERT INTO photo_tags (photo_idx, tag_id) VALUES ((SELECT photo_idx FROM photos WHERE photo_id = 1829), (SELECT tag_id FROM tags WHERE name = 'dunes'));

INSERT INTO photos (photo_id, photo_title, photo_collection, photo_location, photo_year, camera, film_stock, film_format) VALUES (1831, 'Frosted Evergreen Branches', 'New England', 'New England', 1998, 'Hasselblad', 'Fujichrome Velvia', '6 x 6 cm');
INSERT INTO photos_fts (photo_idx, photo_id, photo_title, photo_collection, photo_location, photo_year, camera, film_stock, film_format, tag_names) VALUES ((SELECT photo_idx FROM photos WHERE photo_id = 1831), 1831, 'Frosted Evergreen Branches', 'New England', 'New England', 1998, 'Hasselblad', 'Fujichrome Velvia', '6 x 6 cm', 'vertical,winter,popular,scenic,landscape,color,outdoors,white,snow');
INSERT OR IGNORE INTO tags (name) VALUES ('vertical');
INSERT INTO photo_tags (photo_idx, tag_id) VALUES ((SELECT photo_idx FROM photos WHERE photo_id = 1831), (SELECT tag_id FROM tags WHERE name = 'vertical'));
INSERT OR IGNORE INTO tags (name) VALUES ('winter');
INSERT INTO photo_tags (photo_idx, tag_id) VALUES ((SELECT photo_idx FROM photos WHERE photo_id = 1831), (SELECT tag_id FROM tags WHERE name = 'winter'));
INSERT OR IGNORE INTO tags (name) VALUES ('popular');
INSERT INTO photo_tags (photo_idx, tag_id) VALUES ((SELECT photo_idx FROM photos WHERE photo_id = 1831), (SELECT tag_id FROM tags WHERE name = 'popular'));
INSERT OR IGNORE INTO tags (name) VALUES ('scenic');
INSERT INTO photo_tags (photo_idx, tag_id) VALUES ((SELECT photo_idx FROM photos WHERE photo_id = 1831), (SELECT tag_id FROM tags WHERE name = 'scenic'));
INSERT OR IGNORE INTO tags (name) VALUES ('landscape');
INSERT INTO photo_tags (photo_idx, tag_id) VALUES ((SELECT photo_idx FROM photos WHERE photo_id = 1831), (SELECT tag_id FROM tags WHERE name = 'landscape'));
INSERT OR IGNORE INTO tags (name) VALUES ('color');
INSERT INTO photo_tags (photo_idx, tag_id) VALUES ((SELECT photo_idx FROM photos WHERE photo_id = 1831), (SELECT tag_id FROM tags WHERE name = 'color'));
INSERT OR IGNORE INTO tags (name) VALUES ('outdoors');
INSERT INTO photo_tags (photo_idx, tag_id) VALUES ((SELECT photo_idx FROM photos WHERE photo_id = 1831), (SELECT tag_id FROM tags WHERE name = 'outdoors'));
INSERT OR IGNORE INTO tags (name) VALUES ('white');
INSERT INTO photo_tags (photo_idx, tag_id) VALUES ((SELECT photo_idx FROM photos WHERE photo_id = 1831), (SELECT tag_id FROM tags WHERE name = 'white'));
INSERT OR IGNORE INTO tags (name) VALUES ('snow');
INSERT INTO photo_tags (photo_idx, tag_id) VALUES ((SELECT photo_idx FROM photos WHERE photo_id = 1831), (SELECT tag_id FROM tags WHERE name = 'snow'));

INSERT INTO photos (photo_id, photo_title, photo_collection, photo_location, photo_year, camera, film_stock, film_format) VALUES (1832, 'Delicate Miltonopsis', 'Flower Portraits', 'Half Moon Bay, California', 1999, 'Hasselblad', 'Fujichrome Velvia', '6 x 6 cm');
INSERT INTO photos_fts (photo_idx, photo_id, photo_title, photo_collection, photo_location, photo_year, camera, film_stock, film_format, tag_names) VALUES ((SELECT photo_idx FROM photos WHERE photo_id = 1832), 1832, 'Delicate Miltonopsis', 'Flower Portraits', 'Half Moon Bay, California', 1999, 'Hasselblad', 'Fujichrome Velvia', '6 x 6 cm', 'horizontal,closeup,color,studio,pink,white,flowers,orchid');
INSERT OR IGNORE INTO tags (name) VALUES ('horizontal');
INSERT INTO photo_tags (photo_idx, tag_id) VALUES ((SELECT photo_idx FROM photos WHERE photo_id = 1832), (SELECT tag_id FROM tags WHERE name = 'horizontal'));
INSERT OR IGNORE INTO tags (name) VALUES ('closeup');
INSERT INTO photo_tags (photo_idx, tag_id) VALUES ((SELECT photo_idx FROM photos WHERE photo_id = 1832), (SELECT tag_id FROM tags WHERE name = 'closeup'));
INSERT OR IGNORE INTO tags (name) VALUES ('color');
INSERT INTO photo_tags (photo_idx, tag_id) VALUES ((SELECT photo_idx FROM photos WHERE photo_id = 1832), (SELECT tag_id FROM tags WHERE name = 'color'));
INSERT OR IGNORE INTO tags (name) VALUES ('studio');
INSERT INTO photo_tags (photo_idx, tag_id) VALUES ((SELECT photo_idx FROM photos WHERE photo_id = 1832), (SELECT tag_id FROM tags WHERE name = 'studio'));
INSERT OR IGNORE INTO tags (name) VALUES ('pink');
INSERT INTO photo_tags (photo_idx, tag_id) VALUES ((SELECT photo_idx FROM photos WHERE photo_id = 1832), (SELECT tag_id FROM tags WHERE name = 'pink'));
INSERT OR IGNORE INTO tags (name) VALUES ('white');
INSERT INTO photo_tags (photo_idx, tag_id) VALUES ((SELECT photo_idx FROM photos WHERE photo_id = 1832), (SELECT tag_id FROM tags WHERE name = 'white'));
INSERT OR IGNORE INTO tags (name) VALUES ('flowers');
INSERT INTO photo_tags (photo_idx, tag_id) VALUES ((SELECT photo_idx FROM photos WHERE photo_id = 1832), (SELECT tag_id FROM tags WHERE name = 'flowers'));
INSERT OR IGNORE INTO tags (name) VALUES ('orchid');
INSERT INTO photo_tags (photo_idx, tag_id) VALUES ((SELECT photo_idx FROM photos WHERE photo_id = 1832), (SELECT tag_id FROM tags WHERE name = 'orchid'));

INSERT INTO photos (photo_id, photo_title, photo_collection, photo_location, photo_year, camera, film_stock, film_format) VALUES (1833, 'Pale Yellow Miltonopsis', 'Flower Portraits', 'Half Moon Bay, California', 1999, 'Hasselblad', 'Fujichrome Velvia', '6 x 6 cm');
INSERT INTO photos_fts (photo_idx, photo_id, photo_title, photo_collection, photo_location, photo_year, camera, film_stock, film_format, tag_names) VALUES ((SELECT photo_idx FROM photos WHERE photo_id = 1833), 1833, 'Pale Yellow Miltonopsis', 'Flower Portraits', 'Half Moon Bay, California', 1999, 'Hasselblad', 'Fujichrome Velvia', '6 x 6 cm', 'vertical,closeup,color,studio,yellow,flowers,orchid');
INSERT OR IGNORE INTO tags (name) VALUES ('vertical');
INSERT INTO photo_tags (photo_idx, tag_id) VALUES ((SELECT photo_idx FROM photos WHERE photo_id = 1833), (SELECT tag_id FROM tags WHERE name = 'vertical'));
INSERT OR IGNORE INTO tags (name) VALUES ('closeup');
INSERT INTO photo_tags (photo_idx, tag_id) VALUES ((SELECT photo_idx FROM photos WHERE photo_id = 1833), (SELECT tag_id FROM tags WHERE name = 'closeup'));
INSERT OR IGNORE INTO tags (name) VALUES ('color');
INSERT INTO photo_tags (photo_idx, tag_id) VALUES ((SELECT photo_idx FROM photos WHERE photo_id = 1833), (SELECT tag_id FROM tags WHERE name = 'color'));
INSERT OR IGNORE INTO tags (name) VALUES ('studio');
INSERT INTO photo_tags (photo_idx, tag_id) VALUES ((SELECT photo_idx FROM photos WHERE photo_id = 1833), (SELECT tag_id FROM tags WHERE name = 'studio'));
INSERT OR IGNORE INTO tags (name) VALUES ('yellow');
INSERT INTO photo_tags (photo_idx, tag_id) VALUES ((SELECT photo_idx FROM photos WHERE photo_id = 1833), (SELECT tag_id FROM tags WHERE name = 'yellow'));
INSERT OR IGNORE INTO tags (name) VALUES ('flowers');
INSERT INTO photo_tags (photo_idx, tag_id) VALUES ((SELECT photo_idx FROM photos WHERE photo_id = 1833), (SELECT tag_id FROM tags WHERE name = 'flowers'));
INSERT OR IGNORE INTO tags (name) VALUES ('orchid');
INSERT INTO photo_tags (photo_idx, tag_id) VALUES ((SELECT photo_idx FROM photos WHERE photo_id = 1833), (SELECT tag_id FROM tags WHERE name = 'orchid'));

INSERT INTO photos (photo_id, photo_title, photo_collection, photo_location, photo_year, camera, film_stock, film_format) VALUES (1834, 'Golden Spiral Rose', 'Flower Portraits', 'Pescadero, California', 1999, 'Hasselblad', 'Fujichrome Velvia', '6 x 6 cm');
INSERT INTO photos_fts (photo_idx, photo_id, photo_title, photo_collection, photo_location, photo_year, camera, film_stock, film_format, tag_names) VALUES ((SELECT photo_idx FROM photos WHERE photo_id = 1834), 1834, 'Golden Spiral Rose', 'Flower Portraits', 'Pescadero, California', 1999, 'Hasselblad', 'Fujichrome Velvia', '6 x 6 cm', 'vertical,closeup,color,studio,yellow,flowers,rose');
INSERT OR IGNORE INTO tags (name) VALUES ('vertical');
INSERT INTO photo_tags (photo_idx, tag_id) VALUES ((SELECT photo_idx FROM photos WHERE photo_id = 1834), (SELECT tag_id FROM tags WHERE name = 'vertical'));
INSERT OR IGNORE INTO tags (name) VALUES ('closeup');
INSERT INTO photo_tags (photo_idx, tag_id) VALUES ((SELECT photo_idx FROM photos WHERE photo_id = 1834), (SELECT tag_id FROM tags WHERE name = 'closeup'));
INSERT OR IGNORE INTO tags (name) VALUES ('color');
INSERT INTO photo_tags (photo_idx, tag_id) VALUES ((SELECT photo_idx FROM photos WHERE photo_id = 1834), (SELECT tag_id FROM tags WHERE name = 'color'));
INSERT OR IGNORE INTO tags (name) VALUES ('studio');
INSERT INTO photo_tags (photo_idx, tag_id) VALUES ((SELECT photo_idx FROM photos WHERE photo_id = 1834), (SELECT tag_id FROM tags WHERE name = 'studio'));
INSERT OR IGNORE INTO tags (name) VALUES ('yellow');
INSERT INTO photo_tags (photo_idx, tag_id) VALUES ((SELECT photo_idx FROM photos WHERE photo_id = 1834), (SELECT tag_id FROM tags WHERE name = 'yellow'));
INSERT OR IGNORE INTO tags (name) VALUES ('flowers');
INSERT INTO photo_tags (photo_idx, tag_id) VALUES ((SELECT photo_idx FROM photos WHERE photo_id = 1834), (SELECT tag_id FROM tags WHERE name = 'flowers'));
INSERT OR IGNORE INTO tags (name) VALUES ('rose');
INSERT INTO photo_tags (photo_idx, tag_id) VALUES ((SELECT photo_idx FROM photos WHERE photo_id = 1834), (SELECT tag_id FROM tags WHERE name = 'rose'));

INSERT INTO photos (photo_id, photo_title, photo_collection, photo_location, photo_year, camera, film_stock, film_format) VALUES (1835, 'Red and Yellow Orchid', 'Flower Portraits', 'Half Moon Bay, California', 1999, 'Hasselblad', 'Fujichrome Velvia', '6 x 6 cm');
INSERT INTO photos_fts (photo_idx, photo_id, photo_title, photo_collection, photo_location, photo_year, camera, film_stock, film_format, tag_names) VALUES ((SELECT photo_idx FROM photos WHERE photo_id = 1835), 1835, 'Red and Yellow Orchid', 'Flower Portraits', 'Half Moon Bay, California', 1999, 'Hasselblad', 'Fujichrome Velvia', '6 x 6 cm', 'horizontal,closeup,color,studio,red,yellow,flowers,orchid');
INSERT OR IGNORE INTO tags (name) VALUES ('horizontal');
INSERT INTO photo_tags (photo_idx, tag_id) VALUES ((SELECT photo_idx FROM photos WHERE photo_id = 1835), (SELECT tag_id FROM tags WHERE name = 'horizontal'));
INSERT OR IGNORE INTO tags (name) VALUES ('closeup');
INSERT INTO photo_tags (photo_idx, tag_id) VALUES ((SELECT photo_idx FROM photos WHERE photo_id = 1835), (SELECT tag_id FROM tags WHERE name = 'closeup'));
INSERT OR IGNORE INTO tags (name) VALUES ('color');
INSERT INTO photo_tags (photo_idx, tag_id) VALUES ((SELECT photo_idx FROM photos WHERE photo_id = 1835), (SELECT tag_id FROM tags WHERE name = 'color'));
INSERT OR IGNORE INTO tags (name) VALUES ('studio');
INSERT INTO photo_tags (photo_idx, tag_id) VALUES ((SELECT photo_idx FROM photos WHERE photo_id = 1835), (SELECT tag_id FROM tags WHERE name = 'studio'));
INSERT OR IGNORE INTO tags (name) VALUES ('red');
INSERT INTO photo_tags (photo_idx, tag_id) VALUES ((SELECT photo_idx FROM photos WHERE photo_id = 1835), (SELECT tag_id FROM tags WHERE name = 'red'));
INSERT OR IGNORE INTO tags (name) VALUES ('yellow');
INSERT INTO photo_tags (photo_idx, tag_id) VALUES ((SELECT photo_idx FROM photos WHERE photo_id = 1835), (SELECT tag_id FROM tags WHERE name = 'yellow'));
INSERT OR IGNORE INTO tags (name) VALUES ('flowers');
INSERT INTO photo_tags (photo_idx, tag_id) VALUES ((SELECT photo_idx FROM photos WHERE photo_id = 1835), (SELECT tag_id FROM tags WHERE name = 'flowers'));
INSERT OR IGNORE INTO tags (name) VALUES ('orchid');
INSERT INTO photo_tags (photo_idx, tag_id) VALUES ((SELECT photo_idx FROM photos WHERE photo_id = 1835), (SELECT tag_id FROM tags WHERE name = 'orchid'));

INSERT INTO photos (photo_id, photo_title, photo_collection, photo_location, photo_year, camera, film_stock, film_format) VALUES (1836, 'Red and Yellow Ruffles', 'Flower Portraits', 'Half Moon Bay, California', 1999, 'Hasselblad', 'Fujichrome Velvia', '6 x 6 cm');
INSERT INTO photos_fts (photo_idx, photo_id, photo_title, photo_collection, photo_location, photo_year, camera, film_stock, film_format, tag_names) VALUES ((SELECT photo_idx FROM photos WHERE photo_id = 1836), 1836, 'Red and Yellow Ruffles', 'Flower Portraits', 'Half Moon Bay, California', 1999, 'Hasselblad', 'Fujichrome Velvia', '6 x 6 cm', 'horizontal,closeup,color,studio,red,yellow,flowers,orchid');
INSERT OR IGNORE INTO tags (name) VALUES ('horizontal');
INSERT INTO photo_tags (photo_idx, tag_id) VALUES ((SELECT photo_idx FROM photos WHERE photo_id = 1836), (SELECT tag_id FROM tags WHERE name = 'horizontal'));
INSERT OR IGNORE INTO tags (name) VALUES ('closeup');
INSERT INTO photo_tags (photo_idx, tag_id) VALUES ((SELECT photo_idx FROM photos WHERE photo_id = 1836), (SELECT tag_id FROM tags WHERE name = 'closeup'));
INSERT OR IGNORE INTO tags (name) VALUES ('color');
INSERT INTO photo_tags (photo_idx, tag_id) VALUES ((SELECT photo_idx FROM photos WHERE photo_id = 1836), (SELECT tag_id FROM tags WHERE name = 'color'));
INSERT OR IGNORE INTO tags (name) VALUES ('studio');
INSERT INTO photo_tags (photo_idx, tag_id) VALUES ((SELECT photo_idx FROM photos WHERE photo_id = 1836), (SELECT tag_id FROM tags WHERE name = 'studio'));
INSERT OR IGNORE INTO tags (name) VALUES ('red');
INSERT INTO photo_tags (photo_idx, tag_id) VALUES ((SELECT photo_idx FROM photos WHERE photo_id = 1836), (SELECT tag_id FROM tags WHERE name = 'red'));
INSERT OR IGNORE INTO tags (name) VALUES ('yellow');
INSERT INTO photo_tags (photo_idx, tag_id) VALUES ((SELECT photo_idx FROM photos WHERE photo_id = 1836), (SELECT tag_id FROM tags WHERE name = 'yellow'));
INSERT OR IGNORE INTO tags (name) VALUES ('flowers');
INSERT INTO photo_tags (photo_idx, tag_id) VALUES ((SELECT photo_idx FROM photos WHERE photo_id = 1836), (SELECT tag_id FROM tags WHERE name = 'flowers'));
INSERT OR IGNORE INTO tags (name) VALUES ('orchid');
INSERT INTO photo_tags (photo_idx, tag_id) VALUES ((SELECT photo_idx FROM photos WHERE photo_id = 1836), (SELECT tag_id FROM tags WHERE name = 'orchid'));

INSERT INTO photos (photo_id, photo_title, photo_collection, photo_location, photo_year, camera, film_stock, film_format) VALUES (1837, 'White and Red Cymbidium', 'Flower Portraits', 'Half Moon Bay, California', 1999, 'Hasselblad', 'Fujichrome Velvia', '6 x 6 cm');
INSERT INTO photos_fts (photo_idx, photo_id, photo_title, photo_collection, photo_location, photo_year, camera, film_stock, film_format, tag_names) VALUES ((SELECT photo_idx FROM photos WHERE photo_id = 1837), 1837, 'White and Red Cymbidium', 'Flower Portraits', 'Half Moon Bay, California', 1999, 'Hasselblad', 'Fujichrome Velvia', '6 x 6 cm', 'vertical,popular,closeup,color,studio,pink,white,yellow,flowers,orchid');
INSERT OR IGNORE INTO tags (name) VALUES ('vertical');
INSERT INTO photo_tags (photo_idx, tag_id) VALUES ((SELECT photo_idx FROM photos WHERE photo_id = 1837), (SELECT tag_id FROM tags WHERE name = 'vertical'));
INSERT OR IGNORE INTO tags (name) VALUES ('popular');
INSERT INTO photo_tags (photo_idx, tag_id) VALUES ((SELECT photo_idx FROM photos WHERE photo_id = 1837), (SELECT tag_id FROM tags WHERE name = 'popular'));
INSERT OR IGNORE INTO tags (name) VALUES ('closeup');
INSERT INTO photo_tags (photo_idx, tag_id) VALUES ((SELECT photo_idx FROM photos WHERE photo_id = 1837), (SELECT tag_id FROM tags WHERE name = 'closeup'));
INSERT OR IGNORE INTO tags (name) VALUES ('color');
INSERT INTO photo_tags (photo_idx, tag_id) VALUES ((SELECT photo_idx FROM photos WHERE photo_id = 1837), (SELECT tag_id FROM tags WHERE name = 'color'));
INSERT OR IGNORE INTO tags (name) VALUES ('studio');
INSERT INTO photo_tags (photo_idx, tag_id) VALUES ((SELECT photo_idx FROM photos WHERE photo_id = 1837), (SELECT tag_id FROM tags WHERE name = 'studio'));
INSERT OR IGNORE INTO tags (name) VALUES ('pink');
INSERT INTO photo_tags (photo_idx, tag_id) VALUES ((SELECT photo_idx FROM photos WHERE photo_id = 1837), (SELECT tag_id FROM tags WHERE name = 'pink'));
INSERT OR IGNORE INTO tags (name) VALUES ('white');
INSERT INTO photo_tags (photo_idx, tag_id) VALUES ((SELECT photo_idx FROM photos WHERE photo_id = 1837), (SELECT tag_id FROM tags WHERE name = 'white'));
INSERT OR IGNORE INTO tags (name) VALUES ('yellow');
INSERT INTO photo_tags (photo_idx, tag_id) VALUES ((SELECT photo_idx FROM photos WHERE photo_id = 1837), (SELECT tag_id FROM tags WHERE name = 'yellow'));
INSERT OR IGNORE INTO tags (name) VALUES ('flowers');
INSERT INTO photo_tags (photo_idx, tag_id) VALUES ((SELECT photo_idx FROM photos WHERE photo_id = 1837), (SELECT tag_id FROM tags WHERE name = 'flowers'));
INSERT OR IGNORE INTO tags (name) VALUES ('orchid');
INSERT INTO photo_tags (photo_idx, tag_id) VALUES ((SELECT photo_idx FROM photos WHERE photo_id = 1837), (SELECT tag_id FROM tags WHERE name = 'orchid'));

INSERT INTO photos (photo_id, photo_title, photo_collection, photo_location, photo_year, camera, film_stock, film_format) VALUES (1838, 'Red Gloxinia Fan', 'Flower Portraits', 'Half Moon Bay, California', 1999, 'Hasselblad', 'Fujichrome Velvia', '6 x 6 cm');
INSERT INTO photos_fts (photo_idx, photo_id, photo_title, photo_collection, photo_location, photo_year, camera, film_stock, film_format, tag_names) VALUES ((SELECT photo_idx FROM photos WHERE photo_id = 1838), 1838, 'Red Gloxinia Fan', 'Flower Portraits', 'Half Moon Bay, California', 1999, 'Hasselblad', 'Fujichrome Velvia', '6 x 6 cm', 'vertical,closeup,color,studio,pink,red,flowers');
INSERT OR IGNORE INTO tags (name) VALUES ('vertical');
INSERT INTO photo_tags (photo_idx, tag_id) VALUES ((SELECT photo_idx FROM photos WHERE photo_id = 1838), (SELECT tag_id FROM tags WHERE name = 'vertical'));
INSERT OR IGNORE INTO tags (name) VALUES ('closeup');
INSERT INTO photo_tags (photo_idx, tag_id) VALUES ((SELECT photo_idx FROM photos WHERE photo_id = 1838), (SELECT tag_id FROM tags WHERE name = 'closeup'));
INSERT OR IGNORE INTO tags (name) VALUES ('color');
INSERT INTO photo_tags (photo_idx, tag_id) VALUES ((SELECT photo_idx FROM photos WHERE photo_id = 1838), (SELECT tag_id FROM tags WHERE name = 'color'));
INSERT OR IGNORE INTO tags (name) VALUES ('studio');
INSERT INTO photo_tags (photo_idx, tag_id) VALUES ((SELECT photo_idx FROM photos WHERE photo_id = 1838), (SELECT tag_id FROM tags WHERE name = 'studio'));
INSERT OR IGNORE INTO tags (name) VALUES ('pink');
INSERT INTO photo_tags (photo_idx, tag_id) VALUES ((SELECT photo_idx FROM photos WHERE photo_id = 1838), (SELECT tag_id FROM tags WHERE name = 'pink'));
INSERT OR IGNORE INTO tags (name) VALUES ('red');
INSERT INTO photo_tags (photo_idx, tag_id) VALUES ((SELECT photo_idx FROM photos WHERE photo_id = 1838), (SELECT tag_id FROM tags WHERE name = 'red'));
INSERT OR IGNORE INTO tags (name) VALUES ('flowers');
INSERT INTO photo_tags (photo_idx, tag_id) VALUES ((SELECT photo_idx FROM photos WHERE photo_id = 1838), (SELECT tag_id FROM tags WHERE name = 'flowers'));

INSERT INTO photos (photo_id, photo_title, photo_collection, photo_location, photo_year, camera, film_stock, film_format) VALUES (1839, 'White Gloxinia Detail', 'Flower Portraits', 'Half Moon Bay, California', 1999, 'Hasselblad', 'Fujichrome Velvia', '6 x 6 cm');
INSERT INTO photos_fts (photo_idx, photo_id, photo_title, photo_collection, photo_location, photo_year, camera, film_stock, film_format, tag_names) VALUES ((SELECT photo_idx FROM photos WHERE photo_id = 1839), 1839, 'White Gloxinia Detail', 'Flower Portraits', 'Half Moon Bay, California', 1999, 'Hasselblad', 'Fujichrome Velvia', '6 x 6 cm', 'horizontal,closeup,color,studio,black,pink,white,flowers');
INSERT OR IGNORE INTO tags (name) VALUES ('horizontal');
INSERT INTO photo_tags (photo_idx, tag_id) VALUES ((SELECT photo_idx FROM photos WHERE photo_id = 1839), (SELECT tag_id FROM tags WHERE name = 'horizontal'));
INSERT OR IGNORE INTO tags (name) VALUES ('closeup');
INSERT INTO photo_tags (photo_idx, tag_id) VALUES ((SELECT photo_idx FROM photos WHERE photo_id = 1839), (SELECT tag_id FROM tags WHERE name = 'closeup'));
INSERT OR IGNORE INTO tags (name) VALUES ('color');
INSERT INTO photo_tags (photo_idx, tag_id) VALUES ((SELECT photo_idx FROM photos WHERE photo_id = 1839), (SELECT tag_id FROM tags WHERE name = 'color'));
INSERT OR IGNORE INTO tags (name) VALUES ('studio');
INSERT INTO photo_tags (photo_idx, tag_id) VALUES ((SELECT photo_idx FROM photos WHERE photo_id = 1839), (SELECT tag_id FROM tags WHERE name = 'studio'));
INSERT OR IGNORE INTO tags (name) VALUES ('black');
INSERT INTO photo_tags (photo_idx, tag_id) VALUES ((SELECT photo_idx FROM photos WHERE photo_id = 1839), (SELECT tag_id FROM tags WHERE name = 'black'));
INSERT OR IGNORE INTO tags (name) VALUES ('pink');
INSERT INTO photo_tags (photo_idx, tag_id) VALUES ((SELECT photo_idx FROM photos WHERE photo_id = 1839), (SELECT tag_id FROM tags WHERE name = 'pink'));
INSERT OR IGNORE INTO tags (name) VALUES ('white');
INSERT INTO photo_tags (photo_idx, tag_id) VALUES ((SELECT photo_idx FROM photos WHERE photo_id = 1839), (SELECT tag_id FROM tags WHERE name = 'white'));
INSERT OR IGNORE INTO tags (name) VALUES ('flowers');
INSERT INTO photo_tags (photo_idx, tag_id) VALUES ((SELECT photo_idx FROM photos WHERE photo_id = 1839), (SELECT tag_id FROM tags WHERE name = 'flowers'));

INSERT INTO photos (photo_id, photo_title, photo_collection, photo_location, photo_year, camera, film_stock, film_format) VALUES (1840, 'Purple Gloxinia', 'Flower Portraits', 'Half Moon Bay, California', 1999, 'Hasselblad', 'Fujichrome Velvia', '6 x 6 cm');
INSERT INTO photos_fts (photo_idx, photo_id, photo_title, photo_collection, photo_location, photo_year, camera, film_stock, film_format, tag_names) VALUES ((SELECT photo_idx FROM photos WHERE photo_id = 1840), 1840, 'Purple Gloxinia', 'Flower Portraits', 'Half Moon Bay, California', 1999, 'Hasselblad', 'Fujichrome Velvia', '6 x 6 cm', 'horizontal,closeup,color,studio,pink,purple,flowers');
INSERT OR IGNORE INTO tags (name) VALUES ('horizontal');
INSERT INTO photo_tags (photo_idx, tag_id) VALUES ((SELECT photo_idx FROM photos WHERE photo_id = 1840), (SELECT tag_id FROM tags WHERE name = 'horizontal'));
INSERT OR IGNORE INTO tags (name) VALUES ('closeup');
INSERT INTO photo_tags (photo_idx, tag_id) VALUES ((SELECT photo_idx FROM photos WHERE photo_id = 1840), (SELECT tag_id FROM tags WHERE name = 'closeup'));
INSERT OR IGNORE INTO tags (name) VALUES ('color');
INSERT INTO photo_tags (photo_idx, tag_id) VALUES ((SELECT photo_idx FROM photos WHERE photo_id = 1840), (SELECT tag_id FROM tags WHERE name = 'color'));
INSERT OR IGNORE INTO tags (name) VALUES ('studio');
INSERT INTO photo_tags (photo_idx, tag_id) VALUES ((SELECT photo_idx FROM photos WHERE photo_id = 1840), (SELECT tag_id FROM tags WHERE name = 'studio'));
INSERT OR IGNORE INTO tags (name) VALUES ('pink');
INSERT INTO photo_tags (photo_idx, tag_id) VALUES ((SELECT photo_idx FROM photos WHERE photo_id = 1840), (SELECT tag_id FROM tags WHERE name = 'pink'));
INSERT OR IGNORE INTO tags (name) VALUES ('purple');
INSERT INTO photo_tags (photo_idx, tag_id) VALUES ((SELECT photo_idx FROM photos WHERE photo_id = 1840), (SELECT tag_id FROM tags WHERE name = 'purple'));
INSERT OR IGNORE INTO tags (name) VALUES ('flowers');
INSERT INTO photo_tags (photo_idx, tag_id) VALUES ((SELECT photo_idx FROM photos WHERE photo_id = 1840), (SELECT tag_id FROM tags WHERE name = 'flowers'));

INSERT INTO photos (photo_id, photo_title, photo_collection, photo_location, photo_year, camera, film_stock, film_format) VALUES (1841, 'Autumn Blaze', 'New England', 'New England', 1997, 'Hasselblad', 'Fujichrome Velvia', '6 x 6 cm');
INSERT INTO photos_fts (photo_idx, photo_id, photo_title, photo_collection, photo_location, photo_year, camera, film_stock, film_format, tag_names) VALUES ((SELECT photo_idx FROM photos WHERE photo_id = 1841), 1841, 'Autumn Blaze', 'New England', 'New England', 1997, 'Hasselblad', 'Fujichrome Velvia', '6 x 6 cm', 'horizontal,autumn,fall,scenic,landscape,color,outdoors,orange,red,trees,foliage,leaves');
INSERT OR IGNORE INTO tags (name) VALUES ('horizontal');
INSERT INTO photo_tags (photo_idx, tag_id) VALUES ((SELECT photo_idx FROM photos WHERE photo_id = 1841), (SELECT tag_id FROM tags WHERE name = 'horizontal'));
INSERT OR IGNORE INTO tags (name) VALUES ('autumn');
INSERT INTO photo_tags (photo_idx, tag_id) VALUES ((SELECT photo_idx FROM photos WHERE photo_id = 1841), (SELECT tag_id FROM tags WHERE name = 'autumn'));
INSERT OR IGNORE INTO tags (name) VALUES ('fall');
INSERT INTO photo_tags (photo_idx, tag_id) VALUES ((SELECT photo_idx FROM photos WHERE photo_id = 1841), (SELECT tag_id FROM tags WHERE name = 'fall'));
INSERT OR IGNORE INTO tags (name) VALUES ('scenic');
INSERT INTO photo_tags (photo_idx, tag_id) VALUES ((SELECT photo_idx FROM photos WHERE photo_id = 1841), (SELECT tag_id FROM tags WHERE name = 'scenic'));
INSERT OR IGNORE INTO tags (name) VALUES ('landscape');
INSERT INTO photo_tags (photo_idx, tag_id) VALUES ((SELECT photo_idx FROM photos WHERE photo_id = 1841), (SELECT tag_id FROM tags WHERE name = 'landscape'));
INSERT OR IGNORE INTO tags (name) VALUES ('color');
INSERT INTO photo_tags (photo_idx, tag_id) VALUES ((SELECT photo_idx FROM photos WHERE photo_id = 1841), (SELECT tag_id FROM tags WHERE name = 'color'));
INSERT OR IGNORE INTO tags (name) VALUES ('outdoors');
INSERT INTO photo_tags (photo_idx, tag_id) VALUES ((SELECT photo_idx FROM photos WHERE photo_id = 1841), (SELECT tag_id FROM tags WHERE name = 'outdoors'));
INSERT OR IGNORE INTO tags (name) VALUES ('orange');
INSERT INTO photo_tags (photo_idx, tag_id) VALUES ((SELECT photo_idx FROM photos WHERE photo_id = 1841), (SELECT tag_id FROM tags WHERE name = 'orange'));
INSERT OR IGNORE INTO tags (name) VALUES ('red');
INSERT INTO photo_tags (photo_idx, tag_id) VALUES ((SELECT photo_idx FROM photos WHERE photo_id = 1841), (SELECT tag_id FROM tags WHERE name = 'red'));
INSERT OR IGNORE INTO tags (name) VALUES ('trees');
INSERT INTO photo_tags (photo_idx, tag_id) VALUES ((SELECT photo_idx FROM photos WHERE photo_id = 1841), (SELECT tag_id FROM tags WHERE name = 'trees'));
INSERT OR IGNORE INTO tags (name) VALUES ('foliage');
INSERT INTO photo_tags (photo_idx, tag_id) VALUES ((SELECT photo_idx FROM photos WHERE photo_id = 1841), (SELECT tag_id FROM tags WHERE name = 'foliage'));
INSERT OR IGNORE INTO tags (name) VALUES ('leaves');
INSERT INTO photo_tags (photo_idx, tag_id) VALUES ((SELECT photo_idx FROM photos WHERE photo_id = 1841), (SELECT tag_id FROM tags WHERE name = 'leaves'));

INSERT INTO photos (photo_id, photo_title, photo_collection, photo_location, photo_year, camera, film_stock, film_format) VALUES (1843, 'Autumn Color in Maine', 'New England', 'Maine', 1997, 'Hasselblad', 'Fujichrome Velvia', '6 x 6 cm');
INSERT INTO photos_fts (photo_idx, photo_id, photo_title, photo_collection, photo_location, photo_year, camera, film_stock, film_format, tag_names) VALUES ((SELECT photo_idx FROM photos WHERE photo_id = 1843), 1843, 'Autumn Color in Maine', 'New England', 'Maine', 1997, 'Hasselblad', 'Fujichrome Velvia', '6 x 6 cm', 'horizontal,autumn,fall,scenic,landscape,color,outdoors,orange,red,trees,foliage,leaves');
INSERT OR IGNORE INTO tags (name) VALUES ('horizontal');
INSERT INTO photo_tags (photo_idx, tag_id) VALUES ((SELECT photo_idx FROM photos WHERE photo_id = 1843), (SELECT tag_id FROM tags WHERE name = 'horizontal'));
INSERT OR IGNORE INTO tags (name) VALUES ('autumn');
INSERT INTO photo_tags (photo_idx, tag_id) VALUES ((SELECT photo_idx FROM photos WHERE photo_id = 1843), (SELECT tag_id FROM tags WHERE name = 'autumn'));
INSERT OR IGNORE INTO tags (name) VALUES ('fall');
INSERT INTO photo_tags (photo_idx, tag_id) VALUES ((SELECT photo_idx FROM photos WHERE photo_id = 1843), (SELECT tag_id FROM tags WHERE name = 'fall'));
INSERT OR IGNORE INTO tags (name) VALUES ('scenic');
INSERT INTO photo_tags (photo_idx, tag_id) VALUES ((SELECT photo_idx FROM photos WHERE photo_id = 1843), (SELECT tag_id FROM tags WHERE name = 'scenic'));
INSERT OR IGNORE INTO tags (name) VALUES ('landscape');
INSERT INTO photo_tags (photo_idx, tag_id) VALUES ((SELECT photo_idx FROM photos WHERE photo_id = 1843), (SELECT tag_id FROM tags WHERE name = 'landscape'));
INSERT OR IGNORE INTO tags (name) VALUES ('color');
INSERT INTO photo_tags (photo_idx, tag_id) VALUES ((SELECT photo_idx FROM photos WHERE photo_id = 1843), (SELECT tag_id FROM tags WHERE name = 'color'));
INSERT OR IGNORE INTO tags (name) VALUES ('outdoors');
INSERT INTO photo_tags (photo_idx, tag_id) VALUES ((SELECT photo_idx FROM photos WHERE photo_id = 1843), (SELECT tag_id FROM tags WHERE name = 'outdoors'));
INSERT OR IGNORE INTO tags (name) VALUES ('orange');
INSERT INTO photo_tags (photo_idx, tag_id) VALUES ((SELECT photo_idx FROM photos WHERE photo_id = 1843), (SELECT tag_id FROM tags WHERE name = 'orange'));
INSERT OR IGNORE INTO tags (name) VALUES ('red');
INSERT INTO photo_tags (photo_idx, tag_id) VALUES ((SELECT photo_idx FROM photos WHERE photo_id = 1843), (SELECT tag_id FROM tags WHERE name = 'red'));
INSERT OR IGNORE INTO tags (name) VALUES ('trees');
INSERT INTO photo_tags (photo_idx, tag_id) VALUES ((SELECT photo_idx FROM photos WHERE photo_id = 1843), (SELECT tag_id FROM tags WHERE name = 'trees'));
INSERT OR IGNORE INTO tags (name) VALUES ('foliage');
INSERT INTO photo_tags (photo_idx, tag_id) VALUES ((SELECT photo_idx FROM photos WHERE photo_id = 1843), (SELECT tag_id FROM tags WHERE name = 'foliage'));
INSERT OR IGNORE INTO tags (name) VALUES ('leaves');
INSERT INTO photo_tags (photo_idx, tag_id) VALUES ((SELECT photo_idx FROM photos WHERE photo_id = 1843), (SELECT tag_id FROM tags WHERE name = 'leaves'));

INSERT INTO photos (photo_id, photo_title, photo_collection, photo_location, photo_year, camera, film_stock, film_format) VALUES (1844, 'Colorful Autumn', 'New England', 'New England', 1997, 'Hasselblad', 'Fujichrome Velvia', '6 x 6 cm');
INSERT INTO photos_fts (photo_idx, photo_id, photo_title, photo_collection, photo_location, photo_year, camera, film_stock, film_format, tag_names) VALUES ((SELECT photo_idx FROM photos WHERE photo_id = 1844), 1844, 'Colorful Autumn', 'New England', 'New England', 1997, 'Hasselblad', 'Fujichrome Velvia', '6 x 6 cm', 'vertical,autumn,fall,scenic,landscape,color,outdoors,orange,red,trees,foliage,leaves');
INSERT OR IGNORE INTO tags (name) VALUES ('vertical');
INSERT INTO photo_tags (photo_idx, tag_id) VALUES ((SELECT photo_idx FROM photos WHERE photo_id = 1844), (SELECT tag_id FROM tags WHERE name = 'vertical'));
INSERT OR IGNORE INTO tags (name) VALUES ('autumn');
INSERT INTO photo_tags (photo_idx, tag_id) VALUES ((SELECT photo_idx FROM photos WHERE photo_id = 1844), (SELECT tag_id FROM tags WHERE name = 'autumn'));
INSERT OR IGNORE INTO tags (name) VALUES ('fall');
INSERT INTO photo_tags (photo_idx, tag_id) VALUES ((SELECT photo_idx FROM photos WHERE photo_id = 1844), (SELECT tag_id FROM tags WHERE name = 'fall'));
INSERT OR IGNORE INTO tags (name) VALUES ('scenic');
INSERT INTO photo_tags (photo_idx, tag_id) VALUES ((SELECT photo_idx FROM photos WHERE photo_id = 1844), (SELECT tag_id FROM tags WHERE name = 'scenic'));
INSERT OR IGNORE INTO tags (name) VALUES ('landscape');
INSERT INTO photo_tags (photo_idx, tag_id) VALUES ((SELECT photo_idx FROM photos WHERE photo_id = 1844), (SELECT tag_id FROM tags WHERE name = 'landscape'));
INSERT OR IGNORE INTO tags (name) VALUES ('color');
INSERT INTO photo_tags (photo_idx, tag_id) VALUES ((SELECT photo_idx FROM photos WHERE photo_id = 1844), (SELECT tag_id FROM tags WHERE name = 'color'));
INSERT OR IGNORE INTO tags (name) VALUES ('outdoors');
INSERT INTO photo_tags (photo_idx, tag_id) VALUES ((SELECT photo_idx FROM photos WHERE photo_id = 1844), (SELECT tag_id FROM tags WHERE name = 'outdoors'));
INSERT OR IGNORE INTO tags (name) VALUES ('orange');
INSERT INTO photo_tags (photo_idx, tag_id) VALUES ((SELECT photo_idx FROM photos WHERE photo_id = 1844), (SELECT tag_id FROM tags WHERE name = 'orange'));
INSERT OR IGNORE INTO tags (name) VALUES ('red');
INSERT INTO photo_tags (photo_idx, tag_id) VALUES ((SELECT photo_idx FROM photos WHERE photo_id = 1844), (SELECT tag_id FROM tags WHERE name = 'red'));
INSERT OR IGNORE INTO tags (name) VALUES ('trees');
INSERT INTO photo_tags (photo_idx, tag_id) VALUES ((SELECT photo_idx FROM photos WHERE photo_id = 1844), (SELECT tag_id FROM tags WHERE name = 'trees'));
INSERT OR IGNORE INTO tags (name) VALUES ('foliage');
INSERT INTO photo_tags (photo_idx, tag_id) VALUES ((SELECT photo_idx FROM photos WHERE photo_id = 1844), (SELECT tag_id FROM tags WHERE name = 'foliage'));
INSERT OR IGNORE INTO tags (name) VALUES ('leaves');
INSERT INTO photo_tags (photo_idx, tag_id) VALUES ((SELECT photo_idx FROM photos WHERE photo_id = 1844), (SELECT tag_id FROM tags WHERE name = 'leaves'));

INSERT INTO photos (photo_id, photo_title, photo_collection, photo_location, photo_year, camera, film_stock, film_format) VALUES (1845, 'Autumn Hillside', 'New England', 'New England', 1997, 'Hasselblad', 'Fujichrome Velvia', '6 x 6 cm');
INSERT INTO photos_fts (photo_idx, photo_id, photo_title, photo_collection, photo_location, photo_year, camera, film_stock, film_format, tag_names) VALUES ((SELECT photo_idx FROM photos WHERE photo_id = 1845), 1845, 'Autumn Hillside', 'New England', 'New England', 1997, 'Hasselblad', 'Fujichrome Velvia', '6 x 6 cm', 'horizontal,autumn,fall,scenic,landscape,color,outdoors,orange,red,trees,foliage');
INSERT OR IGNORE INTO tags (name) VALUES ('horizontal');
INSERT INTO photo_tags (photo_idx, tag_id) VALUES ((SELECT photo_idx FROM photos WHERE photo_id = 1845), (SELECT tag_id FROM tags WHERE name = 'horizontal'));
INSERT OR IGNORE INTO tags (name) VALUES ('autumn');
INSERT INTO photo_tags (photo_idx, tag_id) VALUES ((SELECT photo_idx FROM photos WHERE photo_id = 1845), (SELECT tag_id FROM tags WHERE name = 'autumn'));
INSERT OR IGNORE INTO tags (name) VALUES ('fall');
INSERT INTO photo_tags (photo_idx, tag_id) VALUES ((SELECT photo_idx FROM photos WHERE photo_id = 1845), (SELECT tag_id FROM tags WHERE name = 'fall'));
INSERT OR IGNORE INTO tags (name) VALUES ('scenic');
INSERT INTO photo_tags (photo_idx, tag_id) VALUES ((SELECT photo_idx FROM photos WHERE photo_id = 1845), (SELECT tag_id FROM tags WHERE name = 'scenic'));
INSERT OR IGNORE INTO tags (name) VALUES ('landscape');
INSERT INTO photo_tags (photo_idx, tag_id) VALUES ((SELECT photo_idx FROM photos WHERE photo_id = 1845), (SELECT tag_id FROM tags WHERE name = 'landscape'));
INSERT OR IGNORE INTO tags (name) VALUES ('color');
INSERT INTO photo_tags (photo_idx, tag_id) VALUES ((SELECT photo_idx FROM photos WHERE photo_id = 1845), (SELECT tag_id FROM tags WHERE name = 'color'));
INSERT OR IGNORE INTO tags (name) VALUES ('outdoors');
INSERT INTO photo_tags (photo_idx, tag_id) VALUES ((SELECT photo_idx FROM photos WHERE photo_id = 1845), (SELECT tag_id FROM tags WHERE name = 'outdoors'));
INSERT OR IGNORE INTO tags (name) VALUES ('orange');
INSERT INTO photo_tags (photo_idx, tag_id) VALUES ((SELECT photo_idx FROM photos WHERE photo_id = 1845), (SELECT tag_id FROM tags WHERE name = 'orange'));
INSERT OR IGNORE INTO tags (name) VALUES ('red');
INSERT INTO photo_tags (photo_idx, tag_id) VALUES ((SELECT photo_idx FROM photos WHERE photo_id = 1845), (SELECT tag_id FROM tags WHERE name = 'red'));
INSERT OR IGNORE INTO tags (name) VALUES ('trees');
INSERT INTO photo_tags (photo_idx, tag_id) VALUES ((SELECT photo_idx FROM photos WHERE photo_id = 1845), (SELECT tag_id FROM tags WHERE name = 'trees'));
INSERT OR IGNORE INTO tags (name) VALUES ('foliage');
INSERT INTO photo_tags (photo_idx, tag_id) VALUES ((SELECT photo_idx FROM photos WHERE photo_id = 1845), (SELECT tag_id FROM tags WHERE name = 'foliage'));

INSERT INTO photos (photo_id, photo_title, photo_collection, photo_location, photo_year, camera, film_stock, film_format) VALUES (1847, 'Colorful Autumn', 'New England', 'New England', 1997, 'Hasselblad', 'Fujichrome Velvia', '6 x 6 cm');
INSERT INTO photos_fts (photo_idx, photo_id, photo_title, photo_collection, photo_location, photo_year, camera, film_stock, film_format, tag_names) VALUES ((SELECT photo_idx FROM photos WHERE photo_id = 1847), 1847, 'Colorful Autumn', 'New England', 'New England', 1997, 'Hasselblad', 'Fujichrome Velvia', '6 x 6 cm', 'vertical,autumn,fall,scenic,landscape,color,outdoors,orange,red,trees,foliage,leaves');
INSERT OR IGNORE INTO tags (name) VALUES ('vertical');
INSERT INTO photo_tags (photo_idx, tag_id) VALUES ((SELECT photo_idx FROM photos WHERE photo_id = 1847), (SELECT tag_id FROM tags WHERE name = 'vertical'));
INSERT OR IGNORE INTO tags (name) VALUES ('autumn');
INSERT INTO photo_tags (photo_idx, tag_id) VALUES ((SELECT photo_idx FROM photos WHERE photo_id = 1847), (SELECT tag_id FROM tags WHERE name = 'autumn'));
INSERT OR IGNORE INTO tags (name) VALUES ('fall');
INSERT INTO photo_tags (photo_idx, tag_id) VALUES ((SELECT photo_idx FROM photos WHERE photo_id = 1847), (SELECT tag_id FROM tags WHERE name = 'fall'));
INSERT OR IGNORE INTO tags (name) VALUES ('scenic');
INSERT INTO photo_tags (photo_idx, tag_id) VALUES ((SELECT photo_idx FROM photos WHERE photo_id = 1847), (SELECT tag_id FROM tags WHERE name = 'scenic'));
INSERT OR IGNORE INTO tags (name) VALUES ('landscape');
INSERT INTO photo_tags (photo_idx, tag_id) VALUES ((SELECT photo_idx FROM photos WHERE photo_id = 1847), (SELECT tag_id FROM tags WHERE name = 'landscape'));
INSERT OR IGNORE INTO tags (name) VALUES ('color');
INSERT INTO photo_tags (photo_idx, tag_id) VALUES ((SELECT photo_idx FROM photos WHERE photo_id = 1847), (SELECT tag_id FROM tags WHERE name = 'color'));
INSERT OR IGNORE INTO tags (name) VALUES ('outdoors');
INSERT INTO photo_tags (photo_idx, tag_id) VALUES ((SELECT photo_idx FROM photos WHERE photo_id = 1847), (SELECT tag_id FROM tags WHERE name = 'outdoors'));
INSERT OR IGNORE INTO tags (name) VALUES ('orange');
INSERT INTO photo_tags (photo_idx, tag_id) VALUES ((SELECT photo_idx FROM photos WHERE photo_id = 1847), (SELECT tag_id FROM tags WHERE name = 'orange'));
INSERT OR IGNORE INTO tags (name) VALUES ('red');
INSERT INTO photo_tags (photo_idx, tag_id) VALUES ((SELECT photo_idx FROM photos WHERE photo_id = 1847), (SELECT tag_id FROM tags WHERE name = 'red'));
INSERT OR IGNORE INTO tags (name) VALUES ('trees');
INSERT INTO photo_tags (photo_idx, tag_id) VALUES ((SELECT photo_idx FROM photos WHERE photo_id = 1847), (SELECT tag_id FROM tags WHERE name = 'trees'));
INSERT OR IGNORE INTO tags (name) VALUES ('foliage');
INSERT INTO photo_tags (photo_idx, tag_id) VALUES ((SELECT photo_idx FROM photos WHERE photo_id = 1847), (SELECT tag_id FROM tags WHERE name = 'foliage'));
INSERT OR IGNORE INTO tags (name) VALUES ('leaves');
INSERT INTO photo_tags (photo_idx, tag_id) VALUES ((SELECT photo_idx FROM photos WHERE photo_id = 1847), (SELECT tag_id FROM tags WHERE name = 'leaves'));

INSERT INTO photos (photo_id, photo_title, photo_collection, photo_location, photo_year, camera, film_stock, film_format) VALUES (1848, 'Autumn Foliage', 'New England', 'New England', 1997, 'Hasselblad', 'Fujichrome Velvia', '6 x 6 cm');
INSERT INTO photos_fts (photo_idx, photo_id, photo_title, photo_collection, photo_location, photo_year, camera, film_stock, film_format, tag_names) VALUES ((SELECT photo_idx FROM photos WHERE photo_id = 1848), 1848, 'Autumn Foliage', 'New England', 'New England', 1997, 'Hasselblad', 'Fujichrome Velvia', '6 x 6 cm', 'vertical,autumn,fall,scenic,landscape,color,outdoors,orange,red,trees,foliage,leaves');
INSERT OR IGNORE INTO tags (name) VALUES ('vertical');
INSERT INTO photo_tags (photo_idx, tag_id) VALUES ((SELECT photo_idx FROM photos WHERE photo_id = 1848), (SELECT tag_id FROM tags WHERE name = 'vertical'));
INSERT OR IGNORE INTO tags (name) VALUES ('autumn');
INSERT INTO photo_tags (photo_idx, tag_id) VALUES ((SELECT photo_idx FROM photos WHERE photo_id = 1848), (SELECT tag_id FROM tags WHERE name = 'autumn'));
INSERT OR IGNORE INTO tags (name) VALUES ('fall');
INSERT INTO photo_tags (photo_idx, tag_id) VALUES ((SELECT photo_idx FROM photos WHERE photo_id = 1848), (SELECT tag_id FROM tags WHERE name = 'fall'));
INSERT OR IGNORE INTO tags (name) VALUES ('scenic');
INSERT INTO photo_tags (photo_idx, tag_id) VALUES ((SELECT photo_idx FROM photos WHERE photo_id = 1848), (SELECT tag_id FROM tags WHERE name = 'scenic'));
INSERT OR IGNORE INTO tags (name) VALUES ('landscape');
INSERT INTO photo_tags (photo_idx, tag_id) VALUES ((SELECT photo_idx FROM photos WHERE photo_id = 1848), (SELECT tag_id FROM tags WHERE name = 'landscape'));
INSERT OR IGNORE INTO tags (name) VALUES ('color');
INSERT INTO photo_tags (photo_idx, tag_id) VALUES ((SELECT photo_idx FROM photos WHERE photo_id = 1848), (SELECT tag_id FROM tags WHERE name = 'color'));
INSERT OR IGNORE INTO tags (name) VALUES ('outdoors');
INSERT INTO photo_tags (photo_idx, tag_id) VALUES ((SELECT photo_idx FROM photos WHERE photo_id = 1848), (SELECT tag_id FROM tags WHERE name = 'outdoors'));
INSERT OR IGNORE INTO tags (name) VALUES ('orange');
INSERT INTO photo_tags (photo_idx, tag_id) VALUES ((SELECT photo_idx FROM photos WHERE photo_id = 1848), (SELECT tag_id FROM tags WHERE name = 'orange'));
INSERT OR IGNORE INTO tags (name) VALUES ('red');
INSERT INTO photo_tags (photo_idx, tag_id) VALUES ((SELECT photo_idx FROM photos WHERE photo_id = 1848), (SELECT tag_id FROM tags WHERE name = 'red'));
INSERT OR IGNORE INTO tags (name) VALUES ('trees');
INSERT INTO photo_tags (photo_idx, tag_id) VALUES ((SELECT photo_idx FROM photos WHERE photo_id = 1848), (SELECT tag_id FROM tags WHERE name = 'trees'));
INSERT OR IGNORE INTO tags (name) VALUES ('foliage');
INSERT INTO photo_tags (photo_idx, tag_id) VALUES ((SELECT photo_idx FROM photos WHERE photo_id = 1848), (SELECT tag_id FROM tags WHERE name = 'foliage'));
INSERT OR IGNORE INTO tags (name) VALUES ('leaves');
INSERT INTO photo_tags (photo_idx, tag_id) VALUES ((SELECT photo_idx FROM photos WHERE photo_id = 1848), (SELECT tag_id FROM tags WHERE name = 'leaves'));

INSERT INTO photos (photo_id, photo_title, photo_collection, photo_location, photo_year, camera, film_stock, film_format) VALUES (1849, 'Autumn Foliage', 'New England', 'New England', 1997, 'Hasselblad', 'Fujichrome Velvia', '6 x 6 cm');
INSERT INTO photos_fts (photo_idx, photo_id, photo_title, photo_collection, photo_location, photo_year, camera, film_stock, film_format, tag_names) VALUES ((SELECT photo_idx FROM photos WHERE photo_id = 1849), 1849, 'Autumn Foliage', 'New England', 'New England', 1997, 'Hasselblad', 'Fujichrome Velvia', '6 x 6 cm', 'vertical,autumn,fall,scenic,landscape,color,outdoors,orange,red,trees,foliage,leaves');
INSERT OR IGNORE INTO tags (name) VALUES ('vertical');
INSERT INTO photo_tags (photo_idx, tag_id) VALUES ((SELECT photo_idx FROM photos WHERE photo_id = 1849), (SELECT tag_id FROM tags WHERE name = 'vertical'));
INSERT OR IGNORE INTO tags (name) VALUES ('autumn');
INSERT INTO photo_tags (photo_idx, tag_id) VALUES ((SELECT photo_idx FROM photos WHERE photo_id = 1849), (SELECT tag_id FROM tags WHERE name = 'autumn'));
INSERT OR IGNORE INTO tags (name) VALUES ('fall');
INSERT INTO photo_tags (photo_idx, tag_id) VALUES ((SELECT photo_idx FROM photos WHERE photo_id = 1849), (SELECT tag_id FROM tags WHERE name = 'fall'));
INSERT OR IGNORE INTO tags (name) VALUES ('scenic');
INSERT INTO photo_tags (photo_idx, tag_id) VALUES ((SELECT photo_idx FROM photos WHERE photo_id = 1849), (SELECT tag_id FROM tags WHERE name = 'scenic'));
INSERT OR IGNORE INTO tags (name) VALUES ('landscape');
INSERT INTO photo_tags (photo_idx, tag_id) VALUES ((SELECT photo_idx FROM photos WHERE photo_id = 1849), (SELECT tag_id FROM tags WHERE name = 'landscape'));
INSERT OR IGNORE INTO tags (name) VALUES ('color');
INSERT INTO photo_tags (photo_idx, tag_id) VALUES ((SELECT photo_idx FROM photos WHERE photo_id = 1849), (SELECT tag_id FROM tags WHERE name = 'color'));
INSERT OR IGNORE INTO tags (name) VALUES ('outdoors');
INSERT INTO photo_tags (photo_idx, tag_id) VALUES ((SELECT photo_idx FROM photos WHERE photo_id = 1849), (SELECT tag_id FROM tags WHERE name = 'outdoors'));
INSERT OR IGNORE INTO tags (name) VALUES ('orange');
INSERT INTO photo_tags (photo_idx, tag_id) VALUES ((SELECT photo_idx FROM photos WHERE photo_id = 1849), (SELECT tag_id FROM tags WHERE name = 'orange'));
INSERT OR IGNORE INTO tags (name) VALUES ('red');
INSERT INTO photo_tags (photo_idx, tag_id) VALUES ((SELECT photo_idx FROM photos WHERE photo_id = 1849), (SELECT tag_id FROM tags WHERE name = 'red'));
INSERT OR IGNORE INTO tags (name) VALUES ('trees');
INSERT INTO photo_tags (photo_idx, tag_id) VALUES ((SELECT photo_idx FROM photos WHERE photo_id = 1849), (SELECT tag_id FROM tags WHERE name = 'trees'));
INSERT OR IGNORE INTO tags (name) VALUES ('foliage');
INSERT INTO photo_tags (photo_idx, tag_id) VALUES ((SELECT photo_idx FROM photos WHERE photo_id = 1849), (SELECT tag_id FROM tags WHERE name = 'foliage'));
INSERT OR IGNORE INTO tags (name) VALUES ('leaves');
INSERT INTO photo_tags (photo_idx, tag_id) VALUES ((SELECT photo_idx FROM photos WHERE photo_id = 1849), (SELECT tag_id FROM tags WHERE name = 'leaves'));

INSERT INTO photos (photo_id, photo_title, photo_collection, photo_location, photo_year, camera, film_stock, film_format) VALUES (1850, 'Leaves and Sky', 'New England', 'New England', 1997, 'Hasselblad', 'Fujichrome Velvia', '6 x 6 cm');
INSERT INTO photos_fts (photo_idx, photo_id, photo_title, photo_collection, photo_location, photo_year, camera, film_stock, film_format, tag_names) VALUES ((SELECT photo_idx FROM photos WHERE photo_id = 1850), 1850, 'Leaves and Sky', 'New England', 'New England', 1997, 'Hasselblad', 'Fujichrome Velvia', '6 x 6 cm', 'vertical,autumn,fall,scenic,landscape,color,outdoors,yellow,leaf,trees,foliage,leaves');
INSERT OR IGNORE INTO tags (name) VALUES ('vertical');
INSERT INTO photo_tags (photo_idx, tag_id) VALUES ((SELECT photo_idx FROM photos WHERE photo_id = 1850), (SELECT tag_id FROM tags WHERE name = 'vertical'));
INSERT OR IGNORE INTO tags (name) VALUES ('autumn');
INSERT INTO photo_tags (photo_idx, tag_id) VALUES ((SELECT photo_idx FROM photos WHERE photo_id = 1850), (SELECT tag_id FROM tags WHERE name = 'autumn'));
INSERT OR IGNORE INTO tags (name) VALUES ('fall');
INSERT INTO photo_tags (photo_idx, tag_id) VALUES ((SELECT photo_idx FROM photos WHERE photo_id = 1850), (SELECT tag_id FROM tags WHERE name = 'fall'));
INSERT OR IGNORE INTO tags (name) VALUES ('scenic');
INSERT INTO photo_tags (photo_idx, tag_id) VALUES ((SELECT photo_idx FROM photos WHERE photo_id = 1850), (SELECT tag_id FROM tags WHERE name = 'scenic'));
INSERT OR IGNORE INTO tags (name) VALUES ('landscape');
INSERT INTO photo_tags (photo_idx, tag_id) VALUES ((SELECT photo_idx FROM photos WHERE photo_id = 1850), (SELECT tag_id FROM tags WHERE name = 'landscape'));
INSERT OR IGNORE INTO tags (name) VALUES ('color');
INSERT INTO photo_tags (photo_idx, tag_id) VALUES ((SELECT photo_idx FROM photos WHERE photo_id = 1850), (SELECT tag_id FROM tags WHERE name = 'color'));
INSERT OR IGNORE INTO tags (name) VALUES ('outdoors');
INSERT INTO photo_tags (photo_idx, tag_id) VALUES ((SELECT photo_idx FROM photos WHERE photo_id = 1850), (SELECT tag_id FROM tags WHERE name = 'outdoors'));
INSERT OR IGNORE INTO tags (name) VALUES ('yellow');
INSERT INTO photo_tags (photo_idx, tag_id) VALUES ((SELECT photo_idx FROM photos WHERE photo_id = 1850), (SELECT tag_id FROM tags WHERE name = 'yellow'));
INSERT OR IGNORE INTO tags (name) VALUES ('leaf');
INSERT INTO photo_tags (photo_idx, tag_id) VALUES ((SELECT photo_idx FROM photos WHERE photo_id = 1850), (SELECT tag_id FROM tags WHERE name = 'leaf'));
INSERT OR IGNORE INTO tags (name) VALUES ('trees');
INSERT INTO photo_tags (photo_idx, tag_id) VALUES ((SELECT photo_idx FROM photos WHERE photo_id = 1850), (SELECT tag_id FROM tags WHERE name = 'trees'));
INSERT OR IGNORE INTO tags (name) VALUES ('foliage');
INSERT INTO photo_tags (photo_idx, tag_id) VALUES ((SELECT photo_idx FROM photos WHERE photo_id = 1850), (SELECT tag_id FROM tags WHERE name = 'foliage'));
INSERT OR IGNORE INTO tags (name) VALUES ('leaves');
INSERT INTO photo_tags (photo_idx, tag_id) VALUES ((SELECT photo_idx FROM photos WHERE photo_id = 1850), (SELECT tag_id FROM tags WHERE name = 'leaves'));

INSERT INTO photos (photo_id, photo_title, photo_collection, photo_location, photo_year, camera, film_stock, film_format) VALUES (1851, 'Glowing Aspen Trunks', 'New England', 'New England', 1997, 'Hasselblad', 'Fujichrome Velvia', '6 x 6 cm');
INSERT INTO photos_fts (photo_idx, photo_id, photo_title, photo_collection, photo_location, photo_year, camera, film_stock, film_format, tag_names) VALUES ((SELECT photo_idx FROM photos WHERE photo_id = 1851), 1851, 'Glowing Aspen Trunks', 'New England', 'New England', 1997, 'Hasselblad', 'Fujichrome Velvia', '6 x 6 cm', 'vertical,autumn,fall,scenic,landscape,color,outdoors,green,trees,foliage,leaves');
INSERT OR IGNORE INTO tags (name) VALUES ('vertical');
INSERT INTO photo_tags (photo_idx, tag_id) VALUES ((SELECT photo_idx FROM photos WHERE photo_id = 1851), (SELECT tag_id FROM tags WHERE name = 'vertical'));
INSERT OR IGNORE INTO tags (name) VALUES ('autumn');
INSERT INTO photo_tags (photo_idx, tag_id) VALUES ((SELECT photo_idx FROM photos WHERE photo_id = 1851), (SELECT tag_id FROM tags WHERE name = 'autumn'));
INSERT OR IGNORE INTO tags (name) VALUES ('fall');
INSERT INTO photo_tags (photo_idx, tag_id) VALUES ((SELECT photo_idx FROM photos WHERE photo_id = 1851), (SELECT tag_id FROM tags WHERE name = 'fall'));
INSERT OR IGNORE INTO tags (name) VALUES ('scenic');
INSERT INTO photo_tags (photo_idx, tag_id) VALUES ((SELECT photo_idx FROM photos WHERE photo_id = 1851), (SELECT tag_id FROM tags WHERE name = 'scenic'));
INSERT OR IGNORE INTO tags (name) VALUES ('landscape');
INSERT INTO photo_tags (photo_idx, tag_id) VALUES ((SELECT photo_idx FROM photos WHERE photo_id = 1851), (SELECT tag_id FROM tags WHERE name = 'landscape'));
INSERT OR IGNORE INTO tags (name) VALUES ('color');
INSERT INTO photo_tags (photo_idx, tag_id) VALUES ((SELECT photo_idx FROM photos WHERE photo_id = 1851), (SELECT tag_id FROM tags WHERE name = 'color'));
INSERT OR IGNORE INTO tags (name) VALUES ('outdoors');
INSERT INTO photo_tags (photo_idx, tag_id) VALUES ((SELECT photo_idx FROM photos WHERE photo_id = 1851), (SELECT tag_id FROM tags WHERE name = 'outdoors'));
INSERT OR IGNORE INTO tags (name) VALUES ('green');
INSERT INTO photo_tags (photo_idx, tag_id) VALUES ((SELECT photo_idx FROM photos WHERE photo_id = 1851), (SELECT tag_id FROM tags WHERE name = 'green'));
INSERT OR IGNORE INTO tags (name) VALUES ('trees');
INSERT INTO photo_tags (photo_idx, tag_id) VALUES ((SELECT photo_idx FROM photos WHERE photo_id = 1851), (SELECT tag_id FROM tags WHERE name = 'trees'));
INSERT OR IGNORE INTO tags (name) VALUES ('foliage');
INSERT INTO photo_tags (photo_idx, tag_id) VALUES ((SELECT photo_idx FROM photos WHERE photo_id = 1851), (SELECT tag_id FROM tags WHERE name = 'foliage'));
INSERT OR IGNORE INTO tags (name) VALUES ('leaves');
INSERT INTO photo_tags (photo_idx, tag_id) VALUES ((SELECT photo_idx FROM photos WHERE photo_id = 1851), (SELECT tag_id FROM tags WHERE name = 'leaves'));

INSERT INTO photos (photo_id, photo_title, photo_collection, photo_location, photo_year, camera, film_stock, film_format) VALUES (1853, 'Colorful Forest', 'New England', 'New England', 1997, 'Hasselblad', 'Fujichrome Velvia', '6 x 6 cm');
INSERT INTO photos_fts (photo_idx, photo_id, photo_title, photo_collection, photo_location, photo_year, camera, film_stock, film_format, tag_names) VALUES ((SELECT photo_idx FROM photos WHERE photo_id = 1853), 1853, 'Colorful Forest', 'New England', 'New England', 1997, 'Hasselblad', 'Fujichrome Velvia', '6 x 6 cm', 'horizontal,autumn,fall,scenic,landscape,color,outdoors,green,orange,yellow,trees,foliage,forest,leaves');
INSERT OR IGNORE INTO tags (name) VALUES ('horizontal');
INSERT INTO photo_tags (photo_idx, tag_id) VALUES ((SELECT photo_idx FROM photos WHERE photo_id = 1853), (SELECT tag_id FROM tags WHERE name = 'horizontal'));
INSERT OR IGNORE INTO tags (name) VALUES ('autumn');
INSERT INTO photo_tags (photo_idx, tag_id) VALUES ((SELECT photo_idx FROM photos WHERE photo_id = 1853), (SELECT tag_id FROM tags WHERE name = 'autumn'));
INSERT OR IGNORE INTO tags (name) VALUES ('fall');
INSERT INTO photo_tags (photo_idx, tag_id) VALUES ((SELECT photo_idx FROM photos WHERE photo_id = 1853), (SELECT tag_id FROM tags WHERE name = 'fall'));
INSERT OR IGNORE INTO tags (name) VALUES ('scenic');
INSERT INTO photo_tags (photo_idx, tag_id) VALUES ((SELECT photo_idx FROM photos WHERE photo_id = 1853), (SELECT tag_id FROM tags WHERE name = 'scenic'));
INSERT OR IGNORE INTO tags (name) VALUES ('landscape');
INSERT INTO photo_tags (photo_idx, tag_id) VALUES ((SELECT photo_idx FROM photos WHERE photo_id = 1853), (SELECT tag_id FROM tags WHERE name = 'landscape'));
INSERT OR IGNORE INTO tags (name) VALUES ('color');
INSERT INTO photo_tags (photo_idx, tag_id) VALUES ((SELECT photo_idx FROM photos WHERE photo_id = 1853), (SELECT tag_id FROM tags WHERE name = 'color'));
INSERT OR IGNORE INTO tags (name) VALUES ('outdoors');
INSERT INTO photo_tags (photo_idx, tag_id) VALUES ((SELECT photo_idx FROM photos WHERE photo_id = 1853), (SELECT tag_id FROM tags WHERE name = 'outdoors'));
INSERT OR IGNORE INTO tags (name) VALUES ('green');
INSERT INTO photo_tags (photo_idx, tag_id) VALUES ((SELECT photo_idx FROM photos WHERE photo_id = 1853), (SELECT tag_id FROM tags WHERE name = 'green'));
INSERT OR IGNORE INTO tags (name) VALUES ('orange');
INSERT INTO photo_tags (photo_idx, tag_id) VALUES ((SELECT photo_idx FROM photos WHERE photo_id = 1853), (SELECT tag_id FROM tags WHERE name = 'orange'));
INSERT OR IGNORE INTO tags (name) VALUES ('yellow');
INSERT INTO photo_tags (photo_idx, tag_id) VALUES ((SELECT photo_idx FROM photos WHERE photo_id = 1853), (SELECT tag_id FROM tags WHERE name = 'yellow'));
INSERT OR IGNORE INTO tags (name) VALUES ('trees');
INSERT INTO photo_tags (photo_idx, tag_id) VALUES ((SELECT photo_idx FROM photos WHERE photo_id = 1853), (SELECT tag_id FROM tags WHERE name = 'trees'));
INSERT OR IGNORE INTO tags (name) VALUES ('foliage');
INSERT INTO photo_tags (photo_idx, tag_id) VALUES ((SELECT photo_idx FROM photos WHERE photo_id = 1853), (SELECT tag_id FROM tags WHERE name = 'foliage'));
INSERT OR IGNORE INTO tags (name) VALUES ('forest');
INSERT INTO photo_tags (photo_idx, tag_id) VALUES ((SELECT photo_idx FROM photos WHERE photo_id = 1853), (SELECT tag_id FROM tags WHERE name = 'forest'));
INSERT OR IGNORE INTO tags (name) VALUES ('leaves');
INSERT INTO photo_tags (photo_idx, tag_id) VALUES ((SELECT photo_idx FROM photos WHERE photo_id = 1853), (SELECT tag_id FROM tags WHERE name = 'leaves'));

INSERT INTO photos (photo_id, photo_title, photo_collection, photo_location, photo_year, camera, film_stock, film_format) VALUES (1854, 'Autumn Foliage', 'New England', 'New England', 1997, 'Hasselblad', 'Fujichrome Velvia', '6 x 6 cm');
INSERT INTO photos_fts (photo_idx, photo_id, photo_title, photo_collection, photo_location, photo_year, camera, film_stock, film_format, tag_names) VALUES ((SELECT photo_idx FROM photos WHERE photo_id = 1854), 1854, 'Autumn Foliage', 'New England', 'New England', 1997, 'Hasselblad', 'Fujichrome Velvia', '6 x 6 cm', 'vertical,autumn,fall,scenic,landscape,color,outdoors,orange,red,trees,foliage,leaves');
INSERT OR IGNORE INTO tags (name) VALUES ('vertical');
INSERT INTO photo_tags (photo_idx, tag_id) VALUES ((SELECT photo_idx FROM photos WHERE photo_id = 1854), (SELECT tag_id FROM tags WHERE name = 'vertical'));
INSERT OR IGNORE INTO tags (name) VALUES ('autumn');
INSERT INTO photo_tags (photo_idx, tag_id) VALUES ((SELECT photo_idx FROM photos WHERE photo_id = 1854), (SELECT tag_id FROM tags WHERE name = 'autumn'));
INSERT OR IGNORE INTO tags (name) VALUES ('fall');
INSERT INTO photo_tags (photo_idx, tag_id) VALUES ((SELECT photo_idx FROM photos WHERE photo_id = 1854), (SELECT tag_id FROM tags WHERE name = 'fall'));
INSERT OR IGNORE INTO tags (name) VALUES ('scenic');
INSERT INTO photo_tags (photo_idx, tag_id) VALUES ((SELECT photo_idx FROM photos WHERE photo_id = 1854), (SELECT tag_id FROM tags WHERE name = 'scenic'));
INSERT OR IGNORE INTO tags (name) VALUES ('landscape');
INSERT INTO photo_tags (photo_idx, tag_id) VALUES ((SELECT photo_idx FROM photos WHERE photo_id = 1854), (SELECT tag_id FROM tags WHERE name = 'landscape'));
INSERT OR IGNORE INTO tags (name) VALUES ('color');
INSERT INTO photo_tags (photo_idx, tag_id) VALUES ((SELECT photo_idx FROM photos WHERE photo_id = 1854), (SELECT tag_id FROM tags WHERE name = 'color'));
INSERT OR IGNORE INTO tags (name) VALUES ('outdoors');
INSERT INTO photo_tags (photo_idx, tag_id) VALUES ((SELECT photo_idx FROM photos WHERE photo_id = 1854), (SELECT tag_id FROM tags WHERE name = 'outdoors'));
INSERT OR IGNORE INTO tags (name) VALUES ('orange');
INSERT INTO photo_tags (photo_idx, tag_id) VALUES ((SELECT photo_idx FROM photos WHERE photo_id = 1854), (SELECT tag_id FROM tags WHERE name = 'orange'));
INSERT OR IGNORE INTO tags (name) VALUES ('red');
INSERT INTO photo_tags (photo_idx, tag_id) VALUES ((SELECT photo_idx FROM photos WHERE photo_id = 1854), (SELECT tag_id FROM tags WHERE name = 'red'));
INSERT OR IGNORE INTO tags (name) VALUES ('trees');
INSERT INTO photo_tags (photo_idx, tag_id) VALUES ((SELECT photo_idx FROM photos WHERE photo_id = 1854), (SELECT tag_id FROM tags WHERE name = 'trees'));
INSERT OR IGNORE INTO tags (name) VALUES ('foliage');
INSERT INTO photo_tags (photo_idx, tag_id) VALUES ((SELECT photo_idx FROM photos WHERE photo_id = 1854), (SELECT tag_id FROM tags WHERE name = 'foliage'));
INSERT OR IGNORE INTO tags (name) VALUES ('leaves');
INSERT INTO photo_tags (photo_idx, tag_id) VALUES ((SELECT photo_idx FROM photos WHERE photo_id = 1854), (SELECT tag_id FROM tags WHERE name = 'leaves'));

INSERT INTO photos (photo_id, photo_title, photo_collection, photo_location, photo_year, camera, film_stock, film_format) VALUES (1855, 'Autumn Hillside', 'New England', 'New England', 1997, 'Hasselblad', 'Fujichrome Velvia', '6 x 6 cm');
INSERT INTO photos_fts (photo_idx, photo_id, photo_title, photo_collection, photo_location, photo_year, camera, film_stock, film_format, tag_names) VALUES ((SELECT photo_idx FROM photos WHERE photo_id = 1855), 1855, 'Autumn Hillside', 'New England', 'New England', 1997, 'Hasselblad', 'Fujichrome Velvia', '6 x 6 cm', 'horizontal,autumn,fall,scenic,landscape,color,outdoors,orange,red,trees,foliage');
INSERT OR IGNORE INTO tags (name) VALUES ('horizontal');
INSERT INTO photo_tags (photo_idx, tag_id) VALUES ((SELECT photo_idx FROM photos WHERE photo_id = 1855), (SELECT tag_id FROM tags WHERE name = 'horizontal'));
INSERT OR IGNORE INTO tags (name) VALUES ('autumn');
INSERT INTO photo_tags (photo_idx, tag_id) VALUES ((SELECT photo_idx FROM photos WHERE photo_id = 1855), (SELECT tag_id FROM tags WHERE name = 'autumn'));
INSERT OR IGNORE INTO tags (name) VALUES ('fall');
INSERT INTO photo_tags (photo_idx, tag_id) VALUES ((SELECT photo_idx FROM photos WHERE photo_id = 1855), (SELECT tag_id FROM tags WHERE name = 'fall'));
INSERT OR IGNORE INTO tags (name) VALUES ('scenic');
INSERT INTO photo_tags (photo_idx, tag_id) VALUES ((SELECT photo_idx FROM photos WHERE photo_id = 1855), (SELECT tag_id FROM tags WHERE name = 'scenic'));
INSERT OR IGNORE INTO tags (name) VALUES ('landscape');
INSERT INTO photo_tags (photo_idx, tag_id) VALUES ((SELECT photo_idx FROM photos WHERE photo_id = 1855), (SELECT tag_id FROM tags WHERE name = 'landscape'));
INSERT OR IGNORE INTO tags (name) VALUES ('color');
INSERT INTO photo_tags (photo_idx, tag_id) VALUES ((SELECT photo_idx FROM photos WHERE photo_id = 1855), (SELECT tag_id FROM tags WHERE name = 'color'));
INSERT OR IGNORE INTO tags (name) VALUES ('outdoors');
INSERT INTO photo_tags (photo_idx, tag_id) VALUES ((SELECT photo_idx FROM photos WHERE photo_id = 1855), (SELECT tag_id FROM tags WHERE name = 'outdoors'));
INSERT OR IGNORE INTO tags (name) VALUES ('orange');
INSERT INTO photo_tags (photo_idx, tag_id) VALUES ((SELECT photo_idx FROM photos WHERE photo_id = 1855), (SELECT tag_id FROM tags WHERE name = 'orange'));
INSERT OR IGNORE INTO tags (name) VALUES ('red');
INSERT INTO photo_tags (photo_idx, tag_id) VALUES ((SELECT photo_idx FROM photos WHERE photo_id = 1855), (SELECT tag_id FROM tags WHERE name = 'red'));
INSERT OR IGNORE INTO tags (name) VALUES ('trees');
INSERT INTO photo_tags (photo_idx, tag_id) VALUES ((SELECT photo_idx FROM photos WHERE photo_id = 1855), (SELECT tag_id FROM tags WHERE name = 'trees'));
INSERT OR IGNORE INTO tags (name) VALUES ('foliage');
INSERT INTO photo_tags (photo_idx, tag_id) VALUES ((SELECT photo_idx FROM photos WHERE photo_id = 1855), (SELECT tag_id FROM tags WHERE name = 'foliage'));

INSERT INTO photos (photo_id, photo_title, photo_collection, photo_location, photo_year, camera, film_stock, film_format) VALUES (1857, 'Chardonnay Grapes', 'California', 'Sonoma Valley, California', 1998, 'Hasselblad', 'Fujichrome Velvia', '6 x 6 cm');
INSERT INTO photos_fts (photo_idx, photo_id, photo_title, photo_collection, photo_location, photo_year, camera, film_stock, film_format, tag_names) VALUES ((SELECT photo_idx FROM photos WHERE photo_id = 1857), 1857, 'Chardonnay Grapes', 'California', 'Sonoma Valley, California', 1998, 'Hasselblad', 'Fujichrome Velvia', '6 x 6 cm', 'vertical,autumn,fall,closeup,color,outdoors,green,grapes');
INSERT OR IGNORE INTO tags (name) VALUES ('vertical');
INSERT INTO photo_tags (photo_idx, tag_id) VALUES ((SELECT photo_idx FROM photos WHERE photo_id = 1857), (SELECT tag_id FROM tags WHERE name = 'vertical'));
INSERT OR IGNORE INTO tags (name) VALUES ('autumn');
INSERT INTO photo_tags (photo_idx, tag_id) VALUES ((SELECT photo_idx FROM photos WHERE photo_id = 1857), (SELECT tag_id FROM tags WHERE name = 'autumn'));
INSERT OR IGNORE INTO tags (name) VALUES ('fall');
INSERT INTO photo_tags (photo_idx, tag_id) VALUES ((SELECT photo_idx FROM photos WHERE photo_id = 1857), (SELECT tag_id FROM tags WHERE name = 'fall'));
INSERT OR IGNORE INTO tags (name) VALUES ('closeup');
INSERT INTO photo_tags (photo_idx, tag_id) VALUES ((SELECT photo_idx FROM photos WHERE photo_id = 1857), (SELECT tag_id FROM tags WHERE name = 'closeup'));
INSERT OR IGNORE INTO tags (name) VALUES ('color');
INSERT INTO photo_tags (photo_idx, tag_id) VALUES ((SELECT photo_idx FROM photos WHERE photo_id = 1857), (SELECT tag_id FROM tags WHERE name = 'color'));
INSERT OR IGNORE INTO tags (name) VALUES ('outdoors');
INSERT INTO photo_tags (photo_idx, tag_id) VALUES ((SELECT photo_idx FROM photos WHERE photo_id = 1857), (SELECT tag_id FROM tags WHERE name = 'outdoors'));
INSERT OR IGNORE INTO tags (name) VALUES ('green');
INSERT INTO photo_tags (photo_idx, tag_id) VALUES ((SELECT photo_idx FROM photos WHERE photo_id = 1857), (SELECT tag_id FROM tags WHERE name = 'green'));
INSERT OR IGNORE INTO tags (name) VALUES ('grapes');
INSERT INTO photo_tags (photo_idx, tag_id) VALUES ((SELECT photo_idx FROM photos WHERE photo_id = 1857), (SELECT tag_id FROM tags WHERE name = 'grapes'));

INSERT INTO photos (photo_id, photo_title, photo_collection, photo_location, photo_year, camera, film_stock, film_format) VALUES (1859, 'Old Vine Zinfandel', 'California', 'Sonoma Valley, California', 1998, 'Hasselblad', 'Fujichrome Velvia', '6 x 6 cm');
INSERT INTO photos_fts (photo_idx, photo_id, photo_title, photo_collection, photo_location, photo_year, camera, film_stock, film_format, tag_names) VALUES ((SELECT photo_idx FROM photos WHERE photo_id = 1859), 1859, 'Old Vine Zinfandel', 'California', 'Sonoma Valley, California', 1998, 'Hasselblad', 'Fujichrome Velvia', '6 x 6 cm', 'horizontal,autumn,fall,closeup,color,outdoors,green,purple,leaf,grapes,leaves');
INSERT OR IGNORE INTO tags (name) VALUES ('horizontal');
INSERT INTO photo_tags (photo_idx, tag_id) VALUES ((SELECT photo_idx FROM photos WHERE photo_id = 1859), (SELECT tag_id FROM tags WHERE name = 'horizontal'));
INSERT OR IGNORE INTO tags (name) VALUES ('autumn');
INSERT INTO photo_tags (photo_idx, tag_id) VALUES ((SELECT photo_idx FROM photos WHERE photo_id = 1859), (SELECT tag_id FROM tags WHERE name = 'autumn'));
INSERT OR IGNORE INTO tags (name) VALUES ('fall');
INSERT INTO photo_tags (photo_idx, tag_id) VALUES ((SELECT photo_idx FROM photos WHERE photo_id = 1859), (SELECT tag_id FROM tags WHERE name = 'fall'));
INSERT OR IGNORE INTO tags (name) VALUES ('closeup');
INSERT INTO photo_tags (photo_idx, tag_id) VALUES ((SELECT photo_idx FROM photos WHERE photo_id = 1859), (SELECT tag_id FROM tags WHERE name = 'closeup'));
INSERT OR IGNORE INTO tags (name) VALUES ('color');
INSERT INTO photo_tags (photo_idx, tag_id) VALUES ((SELECT photo_idx FROM photos WHERE photo_id = 1859), (SELECT tag_id FROM tags WHERE name = 'color'));
INSERT OR IGNORE INTO tags (name) VALUES ('outdoors');
INSERT INTO photo_tags (photo_idx, tag_id) VALUES ((SELECT photo_idx FROM photos WHERE photo_id = 1859), (SELECT tag_id FROM tags WHERE name = 'outdoors'));
INSERT OR IGNORE INTO tags (name) VALUES ('green');
INSERT INTO photo_tags (photo_idx, tag_id) VALUES ((SELECT photo_idx FROM photos WHERE photo_id = 1859), (SELECT tag_id FROM tags WHERE name = 'green'));
INSERT OR IGNORE INTO tags (name) VALUES ('purple');
INSERT INTO photo_tags (photo_idx, tag_id) VALUES ((SELECT photo_idx FROM photos WHERE photo_id = 1859), (SELECT tag_id FROM tags WHERE name = 'purple'));
INSERT OR IGNORE INTO tags (name) VALUES ('leaf');
INSERT INTO photo_tags (photo_idx, tag_id) VALUES ((SELECT photo_idx FROM photos WHERE photo_id = 1859), (SELECT tag_id FROM tags WHERE name = 'leaf'));
INSERT OR IGNORE INTO tags (name) VALUES ('grapes');
INSERT INTO photo_tags (photo_idx, tag_id) VALUES ((SELECT photo_idx FROM photos WHERE photo_id = 1859), (SELECT tag_id FROM tags WHERE name = 'grapes'));
INSERT OR IGNORE INTO tags (name) VALUES ('leaves');
INSERT INTO photo_tags (photo_idx, tag_id) VALUES ((SELECT photo_idx FROM photos WHERE photo_id = 1859), (SELECT tag_id FROM tags WHERE name = 'leaves'));

INSERT INTO photos (photo_id, photo_title, photo_collection, photo_location, photo_year, camera, film_stock, film_format) VALUES (1860, 'Old Vine Zinfandel', 'California', 'Sonoma Valley, California', 1998, 'Hasselblad', 'Fujichrome Velvia', '6 x 6 cm');
INSERT INTO photos_fts (photo_idx, photo_id, photo_title, photo_collection, photo_location, photo_year, camera, film_stock, film_format, tag_names) VALUES ((SELECT photo_idx FROM photos WHERE photo_id = 1860), 1860, 'Old Vine Zinfandel', 'California', 'Sonoma Valley, California', 1998, 'Hasselblad', 'Fujichrome Velvia', '6 x 6 cm', 'vertical,autumn,fall,closeup,color,outdoors,green,purple,leaf,grapes,leaves');
INSERT OR IGNORE INTO tags (name) VALUES ('vertical');
INSERT INTO photo_tags (photo_idx, tag_id) VALUES ((SELECT photo_idx FROM photos WHERE photo_id = 1860), (SELECT tag_id FROM tags WHERE name = 'vertical'));
INSERT OR IGNORE INTO tags (name) VALUES ('autumn');
INSERT INTO photo_tags (photo_idx, tag_id) VALUES ((SELECT photo_idx FROM photos WHERE photo_id = 1860), (SELECT tag_id FROM tags WHERE name = 'autumn'));
INSERT OR IGNORE INTO tags (name) VALUES ('fall');
INSERT INTO photo_tags (photo_idx, tag_id) VALUES ((SELECT photo_idx FROM photos WHERE photo_id = 1860), (SELECT tag_id FROM tags WHERE name = 'fall'));
INSERT OR IGNORE INTO tags (name) VALUES ('closeup');
INSERT INTO photo_tags (photo_idx, tag_id) VALUES ((SELECT photo_idx FROM photos WHERE photo_id = 1860), (SELECT tag_id FROM tags WHERE name = 'closeup'));
INSERT OR IGNORE INTO tags (name) VALUES ('color');
INSERT INTO photo_tags (photo_idx, tag_id) VALUES ((SELECT photo_idx FROM photos WHERE photo_id = 1860), (SELECT tag_id FROM tags WHERE name = 'color'));
INSERT OR IGNORE INTO tags (name) VALUES ('outdoors');
INSERT INTO photo_tags (photo_idx, tag_id) VALUES ((SELECT photo_idx FROM photos WHERE photo_id = 1860), (SELECT tag_id FROM tags WHERE name = 'outdoors'));
INSERT OR IGNORE INTO tags (name) VALUES ('green');
INSERT INTO photo_tags (photo_idx, tag_id) VALUES ((SELECT photo_idx FROM photos WHERE photo_id = 1860), (SELECT tag_id FROM tags WHERE name = 'green'));
INSERT OR IGNORE INTO tags (name) VALUES ('purple');
INSERT INTO photo_tags (photo_idx, tag_id) VALUES ((SELECT photo_idx FROM photos WHERE photo_id = 1860), (SELECT tag_id FROM tags WHERE name = 'purple'));
INSERT OR IGNORE INTO tags (name) VALUES ('leaf');
INSERT INTO photo_tags (photo_idx, tag_id) VALUES ((SELECT photo_idx FROM photos WHERE photo_id = 1860), (SELECT tag_id FROM tags WHERE name = 'leaf'));
INSERT OR IGNORE INTO tags (name) VALUES ('grapes');
INSERT INTO photo_tags (photo_idx, tag_id) VALUES ((SELECT photo_idx FROM photos WHERE photo_id = 1860), (SELECT tag_id FROM tags WHERE name = 'grapes'));
INSERT OR IGNORE INTO tags (name) VALUES ('leaves');
INSERT INTO photo_tags (photo_idx, tag_id) VALUES ((SELECT photo_idx FROM photos WHERE photo_id = 1860), (SELECT tag_id FROM tags WHERE name = 'leaves'));

INSERT INTO photos (photo_id, photo_title, photo_collection, photo_location, photo_year, camera, film_stock, film_format) VALUES (1861, 'Chardonnay Grapes', 'California', 'Sonoma Valley, California', 1998, 'Hasselblad', 'Fujichrome Velvia', '6 x 6 cm');
INSERT INTO photos_fts (photo_idx, photo_id, photo_title, photo_collection, photo_location, photo_year, camera, film_stock, film_format, tag_names) VALUES ((SELECT photo_idx FROM photos WHERE photo_id = 1861), 1861, 'Chardonnay Grapes', 'California', 'Sonoma Valley, California', 1998, 'Hasselblad', 'Fujichrome Velvia', '6 x 6 cm', 'vertical,autumn,fall,closeup,color,outdoors,green,grapes');
INSERT OR IGNORE INTO tags (name) VALUES ('vertical');
INSERT INTO photo_tags (photo_idx, tag_id) VALUES ((SELECT photo_idx FROM photos WHERE photo_id = 1861), (SELECT tag_id FROM tags WHERE name = 'vertical'));
INSERT OR IGNORE INTO tags (name) VALUES ('autumn');
INSERT INTO photo_tags (photo_idx, tag_id) VALUES ((SELECT photo_idx FROM photos WHERE photo_id = 1861), (SELECT tag_id FROM tags WHERE name = 'autumn'));
INSERT OR IGNORE INTO tags (name) VALUES ('fall');
INSERT INTO photo_tags (photo_idx, tag_id) VALUES ((SELECT photo_idx FROM photos WHERE photo_id = 1861), (SELECT tag_id FROM tags WHERE name = 'fall'));
INSERT OR IGNORE INTO tags (name) VALUES ('closeup');
INSERT INTO photo_tags (photo_idx, tag_id) VALUES ((SELECT photo_idx FROM photos WHERE photo_id = 1861), (SELECT tag_id FROM tags WHERE name = 'closeup'));
INSERT OR IGNORE INTO tags (name) VALUES ('color');
INSERT INTO photo_tags (photo_idx, tag_id) VALUES ((SELECT photo_idx FROM photos WHERE photo_id = 1861), (SELECT tag_id FROM tags WHERE name = 'color'));
INSERT OR IGNORE INTO tags (name) VALUES ('outdoors');
INSERT INTO photo_tags (photo_idx, tag_id) VALUES ((SELECT photo_idx FROM photos WHERE photo_id = 1861), (SELECT tag_id FROM tags WHERE name = 'outdoors'));
INSERT OR IGNORE INTO tags (name) VALUES ('green');
INSERT INTO photo_tags (photo_idx, tag_id) VALUES ((SELECT photo_idx FROM photos WHERE photo_id = 1861), (SELECT tag_id FROM tags WHERE name = 'green'));
INSERT OR IGNORE INTO tags (name) VALUES ('grapes');
INSERT INTO photo_tags (photo_idx, tag_id) VALUES ((SELECT photo_idx FROM photos WHERE photo_id = 1861), (SELECT tag_id FROM tags WHERE name = 'grapes'));

INSERT INTO photos (photo_id, photo_title, photo_collection, photo_location, photo_year, camera, film_stock, film_format) VALUES (1862, 'Michael''s Pond', 'California', 'Sebastopol, California', 1998, 'Hasselblad', 'Fujichrome Velvia', '6 x 6 cm');
INSERT INTO photos_fts (photo_idx, photo_id, photo_title, photo_collection, photo_location, photo_year, camera, film_stock, film_format, tag_names) VALUES ((SELECT photo_idx FROM photos WHERE photo_id = 1862), 1862, 'Michael''s Pond', 'California', 'Sebastopol, California', 1998, 'Hasselblad', 'Fujichrome Velvia', '6 x 6 cm', 'horizontal,scenic,landscape,color,outdoors,green,tulip');
INSERT OR IGNORE INTO tags (name) VALUES ('horizontal');
INSERT INTO photo_tags (photo_idx, tag_id) VALUES ((SELECT photo_idx FROM photos WHERE photo_id = 1862), (SELECT tag_id FROM tags WHERE name = 'horizontal'));
INSERT OR IGNORE INTO tags (name) VALUES ('scenic');
INSERT INTO photo_tags (photo_idx, tag_id) VALUES ((SELECT photo_idx FROM photos WHERE photo_id = 1862), (SELECT tag_id FROM tags WHERE name = 'scenic'));
INSERT OR IGNORE INTO tags (name) VALUES ('landscape');
INSERT INTO photo_tags (photo_idx, tag_id) VALUES ((SELECT photo_idx FROM photos WHERE photo_id = 1862), (SELECT tag_id FROM tags WHERE name = 'landscape'));
INSERT OR IGNORE INTO tags (name) VALUES ('color');
INSERT INTO photo_tags (photo_idx, tag_id) VALUES ((SELECT photo_idx FROM photos WHERE photo_id = 1862), (SELECT tag_id FROM tags WHERE name = 'color'));
INSERT OR IGNORE INTO tags (name) VALUES ('outdoors');
INSERT INTO photo_tags (photo_idx, tag_id) VALUES ((SELECT photo_idx FROM photos WHERE photo_id = 1862), (SELECT tag_id FROM tags WHERE name = 'outdoors'));
INSERT OR IGNORE INTO tags (name) VALUES ('green');
INSERT INTO photo_tags (photo_idx, tag_id) VALUES ((SELECT photo_idx FROM photos WHERE photo_id = 1862), (SELECT tag_id FROM tags WHERE name = 'green'));
INSERT OR IGNORE INTO tags (name) VALUES ('tulip');
INSERT INTO photo_tags (photo_idx, tag_id) VALUES ((SELECT photo_idx FROM photos WHERE photo_id = 1862), (SELECT tag_id FROM tags WHERE name = 'tulip'));

INSERT INTO photos (photo_id, photo_title, photo_collection, photo_location, photo_year, camera, film_stock, film_format) VALUES (1863, 'Michael''s Pond Lily', 'California', 'Sebastopol, California', 1998, 'Hasselblad', 'Fujichrome Velvia', '6 x 6 cm');
INSERT INTO photos_fts (photo_idx, photo_id, photo_title, photo_collection, photo_location, photo_year, camera, film_stock, film_format, tag_names) VALUES ((SELECT photo_idx FROM photos WHERE photo_id = 1863), 1863, 'Michael''s Pond Lily', 'California', 'Sebastopol, California', 1998, 'Hasselblad', 'Fujichrome Velvia', '6 x 6 cm', 'horizontal,closeup,color,outdoors,green,flowers,blossoms,lily');
INSERT OR IGNORE INTO tags (name) VALUES ('horizontal');
INSERT INTO photo_tags (photo_idx, tag_id) VALUES ((SELECT photo_idx FROM photos WHERE photo_id = 1863), (SELECT tag_id FROM tags WHERE name = 'horizontal'));
INSERT OR IGNORE INTO tags (name) VALUES ('closeup');
INSERT INTO photo_tags (photo_idx, tag_id) VALUES ((SELECT photo_idx FROM photos WHERE photo_id = 1863), (SELECT tag_id FROM tags WHERE name = 'closeup'));
INSERT OR IGNORE INTO tags (name) VALUES ('color');
INSERT INTO photo_tags (photo_idx, tag_id) VALUES ((SELECT photo_idx FROM photos WHERE photo_id = 1863), (SELECT tag_id FROM tags WHERE name = 'color'));
INSERT OR IGNORE INTO tags (name) VALUES ('outdoors');
INSERT INTO photo_tags (photo_idx, tag_id) VALUES ((SELECT photo_idx FROM photos WHERE photo_id = 1863), (SELECT tag_id FROM tags WHERE name = 'outdoors'));
INSERT OR IGNORE INTO tags (name) VALUES ('green');
INSERT INTO photo_tags (photo_idx, tag_id) VALUES ((SELECT photo_idx FROM photos WHERE photo_id = 1863), (SELECT tag_id FROM tags WHERE name = 'green'));
INSERT OR IGNORE INTO tags (name) VALUES ('flowers');
INSERT INTO photo_tags (photo_idx, tag_id) VALUES ((SELECT photo_idx FROM photos WHERE photo_id = 1863), (SELECT tag_id FROM tags WHERE name = 'flowers'));
INSERT OR IGNORE INTO tags (name) VALUES ('blossoms');
INSERT INTO photo_tags (photo_idx, tag_id) VALUES ((SELECT photo_idx FROM photos WHERE photo_id = 1863), (SELECT tag_id FROM tags WHERE name = 'blossoms'));
INSERT OR IGNORE INTO tags (name) VALUES ('lily');
INSERT INTO photo_tags (photo_idx, tag_id) VALUES ((SELECT photo_idx FROM photos WHERE photo_id = 1863), (SELECT tag_id FROM tags WHERE name = 'lily'));

INSERT INTO photos (photo_id, photo_title, photo_collection, photo_location, photo_year, camera, film_stock, film_format) VALUES (1864, 'Tafoni Bowl', 'California', 'Salt Point, California', 1998, 'Hasselblad', 'Fujichrome Velvia', '6 x 6 cm');
INSERT INTO photos_fts (photo_idx, photo_id, photo_title, photo_collection, photo_location, photo_year, camera, film_stock, film_format, tag_names) VALUES ((SELECT photo_idx FROM photos WHERE photo_id = 1864), 1864, 'Tafoni Bowl', 'California', 'Salt Point, California', 1998, 'Hasselblad', 'Fujichrome Velvia', '6 x 6 cm', 'horizontal,color,outdoors,gray,tan,rock,sandstone,coast');
INSERT OR IGNORE INTO tags (name) VALUES ('horizontal');
INSERT INTO photo_tags (photo_idx, tag_id) VALUES ((SELECT photo_idx FROM photos WHERE photo_id = 1864), (SELECT tag_id FROM tags WHERE name = 'horizontal'));
INSERT OR IGNORE INTO tags (name) VALUES ('color');
INSERT INTO photo_tags (photo_idx, tag_id) VALUES ((SELECT photo_idx FROM photos WHERE photo_id = 1864), (SELECT tag_id FROM tags WHERE name = 'color'));
INSERT OR IGNORE INTO tags (name) VALUES ('outdoors');
INSERT INTO photo_tags (photo_idx, tag_id) VALUES ((SELECT photo_idx FROM photos WHERE photo_id = 1864), (SELECT tag_id FROM tags WHERE name = 'outdoors'));
INSERT OR IGNORE INTO tags (name) VALUES ('gray');
INSERT INTO photo_tags (photo_idx, tag_id) VALUES ((SELECT photo_idx FROM photos WHERE photo_id = 1864), (SELECT tag_id FROM tags WHERE name = 'gray'));
INSERT OR IGNORE INTO tags (name) VALUES ('tan');
INSERT INTO photo_tags (photo_idx, tag_id) VALUES ((SELECT photo_idx FROM photos WHERE photo_id = 1864), (SELECT tag_id FROM tags WHERE name = 'tan'));
INSERT OR IGNORE INTO tags (name) VALUES ('rock');
INSERT INTO photo_tags (photo_idx, tag_id) VALUES ((SELECT photo_idx FROM photos WHERE photo_id = 1864), (SELECT tag_id FROM tags WHERE name = 'rock'));
INSERT OR IGNORE INTO tags (name) VALUES ('sandstone');
INSERT INTO photo_tags (photo_idx, tag_id) VALUES ((SELECT photo_idx FROM photos WHERE photo_id = 1864), (SELECT tag_id FROM tags WHERE name = 'sandstone'));
INSERT OR IGNORE INTO tags (name) VALUES ('coast');
INSERT INTO photo_tags (photo_idx, tag_id) VALUES ((SELECT photo_idx FROM photos WHERE photo_id = 1864), (SELECT tag_id FROM tags WHERE name = 'coast'));

INSERT INTO photos (photo_id, photo_title, photo_collection, photo_location, photo_year, camera, film_stock, film_format) VALUES (1866, 'Salt Point Spray', 'California', 'Salt Point, California', 1998, 'Hasselblad', 'Fujichrome Velvia', '6 x 6 cm');
INSERT INTO photos_fts (photo_idx, photo_id, photo_title, photo_collection, photo_location, photo_year, camera, film_stock, film_format, tag_names) VALUES ((SELECT photo_idx FROM photos WHERE photo_id = 1866), 1866, 'Salt Point Spray', 'California', 'Salt Point, California', 1998, 'Hasselblad', 'Fujichrome Velvia', '6 x 6 cm', 'horizontal,scenic,landscape,color,outdoors,white,rock,sandstone,sky,water,ocean,beach,coast,waves');
INSERT OR IGNORE INTO tags (name) VALUES ('horizontal');
INSERT INTO photo_tags (photo_idx, tag_id) VALUES ((SELECT photo_idx FROM photos WHERE photo_id = 1866), (SELECT tag_id FROM tags WHERE name = 'horizontal'));
INSERT OR IGNORE INTO tags (name) VALUES ('scenic');
INSERT INTO photo_tags (photo_idx, tag_id) VALUES ((SELECT photo_idx FROM photos WHERE photo_id = 1866), (SELECT tag_id FROM tags WHERE name = 'scenic'));
INSERT OR IGNORE INTO tags (name) VALUES ('landscape');
INSERT INTO photo_tags (photo_idx, tag_id) VALUES ((SELECT photo_idx FROM photos WHERE photo_id = 1866), (SELECT tag_id FROM tags WHERE name = 'landscape'));
INSERT OR IGNORE INTO tags (name) VALUES ('color');
INSERT INTO photo_tags (photo_idx, tag_id) VALUES ((SELECT photo_idx FROM photos WHERE photo_id = 1866), (SELECT tag_id FROM tags WHERE name = 'color'));
INSERT OR IGNORE INTO tags (name) VALUES ('outdoors');
INSERT INTO photo_tags (photo_idx, tag_id) VALUES ((SELECT photo_idx FROM photos WHERE photo_id = 1866), (SELECT tag_id FROM tags WHERE name = 'outdoors'));
INSERT OR IGNORE INTO tags (name) VALUES ('white');
INSERT INTO photo_tags (photo_idx, tag_id) VALUES ((SELECT photo_idx FROM photos WHERE photo_id = 1866), (SELECT tag_id FROM tags WHERE name = 'white'));
INSERT OR IGNORE INTO tags (name) VALUES ('rock');
INSERT INTO photo_tags (photo_idx, tag_id) VALUES ((SELECT photo_idx FROM photos WHERE photo_id = 1866), (SELECT tag_id FROM tags WHERE name = 'rock'));
INSERT OR IGNORE INTO tags (name) VALUES ('sandstone');
INSERT INTO photo_tags (photo_idx, tag_id) VALUES ((SELECT photo_idx FROM photos WHERE photo_id = 1866), (SELECT tag_id FROM tags WHERE name = 'sandstone'));
INSERT OR IGNORE INTO tags (name) VALUES ('sky');
INSERT INTO photo_tags (photo_idx, tag_id) VALUES ((SELECT photo_idx FROM photos WHERE photo_id = 1866), (SELECT tag_id FROM tags WHERE name = 'sky'));
INSERT OR IGNORE INTO tags (name) VALUES ('water');
INSERT INTO photo_tags (photo_idx, tag_id) VALUES ((SELECT photo_idx FROM photos WHERE photo_id = 1866), (SELECT tag_id FROM tags WHERE name = 'water'));
INSERT OR IGNORE INTO tags (name) VALUES ('ocean');
INSERT INTO photo_tags (photo_idx, tag_id) VALUES ((SELECT photo_idx FROM photos WHERE photo_id = 1866), (SELECT tag_id FROM tags WHERE name = 'ocean'));
INSERT OR IGNORE INTO tags (name) VALUES ('beach');
INSERT INTO photo_tags (photo_idx, tag_id) VALUES ((SELECT photo_idx FROM photos WHERE photo_id = 1866), (SELECT tag_id FROM tags WHERE name = 'beach'));
INSERT OR IGNORE INTO tags (name) VALUES ('coast');
INSERT INTO photo_tags (photo_idx, tag_id) VALUES ((SELECT photo_idx FROM photos WHERE photo_id = 1866), (SELECT tag_id FROM tags WHERE name = 'coast'));
INSERT OR IGNORE INTO tags (name) VALUES ('waves');
INSERT INTO photo_tags (photo_idx, tag_id) VALUES ((SELECT photo_idx FROM photos WHERE photo_id = 1866), (SELECT tag_id FROM tags WHERE name = 'waves'));

INSERT INTO photos (photo_id, photo_title, photo_collection, photo_location, photo_year, camera, film_stock, film_format) VALUES (1867, 'Ponderosa Pine Bark', 'California', 'Yosemite National Park', 1998, 'Hasselblad', 'Fujichrome Velvia', '6 x 6 cm');
INSERT INTO photos_fts (photo_idx, photo_id, photo_title, photo_collection, photo_location, photo_year, camera, film_stock, film_format, tag_names) VALUES ((SELECT photo_idx FROM photos WHERE photo_id = 1867), 1867, 'Ponderosa Pine Bark', 'California', 'Yosemite National Park', 1998, 'Hasselblad', 'Fujichrome Velvia', '6 x 6 cm', 'horizontal,color,outdoors,brown,red,trees');
INSERT OR IGNORE INTO tags (name) VALUES ('horizontal');
INSERT INTO photo_tags (photo_idx, tag_id) VALUES ((SELECT photo_idx FROM photos WHERE photo_id = 1867), (SELECT tag_id FROM tags WHERE name = 'horizontal'));
INSERT OR IGNORE INTO tags (name) VALUES ('color');
INSERT INTO photo_tags (photo_idx, tag_id) VALUES ((SELECT photo_idx FROM photos WHERE photo_id = 1867), (SELECT tag_id FROM tags WHERE name = 'color'));
INSERT OR IGNORE INTO tags (name) VALUES ('outdoors');
INSERT INTO photo_tags (photo_idx, tag_id) VALUES ((SELECT photo_idx FROM photos WHERE photo_id = 1867), (SELECT tag_id FROM tags WHERE name = 'outdoors'));
INSERT OR IGNORE INTO tags (name) VALUES ('brown');
INSERT INTO photo_tags (photo_idx, tag_id) VALUES ((SELECT photo_idx FROM photos WHERE photo_id = 1867), (SELECT tag_id FROM tags WHERE name = 'brown'));
INSERT OR IGNORE INTO tags (name) VALUES ('red');
INSERT INTO photo_tags (photo_idx, tag_id) VALUES ((SELECT photo_idx FROM photos WHERE photo_id = 1867), (SELECT tag_id FROM tags WHERE name = 'red'));
INSERT OR IGNORE INTO tags (name) VALUES ('trees');
INSERT INTO photo_tags (photo_idx, tag_id) VALUES ((SELECT photo_idx FROM photos WHERE photo_id = 1867), (SELECT tag_id FROM tags WHERE name = 'trees'));

INSERT INTO photos (photo_id, photo_title, photo_collection, photo_location, photo_year, camera, film_stock, film_format) VALUES (1868, 'Sea Stack at Sunset', 'Pacific Northwest', 'Olympic Peninsula, Washington', 1997, 'Hasselblad', 'Fujichrome Velvia', '6 x 6 cm');
INSERT INTO photos_fts (photo_idx, photo_id, photo_title, photo_collection, photo_location, photo_year, camera, film_stock, film_format, tag_names) VALUES ((SELECT photo_idx FROM photos WHERE photo_id = 1868), 1868, 'Sea Stack at Sunset', 'Pacific Northwest', 'Olympic Peninsula, Washington', 1997, 'Hasselblad', 'Fujichrome Velvia', '6 x 6 cm', 'vertical,popular,scenic,landscape,color,outdoors,black,purple,fog,rock,sand,sky,sunset,water,ocean,clouds,mist,beach,coast,sea stack,waves');
INSERT OR IGNORE INTO tags (name) VALUES ('vertical');
INSERT INTO photo_tags (photo_idx, tag_id) VALUES ((SELECT photo_idx FROM photos WHERE photo_id = 1868), (SELECT tag_id FROM tags WHERE name = 'vertical'));
INSERT OR IGNORE INTO tags (name) VALUES ('popular');
INSERT INTO photo_tags (photo_idx, tag_id) VALUES ((SELECT photo_idx FROM photos WHERE photo_id = 1868), (SELECT tag_id FROM tags WHERE name = 'popular'));
INSERT OR IGNORE INTO tags (name) VALUES ('scenic');
INSERT INTO photo_tags (photo_idx, tag_id) VALUES ((SELECT photo_idx FROM photos WHERE photo_id = 1868), (SELECT tag_id FROM tags WHERE name = 'scenic'));
INSERT OR IGNORE INTO tags (name) VALUES ('landscape');
INSERT INTO photo_tags (photo_idx, tag_id) VALUES ((SELECT photo_idx FROM photos WHERE photo_id = 1868), (SELECT tag_id FROM tags WHERE name = 'landscape'));
INSERT OR IGNORE INTO tags (name) VALUES ('color');
INSERT INTO photo_tags (photo_idx, tag_id) VALUES ((SELECT photo_idx FROM photos WHERE photo_id = 1868), (SELECT tag_id FROM tags WHERE name = 'color'));
INSERT OR IGNORE INTO tags (name) VALUES ('outdoors');
INSERT INTO photo_tags (photo_idx, tag_id) VALUES ((SELECT photo_idx FROM photos WHERE photo_id = 1868), (SELECT tag_id FROM tags WHERE name = 'outdoors'));
INSERT OR IGNORE INTO tags (name) VALUES ('black');
INSERT INTO photo_tags (photo_idx, tag_id) VALUES ((SELECT photo_idx FROM photos WHERE photo_id = 1868), (SELECT tag_id FROM tags WHERE name = 'black'));
INSERT OR IGNORE INTO tags (name) VALUES ('purple');
INSERT INTO photo_tags (photo_idx, tag_id) VALUES ((SELECT photo_idx FROM photos WHERE photo_id = 1868), (SELECT tag_id FROM tags WHERE name = 'purple'));
INSERT OR IGNORE INTO tags (name) VALUES ('fog');
INSERT INTO photo_tags (photo_idx, tag_id) VALUES ((SELECT photo_idx FROM photos WHERE photo_id = 1868), (SELECT tag_id FROM tags WHERE name = 'fog'));
INSERT OR IGNORE INTO tags (name) VALUES ('rock');
INSERT INTO photo_tags (photo_idx, tag_id) VALUES ((SELECT photo_idx FROM photos WHERE photo_id = 1868), (SELECT tag_id FROM tags WHERE name = 'rock'));
INSERT OR IGNORE INTO tags (name) VALUES ('sand');
INSERT INTO photo_tags (photo_idx, tag_id) VALUES ((SELECT photo_idx FROM photos WHERE photo_id = 1868), (SELECT tag_id FROM tags WHERE name = 'sand'));
INSERT OR IGNORE INTO tags (name) VALUES ('sky');
INSERT INTO photo_tags (photo_idx, tag_id) VALUES ((SELECT photo_idx FROM photos WHERE photo_id = 1868), (SELECT tag_id FROM tags WHERE name = 'sky'));
INSERT OR IGNORE INTO tags (name) VALUES ('sunset');
INSERT INTO photo_tags (photo_idx, tag_id) VALUES ((SELECT photo_idx FROM photos WHERE photo_id = 1868), (SELECT tag_id FROM tags WHERE name = 'sunset'));
INSERT OR IGNORE INTO tags (name) VALUES ('water');
INSERT INTO photo_tags (photo_idx, tag_id) VALUES ((SELECT photo_idx FROM photos WHERE photo_id = 1868), (SELECT tag_id FROM tags WHERE name = 'water'));
INSERT OR IGNORE INTO tags (name) VALUES ('ocean');
INSERT INTO photo_tags (photo_idx, tag_id) VALUES ((SELECT photo_idx FROM photos WHERE photo_id = 1868), (SELECT tag_id FROM tags WHERE name = 'ocean'));
INSERT OR IGNORE INTO tags (name) VALUES ('clouds');
INSERT INTO photo_tags (photo_idx, tag_id) VALUES ((SELECT photo_idx FROM photos WHERE photo_id = 1868), (SELECT tag_id FROM tags WHERE name = 'clouds'));
INSERT OR IGNORE INTO tags (name) VALUES ('mist');
INSERT INTO photo_tags (photo_idx, tag_id) VALUES ((SELECT photo_idx FROM photos WHERE photo_id = 1868), (SELECT tag_id FROM tags WHERE name = 'mist'));
INSERT OR IGNORE INTO tags (name) VALUES ('beach');
INSERT INTO photo_tags (photo_idx, tag_id) VALUES ((SELECT photo_idx FROM photos WHERE photo_id = 1868), (SELECT tag_id FROM tags WHERE name = 'beach'));
INSERT OR IGNORE INTO tags (name) VALUES ('coast');
INSERT INTO photo_tags (photo_idx, tag_id) VALUES ((SELECT photo_idx FROM photos WHERE photo_id = 1868), (SELECT tag_id FROM tags WHERE name = 'coast'));
INSERT OR IGNORE INTO tags (name) VALUES ('sea stack');
INSERT INTO photo_tags (photo_idx, tag_id) VALUES ((SELECT photo_idx FROM photos WHERE photo_id = 1868), (SELECT tag_id FROM tags WHERE name = 'sea stack'));
INSERT OR IGNORE INTO tags (name) VALUES ('waves');
INSERT INTO photo_tags (photo_idx, tag_id) VALUES ((SELECT photo_idx FROM photos WHERE photo_id = 1868), (SELECT tag_id FROM tags WHERE name = 'waves'));

INSERT INTO photos (photo_id, photo_title, photo_collection, photo_location, photo_year, camera, film_stock, film_format) VALUES (1869, 'Bed of Green', 'Pacific Northwest', 'Olympic Peninsula, Washington', 1997, 'Hasselblad', 'Fujichrome Velvia', '6 x 6 cm');
INSERT INTO photos_fts (photo_idx, photo_id, photo_title, photo_collection, photo_location, photo_year, camera, film_stock, film_format, tag_names) VALUES ((SELECT photo_idx FROM photos WHERE photo_id = 1869), 1869, 'Bed of Green', 'Pacific Northwest', 'Olympic Peninsula, Washington', 1997, 'Hasselblad', 'Fujichrome Velvia', '6 x 6 cm', 'horizontal,spring,scenic,landscape,color,outdoors,green,ferns,moss,trees,forest,rainforest');
INSERT OR IGNORE INTO tags (name) VALUES ('horizontal');
INSERT INTO photo_tags (photo_idx, tag_id) VALUES ((SELECT photo_idx FROM photos WHERE photo_id = 1869), (SELECT tag_id FROM tags WHERE name = 'horizontal'));
INSERT OR IGNORE INTO tags (name) VALUES ('spring');
INSERT INTO photo_tags (photo_idx, tag_id) VALUES ((SELECT photo_idx FROM photos WHERE photo_id = 1869), (SELECT tag_id FROM tags WHERE name = 'spring'));
INSERT OR IGNORE INTO tags (name) VALUES ('scenic');
INSERT INTO photo_tags (photo_idx, tag_id) VALUES ((SELECT photo_idx FROM photos WHERE photo_id = 1869), (SELECT tag_id FROM tags WHERE name = 'scenic'));
INSERT OR IGNORE INTO tags (name) VALUES ('landscape');
INSERT INTO photo_tags (photo_idx, tag_id) VALUES ((SELECT photo_idx FROM photos WHERE photo_id = 1869), (SELECT tag_id FROM tags WHERE name = 'landscape'));
INSERT OR IGNORE INTO tags (name) VALUES ('color');
INSERT INTO photo_tags (photo_idx, tag_id) VALUES ((SELECT photo_idx FROM photos WHERE photo_id = 1869), (SELECT tag_id FROM tags WHERE name = 'color'));
INSERT OR IGNORE INTO tags (name) VALUES ('outdoors');
INSERT INTO photo_tags (photo_idx, tag_id) VALUES ((SELECT photo_idx FROM photos WHERE photo_id = 1869), (SELECT tag_id FROM tags WHERE name = 'outdoors'));
INSERT OR IGNORE INTO tags (name) VALUES ('green');
INSERT INTO photo_tags (photo_idx, tag_id) VALUES ((SELECT photo_idx FROM photos WHERE photo_id = 1869), (SELECT tag_id FROM tags WHERE name = 'green'));
INSERT OR IGNORE INTO tags (name) VALUES ('ferns');
INSERT INTO photo_tags (photo_idx, tag_id) VALUES ((SELECT photo_idx FROM photos WHERE photo_id = 1869), (SELECT tag_id FROM tags WHERE name = 'ferns'));
INSERT OR IGNORE INTO tags (name) VALUES ('moss');
INSERT INTO photo_tags (photo_idx, tag_id) VALUES ((SELECT photo_idx FROM photos WHERE photo_id = 1869), (SELECT tag_id FROM tags WHERE name = 'moss'));
INSERT OR IGNORE INTO tags (name) VALUES ('trees');
INSERT INTO photo_tags (photo_idx, tag_id) VALUES ((SELECT photo_idx FROM photos WHERE photo_id = 1869), (SELECT tag_id FROM tags WHERE name = 'trees'));
INSERT OR IGNORE INTO tags (name) VALUES ('forest');
INSERT INTO photo_tags (photo_idx, tag_id) VALUES ((SELECT photo_idx FROM photos WHERE photo_id = 1869), (SELECT tag_id FROM tags WHERE name = 'forest'));
INSERT OR IGNORE INTO tags (name) VALUES ('rainforest');
INSERT INTO photo_tags (photo_idx, tag_id) VALUES ((SELECT photo_idx FROM photos WHERE photo_id = 1869), (SELECT tag_id FROM tags WHERE name = 'rainforest'));

INSERT INTO photos (photo_id, photo_title, photo_collection, photo_location, photo_year, camera, film_stock, film_format) VALUES (1871, 'Quinault Rainforest', 'Pacific Northwest', 'Olympic Peninsula, Washington', 1997, 'Hasselblad', 'Fujichrome Velvia', '6 x 6 cm');
INSERT INTO photos_fts (photo_idx, photo_id, photo_title, photo_collection, photo_location, photo_year, camera, film_stock, film_format, tag_names) VALUES ((SELECT photo_idx FROM photos WHERE photo_id = 1871), 1871, 'Quinault Rainforest', 'Pacific Northwest', 'Olympic Peninsula, Washington', 1997, 'Hasselblad', 'Fujichrome Velvia', '6 x 6 cm', 'horizontal,spring,scenic,landscape,color,outdoors,green,ferns,moss,trees,forest,rainforest');
INSERT OR IGNORE INTO tags (name) VALUES ('horizontal');
INSERT INTO photo_tags (photo_idx, tag_id) VALUES ((SELECT photo_idx FROM photos WHERE photo_id = 1871), (SELECT tag_id FROM tags WHERE name = 'horizontal'));
INSERT OR IGNORE INTO tags (name) VALUES ('spring');
INSERT INTO photo_tags (photo_idx, tag_id) VALUES ((SELECT photo_idx FROM photos WHERE photo_id = 1871), (SELECT tag_id FROM tags WHERE name = 'spring'));
INSERT OR IGNORE INTO tags (name) VALUES ('scenic');
INSERT INTO photo_tags (photo_idx, tag_id) VALUES ((SELECT photo_idx FROM photos WHERE photo_id = 1871), (SELECT tag_id FROM tags WHERE name = 'scenic'));
INSERT OR IGNORE INTO tags (name) VALUES ('landscape');
INSERT INTO photo_tags (photo_idx, tag_id) VALUES ((SELECT photo_idx FROM photos WHERE photo_id = 1871), (SELECT tag_id FROM tags WHERE name = 'landscape'));
INSERT OR IGNORE INTO tags (name) VALUES ('color');
INSERT INTO photo_tags (photo_idx, tag_id) VALUES ((SELECT photo_idx FROM photos WHERE photo_id = 1871), (SELECT tag_id FROM tags WHERE name = 'color'));
INSERT OR IGNORE INTO tags (name) VALUES ('outdoors');
INSERT INTO photo_tags (photo_idx, tag_id) VALUES ((SELECT photo_idx FROM photos WHERE photo_id = 1871), (SELECT tag_id FROM tags WHERE name = 'outdoors'));
INSERT OR IGNORE INTO tags (name) VALUES ('green');
INSERT INTO photo_tags (photo_idx, tag_id) VALUES ((SELECT photo_idx FROM photos WHERE photo_id = 1871), (SELECT tag_id FROM tags WHERE name = 'green'));
INSERT OR IGNORE INTO tags (name) VALUES ('ferns');
INSERT INTO photo_tags (photo_idx, tag_id) VALUES ((SELECT photo_idx FROM photos WHERE photo_id = 1871), (SELECT tag_id FROM tags WHERE name = 'ferns'));
INSERT OR IGNORE INTO tags (name) VALUES ('moss');
INSERT INTO photo_tags (photo_idx, tag_id) VALUES ((SELECT photo_idx FROM photos WHERE photo_id = 1871), (SELECT tag_id FROM tags WHERE name = 'moss'));
INSERT OR IGNORE INTO tags (name) VALUES ('trees');
INSERT INTO photo_tags (photo_idx, tag_id) VALUES ((SELECT photo_idx FROM photos WHERE photo_id = 1871), (SELECT tag_id FROM tags WHERE name = 'trees'));
INSERT OR IGNORE INTO tags (name) VALUES ('forest');
INSERT INTO photo_tags (photo_idx, tag_id) VALUES ((SELECT photo_idx FROM photos WHERE photo_id = 1871), (SELECT tag_id FROM tags WHERE name = 'forest'));
INSERT OR IGNORE INTO tags (name) VALUES ('rainforest');
INSERT INTO photo_tags (photo_idx, tag_id) VALUES ((SELECT photo_idx FROM photos WHERE photo_id = 1871), (SELECT tag_id FROM tags WHERE name = 'rainforest'));

INSERT INTO photos (photo_id, photo_title, photo_collection, photo_location, photo_year, camera, film_stock, film_format) VALUES (1872, 'Ghostly Forest', 'Pacific Northwest', 'Olympic Peninsula, Washington', 1997, 'Hasselblad', 'Fujichrome Velvia', '6 x 6 cm');
INSERT INTO photos_fts (photo_idx, photo_id, photo_title, photo_collection, photo_location, photo_year, camera, film_stock, film_format, tag_names) VALUES ((SELECT photo_idx FROM photos WHERE photo_id = 1872), 1872, 'Ghostly Forest', 'Pacific Northwest', 'Olympic Peninsula, Washington', 1997, 'Hasselblad', 'Fujichrome Velvia', '6 x 6 cm', 'horizontal,spring,scenic,landscape,color,outdoors,green,ferns,moss,trees,forest,rainforest');
INSERT OR IGNORE INTO tags (name) VALUES ('horizontal');
INSERT INTO photo_tags (photo_idx, tag_id) VALUES ((SELECT photo_idx FROM photos WHERE photo_id = 1872), (SELECT tag_id FROM tags WHERE name = 'horizontal'));
INSERT OR IGNORE INTO tags (name) VALUES ('spring');
INSERT INTO photo_tags (photo_idx, tag_id) VALUES ((SELECT photo_idx FROM photos WHERE photo_id = 1872), (SELECT tag_id FROM tags WHERE name = 'spring'));
INSERT OR IGNORE INTO tags (name) VALUES ('scenic');
INSERT INTO photo_tags (photo_idx, tag_id) VALUES ((SELECT photo_idx FROM photos WHERE photo_id = 1872), (SELECT tag_id FROM tags WHERE name = 'scenic'));
INSERT OR IGNORE INTO tags (name) VALUES ('landscape');
INSERT INTO photo_tags (photo_idx, tag_id) VALUES ((SELECT photo_idx FROM photos WHERE photo_id = 1872), (SELECT tag_id FROM tags WHERE name = 'landscape'));
INSERT OR IGNORE INTO tags (name) VALUES ('color');
INSERT INTO photo_tags (photo_idx, tag_id) VALUES ((SELECT photo_idx FROM photos WHERE photo_id = 1872), (SELECT tag_id FROM tags WHERE name = 'color'));
INSERT OR IGNORE INTO tags (name) VALUES ('outdoors');
INSERT INTO photo_tags (photo_idx, tag_id) VALUES ((SELECT photo_idx FROM photos WHERE photo_id = 1872), (SELECT tag_id FROM tags WHERE name = 'outdoors'));
INSERT OR IGNORE INTO tags (name) VALUES ('green');
INSERT INTO photo_tags (photo_idx, tag_id) VALUES ((SELECT photo_idx FROM photos WHERE photo_id = 1872), (SELECT tag_id FROM tags WHERE name = 'green'));
INSERT OR IGNORE INTO tags (name) VALUES ('ferns');
INSERT INTO photo_tags (photo_idx, tag_id) VALUES ((SELECT photo_idx FROM photos WHERE photo_id = 1872), (SELECT tag_id FROM tags WHERE name = 'ferns'));
INSERT OR IGNORE INTO tags (name) VALUES ('moss');
INSERT INTO photo_tags (photo_idx, tag_id) VALUES ((SELECT photo_idx FROM photos WHERE photo_id = 1872), (SELECT tag_id FROM tags WHERE name = 'moss'));
INSERT OR IGNORE INTO tags (name) VALUES ('trees');
INSERT INTO photo_tags (photo_idx, tag_id) VALUES ((SELECT photo_idx FROM photos WHERE photo_id = 1872), (SELECT tag_id FROM tags WHERE name = 'trees'));
INSERT OR IGNORE INTO tags (name) VALUES ('forest');
INSERT INTO photo_tags (photo_idx, tag_id) VALUES ((SELECT photo_idx FROM photos WHERE photo_id = 1872), (SELECT tag_id FROM tags WHERE name = 'forest'));
INSERT OR IGNORE INTO tags (name) VALUES ('rainforest');
INSERT INTO photo_tags (photo_idx, tag_id) VALUES ((SELECT photo_idx FROM photos WHERE photo_id = 1872), (SELECT tag_id FROM tags WHERE name = 'rainforest'));

INSERT INTO photos (photo_id, photo_title, photo_collection, photo_location, photo_year, camera, film_stock, film_format) VALUES (1873, 'Stream from Above', 'Pacific Northwest', 'Olympic Peninsula, Washington', 1997, 'Hasselblad', 'Fujichrome Velvia', '6 x 6 cm');
INSERT INTO photos_fts (photo_idx, photo_id, photo_title, photo_collection, photo_location, photo_year, camera, film_stock, film_format, tag_names) VALUES ((SELECT photo_idx FROM photos WHERE photo_id = 1873), 1873, 'Stream from Above', 'Pacific Northwest', 'Olympic Peninsula, Washington', 1997, 'Hasselblad', 'Fujichrome Velvia', '6 x 6 cm', 'vertical,spring,scenic,landscape,color,outdoors,green,white,moss,water,waterfall,river,stream');
INSERT OR IGNORE INTO tags (name) VALUES ('vertical');
INSERT INTO photo_tags (photo_idx, tag_id) VALUES ((SELECT photo_idx FROM photos WHERE photo_id = 1873), (SELECT tag_id FROM tags WHERE name = 'vertical'));
INSERT OR IGNORE INTO tags (name) VALUES ('spring');
INSERT INTO photo_tags (photo_idx, tag_id) VALUES ((SELECT photo_idx FROM photos WHERE photo_id = 1873), (SELECT tag_id FROM tags WHERE name = 'spring'));
INSERT OR IGNORE INTO tags (name) VALUES ('scenic');
INSERT INTO photo_tags (photo_idx, tag_id) VALUES ((SELECT photo_idx FROM photos WHERE photo_id = 1873), (SELECT tag_id FROM tags WHERE name = 'scenic'));
INSERT OR IGNORE INTO tags (name) VALUES ('landscape');
INSERT INTO photo_tags (photo_idx, tag_id) VALUES ((SELECT photo_idx FROM photos WHERE photo_id = 1873), (SELECT tag_id FROM tags WHERE name = 'landscape'));
INSERT OR IGNORE INTO tags (name) VALUES ('color');
INSERT INTO photo_tags (photo_idx, tag_id) VALUES ((SELECT photo_idx FROM photos WHERE photo_id = 1873), (SELECT tag_id FROM tags WHERE name = 'color'));
INSERT OR IGNORE INTO tags (name) VALUES ('outdoors');
INSERT INTO photo_tags (photo_idx, tag_id) VALUES ((SELECT photo_idx FROM photos WHERE photo_id = 1873), (SELECT tag_id FROM tags WHERE name = 'outdoors'));
INSERT OR IGNORE INTO tags (name) VALUES ('green');
INSERT INTO photo_tags (photo_idx, tag_id) VALUES ((SELECT photo_idx FROM photos WHERE photo_id = 1873), (SELECT tag_id FROM tags WHERE name = 'green'));
INSERT OR IGNORE INTO tags (name) VALUES ('white');
INSERT INTO photo_tags (photo_idx, tag_id) VALUES ((SELECT photo_idx FROM photos WHERE photo_id = 1873), (SELECT tag_id FROM tags WHERE name = 'white'));
INSERT OR IGNORE INTO tags (name) VALUES ('moss');
INSERT INTO photo_tags (photo_idx, tag_id) VALUES ((SELECT photo_idx FROM photos WHERE photo_id = 1873), (SELECT tag_id FROM tags WHERE name = 'moss'));
INSERT OR IGNORE INTO tags (name) VALUES ('water');
INSERT INTO photo_tags (photo_idx, tag_id) VALUES ((SELECT photo_idx FROM photos WHERE photo_id = 1873), (SELECT tag_id FROM tags WHERE name = 'water'));
INSERT OR IGNORE INTO tags (name) VALUES ('waterfall');
INSERT INTO photo_tags (photo_idx, tag_id) VALUES ((SELECT photo_idx FROM photos WHERE photo_id = 1873), (SELECT tag_id FROM tags WHERE name = 'waterfall'));
INSERT OR IGNORE INTO tags (name) VALUES ('river');
INSERT INTO photo_tags (photo_idx, tag_id) VALUES ((SELECT photo_idx FROM photos WHERE photo_id = 1873), (SELECT tag_id FROM tags WHERE name = 'river'));
INSERT OR IGNORE INTO tags (name) VALUES ('stream');
INSERT INTO photo_tags (photo_idx, tag_id) VALUES ((SELECT photo_idx FROM photos WHERE photo_id = 1873), (SELECT tag_id FROM tags WHERE name = 'stream'));

INSERT INTO photos (photo_id, photo_title, photo_collection, photo_location, photo_year, camera, film_stock, film_format) VALUES (1874, 'Quinault Rainforest', 'Pacific Northwest', 'Olympic Peninsula, Washington', 1997, 'Hasselblad', 'Fujichrome Velvia', '6 x 6 cm');
INSERT INTO photos_fts (photo_idx, photo_id, photo_title, photo_collection, photo_location, photo_year, camera, film_stock, film_format, tag_names) VALUES ((SELECT photo_idx FROM photos WHERE photo_id = 1874), 1874, 'Quinault Rainforest', 'Pacific Northwest', 'Olympic Peninsula, Washington', 1997, 'Hasselblad', 'Fujichrome Velvia', '6 x 6 cm', 'horizontal,spring,scenic,landscape,color,outdoors,green,ferns,moss,trees,forest,rainforest');
INSERT OR IGNORE INTO tags (name) VALUES ('horizontal');
INSERT INTO photo_tags (photo_idx, tag_id) VALUES ((SELECT photo_idx FROM photos WHERE photo_id = 1874), (SELECT tag_id FROM tags WHERE name = 'horizontal'));
INSERT OR IGNORE INTO tags (name) VALUES ('spring');
INSERT INTO photo_tags (photo_idx, tag_id) VALUES ((SELECT photo_idx FROM photos WHERE photo_id = 1874), (SELECT tag_id FROM tags WHERE name = 'spring'));
INSERT OR IGNORE INTO tags (name) VALUES ('scenic');
INSERT INTO photo_tags (photo_idx, tag_id) VALUES ((SELECT photo_idx FROM photos WHERE photo_id = 1874), (SELECT tag_id FROM tags WHERE name = 'scenic'));
INSERT OR IGNORE INTO tags (name) VALUES ('landscape');
INSERT INTO photo_tags (photo_idx, tag_id) VALUES ((SELECT photo_idx FROM photos WHERE photo_id = 1874), (SELECT tag_id FROM tags WHERE name = 'landscape'));
INSERT OR IGNORE INTO tags (name) VALUES ('color');
INSERT INTO photo_tags (photo_idx, tag_id) VALUES ((SELECT photo_idx FROM photos WHERE photo_id = 1874), (SELECT tag_id FROM tags WHERE name = 'color'));
INSERT OR IGNORE INTO tags (name) VALUES ('outdoors');
INSERT INTO photo_tags (photo_idx, tag_id) VALUES ((SELECT photo_idx FROM photos WHERE photo_id = 1874), (SELECT tag_id FROM tags WHERE name = 'outdoors'));
INSERT OR IGNORE INTO tags (name) VALUES ('green');
INSERT INTO photo_tags (photo_idx, tag_id) VALUES ((SELECT photo_idx FROM photos WHERE photo_id = 1874), (SELECT tag_id FROM tags WHERE name = 'green'));
INSERT OR IGNORE INTO tags (name) VALUES ('ferns');
INSERT INTO photo_tags (photo_idx, tag_id) VALUES ((SELECT photo_idx FROM photos WHERE photo_id = 1874), (SELECT tag_id FROM tags WHERE name = 'ferns'));
INSERT OR IGNORE INTO tags (name) VALUES ('moss');
INSERT INTO photo_tags (photo_idx, tag_id) VALUES ((SELECT photo_idx FROM photos WHERE photo_id = 1874), (SELECT tag_id FROM tags WHERE name = 'moss'));
INSERT OR IGNORE INTO tags (name) VALUES ('trees');
INSERT INTO photo_tags (photo_idx, tag_id) VALUES ((SELECT photo_idx FROM photos WHERE photo_id = 1874), (SELECT tag_id FROM tags WHERE name = 'trees'));
INSERT OR IGNORE INTO tags (name) VALUES ('forest');
INSERT INTO photo_tags (photo_idx, tag_id) VALUES ((SELECT photo_idx FROM photos WHERE photo_id = 1874), (SELECT tag_id FROM tags WHERE name = 'forest'));
INSERT OR IGNORE INTO tags (name) VALUES ('rainforest');
INSERT INTO photo_tags (photo_idx, tag_id) VALUES ((SELECT photo_idx FROM photos WHERE photo_id = 1874), (SELECT tag_id FROM tags WHERE name = 'rainforest'));

INSERT INTO photos (photo_id, photo_title, photo_collection, photo_location, photo_year, camera, film_stock, film_format) VALUES (1875, 'Quinault Rainforest', 'Pacific Northwest', 'Olympic Peninsula, Washington', 1997, 'Hasselblad', 'Fujichrome Velvia', '6 x 6 cm');
INSERT INTO photos_fts (photo_idx, photo_id, photo_title, photo_collection, photo_location, photo_year, camera, film_stock, film_format, tag_names) VALUES ((SELECT photo_idx FROM photos WHERE photo_id = 1875), 1875, 'Quinault Rainforest', 'Pacific Northwest', 'Olympic Peninsula, Washington', 1997, 'Hasselblad', 'Fujichrome Velvia', '6 x 6 cm', 'horizontal,spring,scenic,landscape,color,outdoors,green,ferns,moss,trees,forest,rainforest');
INSERT OR IGNORE INTO tags (name) VALUES ('horizontal');
INSERT INTO photo_tags (photo_idx, tag_id) VALUES ((SELECT photo_idx FROM photos WHERE photo_id = 1875), (SELECT tag_id FROM tags WHERE name = 'horizontal'));
INSERT OR IGNORE INTO tags (name) VALUES ('spring');
INSERT INTO photo_tags (photo_idx, tag_id) VALUES ((SELECT photo_idx FROM photos WHERE photo_id = 1875), (SELECT tag_id FROM tags WHERE name = 'spring'));
INSERT OR IGNORE INTO tags (name) VALUES ('scenic');
INSERT INTO photo_tags (photo_idx, tag_id) VALUES ((SELECT photo_idx FROM photos WHERE photo_id = 1875), (SELECT tag_id FROM tags WHERE name = 'scenic'));
INSERT OR IGNORE INTO tags (name) VALUES ('landscape');
INSERT INTO photo_tags (photo_idx, tag_id) VALUES ((SELECT photo_idx FROM photos WHERE photo_id = 1875), (SELECT tag_id FROM tags WHERE name = 'landscape'));
INSERT OR IGNORE INTO tags (name) VALUES ('color');
INSERT INTO photo_tags (photo_idx, tag_id) VALUES ((SELECT photo_idx FROM photos WHERE photo_id = 1875), (SELECT tag_id FROM tags WHERE name = 'color'));
INSERT OR IGNORE INTO tags (name) VALUES ('outdoors');
INSERT INTO photo_tags (photo_idx, tag_id) VALUES ((SELECT photo_idx FROM photos WHERE photo_id = 1875), (SELECT tag_id FROM tags WHERE name = 'outdoors'));
INSERT OR IGNORE INTO tags (name) VALUES ('green');
INSERT INTO photo_tags (photo_idx, tag_id) VALUES ((SELECT photo_idx FROM photos WHERE photo_id = 1875), (SELECT tag_id FROM tags WHERE name = 'green'));
INSERT OR IGNORE INTO tags (name) VALUES ('ferns');
INSERT INTO photo_tags (photo_idx, tag_id) VALUES ((SELECT photo_idx FROM photos WHERE photo_id = 1875), (SELECT tag_id FROM tags WHERE name = 'ferns'));
INSERT OR IGNORE INTO tags (name) VALUES ('moss');
INSERT INTO photo_tags (photo_idx, tag_id) VALUES ((SELECT photo_idx FROM photos WHERE photo_id = 1875), (SELECT tag_id FROM tags WHERE name = 'moss'));
INSERT OR IGNORE INTO tags (name) VALUES ('trees');
INSERT INTO photo_tags (photo_idx, tag_id) VALUES ((SELECT photo_idx FROM photos WHERE photo_id = 1875), (SELECT tag_id FROM tags WHERE name = 'trees'));
INSERT OR IGNORE INTO tags (name) VALUES ('forest');
INSERT INTO photo_tags (photo_idx, tag_id) VALUES ((SELECT photo_idx FROM photos WHERE photo_id = 1875), (SELECT tag_id FROM tags WHERE name = 'forest'));
INSERT OR IGNORE INTO tags (name) VALUES ('rainforest');
INSERT INTO photo_tags (photo_idx, tag_id) VALUES ((SELECT photo_idx FROM photos WHERE photo_id = 1875), (SELECT tag_id FROM tags WHERE name = 'rainforest'));

INSERT INTO photos (photo_id, photo_title, photo_collection, photo_location, photo_year, camera, film_stock, film_format) VALUES (1877, 'Trees and Clouds at Hurricane Ridge', 'Pacific Northwest', 'Olympic Peninsula, Washington', 1997, 'Hasselblad', 'Fujichrome Velvia', '6 x 6 cm');
INSERT INTO photos_fts (photo_idx, photo_id, photo_title, photo_collection, photo_location, photo_year, camera, film_stock, film_format, tag_names) VALUES ((SELECT photo_idx FROM photos WHERE photo_id = 1877), 1877, 'Trees and Clouds at Hurricane Ridge', 'Pacific Northwest', 'Olympic Peninsula, Washington', 1997, 'Hasselblad', 'Fujichrome Velvia', '6 x 6 cm', 'vertical,scenic,landscape,color,outdoors,blue,fog,sky,sunset,clouds,mist');
INSERT OR IGNORE INTO tags (name) VALUES ('vertical');
INSERT INTO photo_tags (photo_idx, tag_id) VALUES ((SELECT photo_idx FROM photos WHERE photo_id = 1877), (SELECT tag_id FROM tags WHERE name = 'vertical'));
INSERT OR IGNORE INTO tags (name) VALUES ('scenic');
INSERT INTO photo_tags (photo_idx, tag_id) VALUES ((SELECT photo_idx FROM photos WHERE photo_id = 1877), (SELECT tag_id FROM tags WHERE name = 'scenic'));
INSERT OR IGNORE INTO tags (name) VALUES ('landscape');
INSERT INTO photo_tags (photo_idx, tag_id) VALUES ((SELECT photo_idx FROM photos WHERE photo_id = 1877), (SELECT tag_id FROM tags WHERE name = 'landscape'));
INSERT OR IGNORE INTO tags (name) VALUES ('color');
INSERT INTO photo_tags (photo_idx, tag_id) VALUES ((SELECT photo_idx FROM photos WHERE photo_id = 1877), (SELECT tag_id FROM tags WHERE name = 'color'));
INSERT OR IGNORE INTO tags (name) VALUES ('outdoors');
INSERT INTO photo_tags (photo_idx, tag_id) VALUES ((SELECT photo_idx FROM photos WHERE photo_id = 1877), (SELECT tag_id FROM tags WHERE name = 'outdoors'));
INSERT OR IGNORE INTO tags (name) VALUES ('blue');
INSERT INTO photo_tags (photo_idx, tag_id) VALUES ((SELECT photo_idx FROM photos WHERE photo_id = 1877), (SELECT tag_id FROM tags WHERE name = 'blue'));
INSERT OR IGNORE INTO tags (name) VALUES ('fog');
INSERT INTO photo_tags (photo_idx, tag_id) VALUES ((SELECT photo_idx FROM photos WHERE photo_id = 1877), (SELECT tag_id FROM tags WHERE name = 'fog'));
INSERT OR IGNORE INTO tags (name) VALUES ('sky');
INSERT INTO photo_tags (photo_idx, tag_id) VALUES ((SELECT photo_idx FROM photos WHERE photo_id = 1877), (SELECT tag_id FROM tags WHERE name = 'sky'));
INSERT OR IGNORE INTO tags (name) VALUES ('sunset');
INSERT INTO photo_tags (photo_idx, tag_id) VALUES ((SELECT photo_idx FROM photos WHERE photo_id = 1877), (SELECT tag_id FROM tags WHERE name = 'sunset'));
INSERT OR IGNORE INTO tags (name) VALUES ('clouds');
INSERT INTO photo_tags (photo_idx, tag_id) VALUES ((SELECT photo_idx FROM photos WHERE photo_id = 1877), (SELECT tag_id FROM tags WHERE name = 'clouds'));
INSERT OR IGNORE INTO tags (name) VALUES ('mist');
INSERT INTO photo_tags (photo_idx, tag_id) VALUES ((SELECT photo_idx FROM photos WHERE photo_id = 1877), (SELECT tag_id FROM tags WHERE name = 'mist'));

INSERT INTO photos (photo_id, photo_title, photo_collection, photo_location, photo_year, camera, film_stock, film_format) VALUES (1878, 'Cool Morning Cascade', 'Pacific Northwest', 'Olympic Peninsula, Washington', 1997, 'Hasselblad', 'Fujichrome Velvia', '6 x 6 cm');
INSERT INTO photos_fts (photo_idx, photo_id, photo_title, photo_collection, photo_location, photo_year, camera, film_stock, film_format, tag_names) VALUES ((SELECT photo_idx FROM photos WHERE photo_id = 1878), 1878, 'Cool Morning Cascade', 'Pacific Northwest', 'Olympic Peninsula, Washington', 1997, 'Hasselblad', 'Fujichrome Velvia', '6 x 6 cm', 'vertical,spring,scenic,landscape,color,outdoors,green,white,ferns,water,river,stream');
INSERT OR IGNORE INTO tags (name) VALUES ('vertical');
INSERT INTO photo_tags (photo_idx, tag_id) VALUES ((SELECT photo_idx FROM photos WHERE photo_id = 1878), (SELECT tag_id FROM tags WHERE name = 'vertical'));
INSERT OR IGNORE INTO tags (name) VALUES ('spring');
INSERT INTO photo_tags (photo_idx, tag_id) VALUES ((SELECT photo_idx FROM photos WHERE photo_id = 1878), (SELECT tag_id FROM tags WHERE name = 'spring'));
INSERT OR IGNORE INTO tags (name) VALUES ('scenic');
INSERT INTO photo_tags (photo_idx, tag_id) VALUES ((SELECT photo_idx FROM photos WHERE photo_id = 1878), (SELECT tag_id FROM tags WHERE name = 'scenic'));
INSERT OR IGNORE INTO tags (name) VALUES ('landscape');
INSERT INTO photo_tags (photo_idx, tag_id) VALUES ((SELECT photo_idx FROM photos WHERE photo_id = 1878), (SELECT tag_id FROM tags WHERE name = 'landscape'));
INSERT OR IGNORE INTO tags (name) VALUES ('color');
INSERT INTO photo_tags (photo_idx, tag_id) VALUES ((SELECT photo_idx FROM photos WHERE photo_id = 1878), (SELECT tag_id FROM tags WHERE name = 'color'));
INSERT OR IGNORE INTO tags (name) VALUES ('outdoors');
INSERT INTO photo_tags (photo_idx, tag_id) VALUES ((SELECT photo_idx FROM photos WHERE photo_id = 1878), (SELECT tag_id FROM tags WHERE name = 'outdoors'));
INSERT OR IGNORE INTO tags (name) VALUES ('green');
INSERT INTO photo_tags (photo_idx, tag_id) VALUES ((SELECT photo_idx FROM photos WHERE photo_id = 1878), (SELECT tag_id FROM tags WHERE name = 'green'));
INSERT OR IGNORE INTO tags (name) VALUES ('white');
INSERT INTO photo_tags (photo_idx, tag_id) VALUES ((SELECT photo_idx FROM photos WHERE photo_id = 1878), (SELECT tag_id FROM tags WHERE name = 'white'));
INSERT OR IGNORE INTO tags (name) VALUES ('ferns');
INSERT INTO photo_tags (photo_idx, tag_id) VALUES ((SELECT photo_idx FROM photos WHERE photo_id = 1878), (SELECT tag_id FROM tags WHERE name = 'ferns'));
INSERT OR IGNORE INTO tags (name) VALUES ('water');
INSERT INTO photo_tags (photo_idx, tag_id) VALUES ((SELECT photo_idx FROM photos WHERE photo_id = 1878), (SELECT tag_id FROM tags WHERE name = 'water'));
INSERT OR IGNORE INTO tags (name) VALUES ('river');
INSERT INTO photo_tags (photo_idx, tag_id) VALUES ((SELECT photo_idx FROM photos WHERE photo_id = 1878), (SELECT tag_id FROM tags WHERE name = 'river'));
INSERT OR IGNORE INTO tags (name) VALUES ('stream');
INSERT INTO photo_tags (photo_idx, tag_id) VALUES ((SELECT photo_idx FROM photos WHERE photo_id = 1878), (SELECT tag_id FROM tags WHERE name = 'stream'));

INSERT INTO photos (photo_id, photo_title, photo_collection, photo_location, photo_year, camera, film_stock, film_format) VALUES (1879, 'Sunset Curves in Sand', 'Pacific Northwest', 'Oregon Coast', 1997, 'Hasselblad', 'Fujichrome Velvia', '6 x 6 cm');
INSERT INTO photos_fts (photo_idx, photo_id, photo_title, photo_collection, photo_location, photo_year, camera, film_stock, film_format, tag_names) VALUES ((SELECT photo_idx FROM photos WHERE photo_id = 1879), 1879, 'Sunset Curves in Sand', 'Pacific Northwest', 'Oregon Coast', 1997, 'Hasselblad', 'Fujichrome Velvia', '6 x 6 cm', 'horizontal,scenic,landscape,color,outdoors,black,pink,purple,red,rock,sand,sunset,water,beach,coast');
INSERT OR IGNORE INTO tags (name) VALUES ('horizontal');
INSERT INTO photo_tags (photo_idx, tag_id) VALUES ((SELECT photo_idx FROM photos WHERE photo_id = 1879), (SELECT tag_id FROM tags WHERE name = 'horizontal'));
INSERT OR IGNORE INTO tags (name) VALUES ('scenic');
INSERT INTO photo_tags (photo_idx, tag_id) VALUES ((SELECT photo_idx FROM photos WHERE photo_id = 1879), (SELECT tag_id FROM tags WHERE name = 'scenic'));
INSERT OR IGNORE INTO tags (name) VALUES ('landscape');
INSERT INTO photo_tags (photo_idx, tag_id) VALUES ((SELECT photo_idx FROM photos WHERE photo_id = 1879), (SELECT tag_id FROM tags WHERE name = 'landscape'));
INSERT OR IGNORE INTO tags (name) VALUES ('color');
INSERT INTO photo_tags (photo_idx, tag_id) VALUES ((SELECT photo_idx FROM photos WHERE photo_id = 1879), (SELECT tag_id FROM tags WHERE name = 'color'));
INSERT OR IGNORE INTO tags (name) VALUES ('outdoors');
INSERT INTO photo_tags (photo_idx, tag_id) VALUES ((SELECT photo_idx FROM photos WHERE photo_id = 1879), (SELECT tag_id FROM tags WHERE name = 'outdoors'));
INSERT OR IGNORE INTO tags (name) VALUES ('black');
INSERT INTO photo_tags (photo_idx, tag_id) VALUES ((SELECT photo_idx FROM photos WHERE photo_id = 1879), (SELECT tag_id FROM tags WHERE name = 'black'));
INSERT OR IGNORE INTO tags (name) VALUES ('pink');
INSERT INTO photo_tags (photo_idx, tag_id) VALUES ((SELECT photo_idx FROM photos WHERE photo_id = 1879), (SELECT tag_id FROM tags WHERE name = 'pink'));
INSERT OR IGNORE INTO tags (name) VALUES ('purple');
INSERT INTO photo_tags (photo_idx, tag_id) VALUES ((SELECT photo_idx FROM photos WHERE photo_id = 1879), (SELECT tag_id FROM tags WHERE name = 'purple'));
INSERT OR IGNORE INTO tags (name) VALUES ('red');
INSERT INTO photo_tags (photo_idx, tag_id) VALUES ((SELECT photo_idx FROM photos WHERE photo_id = 1879), (SELECT tag_id FROM tags WHERE name = 'red'));
INSERT OR IGNORE INTO tags (name) VALUES ('rock');
INSERT INTO photo_tags (photo_idx, tag_id) VALUES ((SELECT photo_idx FROM photos WHERE photo_id = 1879), (SELECT tag_id FROM tags WHERE name = 'rock'));
INSERT OR IGNORE INTO tags (name) VALUES ('sand');
INSERT INTO photo_tags (photo_idx, tag_id) VALUES ((SELECT photo_idx FROM photos WHERE photo_id = 1879), (SELECT tag_id FROM tags WHERE name = 'sand'));
INSERT OR IGNORE INTO tags (name) VALUES ('sunset');
INSERT INTO photo_tags (photo_idx, tag_id) VALUES ((SELECT photo_idx FROM photos WHERE photo_id = 1879), (SELECT tag_id FROM tags WHERE name = 'sunset'));
INSERT OR IGNORE INTO tags (name) VALUES ('water');
INSERT INTO photo_tags (photo_idx, tag_id) VALUES ((SELECT photo_idx FROM photos WHERE photo_id = 1879), (SELECT tag_id FROM tags WHERE name = 'water'));
INSERT OR IGNORE INTO tags (name) VALUES ('beach');
INSERT INTO photo_tags (photo_idx, tag_id) VALUES ((SELECT photo_idx FROM photos WHERE photo_id = 1879), (SELECT tag_id FROM tags WHERE name = 'beach'));
INSERT OR IGNORE INTO tags (name) VALUES ('coast');
INSERT INTO photo_tags (photo_idx, tag_id) VALUES ((SELECT photo_idx FROM photos WHERE photo_id = 1879), (SELECT tag_id FROM tags WHERE name = 'coast'));

INSERT INTO photos (photo_id, photo_title, photo_collection, photo_location, photo_year, camera, film_stock, film_format) VALUES (1880, 'Maui Sunrise', 'Hawaii', 'Maui, Hawaii', 1999, 'Hasselblad', 'Fujichrome Provia 100F', '6 x 6 cm');
INSERT INTO photos_fts (photo_idx, photo_id, photo_title, photo_collection, photo_location, photo_year, camera, film_stock, film_format, tag_names) VALUES ((SELECT photo_idx FROM photos WHERE photo_id = 1880), 1880, 'Maui Sunrise', 'Hawaii', 'Maui, Hawaii', 1999, 'Hasselblad', 'Fujichrome Provia 100F', '6 x 6 cm', 'vertical,scenic,landscape,color,outdoors,black,blue,rock,sand,sky,sunset,water,ocean,clouds,beach,coast,sea stack,waves');
INSERT OR IGNORE INTO tags (name) VALUES ('vertical');
INSERT INTO photo_tags (photo_idx, tag_id) VALUES ((SELECT photo_idx FROM photos WHERE photo_id = 1880), (SELECT tag_id FROM tags WHERE name = 'vertical'));
INSERT OR IGNORE INTO tags (name) VALUES ('scenic');
INSERT INTO photo_tags (photo_idx, tag_id) VALUES ((SELECT photo_idx FROM photos WHERE photo_id = 1880), (SELECT tag_id FROM tags WHERE name = 'scenic'));
INSERT OR IGNORE INTO tags (name) VALUES ('landscape');
INSERT INTO photo_tags (photo_idx, tag_id) VALUES ((SELECT photo_idx FROM photos WHERE photo_id = 1880), (SELECT tag_id FROM tags WHERE name = 'landscape'));
INSERT OR IGNORE INTO tags (name) VALUES ('color');
INSERT INTO photo_tags (photo_idx, tag_id) VALUES ((SELECT photo_idx FROM photos WHERE photo_id = 1880), (SELECT tag_id FROM tags WHERE name = 'color'));
INSERT OR IGNORE INTO tags (name) VALUES ('outdoors');
INSERT INTO photo_tags (photo_idx, tag_id) VALUES ((SELECT photo_idx FROM photos WHERE photo_id = 1880), (SELECT tag_id FROM tags WHERE name = 'outdoors'));
INSERT OR IGNORE INTO tags (name) VALUES ('black');
INSERT INTO photo_tags (photo_idx, tag_id) VALUES ((SELECT photo_idx FROM photos WHERE photo_id = 1880), (SELECT tag_id FROM tags WHERE name = 'black'));
INSERT OR IGNORE INTO tags (name) VALUES ('blue');
INSERT INTO photo_tags (photo_idx, tag_id) VALUES ((SELECT photo_idx FROM photos WHERE photo_id = 1880), (SELECT tag_id FROM tags WHERE name = 'blue'));
INSERT OR IGNORE INTO tags (name) VALUES ('rock');
INSERT INTO photo_tags (photo_idx, tag_id) VALUES ((SELECT photo_idx FROM photos WHERE photo_id = 1880), (SELECT tag_id FROM tags WHERE name = 'rock'));
INSERT OR IGNORE INTO tags (name) VALUES ('sand');
INSERT INTO photo_tags (photo_idx, tag_id) VALUES ((SELECT photo_idx FROM photos WHERE photo_id = 1880), (SELECT tag_id FROM tags WHERE name = 'sand'));
INSERT OR IGNORE INTO tags (name) VALUES ('sky');
INSERT INTO photo_tags (photo_idx, tag_id) VALUES ((SELECT photo_idx FROM photos WHERE photo_id = 1880), (SELECT tag_id FROM tags WHERE name = 'sky'));
INSERT OR IGNORE INTO tags (name) VALUES ('sunset');
INSERT INTO photo_tags (photo_idx, tag_id) VALUES ((SELECT photo_idx FROM photos WHERE photo_id = 1880), (SELECT tag_id FROM tags WHERE name = 'sunset'));
INSERT OR IGNORE INTO tags (name) VALUES ('water');
INSERT INTO photo_tags (photo_idx, tag_id) VALUES ((SELECT photo_idx FROM photos WHERE photo_id = 1880), (SELECT tag_id FROM tags WHERE name = 'water'));
INSERT OR IGNORE INTO tags (name) VALUES ('ocean');
INSERT INTO photo_tags (photo_idx, tag_id) VALUES ((SELECT photo_idx FROM photos WHERE photo_id = 1880), (SELECT tag_id FROM tags WHERE name = 'ocean'));
INSERT OR IGNORE INTO tags (name) VALUES ('clouds');
INSERT INTO photo_tags (photo_idx, tag_id) VALUES ((SELECT photo_idx FROM photos WHERE photo_id = 1880), (SELECT tag_id FROM tags WHERE name = 'clouds'));
INSERT OR IGNORE INTO tags (name) VALUES ('beach');
INSERT INTO photo_tags (photo_idx, tag_id) VALUES ((SELECT photo_idx FROM photos WHERE photo_id = 1880), (SELECT tag_id FROM tags WHERE name = 'beach'));
INSERT OR IGNORE INTO tags (name) VALUES ('coast');
INSERT INTO photo_tags (photo_idx, tag_id) VALUES ((SELECT photo_idx FROM photos WHERE photo_id = 1880), (SELECT tag_id FROM tags WHERE name = 'coast'));
INSERT OR IGNORE INTO tags (name) VALUES ('sea stack');
INSERT INTO photo_tags (photo_idx, tag_id) VALUES ((SELECT photo_idx FROM photos WHERE photo_id = 1880), (SELECT tag_id FROM tags WHERE name = 'sea stack'));
INSERT OR IGNORE INTO tags (name) VALUES ('waves');
INSERT INTO photo_tags (photo_idx, tag_id) VALUES ((SELECT photo_idx FROM photos WHERE photo_id = 1880), (SELECT tag_id FROM tags WHERE name = 'waves'));

INSERT INTO photos (photo_id, photo_title, photo_collection, photo_location, photo_year, camera, film_stock, film_format) VALUES (1881, 'Magic Bamboo Forest', 'Hawaii', 'Maui, Hawaii', 1999, 'Hasselblad', 'Fujichrome Provia 100F', '6 x 6 cm');
INSERT INTO photos_fts (photo_idx, photo_id, photo_title, photo_collection, photo_location, photo_year, camera, film_stock, film_format, tag_names) VALUES ((SELECT photo_idx FROM photos WHERE photo_id = 1881), 1881, 'Magic Bamboo Forest', 'Hawaii', 'Maui, Hawaii', 1999, 'Hasselblad', 'Fujichrome Provia 100F', '6 x 6 cm', 'vertical,color,outdoors,green,trees,foliage,forest');
INSERT OR IGNORE INTO tags (name) VALUES ('vertical');
INSERT INTO photo_tags (photo_idx, tag_id) VALUES ((SELECT photo_idx FROM photos WHERE photo_id = 1881), (SELECT tag_id FROM tags WHERE name = 'vertical'));
INSERT OR IGNORE INTO tags (name) VALUES ('color');
INSERT INTO photo_tags (photo_idx, tag_id) VALUES ((SELECT photo_idx FROM photos WHERE photo_id = 1881), (SELECT tag_id FROM tags WHERE name = 'color'));
INSERT OR IGNORE INTO tags (name) VALUES ('outdoors');
INSERT INTO photo_tags (photo_idx, tag_id) VALUES ((SELECT photo_idx FROM photos WHERE photo_id = 1881), (SELECT tag_id FROM tags WHERE name = 'outdoors'));
INSERT OR IGNORE INTO tags (name) VALUES ('green');
INSERT INTO photo_tags (photo_idx, tag_id) VALUES ((SELECT photo_idx FROM photos WHERE photo_id = 1881), (SELECT tag_id FROM tags WHERE name = 'green'));
INSERT OR IGNORE INTO tags (name) VALUES ('trees');
INSERT INTO photo_tags (photo_idx, tag_id) VALUES ((SELECT photo_idx FROM photos WHERE photo_id = 1881), (SELECT tag_id FROM tags WHERE name = 'trees'));
INSERT OR IGNORE INTO tags (name) VALUES ('foliage');
INSERT INTO photo_tags (photo_idx, tag_id) VALUES ((SELECT photo_idx FROM photos WHERE photo_id = 1881), (SELECT tag_id FROM tags WHERE name = 'foliage'));
INSERT OR IGNORE INTO tags (name) VALUES ('forest');
INSERT INTO photo_tags (photo_idx, tag_id) VALUES ((SELECT photo_idx FROM photos WHERE photo_id = 1881), (SELECT tag_id FROM tags WHERE name = 'forest'));

INSERT INTO photos (photo_id, photo_title, photo_collection, photo_location, photo_year, camera, film_stock, film_format) VALUES (1882, 'Maui Sunrise', 'Hawaii', 'Maui, Hawaii', 1999, 'Hasselblad', 'Fujichrome Provia 100F', '6 x 6 cm');
INSERT INTO photos_fts (photo_idx, photo_id, photo_title, photo_collection, photo_location, photo_year, camera, film_stock, film_format, tag_names) VALUES ((SELECT photo_idx FROM photos WHERE photo_id = 1882), 1882, 'Maui Sunrise', 'Hawaii', 'Maui, Hawaii', 1999, 'Hasselblad', 'Fujichrome Provia 100F', '6 x 6 cm', 'horizontal,scenic,landscape,color,outdoors,black,blue,pink,sky,sunset,water,ocean,clouds,beach,coast,sea stack,waves');
INSERT OR IGNORE INTO tags (name) VALUES ('horizontal');
INSERT INTO photo_tags (photo_idx, tag_id) VALUES ((SELECT photo_idx FROM photos WHERE photo_id = 1882), (SELECT tag_id FROM tags WHERE name = 'horizontal'));
INSERT OR IGNORE INTO tags (name) VALUES ('scenic');
INSERT INTO photo_tags (photo_idx, tag_id) VALUES ((SELECT photo_idx FROM photos WHERE photo_id = 1882), (SELECT tag_id FROM tags WHERE name = 'scenic'));
INSERT OR IGNORE INTO tags (name) VALUES ('landscape');
INSERT INTO photo_tags (photo_idx, tag_id) VALUES ((SELECT photo_idx FROM photos WHERE photo_id = 1882), (SELECT tag_id FROM tags WHERE name = 'landscape'));
INSERT OR IGNORE INTO tags (name) VALUES ('color');
INSERT INTO photo_tags (photo_idx, tag_id) VALUES ((SELECT photo_idx FROM photos WHERE photo_id = 1882), (SELECT tag_id FROM tags WHERE name = 'color'));
INSERT OR IGNORE INTO tags (name) VALUES ('outdoors');
INSERT INTO photo_tags (photo_idx, tag_id) VALUES ((SELECT photo_idx FROM photos WHERE photo_id = 1882), (SELECT tag_id FROM tags WHERE name = 'outdoors'));
INSERT OR IGNORE INTO tags (name) VALUES ('black');
INSERT INTO photo_tags (photo_idx, tag_id) VALUES ((SELECT photo_idx FROM photos WHERE photo_id = 1882), (SELECT tag_id FROM tags WHERE name = 'black'));
INSERT OR IGNORE INTO tags (name) VALUES ('blue');
INSERT INTO photo_tags (photo_idx, tag_id) VALUES ((SELECT photo_idx FROM photos WHERE photo_id = 1882), (SELECT tag_id FROM tags WHERE name = 'blue'));
INSERT OR IGNORE INTO tags (name) VALUES ('pink');
INSERT INTO photo_tags (photo_idx, tag_id) VALUES ((SELECT photo_idx FROM photos WHERE photo_id = 1882), (SELECT tag_id FROM tags WHERE name = 'pink'));
INSERT OR IGNORE INTO tags (name) VALUES ('sky');
INSERT INTO photo_tags (photo_idx, tag_id) VALUES ((SELECT photo_idx FROM photos WHERE photo_id = 1882), (SELECT tag_id FROM tags WHERE name = 'sky'));
INSERT OR IGNORE INTO tags (name) VALUES ('sunset');
INSERT INTO photo_tags (photo_idx, tag_id) VALUES ((SELECT photo_idx FROM photos WHERE photo_id = 1882), (SELECT tag_id FROM tags WHERE name = 'sunset'));
INSERT OR IGNORE INTO tags (name) VALUES ('water');
INSERT INTO photo_tags (photo_idx, tag_id) VALUES ((SELECT photo_idx FROM photos WHERE photo_id = 1882), (SELECT tag_id FROM tags WHERE name = 'water'));
INSERT OR IGNORE INTO tags (name) VALUES ('ocean');
INSERT INTO photo_tags (photo_idx, tag_id) VALUES ((SELECT photo_idx FROM photos WHERE photo_id = 1882), (SELECT tag_id FROM tags WHERE name = 'ocean'));
INSERT OR IGNORE INTO tags (name) VALUES ('clouds');
INSERT INTO photo_tags (photo_idx, tag_id) VALUES ((SELECT photo_idx FROM photos WHERE photo_id = 1882), (SELECT tag_id FROM tags WHERE name = 'clouds'));
INSERT OR IGNORE INTO tags (name) VALUES ('beach');
INSERT INTO photo_tags (photo_idx, tag_id) VALUES ((SELECT photo_idx FROM photos WHERE photo_id = 1882), (SELECT tag_id FROM tags WHERE name = 'beach'));
INSERT OR IGNORE INTO tags (name) VALUES ('coast');
INSERT INTO photo_tags (photo_idx, tag_id) VALUES ((SELECT photo_idx FROM photos WHERE photo_id = 1882), (SELECT tag_id FROM tags WHERE name = 'coast'));
INSERT OR IGNORE INTO tags (name) VALUES ('sea stack');
INSERT INTO photo_tags (photo_idx, tag_id) VALUES ((SELECT photo_idx FROM photos WHERE photo_id = 1882), (SELECT tag_id FROM tags WHERE name = 'sea stack'));
INSERT OR IGNORE INTO tags (name) VALUES ('waves');
INSERT INTO photo_tags (photo_idx, tag_id) VALUES ((SELECT photo_idx FROM photos WHERE photo_id = 1882), (SELECT tag_id FROM tags WHERE name = 'waves'));

INSERT INTO photos (photo_id, photo_title, photo_collection, photo_location, photo_year, camera, film_stock, film_format) VALUES (1884, 'Mossy Cascade', 'Smoky Mountains', 'Smoky Mountains, Tennessee', 2000, 'Hasselblad', 'Fujichrome Velvia', '6 x 6 cm');
INSERT INTO photos_fts (photo_idx, photo_id, photo_title, photo_collection, photo_location, photo_year, camera, film_stock, film_format, tag_names) VALUES ((SELECT photo_idx FROM photos WHERE photo_id = 1884), 1884, 'Mossy Cascade', 'Smoky Mountains', 'Smoky Mountains, Tennessee', 2000, 'Hasselblad', 'Fujichrome Velvia', '6 x 6 cm', 'horizontal,spring,scenic,landscape,color,outdoors,green,white,moss,rock,water,waterfall,river,stream');
INSERT OR IGNORE INTO tags (name) VALUES ('horizontal');
INSERT INTO photo_tags (photo_idx, tag_id) VALUES ((SELECT photo_idx FROM photos WHERE photo_id = 1884), (SELECT tag_id FROM tags WHERE name = 'horizontal'));
INSERT OR IGNORE INTO tags (name) VALUES ('spring');
INSERT INTO photo_tags (photo_idx, tag_id) VALUES ((SELECT photo_idx FROM photos WHERE photo_id = 1884), (SELECT tag_id FROM tags WHERE name = 'spring'));
INSERT OR IGNORE INTO tags (name) VALUES ('scenic');
INSERT INTO photo_tags (photo_idx, tag_id) VALUES ((SELECT photo_idx FROM photos WHERE photo_id = 1884), (SELECT tag_id FROM tags WHERE name = 'scenic'));
INSERT OR IGNORE INTO tags (name) VALUES ('landscape');
INSERT INTO photo_tags (photo_idx, tag_id) VALUES ((SELECT photo_idx FROM photos WHERE photo_id = 1884), (SELECT tag_id FROM tags WHERE name = 'landscape'));
INSERT OR IGNORE INTO tags (name) VALUES ('color');
INSERT INTO photo_tags (photo_idx, tag_id) VALUES ((SELECT photo_idx FROM photos WHERE photo_id = 1884), (SELECT tag_id FROM tags WHERE name = 'color'));
INSERT OR IGNORE INTO tags (name) VALUES ('outdoors');
INSERT INTO photo_tags (photo_idx, tag_id) VALUES ((SELECT photo_idx FROM photos WHERE photo_id = 1884), (SELECT tag_id FROM tags WHERE name = 'outdoors'));
INSERT OR IGNORE INTO tags (name) VALUES ('green');
INSERT INTO photo_tags (photo_idx, tag_id) VALUES ((SELECT photo_idx FROM photos WHERE photo_id = 1884), (SELECT tag_id FROM tags WHERE name = 'green'));
INSERT OR IGNORE INTO tags (name) VALUES ('white');
INSERT INTO photo_tags (photo_idx, tag_id) VALUES ((SELECT photo_idx FROM photos WHERE photo_id = 1884), (SELECT tag_id FROM tags WHERE name = 'white'));
INSERT OR IGNORE INTO tags (name) VALUES ('moss');
INSERT INTO photo_tags (photo_idx, tag_id) VALUES ((SELECT photo_idx FROM photos WHERE photo_id = 1884), (SELECT tag_id FROM tags WHERE name = 'moss'));
INSERT OR IGNORE INTO tags (name) VALUES ('rock');
INSERT INTO photo_tags (photo_idx, tag_id) VALUES ((SELECT photo_idx FROM photos WHERE photo_id = 1884), (SELECT tag_id FROM tags WHERE name = 'rock'));
INSERT OR IGNORE INTO tags (name) VALUES ('water');
INSERT INTO photo_tags (photo_idx, tag_id) VALUES ((SELECT photo_idx FROM photos WHERE photo_id = 1884), (SELECT tag_id FROM tags WHERE name = 'water'));
INSERT OR IGNORE INTO tags (name) VALUES ('waterfall');
INSERT INTO photo_tags (photo_idx, tag_id) VALUES ((SELECT photo_idx FROM photos WHERE photo_id = 1884), (SELECT tag_id FROM tags WHERE name = 'waterfall'));
INSERT OR IGNORE INTO tags (name) VALUES ('river');
INSERT INTO photo_tags (photo_idx, tag_id) VALUES ((SELECT photo_idx FROM photos WHERE photo_id = 1884), (SELECT tag_id FROM tags WHERE name = 'river'));
INSERT OR IGNORE INTO tags (name) VALUES ('stream');
INSERT INTO photo_tags (photo_idx, tag_id) VALUES ((SELECT photo_idx FROM photos WHERE photo_id = 1884), (SELECT tag_id FROM tags WHERE name = 'stream'));

INSERT INTO photos (photo_id, photo_title, photo_collection, photo_location, photo_year, camera, film_stock, film_format) VALUES (1885, 'Roaring Fork River', 'Smoky Mountains', 'Smoky Mountains, Tennessee', 2000, 'Hasselblad', 'Fujichrome Velvia', '6 x 6 cm');
INSERT INTO photos_fts (photo_idx, photo_id, photo_title, photo_collection, photo_location, photo_year, camera, film_stock, film_format, tag_names) VALUES ((SELECT photo_idx FROM photos WHERE photo_id = 1885), 1885, 'Roaring Fork River', 'Smoky Mountains', 'Smoky Mountains, Tennessee', 2000, 'Hasselblad', 'Fujichrome Velvia', '6 x 6 cm', 'vertical,spring,scenic,landscape,color,outdoors,green,moss,rock,water,waterfall,river,stream');
INSERT OR IGNORE INTO tags (name) VALUES ('vertical');
INSERT INTO photo_tags (photo_idx, tag_id) VALUES ((SELECT photo_idx FROM photos WHERE photo_id = 1885), (SELECT tag_id FROM tags WHERE name = 'vertical'));
INSERT OR IGNORE INTO tags (name) VALUES ('spring');
INSERT INTO photo_tags (photo_idx, tag_id) VALUES ((SELECT photo_idx FROM photos WHERE photo_id = 1885), (SELECT tag_id FROM tags WHERE name = 'spring'));
INSERT OR IGNORE INTO tags (name) VALUES ('scenic');
INSERT INTO photo_tags (photo_idx, tag_id) VALUES ((SELECT photo_idx FROM photos WHERE photo_id = 1885), (SELECT tag_id FROM tags WHERE name = 'scenic'));
INSERT OR IGNORE INTO tags (name) VALUES ('landscape');
INSERT INTO photo_tags (photo_idx, tag_id) VALUES ((SELECT photo_idx FROM photos WHERE photo_id = 1885), (SELECT tag_id FROM tags WHERE name = 'landscape'));
INSERT OR IGNORE INTO tags (name) VALUES ('color');
INSERT INTO photo_tags (photo_idx, tag_id) VALUES ((SELECT photo_idx FROM photos WHERE photo_id = 1885), (SELECT tag_id FROM tags WHERE name = 'color'));
INSERT OR IGNORE INTO tags (name) VALUES ('outdoors');
INSERT INTO photo_tags (photo_idx, tag_id) VALUES ((SELECT photo_idx FROM photos WHERE photo_id = 1885), (SELECT tag_id FROM tags WHERE name = 'outdoors'));
INSERT OR IGNORE INTO tags (name) VALUES ('green');
INSERT INTO photo_tags (photo_idx, tag_id) VALUES ((SELECT photo_idx FROM photos WHERE photo_id = 1885), (SELECT tag_id FROM tags WHERE name = 'green'));
INSERT OR IGNORE INTO tags (name) VALUES ('moss');
INSERT INTO photo_tags (photo_idx, tag_id) VALUES ((SELECT photo_idx FROM photos WHERE photo_id = 1885), (SELECT tag_id FROM tags WHERE name = 'moss'));
INSERT OR IGNORE INTO tags (name) VALUES ('rock');
INSERT INTO photo_tags (photo_idx, tag_id) VALUES ((SELECT photo_idx FROM photos WHERE photo_id = 1885), (SELECT tag_id FROM tags WHERE name = 'rock'));
INSERT OR IGNORE INTO tags (name) VALUES ('water');
INSERT INTO photo_tags (photo_idx, tag_id) VALUES ((SELECT photo_idx FROM photos WHERE photo_id = 1885), (SELECT tag_id FROM tags WHERE name = 'water'));
INSERT OR IGNORE INTO tags (name) VALUES ('waterfall');
INSERT INTO photo_tags (photo_idx, tag_id) VALUES ((SELECT photo_idx FROM photos WHERE photo_id = 1885), (SELECT tag_id FROM tags WHERE name = 'waterfall'));
INSERT OR IGNORE INTO tags (name) VALUES ('river');
INSERT INTO photo_tags (photo_idx, tag_id) VALUES ((SELECT photo_idx FROM photos WHERE photo_id = 1885), (SELECT tag_id FROM tags WHERE name = 'river'));
INSERT OR IGNORE INTO tags (name) VALUES ('stream');
INSERT INTO photo_tags (photo_idx, tag_id) VALUES ((SELECT photo_idx FROM photos WHERE photo_id = 1885), (SELECT tag_id FROM tags WHERE name = 'stream'));

INSERT INTO photos (photo_id, photo_title, photo_collection, photo_location, photo_year, camera, film_stock, film_format) VALUES (1886, 'Roaring Fork River', 'Smoky Mountains', 'Smoky Mountains, Tennessee', 2000, 'Hasselblad', 'Fujichrome Velvia', '6 x 6 cm');
INSERT INTO photos_fts (photo_idx, photo_id, photo_title, photo_collection, photo_location, photo_year, camera, film_stock, film_format, tag_names) VALUES ((SELECT photo_idx FROM photos WHERE photo_id = 1886), 1886, 'Roaring Fork River', 'Smoky Mountains', 'Smoky Mountains, Tennessee', 2000, 'Hasselblad', 'Fujichrome Velvia', '6 x 6 cm', 'vertical,spring,scenic,landscape,color,outdoors,green,white,moss,rock,water,waterfall,river,stream');
INSERT OR IGNORE INTO tags (name) VALUES ('vertical');
INSERT INTO photo_tags (photo_idx, tag_id) VALUES ((SELECT photo_idx FROM photos WHERE photo_id = 1886), (SELECT tag_id FROM tags WHERE name = 'vertical'));
INSERT OR IGNORE INTO tags (name) VALUES ('spring');
INSERT INTO photo_tags (photo_idx, tag_id) VALUES ((SELECT photo_idx FROM photos WHERE photo_id = 1886), (SELECT tag_id FROM tags WHERE name = 'spring'));
INSERT OR IGNORE INTO tags (name) VALUES ('scenic');
INSERT INTO photo_tags (photo_idx, tag_id) VALUES ((SELECT photo_idx FROM photos WHERE photo_id = 1886), (SELECT tag_id FROM tags WHERE name = 'scenic'));
INSERT OR IGNORE INTO tags (name) VALUES ('landscape');
INSERT INTO photo_tags (photo_idx, tag_id) VALUES ((SELECT photo_idx FROM photos WHERE photo_id = 1886), (SELECT tag_id FROM tags WHERE name = 'landscape'));
INSERT OR IGNORE INTO tags (name) VALUES ('color');
INSERT INTO photo_tags (photo_idx, tag_id) VALUES ((SELECT photo_idx FROM photos WHERE photo_id = 1886), (SELECT tag_id FROM tags WHERE name = 'color'));
INSERT OR IGNORE INTO tags (name) VALUES ('outdoors');
INSERT INTO photo_tags (photo_idx, tag_id) VALUES ((SELECT photo_idx FROM photos WHERE photo_id = 1886), (SELECT tag_id FROM tags WHERE name = 'outdoors'));
INSERT OR IGNORE INTO tags (name) VALUES ('green');
INSERT INTO photo_tags (photo_idx, tag_id) VALUES ((SELECT photo_idx FROM photos WHERE photo_id = 1886), (SELECT tag_id FROM tags WHERE name = 'green'));
INSERT OR IGNORE INTO tags (name) VALUES ('white');
INSERT INTO photo_tags (photo_idx, tag_id) VALUES ((SELECT photo_idx FROM photos WHERE photo_id = 1886), (SELECT tag_id FROM tags WHERE name = 'white'));
INSERT OR IGNORE INTO tags (name) VALUES ('moss');
INSERT INTO photo_tags (photo_idx, tag_id) VALUES ((SELECT photo_idx FROM photos WHERE photo_id = 1886), (SELECT tag_id FROM tags WHERE name = 'moss'));
INSERT OR IGNORE INTO tags (name) VALUES ('rock');
INSERT INTO photo_tags (photo_idx, tag_id) VALUES ((SELECT photo_idx FROM photos WHERE photo_id = 1886), (SELECT tag_id FROM tags WHERE name = 'rock'));
INSERT OR IGNORE INTO tags (name) VALUES ('water');
INSERT INTO photo_tags (photo_idx, tag_id) VALUES ((SELECT photo_idx FROM photos WHERE photo_id = 1886), (SELECT tag_id FROM tags WHERE name = 'water'));
INSERT OR IGNORE INTO tags (name) VALUES ('waterfall');
INSERT INTO photo_tags (photo_idx, tag_id) VALUES ((SELECT photo_idx FROM photos WHERE photo_id = 1886), (SELECT tag_id FROM tags WHERE name = 'waterfall'));
INSERT OR IGNORE INTO tags (name) VALUES ('river');
INSERT INTO photo_tags (photo_idx, tag_id) VALUES ((SELECT photo_idx FROM photos WHERE photo_id = 1886), (SELECT tag_id FROM tags WHERE name = 'river'));
INSERT OR IGNORE INTO tags (name) VALUES ('stream');
INSERT INTO photo_tags (photo_idx, tag_id) VALUES ((SELECT photo_idx FROM photos WHERE photo_id = 1886), (SELECT tag_id FROM tags WHERE name = 'stream'));

INSERT INTO photos (photo_id, photo_title, photo_collection, photo_location, photo_year, camera, film_stock, film_format) VALUES (1887, 'Lava Flow', 'Rocks', 'Craters of the Moon, Idaho', 1998, 'Hasselblad', 'Fujichrome Velvia', '6 x 6 cm');
INSERT INTO photos_fts (photo_idx, photo_id, photo_title, photo_collection, photo_location, photo_year, camera, film_stock, film_format, tag_names) VALUES ((SELECT photo_idx FROM photos WHERE photo_id = 1887), 1887, 'Lava Flow', 'Rocks', 'Craters of the Moon, Idaho', 1998, 'Hasselblad', 'Fujichrome Velvia', '6 x 6 cm', 'horizontal,closeup,color,outdoors,blue,pink,rock');
INSERT OR IGNORE INTO tags (name) VALUES ('horizontal');
INSERT INTO photo_tags (photo_idx, tag_id) VALUES ((SELECT photo_idx FROM photos WHERE photo_id = 1887), (SELECT tag_id FROM tags WHERE name = 'horizontal'));
INSERT OR IGNORE INTO tags (name) VALUES ('closeup');
INSERT INTO photo_tags (photo_idx, tag_id) VALUES ((SELECT photo_idx FROM photos WHERE photo_id = 1887), (SELECT tag_id FROM tags WHERE name = 'closeup'));
INSERT OR IGNORE INTO tags (name) VALUES ('color');
INSERT INTO photo_tags (photo_idx, tag_id) VALUES ((SELECT photo_idx FROM photos WHERE photo_id = 1887), (SELECT tag_id FROM tags WHERE name = 'color'));
INSERT OR IGNORE INTO tags (name) VALUES ('outdoors');
INSERT INTO photo_tags (photo_idx, tag_id) VALUES ((SELECT photo_idx FROM photos WHERE photo_id = 1887), (SELECT tag_id FROM tags WHERE name = 'outdoors'));
INSERT OR IGNORE INTO tags (name) VALUES ('blue');
INSERT INTO photo_tags (photo_idx, tag_id) VALUES ((SELECT photo_idx FROM photos WHERE photo_id = 1887), (SELECT tag_id FROM tags WHERE name = 'blue'));
INSERT OR IGNORE INTO tags (name) VALUES ('pink');
INSERT INTO photo_tags (photo_idx, tag_id) VALUES ((SELECT photo_idx FROM photos WHERE photo_id = 1887), (SELECT tag_id FROM tags WHERE name = 'pink'));
INSERT OR IGNORE INTO tags (name) VALUES ('rock');
INSERT INTO photo_tags (photo_idx, tag_id) VALUES ((SELECT photo_idx FROM photos WHERE photo_id = 1887), (SELECT tag_id FROM tags WHERE name = 'rock'));

INSERT INTO photos (photo_id, photo_title, photo_collection, photo_location, photo_year, camera, film_stock, film_format) VALUES (1888, 'Duckweed on Hayfields Pond', 'California', 'Portola Valley, California', 1998, 'Hasselblad', 'Fujichrome Velvia', '6 x 6 cm');
INSERT INTO photos_fts (photo_idx, photo_id, photo_title, photo_collection, photo_location, photo_year, camera, film_stock, film_format, tag_names) VALUES ((SELECT photo_idx FROM photos WHERE photo_id = 1888), 1888, 'Duckweed on Hayfields Pond', 'California', 'Portola Valley, California', 1998, 'Hasselblad', 'Fujichrome Velvia', '6 x 6 cm', 'vertical,scenic,landscape,color,outdoors,green,trees,water,foliage');
INSERT OR IGNORE INTO tags (name) VALUES ('vertical');
INSERT INTO photo_tags (photo_idx, tag_id) VALUES ((SELECT photo_idx FROM photos WHERE photo_id = 1888), (SELECT tag_id FROM tags WHERE name = 'vertical'));
INSERT OR IGNORE INTO tags (name) VALUES ('scenic');
INSERT INTO photo_tags (photo_idx, tag_id) VALUES ((SELECT photo_idx FROM photos WHERE photo_id = 1888), (SELECT tag_id FROM tags WHERE name = 'scenic'));
INSERT OR IGNORE INTO tags (name) VALUES ('landscape');
INSERT INTO photo_tags (photo_idx, tag_id) VALUES ((SELECT photo_idx FROM photos WHERE photo_id = 1888), (SELECT tag_id FROM tags WHERE name = 'landscape'));
INSERT OR IGNORE INTO tags (name) VALUES ('color');
INSERT INTO photo_tags (photo_idx, tag_id) VALUES ((SELECT photo_idx FROM photos WHERE photo_id = 1888), (SELECT tag_id FROM tags WHERE name = 'color'));
INSERT OR IGNORE INTO tags (name) VALUES ('outdoors');
INSERT INTO photo_tags (photo_idx, tag_id) VALUES ((SELECT photo_idx FROM photos WHERE photo_id = 1888), (SELECT tag_id FROM tags WHERE name = 'outdoors'));
INSERT OR IGNORE INTO tags (name) VALUES ('green');
INSERT INTO photo_tags (photo_idx, tag_id) VALUES ((SELECT photo_idx FROM photos WHERE photo_id = 1888), (SELECT tag_id FROM tags WHERE name = 'green'));
INSERT OR IGNORE INTO tags (name) VALUES ('trees');
INSERT INTO photo_tags (photo_idx, tag_id) VALUES ((SELECT photo_idx FROM photos WHERE photo_id = 1888), (SELECT tag_id FROM tags WHERE name = 'trees'));
INSERT OR IGNORE INTO tags (name) VALUES ('water');
INSERT INTO photo_tags (photo_idx, tag_id) VALUES ((SELECT photo_idx FROM photos WHERE photo_id = 1888), (SELECT tag_id FROM tags WHERE name = 'water'));
INSERT OR IGNORE INTO tags (name) VALUES ('foliage');
INSERT INTO photo_tags (photo_idx, tag_id) VALUES ((SELECT photo_idx FROM photos WHERE photo_id = 1888), (SELECT tag_id FROM tags WHERE name = 'foliage'));

INSERT INTO photos (photo_id, photo_title, photo_collection, photo_location, photo_year, camera, film_stock, film_format) VALUES (1889, 'Tafoni', 'California', 'Pescadero, California', 1998, 'Hasselblad', 'Fujichrome Velvia', '6 x 6 cm');
INSERT INTO photos_fts (photo_idx, photo_id, photo_title, photo_collection, photo_location, photo_year, camera, film_stock, film_format, tag_names) VALUES ((SELECT photo_idx FROM photos WHERE photo_id = 1889), 1889, 'Tafoni', 'California', 'Pescadero, California', 1998, 'Hasselblad', 'Fujichrome Velvia', '6 x 6 cm', 'horizontal,color,outdoors,gray,tan,sandstone,coast');
INSERT OR IGNORE INTO tags (name) VALUES ('horizontal');
INSERT INTO photo_tags (photo_idx, tag_id) VALUES ((SELECT photo_idx FROM photos WHERE photo_id = 1889), (SELECT tag_id FROM tags WHERE name = 'horizontal'));
INSERT OR IGNORE INTO tags (name) VALUES ('color');
INSERT INTO photo_tags (photo_idx, tag_id) VALUES ((SELECT photo_idx FROM photos WHERE photo_id = 1889), (SELECT tag_id FROM tags WHERE name = 'color'));
INSERT OR IGNORE INTO tags (name) VALUES ('outdoors');
INSERT INTO photo_tags (photo_idx, tag_id) VALUES ((SELECT photo_idx FROM photos WHERE photo_id = 1889), (SELECT tag_id FROM tags WHERE name = 'outdoors'));
INSERT OR IGNORE INTO tags (name) VALUES ('gray');
INSERT INTO photo_tags (photo_idx, tag_id) VALUES ((SELECT photo_idx FROM photos WHERE photo_id = 1889), (SELECT tag_id FROM tags WHERE name = 'gray'));
INSERT OR IGNORE INTO tags (name) VALUES ('tan');
INSERT INTO photo_tags (photo_idx, tag_id) VALUES ((SELECT photo_idx FROM photos WHERE photo_id = 1889), (SELECT tag_id FROM tags WHERE name = 'tan'));
INSERT OR IGNORE INTO tags (name) VALUES ('sandstone');
INSERT INTO photo_tags (photo_idx, tag_id) VALUES ((SELECT photo_idx FROM photos WHERE photo_id = 1889), (SELECT tag_id FROM tags WHERE name = 'sandstone'));
INSERT OR IGNORE INTO tags (name) VALUES ('coast');
INSERT INTO photo_tags (photo_idx, tag_id) VALUES ((SELECT photo_idx FROM photos WHERE photo_id = 1889), (SELECT tag_id FROM tags WHERE name = 'coast'));

INSERT INTO photos (photo_id, photo_title, photo_collection, photo_location, photo_year, camera, film_stock, film_format) VALUES (1890, 'Tafoni', 'California', 'Pescadero, California', 1998, 'Hasselblad', 'Fujichrome Velvia', '6 x 6 cm');
INSERT INTO photos_fts (photo_idx, photo_id, photo_title, photo_collection, photo_location, photo_year, camera, film_stock, film_format, tag_names) VALUES ((SELECT photo_idx FROM photos WHERE photo_id = 1890), 1890, 'Tafoni', 'California', 'Pescadero, California', 1998, 'Hasselblad', 'Fujichrome Velvia', '6 x 6 cm', 'horizontal,color,outdoors,gray,sandstone,coast');
INSERT OR IGNORE INTO tags (name) VALUES ('horizontal');
INSERT INTO photo_tags (photo_idx, tag_id) VALUES ((SELECT photo_idx FROM photos WHERE photo_id = 1890), (SELECT tag_id FROM tags WHERE name = 'horizontal'));
INSERT OR IGNORE INTO tags (name) VALUES ('color');
INSERT INTO photo_tags (photo_idx, tag_id) VALUES ((SELECT photo_idx FROM photos WHERE photo_id = 1890), (SELECT tag_id FROM tags WHERE name = 'color'));
INSERT OR IGNORE INTO tags (name) VALUES ('outdoors');
INSERT INTO photo_tags (photo_idx, tag_id) VALUES ((SELECT photo_idx FROM photos WHERE photo_id = 1890), (SELECT tag_id FROM tags WHERE name = 'outdoors'));
INSERT OR IGNORE INTO tags (name) VALUES ('gray');
INSERT INTO photo_tags (photo_idx, tag_id) VALUES ((SELECT photo_idx FROM photos WHERE photo_id = 1890), (SELECT tag_id FROM tags WHERE name = 'gray'));
INSERT OR IGNORE INTO tags (name) VALUES ('sandstone');
INSERT INTO photo_tags (photo_idx, tag_id) VALUES ((SELECT photo_idx FROM photos WHERE photo_id = 1890), (SELECT tag_id FROM tags WHERE name = 'sandstone'));
INSERT OR IGNORE INTO tags (name) VALUES ('coast');
INSERT INTO photo_tags (photo_idx, tag_id) VALUES ((SELECT photo_idx FROM photos WHERE photo_id = 1890), (SELECT tag_id FROM tags WHERE name = 'coast'));

INSERT INTO photos (photo_id, photo_title, photo_collection, photo_location, photo_year, camera, film_stock, film_format) VALUES (1891, 'Laura at Hayfields', 'California', 'Portola Valley, California', 1990, 'Hasselblad', 'Ektachrome 100 Plus', '6 x 6 cm');
INSERT INTO photos_fts (photo_idx, photo_id, photo_title, photo_collection, photo_location, photo_year, camera, film_stock, film_format, tag_names) VALUES ((SELECT photo_idx FROM photos WHERE photo_id = 1891), 1891, 'Laura at Hayfields', 'California', 'Portola Valley, California', 1990, 'Hasselblad', 'Ektachrome 100 Plus', '6 x 6 cm', 'horizontal,spring,scenic,landscape,color,outdoors,blue,green,grass,sky,trees,clouds');
INSERT OR IGNORE INTO tags (name) VALUES ('horizontal');
INSERT INTO photo_tags (photo_idx, tag_id) VALUES ((SELECT photo_idx FROM photos WHERE photo_id = 1891), (SELECT tag_id FROM tags WHERE name = 'horizontal'));
INSERT OR IGNORE INTO tags (name) VALUES ('spring');
INSERT INTO photo_tags (photo_idx, tag_id) VALUES ((SELECT photo_idx FROM photos WHERE photo_id = 1891), (SELECT tag_id FROM tags WHERE name = 'spring'));
INSERT OR IGNORE INTO tags (name) VALUES ('scenic');
INSERT INTO photo_tags (photo_idx, tag_id) VALUES ((SELECT photo_idx FROM photos WHERE photo_id = 1891), (SELECT tag_id FROM tags WHERE name = 'scenic'));
INSERT OR IGNORE INTO tags (name) VALUES ('landscape');
INSERT INTO photo_tags (photo_idx, tag_id) VALUES ((SELECT photo_idx FROM photos WHERE photo_id = 1891), (SELECT tag_id FROM tags WHERE name = 'landscape'));
INSERT OR IGNORE INTO tags (name) VALUES ('color');
INSERT INTO photo_tags (photo_idx, tag_id) VALUES ((SELECT photo_idx FROM photos WHERE photo_id = 1891), (SELECT tag_id FROM tags WHERE name = 'color'));
INSERT OR IGNORE INTO tags (name) VALUES ('outdoors');
INSERT INTO photo_tags (photo_idx, tag_id) VALUES ((SELECT photo_idx FROM photos WHERE photo_id = 1891), (SELECT tag_id FROM tags WHERE name = 'outdoors'));
INSERT OR IGNORE INTO tags (name) VALUES ('blue');
INSERT INTO photo_tags (photo_idx, tag_id) VALUES ((SELECT photo_idx FROM photos WHERE photo_id = 1891), (SELECT tag_id FROM tags WHERE name = 'blue'));
INSERT OR IGNORE INTO tags (name) VALUES ('green');
INSERT INTO photo_tags (photo_idx, tag_id) VALUES ((SELECT photo_idx FROM photos WHERE photo_id = 1891), (SELECT tag_id FROM tags WHERE name = 'green'));
INSERT OR IGNORE INTO tags (name) VALUES ('grass');
INSERT INTO photo_tags (photo_idx, tag_id) VALUES ((SELECT photo_idx FROM photos WHERE photo_id = 1891), (SELECT tag_id FROM tags WHERE name = 'grass'));
INSERT OR IGNORE INTO tags (name) VALUES ('sky');
INSERT INTO photo_tags (photo_idx, tag_id) VALUES ((SELECT photo_idx FROM photos WHERE photo_id = 1891), (SELECT tag_id FROM tags WHERE name = 'sky'));
INSERT OR IGNORE INTO tags (name) VALUES ('trees');
INSERT INTO photo_tags (photo_idx, tag_id) VALUES ((SELECT photo_idx FROM photos WHERE photo_id = 1891), (SELECT tag_id FROM tags WHERE name = 'trees'));
INSERT OR IGNORE INTO tags (name) VALUES ('clouds');
INSERT INTO photo_tags (photo_idx, tag_id) VALUES ((SELECT photo_idx FROM photos WHERE photo_id = 1891), (SELECT tag_id FROM tags WHERE name = 'clouds'));

INSERT INTO photos (photo_id, photo_title, photo_collection, photo_location, photo_year, camera, film_stock, film_format) VALUES (1892, 'Poppies at Hayfields', 'California', 'Portola Valley, California', 1990, 'Hasselblad', 'Ektachrome 100 Plus', '6 x 6 cm');
INSERT INTO photos_fts (photo_idx, photo_id, photo_title, photo_collection, photo_location, photo_year, camera, film_stock, film_format, tag_names) VALUES ((SELECT photo_idx FROM photos WHERE photo_id = 1892), 1892, 'Poppies at Hayfields', 'California', 'Portola Valley, California', 1990, 'Hasselblad', 'Ektachrome 100 Plus', '6 x 6 cm', 'vertical,spring,color,outdoors,green,orange,flowers,blossoms,poppy,wildflowers');
INSERT OR IGNORE INTO tags (name) VALUES ('vertical');
INSERT INTO photo_tags (photo_idx, tag_id) VALUES ((SELECT photo_idx FROM photos WHERE photo_id = 1892), (SELECT tag_id FROM tags WHERE name = 'vertical'));
INSERT OR IGNORE INTO tags (name) VALUES ('spring');
INSERT INTO photo_tags (photo_idx, tag_id) VALUES ((SELECT photo_idx FROM photos WHERE photo_id = 1892), (SELECT tag_id FROM tags WHERE name = 'spring'));
INSERT OR IGNORE INTO tags (name) VALUES ('color');
INSERT INTO photo_tags (photo_idx, tag_id) VALUES ((SELECT photo_idx FROM photos WHERE photo_id = 1892), (SELECT tag_id FROM tags WHERE name = 'color'));
INSERT OR IGNORE INTO tags (name) VALUES ('outdoors');
INSERT INTO photo_tags (photo_idx, tag_id) VALUES ((SELECT photo_idx FROM photos WHERE photo_id = 1892), (SELECT tag_id FROM tags WHERE name = 'outdoors'));
INSERT OR IGNORE INTO tags (name) VALUES ('green');
INSERT INTO photo_tags (photo_idx, tag_id) VALUES ((SELECT photo_idx FROM photos WHERE photo_id = 1892), (SELECT tag_id FROM tags WHERE name = 'green'));
INSERT OR IGNORE INTO tags (name) VALUES ('orange');
INSERT INTO photo_tags (photo_idx, tag_id) VALUES ((SELECT photo_idx FROM photos WHERE photo_id = 1892), (SELECT tag_id FROM tags WHERE name = 'orange'));
INSERT OR IGNORE INTO tags (name) VALUES ('flowers');
INSERT INTO photo_tags (photo_idx, tag_id) VALUES ((SELECT photo_idx FROM photos WHERE photo_id = 1892), (SELECT tag_id FROM tags WHERE name = 'flowers'));
INSERT OR IGNORE INTO tags (name) VALUES ('blossoms');
INSERT INTO photo_tags (photo_idx, tag_id) VALUES ((SELECT photo_idx FROM photos WHERE photo_id = 1892), (SELECT tag_id FROM tags WHERE name = 'blossoms'));
INSERT OR IGNORE INTO tags (name) VALUES ('poppy');
INSERT INTO photo_tags (photo_idx, tag_id) VALUES ((SELECT photo_idx FROM photos WHERE photo_id = 1892), (SELECT tag_id FROM tags WHERE name = 'poppy'));
INSERT OR IGNORE INTO tags (name) VALUES ('wildflowers');
INSERT INTO photo_tags (photo_idx, tag_id) VALUES ((SELECT photo_idx FROM photos WHERE photo_id = 1892), (SELECT tag_id FROM tags WHERE name = 'wildflowers'));

INSERT INTO photos (photo_id, photo_title, photo_collection, photo_location, photo_year, camera, film_stock, film_format) VALUES (1894, 'Leaves on the Ground', 'California', 'Boulder Creek, California', 1989, 'Hasselblad', 'Ektachrome 100 Plus', '6 x 6 cm');
INSERT INTO photos_fts (photo_idx, photo_id, photo_title, photo_collection, photo_location, photo_year, camera, film_stock, film_format, tag_names) VALUES ((SELECT photo_idx FROM photos WHERE photo_id = 1894), 1894, 'Leaves on the Ground', 'California', 'Boulder Creek, California', 1989, 'Hasselblad', 'Ektachrome 100 Plus', '6 x 6 cm', 'horizontal,autumn,fall,color,outdoors,brown,yellow,leaf,leaves');
INSERT OR IGNORE INTO tags (name) VALUES ('horizontal');
INSERT INTO photo_tags (photo_idx, tag_id) VALUES ((SELECT photo_idx FROM photos WHERE photo_id = 1894), (SELECT tag_id FROM tags WHERE name = 'horizontal'));
INSERT OR IGNORE INTO tags (name) VALUES ('autumn');
INSERT INTO photo_tags (photo_idx, tag_id) VALUES ((SELECT photo_idx FROM photos WHERE photo_id = 1894), (SELECT tag_id FROM tags WHERE name = 'autumn'));
INSERT OR IGNORE INTO tags (name) VALUES ('fall');
INSERT INTO photo_tags (photo_idx, tag_id) VALUES ((SELECT photo_idx FROM photos WHERE photo_id = 1894), (SELECT tag_id FROM tags WHERE name = 'fall'));
INSERT OR IGNORE INTO tags (name) VALUES ('color');
INSERT INTO photo_tags (photo_idx, tag_id) VALUES ((SELECT photo_idx FROM photos WHERE photo_id = 1894), (SELECT tag_id FROM tags WHERE name = 'color'));
INSERT OR IGNORE INTO tags (name) VALUES ('outdoors');
INSERT INTO photo_tags (photo_idx, tag_id) VALUES ((SELECT photo_idx FROM photos WHERE photo_id = 1894), (SELECT tag_id FROM tags WHERE name = 'outdoors'));
INSERT OR IGNORE INTO tags (name) VALUES ('brown');
INSERT INTO photo_tags (photo_idx, tag_id) VALUES ((SELECT photo_idx FROM photos WHERE photo_id = 1894), (SELECT tag_id FROM tags WHERE name = 'brown'));
INSERT OR IGNORE INTO tags (name) VALUES ('yellow');
INSERT INTO photo_tags (photo_idx, tag_id) VALUES ((SELECT photo_idx FROM photos WHERE photo_id = 1894), (SELECT tag_id FROM tags WHERE name = 'yellow'));
INSERT OR IGNORE INTO tags (name) VALUES ('leaf');
INSERT INTO photo_tags (photo_idx, tag_id) VALUES ((SELECT photo_idx FROM photos WHERE photo_id = 1894), (SELECT tag_id FROM tags WHERE name = 'leaf'));
INSERT OR IGNORE INTO tags (name) VALUES ('leaves');
INSERT INTO photo_tags (photo_idx, tag_id) VALUES ((SELECT photo_idx FROM photos WHERE photo_id = 1894), (SELECT tag_id FROM tags WHERE name = 'leaves'));

INSERT INTO photos (photo_id, photo_title, photo_collection, photo_location, photo_year, camera, film_stock, film_format) VALUES (1895, 'Backlit Leaves', 'California', 'Boulder Creek, California', 1989, 'Hasselblad', 'Ektachrome 100 Plus', '6 x 6 cm');
INSERT INTO photos_fts (photo_idx, photo_id, photo_title, photo_collection, photo_location, photo_year, camera, film_stock, film_format, tag_names) VALUES ((SELECT photo_idx FROM photos WHERE photo_id = 1895), 1895, 'Backlit Leaves', 'California', 'Boulder Creek, California', 1989, 'Hasselblad', 'Ektachrome 100 Plus', '6 x 6 cm', 'vertical,autumn,fall,color,outdoors,black,yellow,leaf,leaves');
INSERT OR IGNORE INTO tags (name) VALUES ('vertical');
INSERT INTO photo_tags (photo_idx, tag_id) VALUES ((SELECT photo_idx FROM photos WHERE photo_id = 1895), (SELECT tag_id FROM tags WHERE name = 'vertical'));
INSERT OR IGNORE INTO tags (name) VALUES ('autumn');
INSERT INTO photo_tags (photo_idx, tag_id) VALUES ((SELECT photo_idx FROM photos WHERE photo_id = 1895), (SELECT tag_id FROM tags WHERE name = 'autumn'));
INSERT OR IGNORE INTO tags (name) VALUES ('fall');
INSERT INTO photo_tags (photo_idx, tag_id) VALUES ((SELECT photo_idx FROM photos WHERE photo_id = 1895), (SELECT tag_id FROM tags WHERE name = 'fall'));
INSERT OR IGNORE INTO tags (name) VALUES ('color');
INSERT INTO photo_tags (photo_idx, tag_id) VALUES ((SELECT photo_idx FROM photos WHERE photo_id = 1895), (SELECT tag_id FROM tags WHERE name = 'color'));
INSERT OR IGNORE INTO tags (name) VALUES ('outdoors');
INSERT INTO photo_tags (photo_idx, tag_id) VALUES ((SELECT photo_idx FROM photos WHERE photo_id = 1895), (SELECT tag_id FROM tags WHERE name = 'outdoors'));
INSERT OR IGNORE INTO tags (name) VALUES ('black');
INSERT INTO photo_tags (photo_idx, tag_id) VALUES ((SELECT photo_idx FROM photos WHERE photo_id = 1895), (SELECT tag_id FROM tags WHERE name = 'black'));
INSERT OR IGNORE INTO tags (name) VALUES ('yellow');
INSERT INTO photo_tags (photo_idx, tag_id) VALUES ((SELECT photo_idx FROM photos WHERE photo_id = 1895), (SELECT tag_id FROM tags WHERE name = 'yellow'));
INSERT OR IGNORE INTO tags (name) VALUES ('leaf');
INSERT INTO photo_tags (photo_idx, tag_id) VALUES ((SELECT photo_idx FROM photos WHERE photo_id = 1895), (SELECT tag_id FROM tags WHERE name = 'leaf'));
INSERT OR IGNORE INTO tags (name) VALUES ('leaves');
INSERT INTO photo_tags (photo_idx, tag_id) VALUES ((SELECT photo_idx FROM photos WHERE photo_id = 1895), (SELECT tag_id FROM tags WHERE name = 'leaves'));

INSERT INTO photos (photo_id, photo_title, photo_collection, photo_location, photo_year, camera, film_stock, film_format) VALUES (1896, 'Sunset Sea Foam', 'California', 'Half Moon Bay, California', 1990, 'Hasselblad', 'Ektachrome Lumiere', '6 x 6 cm');
INSERT INTO photos_fts (photo_idx, photo_id, photo_title, photo_collection, photo_location, photo_year, camera, film_stock, film_format, tag_names) VALUES ((SELECT photo_idx FROM photos WHERE photo_id = 1896), 1896, 'Sunset Sea Foam', 'California', 'Half Moon Bay, California', 1990, 'Hasselblad', 'Ektachrome Lumiere', '6 x 6 cm', 'vertical,scenic,landscape,color,outdoors,white,sand,water,ocean,beach,coast,waves');
INSERT OR IGNORE INTO tags (name) VALUES ('vertical');
INSERT INTO photo_tags (photo_idx, tag_id) VALUES ((SELECT photo_idx FROM photos WHERE photo_id = 1896), (SELECT tag_id FROM tags WHERE name = 'vertical'));
INSERT OR IGNORE INTO tags (name) VALUES ('scenic');
INSERT INTO photo_tags (photo_idx, tag_id) VALUES ((SELECT photo_idx FROM photos WHERE photo_id = 1896), (SELECT tag_id FROM tags WHERE name = 'scenic'));
INSERT OR IGNORE INTO tags (name) VALUES ('landscape');
INSERT INTO photo_tags (photo_idx, tag_id) VALUES ((SELECT photo_idx FROM photos WHERE photo_id = 1896), (SELECT tag_id FROM tags WHERE name = 'landscape'));
INSERT OR IGNORE INTO tags (name) VALUES ('color');
INSERT INTO photo_tags (photo_idx, tag_id) VALUES ((SELECT photo_idx FROM photos WHERE photo_id = 1896), (SELECT tag_id FROM tags WHERE name = 'color'));
INSERT OR IGNORE INTO tags (name) VALUES ('outdoors');
INSERT INTO photo_tags (photo_idx, tag_id) VALUES ((SELECT photo_idx FROM photos WHERE photo_id = 1896), (SELECT tag_id FROM tags WHERE name = 'outdoors'));
INSERT OR IGNORE INTO tags (name) VALUES ('white');
INSERT INTO photo_tags (photo_idx, tag_id) VALUES ((SELECT photo_idx FROM photos WHERE photo_id = 1896), (SELECT tag_id FROM tags WHERE name = 'white'));
INSERT OR IGNORE INTO tags (name) VALUES ('sand');
INSERT INTO photo_tags (photo_idx, tag_id) VALUES ((SELECT photo_idx FROM photos WHERE photo_id = 1896), (SELECT tag_id FROM tags WHERE name = 'sand'));
INSERT OR IGNORE INTO tags (name) VALUES ('water');
INSERT INTO photo_tags (photo_idx, tag_id) VALUES ((SELECT photo_idx FROM photos WHERE photo_id = 1896), (SELECT tag_id FROM tags WHERE name = 'water'));
INSERT OR IGNORE INTO tags (name) VALUES ('ocean');
INSERT INTO photo_tags (photo_idx, tag_id) VALUES ((SELECT photo_idx FROM photos WHERE photo_id = 1896), (SELECT tag_id FROM tags WHERE name = 'ocean'));
INSERT OR IGNORE INTO tags (name) VALUES ('beach');
INSERT INTO photo_tags (photo_idx, tag_id) VALUES ((SELECT photo_idx FROM photos WHERE photo_id = 1896), (SELECT tag_id FROM tags WHERE name = 'beach'));
INSERT OR IGNORE INTO tags (name) VALUES ('coast');
INSERT INTO photo_tags (photo_idx, tag_id) VALUES ((SELECT photo_idx FROM photos WHERE photo_id = 1896), (SELECT tag_id FROM tags WHERE name = 'coast'));
INSERT OR IGNORE INTO tags (name) VALUES ('waves');
INSERT INTO photo_tags (photo_idx, tag_id) VALUES ((SELECT photo_idx FROM photos WHERE photo_id = 1896), (SELECT tag_id FROM tags WHERE name = 'waves'));

INSERT INTO photos (photo_id, photo_title, photo_collection, photo_location, photo_year, camera, film_stock, film_format) VALUES (1897, 'Growing in the Crack', 'Death Valley', 'Lone Pine, California', 1990, 'Hasselblad', 'Ektachrome 100 Plus', '6 x 6 cm');
INSERT INTO photos_fts (photo_idx, photo_id, photo_title, photo_collection, photo_location, photo_year, camera, film_stock, film_format, tag_names) VALUES ((SELECT photo_idx FROM photos WHERE photo_id = 1897), 1897, 'Growing in the Crack', 'Death Valley', 'Lone Pine, California', 1990, 'Hasselblad', 'Ektachrome 100 Plus', '6 x 6 cm', 'vertical,scenic,landscape,color,outdoors,red,rock');
INSERT OR IGNORE INTO tags (name) VALUES ('vertical');
INSERT INTO photo_tags (photo_idx, tag_id) VALUES ((SELECT photo_idx FROM photos WHERE photo_id = 1897), (SELECT tag_id FROM tags WHERE name = 'vertical'));
INSERT OR IGNORE INTO tags (name) VALUES ('scenic');
INSERT INTO photo_tags (photo_idx, tag_id) VALUES ((SELECT photo_idx FROM photos WHERE photo_id = 1897), (SELECT tag_id FROM tags WHERE name = 'scenic'));
INSERT OR IGNORE INTO tags (name) VALUES ('landscape');
INSERT INTO photo_tags (photo_idx, tag_id) VALUES ((SELECT photo_idx FROM photos WHERE photo_id = 1897), (SELECT tag_id FROM tags WHERE name = 'landscape'));
INSERT OR IGNORE INTO tags (name) VALUES ('color');
INSERT INTO photo_tags (photo_idx, tag_id) VALUES ((SELECT photo_idx FROM photos WHERE photo_id = 1897), (SELECT tag_id FROM tags WHERE name = 'color'));
INSERT OR IGNORE INTO tags (name) VALUES ('outdoors');
INSERT INTO photo_tags (photo_idx, tag_id) VALUES ((SELECT photo_idx FROM photos WHERE photo_id = 1897), (SELECT tag_id FROM tags WHERE name = 'outdoors'));
INSERT OR IGNORE INTO tags (name) VALUES ('red');
INSERT INTO photo_tags (photo_idx, tag_id) VALUES ((SELECT photo_idx FROM photos WHERE photo_id = 1897), (SELECT tag_id FROM tags WHERE name = 'red'));
INSERT OR IGNORE INTO tags (name) VALUES ('rock');
INSERT INTO photo_tags (photo_idx, tag_id) VALUES ((SELECT photo_idx FROM photos WHERE photo_id = 1897), (SELECT tag_id FROM tags WHERE name = 'rock'));

INSERT INTO photos (photo_id, photo_title, photo_collection, photo_location, photo_year, camera, film_stock, film_format) VALUES (1899, 'Mudstone Textures', 'Death Valley', 'Lone Pine, California', 1990, 'Hasselblad', 'Ektachrome 100 Plus', '6 x 6 cm');
INSERT INTO photos_fts (photo_idx, photo_id, photo_title, photo_collection, photo_location, photo_year, camera, film_stock, film_format, tag_names) VALUES ((SELECT photo_idx FROM photos WHERE photo_id = 1899), 1899, 'Mudstone Textures', 'Death Valley', 'Lone Pine, California', 1990, 'Hasselblad', 'Ektachrome 100 Plus', '6 x 6 cm', 'vertical,closeup,scenic,landscape,color,outdoors,tan,sandstone');
INSERT OR IGNORE INTO tags (name) VALUES ('vertical');
INSERT INTO photo_tags (photo_idx, tag_id) VALUES ((SELECT photo_idx FROM photos WHERE photo_id = 1899), (SELECT tag_id FROM tags WHERE name = 'vertical'));
INSERT OR IGNORE INTO tags (name) VALUES ('closeup');
INSERT INTO photo_tags (photo_idx, tag_id) VALUES ((SELECT photo_idx FROM photos WHERE photo_id = 1899), (SELECT tag_id FROM tags WHERE name = 'closeup'));
INSERT OR IGNORE INTO tags (name) VALUES ('scenic');
INSERT INTO photo_tags (photo_idx, tag_id) VALUES ((SELECT photo_idx FROM photos WHERE photo_id = 1899), (SELECT tag_id FROM tags WHERE name = 'scenic'));
INSERT OR IGNORE INTO tags (name) VALUES ('landscape');
INSERT INTO photo_tags (photo_idx, tag_id) VALUES ((SELECT photo_idx FROM photos WHERE photo_id = 1899), (SELECT tag_id FROM tags WHERE name = 'landscape'));
INSERT OR IGNORE INTO tags (name) VALUES ('color');
INSERT INTO photo_tags (photo_idx, tag_id) VALUES ((SELECT photo_idx FROM photos WHERE photo_id = 1899), (SELECT tag_id FROM tags WHERE name = 'color'));
INSERT OR IGNORE INTO tags (name) VALUES ('outdoors');
INSERT INTO photo_tags (photo_idx, tag_id) VALUES ((SELECT photo_idx FROM photos WHERE photo_id = 1899), (SELECT tag_id FROM tags WHERE name = 'outdoors'));
INSERT OR IGNORE INTO tags (name) VALUES ('tan');
INSERT INTO photo_tags (photo_idx, tag_id) VALUES ((SELECT photo_idx FROM photos WHERE photo_id = 1899), (SELECT tag_id FROM tags WHERE name = 'tan'));
INSERT OR IGNORE INTO tags (name) VALUES ('sandstone');
INSERT INTO photo_tags (photo_idx, tag_id) VALUES ((SELECT photo_idx FROM photos WHERE photo_id = 1899), (SELECT tag_id FROM tags WHERE name = 'sandstone'));

INSERT INTO photos (photo_id, photo_title, photo_collection, photo_location, photo_year, camera, film_stock, film_format) VALUES (1901, 'Red Rock Formation', 'Death Valley', 'Red Rock State Park, California', 1990, 'Hasselblad', 'Ektachrome 100 Plus', '6 x 6 cm');
INSERT INTO photos_fts (photo_idx, photo_id, photo_title, photo_collection, photo_location, photo_year, camera, film_stock, film_format, tag_names) VALUES ((SELECT photo_idx FROM photos WHERE photo_id = 1901), 1901, 'Red Rock Formation', 'Death Valley', 'Red Rock State Park, California', 1990, 'Hasselblad', 'Ektachrome 100 Plus', '6 x 6 cm', 'horizontal,scenic,landscape,color,outdoors,tan,rock,sand,sandstone');
INSERT OR IGNORE INTO tags (name) VALUES ('horizontal');
INSERT INTO photo_tags (photo_idx, tag_id) VALUES ((SELECT photo_idx FROM photos WHERE photo_id = 1901), (SELECT tag_id FROM tags WHERE name = 'horizontal'));
INSERT OR IGNORE INTO tags (name) VALUES ('scenic');
INSERT INTO photo_tags (photo_idx, tag_id) VALUES ((SELECT photo_idx FROM photos WHERE photo_id = 1901), (SELECT tag_id FROM tags WHERE name = 'scenic'));
INSERT OR IGNORE INTO tags (name) VALUES ('landscape');
INSERT INTO photo_tags (photo_idx, tag_id) VALUES ((SELECT photo_idx FROM photos WHERE photo_id = 1901), (SELECT tag_id FROM tags WHERE name = 'landscape'));
INSERT OR IGNORE INTO tags (name) VALUES ('color');
INSERT INTO photo_tags (photo_idx, tag_id) VALUES ((SELECT photo_idx FROM photos WHERE photo_id = 1901), (SELECT tag_id FROM tags WHERE name = 'color'));
INSERT OR IGNORE INTO tags (name) VALUES ('outdoors');
INSERT INTO photo_tags (photo_idx, tag_id) VALUES ((SELECT photo_idx FROM photos WHERE photo_id = 1901), (SELECT tag_id FROM tags WHERE name = 'outdoors'));
INSERT OR IGNORE INTO tags (name) VALUES ('tan');
INSERT INTO photo_tags (photo_idx, tag_id) VALUES ((SELECT photo_idx FROM photos WHERE photo_id = 1901), (SELECT tag_id FROM tags WHERE name = 'tan'));
INSERT OR IGNORE INTO tags (name) VALUES ('rock');
INSERT INTO photo_tags (photo_idx, tag_id) VALUES ((SELECT photo_idx FROM photos WHERE photo_id = 1901), (SELECT tag_id FROM tags WHERE name = 'rock'));
INSERT OR IGNORE INTO tags (name) VALUES ('sand');
INSERT INTO photo_tags (photo_idx, tag_id) VALUES ((SELECT photo_idx FROM photos WHERE photo_id = 1901), (SELECT tag_id FROM tags WHERE name = 'sand'));
INSERT OR IGNORE INTO tags (name) VALUES ('sandstone');
INSERT INTO photo_tags (photo_idx, tag_id) VALUES ((SELECT photo_idx FROM photos WHERE photo_id = 1901), (SELECT tag_id FROM tags WHERE name = 'sandstone'));

INSERT INTO photos (photo_id, photo_title, photo_collection, photo_location, photo_year, camera, film_stock, film_format) VALUES (1902, 'Quiet Woods', 'California', 'Lost Coast, California', 1998, 'Hasselblad', 'Fujichrome Velvia', '6 x 6 cm');
INSERT INTO photos_fts (photo_idx, photo_id, photo_title, photo_collection, photo_location, photo_year, camera, film_stock, film_format, tag_names) VALUES ((SELECT photo_idx FROM photos WHERE photo_id = 1902), 1902, 'Quiet Woods', 'California', 'Lost Coast, California', 1998, 'Hasselblad', 'Fujichrome Velvia', '6 x 6 cm', 'horizontal,scenic,landscape,color,outdoors,green,trees,foliage,forest');
INSERT OR IGNORE INTO tags (name) VALUES ('horizontal');
INSERT INTO photo_tags (photo_idx, tag_id) VALUES ((SELECT photo_idx FROM photos WHERE photo_id = 1902), (SELECT tag_id FROM tags WHERE name = 'horizontal'));
INSERT OR IGNORE INTO tags (name) VALUES ('scenic');
INSERT INTO photo_tags (photo_idx, tag_id) VALUES ((SELECT photo_idx FROM photos WHERE photo_id = 1902), (SELECT tag_id FROM tags WHERE name = 'scenic'));
INSERT OR IGNORE INTO tags (name) VALUES ('landscape');
INSERT INTO photo_tags (photo_idx, tag_id) VALUES ((SELECT photo_idx FROM photos WHERE photo_id = 1902), (SELECT tag_id FROM tags WHERE name = 'landscape'));
INSERT OR IGNORE INTO tags (name) VALUES ('color');
INSERT INTO photo_tags (photo_idx, tag_id) VALUES ((SELECT photo_idx FROM photos WHERE photo_id = 1902), (SELECT tag_id FROM tags WHERE name = 'color'));
INSERT OR IGNORE INTO tags (name) VALUES ('outdoors');
INSERT INTO photo_tags (photo_idx, tag_id) VALUES ((SELECT photo_idx FROM photos WHERE photo_id = 1902), (SELECT tag_id FROM tags WHERE name = 'outdoors'));
INSERT OR IGNORE INTO tags (name) VALUES ('green');
INSERT INTO photo_tags (photo_idx, tag_id) VALUES ((SELECT photo_idx FROM photos WHERE photo_id = 1902), (SELECT tag_id FROM tags WHERE name = 'green'));
INSERT OR IGNORE INTO tags (name) VALUES ('trees');
INSERT INTO photo_tags (photo_idx, tag_id) VALUES ((SELECT photo_idx FROM photos WHERE photo_id = 1902), (SELECT tag_id FROM tags WHERE name = 'trees'));
INSERT OR IGNORE INTO tags (name) VALUES ('foliage');
INSERT INTO photo_tags (photo_idx, tag_id) VALUES ((SELECT photo_idx FROM photos WHERE photo_id = 1902), (SELECT tag_id FROM tags WHERE name = 'foliage'));
INSERT OR IGNORE INTO tags (name) VALUES ('forest');
INSERT INTO photo_tags (photo_idx, tag_id) VALUES ((SELECT photo_idx FROM photos WHERE photo_id = 1902), (SELECT tag_id FROM tags WHERE name = 'forest'));

INSERT INTO photos (photo_id, photo_title, photo_collection, photo_location, photo_year, camera, film_stock, film_format) VALUES (1904, 'Canyon of Light', 'Southwest', 'Antelope Canyon, Arizona', 1998, 'Hasselblad', 'FujiColor Professional 160', '6 x 6 cm');
INSERT INTO photos_fts (photo_idx, photo_id, photo_title, photo_collection, photo_location, photo_year, camera, film_stock, film_format, tag_names) VALUES ((SELECT photo_idx FROM photos WHERE photo_id = 1904), 1904, 'Canyon of Light', 'Southwest', 'Antelope Canyon, Arizona', 1998, 'Hasselblad', 'FujiColor Professional 160', '6 x 6 cm', 'vertical,scenic,abstract,landscape,color,outdoors,black,orange,red,tan,rock,sandstone,canyon,slot canyon');
INSERT OR IGNORE INTO tags (name) VALUES ('vertical');
INSERT INTO photo_tags (photo_idx, tag_id) VALUES ((SELECT photo_idx FROM photos WHERE photo_id = 1904), (SELECT tag_id FROM tags WHERE name = 'vertical'));
INSERT OR IGNORE INTO tags (name) VALUES ('scenic');
INSERT INTO photo_tags (photo_idx, tag_id) VALUES ((SELECT photo_idx FROM photos WHERE photo_id = 1904), (SELECT tag_id FROM tags WHERE name = 'scenic'));
INSERT OR IGNORE INTO tags (name) VALUES ('abstract');
INSERT INTO photo_tags (photo_idx, tag_id) VALUES ((SELECT photo_idx FROM photos WHERE photo_id = 1904), (SELECT tag_id FROM tags WHERE name = 'abstract'));
INSERT OR IGNORE INTO tags (name) VALUES ('landscape');
INSERT INTO photo_tags (photo_idx, tag_id) VALUES ((SELECT photo_idx FROM photos WHERE photo_id = 1904), (SELECT tag_id FROM tags WHERE name = 'landscape'));
INSERT OR IGNORE INTO tags (name) VALUES ('color');
INSERT INTO photo_tags (photo_idx, tag_id) VALUES ((SELECT photo_idx FROM photos WHERE photo_id = 1904), (SELECT tag_id FROM tags WHERE name = 'color'));
INSERT OR IGNORE INTO tags (name) VALUES ('outdoors');
INSERT INTO photo_tags (photo_idx, tag_id) VALUES ((SELECT photo_idx FROM photos WHERE photo_id = 1904), (SELECT tag_id FROM tags WHERE name = 'outdoors'));
INSERT OR IGNORE INTO tags (name) VALUES ('black');
INSERT INTO photo_tags (photo_idx, tag_id) VALUES ((SELECT photo_idx FROM photos WHERE photo_id = 1904), (SELECT tag_id FROM tags WHERE name = 'black'));
INSERT OR IGNORE INTO tags (name) VALUES ('orange');
INSERT INTO photo_tags (photo_idx, tag_id) VALUES ((SELECT photo_idx FROM photos WHERE photo_id = 1904), (SELECT tag_id FROM tags WHERE name = 'orange'));
INSERT OR IGNORE INTO tags (name) VALUES ('red');
INSERT INTO photo_tags (photo_idx, tag_id) VALUES ((SELECT photo_idx FROM photos WHERE photo_id = 1904), (SELECT tag_id FROM tags WHERE name = 'red'));
INSERT OR IGNORE INTO tags (name) VALUES ('tan');
INSERT INTO photo_tags (photo_idx, tag_id) VALUES ((SELECT photo_idx FROM photos WHERE photo_id = 1904), (SELECT tag_id FROM tags WHERE name = 'tan'));
INSERT OR IGNORE INTO tags (name) VALUES ('rock');
INSERT INTO photo_tags (photo_idx, tag_id) VALUES ((SELECT photo_idx FROM photos WHERE photo_id = 1904), (SELECT tag_id FROM tags WHERE name = 'rock'));
INSERT OR IGNORE INTO tags (name) VALUES ('sandstone');
INSERT INTO photo_tags (photo_idx, tag_id) VALUES ((SELECT photo_idx FROM photos WHERE photo_id = 1904), (SELECT tag_id FROM tags WHERE name = 'sandstone'));
INSERT OR IGNORE INTO tags (name) VALUES ('canyon');
INSERT INTO photo_tags (photo_idx, tag_id) VALUES ((SELECT photo_idx FROM photos WHERE photo_id = 1904), (SELECT tag_id FROM tags WHERE name = 'canyon'));
INSERT OR IGNORE INTO tags (name) VALUES ('slot canyon');
INSERT INTO photo_tags (photo_idx, tag_id) VALUES ((SELECT photo_idx FROM photos WHERE photo_id = 1904), (SELECT tag_id FROM tags WHERE name = 'slot canyon'));

INSERT INTO photos (photo_id, photo_title, photo_collection, photo_location, photo_year, camera, film_stock, film_format) VALUES (1907, 'Backlit Cave Shapes', 'Southwest', 'Antelope Canyon, Arizona', 1998, 'Hasselblad', 'FujiColor Professional 160', '6 x 6 cm');
INSERT INTO photos_fts (photo_idx, photo_id, photo_title, photo_collection, photo_location, photo_year, camera, film_stock, film_format, tag_names) VALUES ((SELECT photo_idx FROM photos WHERE photo_id = 1907), 1907, 'Backlit Cave Shapes', 'Southwest', 'Antelope Canyon, Arizona', 1998, 'Hasselblad', 'FujiColor Professional 160', '6 x 6 cm', 'horizontal,scenic,abstract,landscape,color,outdoors,black,orange,red,tan,rock,sandstone,canyon,slot canyon');
INSERT OR IGNORE INTO tags (name) VALUES ('horizontal');
INSERT INTO photo_tags (photo_idx, tag_id) VALUES ((SELECT photo_idx FROM photos WHERE photo_id = 1907), (SELECT tag_id FROM tags WHERE name = 'horizontal'));
INSERT OR IGNORE INTO tags (name) VALUES ('scenic');
INSERT INTO photo_tags (photo_idx, tag_id) VALUES ((SELECT photo_idx FROM photos WHERE photo_id = 1907), (SELECT tag_id FROM tags WHERE name = 'scenic'));
INSERT OR IGNORE INTO tags (name) VALUES ('abstract');
INSERT INTO photo_tags (photo_idx, tag_id) VALUES ((SELECT photo_idx FROM photos WHERE photo_id = 1907), (SELECT tag_id FROM tags WHERE name = 'abstract'));
INSERT OR IGNORE INTO tags (name) VALUES ('landscape');
INSERT INTO photo_tags (photo_idx, tag_id) VALUES ((SELECT photo_idx FROM photos WHERE photo_id = 1907), (SELECT tag_id FROM tags WHERE name = 'landscape'));
INSERT OR IGNORE INTO tags (name) VALUES ('color');
INSERT INTO photo_tags (photo_idx, tag_id) VALUES ((SELECT photo_idx FROM photos WHERE photo_id = 1907), (SELECT tag_id FROM tags WHERE name = 'color'));
INSERT OR IGNORE INTO tags (name) VALUES ('outdoors');
INSERT INTO photo_tags (photo_idx, tag_id) VALUES ((SELECT photo_idx FROM photos WHERE photo_id = 1907), (SELECT tag_id FROM tags WHERE name = 'outdoors'));
INSERT OR IGNORE INTO tags (name) VALUES ('black');
INSERT INTO photo_tags (photo_idx, tag_id) VALUES ((SELECT photo_idx FROM photos WHERE photo_id = 1907), (SELECT tag_id FROM tags WHERE name = 'black'));
INSERT OR IGNORE INTO tags (name) VALUES ('orange');
INSERT INTO photo_tags (photo_idx, tag_id) VALUES ((SELECT photo_idx FROM photos WHERE photo_id = 1907), (SELECT tag_id FROM tags WHERE name = 'orange'));
INSERT OR IGNORE INTO tags (name) VALUES ('red');
INSERT INTO photo_tags (photo_idx, tag_id) VALUES ((SELECT photo_idx FROM photos WHERE photo_id = 1907), (SELECT tag_id FROM tags WHERE name = 'red'));
INSERT OR IGNORE INTO tags (name) VALUES ('tan');
INSERT INTO photo_tags (photo_idx, tag_id) VALUES ((SELECT photo_idx FROM photos WHERE photo_id = 1907), (SELECT tag_id FROM tags WHERE name = 'tan'));
INSERT OR IGNORE INTO tags (name) VALUES ('rock');
INSERT INTO photo_tags (photo_idx, tag_id) VALUES ((SELECT photo_idx FROM photos WHERE photo_id = 1907), (SELECT tag_id FROM tags WHERE name = 'rock'));
INSERT OR IGNORE INTO tags (name) VALUES ('sandstone');
INSERT INTO photo_tags (photo_idx, tag_id) VALUES ((SELECT photo_idx FROM photos WHERE photo_id = 1907), (SELECT tag_id FROM tags WHERE name = 'sandstone'));
INSERT OR IGNORE INTO tags (name) VALUES ('canyon');
INSERT INTO photo_tags (photo_idx, tag_id) VALUES ((SELECT photo_idx FROM photos WHERE photo_id = 1907), (SELECT tag_id FROM tags WHERE name = 'canyon'));
INSERT OR IGNORE INTO tags (name) VALUES ('slot canyon');
INSERT INTO photo_tags (photo_idx, tag_id) VALUES ((SELECT photo_idx FROM photos WHERE photo_id = 1907), (SELECT tag_id FROM tags WHERE name = 'slot canyon'));


