INSERT INTO photos (photo_id, photo_title, photo_collection, photo_location, photo_year, camera, film_stock, film_format) VALUES (1001, 'Sunset at Ruby Beach', 'Pacific Northwest', 'Olympic Peninsula, Washington', 1996, 'Nikon', 'Fujichrome Velvia', '35 mm');
INSERT INTO photos_fts (photo_idx, photo_id, photo_title, photo_collection, photo_location, photo_year, camera, film_stock, film_format, tag_names) VALUES ((SELECT photo_idx FROM photos WHERE photo_id = 1001), 1001, 'Sunset at Ruby Beach', 'Pacific Northwest', 'Olympic Peninsula, Washington', 1996, 'Nikon', 'Fujichrome Velvia', '35 mm', 'vertical,popular,scenic,landscape,color,outdoors,black,orange,red,sand,sky,sunset,water,river,beach,coast,stream');
INSERT OR IGNORE INTO tags (name) VALUES ('vertical');
INSERT INTO photo_tags (photo_idx, tag_id) VALUES ((SELECT photo_idx FROM photos WHERE photo_id = 1001), (SELECT tag_id FROM tags WHERE name = 'vertical'));
INSERT OR IGNORE INTO tags (name) VALUES ('popular');
INSERT INTO photo_tags (photo_idx, tag_id) VALUES ((SELECT photo_idx FROM photos WHERE photo_id = 1001), (SELECT tag_id FROM tags WHERE name = 'popular'));
INSERT OR IGNORE INTO tags (name) VALUES ('scenic');
INSERT INTO photo_tags (photo_idx, tag_id) VALUES ((SELECT photo_idx FROM photos WHERE photo_id = 1001), (SELECT tag_id FROM tags WHERE name = 'scenic'));
INSERT OR IGNORE INTO tags (name) VALUES ('landscape');
INSERT INTO photo_tags (photo_idx, tag_id) VALUES ((SELECT photo_idx FROM photos WHERE photo_id = 1001), (SELECT tag_id FROM tags WHERE name = 'landscape'));
INSERT OR IGNORE INTO tags (name) VALUES ('color');
INSERT INTO photo_tags (photo_idx, tag_id) VALUES ((SELECT photo_idx FROM photos WHERE photo_id = 1001), (SELECT tag_id FROM tags WHERE name = 'color'));
INSERT OR IGNORE INTO tags (name) VALUES ('outdoors');
INSERT INTO photo_tags (photo_idx, tag_id) VALUES ((SELECT photo_idx FROM photos WHERE photo_id = 1001), (SELECT tag_id FROM tags WHERE name = 'outdoors'));
INSERT OR IGNORE INTO tags (name) VALUES ('black');
INSERT INTO photo_tags (photo_idx, tag_id) VALUES ((SELECT photo_idx FROM photos WHERE photo_id = 1001), (SELECT tag_id FROM tags WHERE name = 'black'));
INSERT OR IGNORE INTO tags (name) VALUES ('orange');
INSERT INTO photo_tags (photo_idx, tag_id) VALUES ((SELECT photo_idx FROM photos WHERE photo_id = 1001), (SELECT tag_id FROM tags WHERE name = 'orange'));
INSERT OR IGNORE INTO tags (name) VALUES ('red');
INSERT INTO photo_tags (photo_idx, tag_id) VALUES ((SELECT photo_idx FROM photos WHERE photo_id = 1001), (SELECT tag_id FROM tags WHERE name = 'red'));
INSERT OR IGNORE INTO tags (name) VALUES ('sand');
INSERT INTO photo_tags (photo_idx, tag_id) VALUES ((SELECT photo_idx FROM photos WHERE photo_id = 1001), (SELECT tag_id FROM tags WHERE name = 'sand'));
INSERT OR IGNORE INTO tags (name) VALUES ('sky');
INSERT INTO photo_tags (photo_idx, tag_id) VALUES ((SELECT photo_idx FROM photos WHERE photo_id = 1001), (SELECT tag_id FROM tags WHERE name = 'sky'));
INSERT OR IGNORE INTO tags (name) VALUES ('sunset');
INSERT INTO photo_tags (photo_idx, tag_id) VALUES ((SELECT photo_idx FROM photos WHERE photo_id = 1001), (SELECT tag_id FROM tags WHERE name = 'sunset'));
INSERT OR IGNORE INTO tags (name) VALUES ('water');
INSERT INTO photo_tags (photo_idx, tag_id) VALUES ((SELECT photo_idx FROM photos WHERE photo_id = 1001), (SELECT tag_id FROM tags WHERE name = 'water'));
INSERT OR IGNORE INTO tags (name) VALUES ('river');
INSERT INTO photo_tags (photo_idx, tag_id) VALUES ((SELECT photo_idx FROM photos WHERE photo_id = 1001), (SELECT tag_id FROM tags WHERE name = 'river'));
INSERT OR IGNORE INTO tags (name) VALUES ('beach');
INSERT INTO photo_tags (photo_idx, tag_id) VALUES ((SELECT photo_idx FROM photos WHERE photo_id = 1001), (SELECT tag_id FROM tags WHERE name = 'beach'));
INSERT OR IGNORE INTO tags (name) VALUES ('coast');
INSERT INTO photo_tags (photo_idx, tag_id) VALUES ((SELECT photo_idx FROM photos WHERE photo_id = 1001), (SELECT tag_id FROM tags WHERE name = 'coast'));
INSERT OR IGNORE INTO tags (name) VALUES ('stream');
INSERT INTO photo_tags (photo_idx, tag_id) VALUES ((SELECT photo_idx FROM photos WHERE photo_id = 1001), (SELECT tag_id FROM tags WHERE name = 'stream'));

INSERT INTO photos (photo_id, photo_title, photo_collection, photo_location, photo_year, camera, film_stock, film_format) VALUES (1002, 'Round Rocks at Sunset', 'Pacific Northwest', 'Olympic Peninsula, Washington', 1996, 'Nikon', 'Fujichrome Velvia', '35 mm');
INSERT INTO photos_fts (photo_idx, photo_id, photo_title, photo_collection, photo_location, photo_year, camera, film_stock, film_format, tag_names) VALUES ((SELECT photo_idx FROM photos WHERE photo_id = 1002), 1002, 'Round Rocks at Sunset', 'Pacific Northwest', 'Olympic Peninsula, Washington', 1996, 'Nikon', 'Fujichrome Velvia', '35 mm', 'horizontal,popular,closeup,landscape,color,outdoors,gray,rock,sand,beach,coast');
INSERT OR IGNORE INTO tags (name) VALUES ('horizontal');
INSERT INTO photo_tags (photo_idx, tag_id) VALUES ((SELECT photo_idx FROM photos WHERE photo_id = 1002), (SELECT tag_id FROM tags WHERE name = 'horizontal'));
INSERT OR IGNORE INTO tags (name) VALUES ('popular');
INSERT INTO photo_tags (photo_idx, tag_id) VALUES ((SELECT photo_idx FROM photos WHERE photo_id = 1002), (SELECT tag_id FROM tags WHERE name = 'popular'));
INSERT OR IGNORE INTO tags (name) VALUES ('closeup');
INSERT INTO photo_tags (photo_idx, tag_id) VALUES ((SELECT photo_idx FROM photos WHERE photo_id = 1002), (SELECT tag_id FROM tags WHERE name = 'closeup'));
INSERT OR IGNORE INTO tags (name) VALUES ('landscape');
INSERT INTO photo_tags (photo_idx, tag_id) VALUES ((SELECT photo_idx FROM photos WHERE photo_id = 1002), (SELECT tag_id FROM tags WHERE name = 'landscape'));
INSERT OR IGNORE INTO tags (name) VALUES ('color');
INSERT INTO photo_tags (photo_idx, tag_id) VALUES ((SELECT photo_idx FROM photos WHERE photo_id = 1002), (SELECT tag_id FROM tags WHERE name = 'color'));
INSERT OR IGNORE INTO tags (name) VALUES ('outdoors');
INSERT INTO photo_tags (photo_idx, tag_id) VALUES ((SELECT photo_idx FROM photos WHERE photo_id = 1002), (SELECT tag_id FROM tags WHERE name = 'outdoors'));
INSERT OR IGNORE INTO tags (name) VALUES ('gray');
INSERT INTO photo_tags (photo_idx, tag_id) VALUES ((SELECT photo_idx FROM photos WHERE photo_id = 1002), (SELECT tag_id FROM tags WHERE name = 'gray'));
INSERT OR IGNORE INTO tags (name) VALUES ('rock');
INSERT INTO photo_tags (photo_idx, tag_id) VALUES ((SELECT photo_idx FROM photos WHERE photo_id = 1002), (SELECT tag_id FROM tags WHERE name = 'rock'));
INSERT OR IGNORE INTO tags (name) VALUES ('sand');
INSERT INTO photo_tags (photo_idx, tag_id) VALUES ((SELECT photo_idx FROM photos WHERE photo_id = 1002), (SELECT tag_id FROM tags WHERE name = 'sand'));
INSERT OR IGNORE INTO tags (name) VALUES ('beach');
INSERT INTO photo_tags (photo_idx, tag_id) VALUES ((SELECT photo_idx FROM photos WHERE photo_id = 1002), (SELECT tag_id FROM tags WHERE name = 'beach'));
INSERT OR IGNORE INTO tags (name) VALUES ('coast');
INSERT INTO photo_tags (photo_idx, tag_id) VALUES ((SELECT photo_idx FROM photos WHERE photo_id = 1002), (SELECT tag_id FROM tags WHERE name = 'coast'));

INSERT INTO photos (photo_id, photo_title, photo_collection, photo_location, photo_year, camera, film_stock, film_format) VALUES (1004, 'Scotchbroom', 'Pacific Northwest', 'Olympic Peninsula, Washington', 1996, 'Nikon', 'Fujichrome Velvia', '35 mm');
INSERT INTO photos_fts (photo_idx, photo_id, photo_title, photo_collection, photo_location, photo_year, camera, film_stock, film_format, tag_names) VALUES ((SELECT photo_idx FROM photos WHERE photo_id = 1004), 1004, 'Scotchbroom', 'Pacific Northwest', 'Olympic Peninsula, Washington', 1996, 'Nikon', 'Fujichrome Velvia', '35 mm', 'horizontal,spring,closeup,landscape,color,outdoors,blue,yellow,flowers,sky,blossoms,wildflowers');
INSERT OR IGNORE INTO tags (name) VALUES ('horizontal');
INSERT INTO photo_tags (photo_idx, tag_id) VALUES ((SELECT photo_idx FROM photos WHERE photo_id = 1004), (SELECT tag_id FROM tags WHERE name = 'horizontal'));
INSERT OR IGNORE INTO tags (name) VALUES ('spring');
INSERT INTO photo_tags (photo_idx, tag_id) VALUES ((SELECT photo_idx FROM photos WHERE photo_id = 1004), (SELECT tag_id FROM tags WHERE name = 'spring'));
INSERT OR IGNORE INTO tags (name) VALUES ('closeup');
INSERT INTO photo_tags (photo_idx, tag_id) VALUES ((SELECT photo_idx FROM photos WHERE photo_id = 1004), (SELECT tag_id FROM tags WHERE name = 'closeup'));
INSERT OR IGNORE INTO tags (name) VALUES ('landscape');
INSERT INTO photo_tags (photo_idx, tag_id) VALUES ((SELECT photo_idx FROM photos WHERE photo_id = 1004), (SELECT tag_id FROM tags WHERE name = 'landscape'));
INSERT OR IGNORE INTO tags (name) VALUES ('color');
INSERT INTO photo_tags (photo_idx, tag_id) VALUES ((SELECT photo_idx FROM photos WHERE photo_id = 1004), (SELECT tag_id FROM tags WHERE name = 'color'));
INSERT OR IGNORE INTO tags (name) VALUES ('outdoors');
INSERT INTO photo_tags (photo_idx, tag_id) VALUES ((SELECT photo_idx FROM photos WHERE photo_id = 1004), (SELECT tag_id FROM tags WHERE name = 'outdoors'));
INSERT OR IGNORE INTO tags (name) VALUES ('blue');
INSERT INTO photo_tags (photo_idx, tag_id) VALUES ((SELECT photo_idx FROM photos WHERE photo_id = 1004), (SELECT tag_id FROM tags WHERE name = 'blue'));
INSERT OR IGNORE INTO tags (name) VALUES ('yellow');
INSERT INTO photo_tags (photo_idx, tag_id) VALUES ((SELECT photo_idx FROM photos WHERE photo_id = 1004), (SELECT tag_id FROM tags WHERE name = 'yellow'));
INSERT OR IGNORE INTO tags (name) VALUES ('flowers');
INSERT INTO photo_tags (photo_idx, tag_id) VALUES ((SELECT photo_idx FROM photos WHERE photo_id = 1004), (SELECT tag_id FROM tags WHERE name = 'flowers'));
INSERT OR IGNORE INTO tags (name) VALUES ('sky');
INSERT INTO photo_tags (photo_idx, tag_id) VALUES ((SELECT photo_idx FROM photos WHERE photo_id = 1004), (SELECT tag_id FROM tags WHERE name = 'sky'));
INSERT OR IGNORE INTO tags (name) VALUES ('blossoms');
INSERT INTO photo_tags (photo_idx, tag_id) VALUES ((SELECT photo_idx FROM photos WHERE photo_id = 1004), (SELECT tag_id FROM tags WHERE name = 'blossoms'));
INSERT OR IGNORE INTO tags (name) VALUES ('wildflowers');
INSERT INTO photo_tags (photo_idx, tag_id) VALUES ((SELECT photo_idx FROM photos WHERE photo_id = 1004), (SELECT tag_id FROM tags WHERE name = 'wildflowers'));

INSERT INTO photos (photo_id, photo_title, photo_collection, photo_location, photo_year, camera, film_stock, film_format) VALUES (1005, 'Wild Rose', 'Pacific Northwest', 'Olympic Peninsula, Washington', 1996, 'Nikon', 'Fujichrome Velvia', '35 mm');
INSERT INTO photos_fts (photo_idx, photo_id, photo_title, photo_collection, photo_location, photo_year, camera, film_stock, film_format, tag_names) VALUES ((SELECT photo_idx FROM photos WHERE photo_id = 1005), 1005, 'Wild Rose', 'Pacific Northwest', 'Olympic Peninsula, Washington', 1996, 'Nikon', 'Fujichrome Velvia', '35 mm', 'horizontal,spring,closeup,landscape,color,outdoors,black,green,pink,flowers,leaf,blossoms,rose,wildflowers');
INSERT OR IGNORE INTO tags (name) VALUES ('horizontal');
INSERT INTO photo_tags (photo_idx, tag_id) VALUES ((SELECT photo_idx FROM photos WHERE photo_id = 1005), (SELECT tag_id FROM tags WHERE name = 'horizontal'));
INSERT OR IGNORE INTO tags (name) VALUES ('spring');
INSERT INTO photo_tags (photo_idx, tag_id) VALUES ((SELECT photo_idx FROM photos WHERE photo_id = 1005), (SELECT tag_id FROM tags WHERE name = 'spring'));
INSERT OR IGNORE INTO tags (name) VALUES ('closeup');
INSERT INTO photo_tags (photo_idx, tag_id) VALUES ((SELECT photo_idx FROM photos WHERE photo_id = 1005), (SELECT tag_id FROM tags WHERE name = 'closeup'));
INSERT OR IGNORE INTO tags (name) VALUES ('landscape');
INSERT INTO photo_tags (photo_idx, tag_id) VALUES ((SELECT photo_idx FROM photos WHERE photo_id = 1005), (SELECT tag_id FROM tags WHERE name = 'landscape'));
INSERT OR IGNORE INTO tags (name) VALUES ('color');
INSERT INTO photo_tags (photo_idx, tag_id) VALUES ((SELECT photo_idx FROM photos WHERE photo_id = 1005), (SELECT tag_id FROM tags WHERE name = 'color'));
INSERT OR IGNORE INTO tags (name) VALUES ('outdoors');
INSERT INTO photo_tags (photo_idx, tag_id) VALUES ((SELECT photo_idx FROM photos WHERE photo_id = 1005), (SELECT tag_id FROM tags WHERE name = 'outdoors'));
INSERT OR IGNORE INTO tags (name) VALUES ('black');
INSERT INTO photo_tags (photo_idx, tag_id) VALUES ((SELECT photo_idx FROM photos WHERE photo_id = 1005), (SELECT tag_id FROM tags WHERE name = 'black'));
INSERT OR IGNORE INTO tags (name) VALUES ('green');
INSERT INTO photo_tags (photo_idx, tag_id) VALUES ((SELECT photo_idx FROM photos WHERE photo_id = 1005), (SELECT tag_id FROM tags WHERE name = 'green'));
INSERT OR IGNORE INTO tags (name) VALUES ('pink');
INSERT INTO photo_tags (photo_idx, tag_id) VALUES ((SELECT photo_idx FROM photos WHERE photo_id = 1005), (SELECT tag_id FROM tags WHERE name = 'pink'));
INSERT OR IGNORE INTO tags (name) VALUES ('flowers');
INSERT INTO photo_tags (photo_idx, tag_id) VALUES ((SELECT photo_idx FROM photos WHERE photo_id = 1005), (SELECT tag_id FROM tags WHERE name = 'flowers'));
INSERT OR IGNORE INTO tags (name) VALUES ('leaf');
INSERT INTO photo_tags (photo_idx, tag_id) VALUES ((SELECT photo_idx FROM photos WHERE photo_id = 1005), (SELECT tag_id FROM tags WHERE name = 'leaf'));
INSERT OR IGNORE INTO tags (name) VALUES ('blossoms');
INSERT INTO photo_tags (photo_idx, tag_id) VALUES ((SELECT photo_idx FROM photos WHERE photo_id = 1005), (SELECT tag_id FROM tags WHERE name = 'blossoms'));
INSERT OR IGNORE INTO tags (name) VALUES ('rose');
INSERT INTO photo_tags (photo_idx, tag_id) VALUES ((SELECT photo_idx FROM photos WHERE photo_id = 1005), (SELECT tag_id FROM tags WHERE name = 'rose'));
INSERT OR IGNORE INTO tags (name) VALUES ('wildflowers');
INSERT INTO photo_tags (photo_idx, tag_id) VALUES ((SELECT photo_idx FROM photos WHERE photo_id = 1005), (SELECT tag_id FROM tags WHERE name = 'wildflowers'));

INSERT INTO photos (photo_id, photo_title, photo_collection, photo_location, photo_year, camera, film_stock, film_format) VALUES (1006, 'Skunk Cabbage', 'Pacific Northwest', 'Olympic Peninsula, Washington', 1996, 'Nikon', 'Fujichrome Velvia', '35 mm');
INSERT INTO photos_fts (photo_idx, photo_id, photo_title, photo_collection, photo_location, photo_year, camera, film_stock, film_format, tag_names) VALUES ((SELECT photo_idx FROM photos WHERE photo_id = 1006), 1006, 'Skunk Cabbage', 'Pacific Northwest', 'Olympic Peninsula, Washington', 1996, 'Nikon', 'Fujichrome Velvia', '35 mm', 'horizontal,spring,closeup,landscape,color,outdoors,green,leaf');
INSERT OR IGNORE INTO tags (name) VALUES ('horizontal');
INSERT INTO photo_tags (photo_idx, tag_id) VALUES ((SELECT photo_idx FROM photos WHERE photo_id = 1006), (SELECT tag_id FROM tags WHERE name = 'horizontal'));
INSERT OR IGNORE INTO tags (name) VALUES ('spring');
INSERT INTO photo_tags (photo_idx, tag_id) VALUES ((SELECT photo_idx FROM photos WHERE photo_id = 1006), (SELECT tag_id FROM tags WHERE name = 'spring'));
INSERT OR IGNORE INTO tags (name) VALUES ('closeup');
INSERT INTO photo_tags (photo_idx, tag_id) VALUES ((SELECT photo_idx FROM photos WHERE photo_id = 1006), (SELECT tag_id FROM tags WHERE name = 'closeup'));
INSERT OR IGNORE INTO tags (name) VALUES ('landscape');
INSERT INTO photo_tags (photo_idx, tag_id) VALUES ((SELECT photo_idx FROM photos WHERE photo_id = 1006), (SELECT tag_id FROM tags WHERE name = 'landscape'));
INSERT OR IGNORE INTO tags (name) VALUES ('color');
INSERT INTO photo_tags (photo_idx, tag_id) VALUES ((SELECT photo_idx FROM photos WHERE photo_id = 1006), (SELECT tag_id FROM tags WHERE name = 'color'));
INSERT OR IGNORE INTO tags (name) VALUES ('outdoors');
INSERT INTO photo_tags (photo_idx, tag_id) VALUES ((SELECT photo_idx FROM photos WHERE photo_id = 1006), (SELECT tag_id FROM tags WHERE name = 'outdoors'));
INSERT OR IGNORE INTO tags (name) VALUES ('green');
INSERT INTO photo_tags (photo_idx, tag_id) VALUES ((SELECT photo_idx FROM photos WHERE photo_id = 1006), (SELECT tag_id FROM tags WHERE name = 'green'));
INSERT OR IGNORE INTO tags (name) VALUES ('leaf');
INSERT INTO photo_tags (photo_idx, tag_id) VALUES ((SELECT photo_idx FROM photos WHERE photo_id = 1006), (SELECT tag_id FROM tags WHERE name = 'leaf'));

INSERT INTO photos (photo_id, photo_title, photo_collection, photo_location, photo_year, camera, film_stock, film_format) VALUES (1007, 'Wet Skunk Cabbage', 'Pacific Northwest', 'Olympic Peninsula, Washington', 1996, 'Nikon', 'Fujichrome Velvia', '35 mm');
INSERT INTO photos_fts (photo_idx, photo_id, photo_title, photo_collection, photo_location, photo_year, camera, film_stock, film_format, tag_names) VALUES ((SELECT photo_idx FROM photos WHERE photo_id = 1007), 1007, 'Wet Skunk Cabbage', 'Pacific Northwest', 'Olympic Peninsula, Washington', 1996, 'Nikon', 'Fujichrome Velvia', '35 mm', 'horizontal,spring,closeup,landscape,color,outdoors,green,leaf');
INSERT OR IGNORE INTO tags (name) VALUES ('horizontal');
INSERT INTO photo_tags (photo_idx, tag_id) VALUES ((SELECT photo_idx FROM photos WHERE photo_id = 1007), (SELECT tag_id FROM tags WHERE name = 'horizontal'));
INSERT OR IGNORE INTO tags (name) VALUES ('spring');
INSERT INTO photo_tags (photo_idx, tag_id) VALUES ((SELECT photo_idx FROM photos WHERE photo_id = 1007), (SELECT tag_id FROM tags WHERE name = 'spring'));
INSERT OR IGNORE INTO tags (name) VALUES ('closeup');
INSERT INTO photo_tags (photo_idx, tag_id) VALUES ((SELECT photo_idx FROM photos WHERE photo_id = 1007), (SELECT tag_id FROM tags WHERE name = 'closeup'));
INSERT OR IGNORE INTO tags (name) VALUES ('landscape');
INSERT INTO photo_tags (photo_idx, tag_id) VALUES ((SELECT photo_idx FROM photos WHERE photo_id = 1007), (SELECT tag_id FROM tags WHERE name = 'landscape'));
INSERT OR IGNORE INTO tags (name) VALUES ('color');
INSERT INTO photo_tags (photo_idx, tag_id) VALUES ((SELECT photo_idx FROM photos WHERE photo_id = 1007), (SELECT tag_id FROM tags WHERE name = 'color'));
INSERT OR IGNORE INTO tags (name) VALUES ('outdoors');
INSERT INTO photo_tags (photo_idx, tag_id) VALUES ((SELECT photo_idx FROM photos WHERE photo_id = 1007), (SELECT tag_id FROM tags WHERE name = 'outdoors'));
INSERT OR IGNORE INTO tags (name) VALUES ('green');
INSERT INTO photo_tags (photo_idx, tag_id) VALUES ((SELECT photo_idx FROM photos WHERE photo_id = 1007), (SELECT tag_id FROM tags WHERE name = 'green'));
INSERT OR IGNORE INTO tags (name) VALUES ('leaf');
INSERT INTO photo_tags (photo_idx, tag_id) VALUES ((SELECT photo_idx FROM photos WHERE photo_id = 1007), (SELECT tag_id FROM tags WHERE name = 'leaf'));

INSERT INTO photos (photo_id, photo_title, photo_collection, photo_location, photo_year, camera, film_stock, film_format) VALUES (1008, 'Oxalis and Ferns', 'Pacific Northwest', 'Olympic Peninsula, Washington', 1996, 'Nikon', 'Fujichrome Velvia', '35 mm');
INSERT INTO photos_fts (photo_idx, photo_id, photo_title, photo_collection, photo_location, photo_year, camera, film_stock, film_format, tag_names) VALUES ((SELECT photo_idx FROM photos WHERE photo_id = 1008), 1008, 'Oxalis and Ferns', 'Pacific Northwest', 'Olympic Peninsula, Washington', 1996, 'Nikon', 'Fujichrome Velvia', '35 mm', 'vertical,spring,scenic,landscape,color,outdoors,green,ferns,moss,trees,foliage,forest,rainforest');
INSERT OR IGNORE INTO tags (name) VALUES ('vertical');
INSERT INTO photo_tags (photo_idx, tag_id) VALUES ((SELECT photo_idx FROM photos WHERE photo_id = 1008), (SELECT tag_id FROM tags WHERE name = 'vertical'));
INSERT OR IGNORE INTO tags (name) VALUES ('spring');
INSERT INTO photo_tags (photo_idx, tag_id) VALUES ((SELECT photo_idx FROM photos WHERE photo_id = 1008), (SELECT tag_id FROM tags WHERE name = 'spring'));
INSERT OR IGNORE INTO tags (name) VALUES ('scenic');
INSERT INTO photo_tags (photo_idx, tag_id) VALUES ((SELECT photo_idx FROM photos WHERE photo_id = 1008), (SELECT tag_id FROM tags WHERE name = 'scenic'));
INSERT OR IGNORE INTO tags (name) VALUES ('landscape');
INSERT INTO photo_tags (photo_idx, tag_id) VALUES ((SELECT photo_idx FROM photos WHERE photo_id = 1008), (SELECT tag_id FROM tags WHERE name = 'landscape'));
INSERT OR IGNORE INTO tags (name) VALUES ('color');
INSERT INTO photo_tags (photo_idx, tag_id) VALUES ((SELECT photo_idx FROM photos WHERE photo_id = 1008), (SELECT tag_id FROM tags WHERE name = 'color'));
INSERT OR IGNORE INTO tags (name) VALUES ('outdoors');
INSERT INTO photo_tags (photo_idx, tag_id) VALUES ((SELECT photo_idx FROM photos WHERE photo_id = 1008), (SELECT tag_id FROM tags WHERE name = 'outdoors'));
INSERT OR IGNORE INTO tags (name) VALUES ('green');
INSERT INTO photo_tags (photo_idx, tag_id) VALUES ((SELECT photo_idx FROM photos WHERE photo_id = 1008), (SELECT tag_id FROM tags WHERE name = 'green'));
INSERT OR IGNORE INTO tags (name) VALUES ('ferns');
INSERT INTO photo_tags (photo_idx, tag_id) VALUES ((SELECT photo_idx FROM photos WHERE photo_id = 1008), (SELECT tag_id FROM tags WHERE name = 'ferns'));
INSERT OR IGNORE INTO tags (name) VALUES ('moss');
INSERT INTO photo_tags (photo_idx, tag_id) VALUES ((SELECT photo_idx FROM photos WHERE photo_id = 1008), (SELECT tag_id FROM tags WHERE name = 'moss'));
INSERT OR IGNORE INTO tags (name) VALUES ('trees');
INSERT INTO photo_tags (photo_idx, tag_id) VALUES ((SELECT photo_idx FROM photos WHERE photo_id = 1008), (SELECT tag_id FROM tags WHERE name = 'trees'));
INSERT OR IGNORE INTO tags (name) VALUES ('foliage');
INSERT INTO photo_tags (photo_idx, tag_id) VALUES ((SELECT photo_idx FROM photos WHERE photo_id = 1008), (SELECT tag_id FROM tags WHERE name = 'foliage'));
INSERT OR IGNORE INTO tags (name) VALUES ('forest');
INSERT INTO photo_tags (photo_idx, tag_id) VALUES ((SELECT photo_idx FROM photos WHERE photo_id = 1008), (SELECT tag_id FROM tags WHERE name = 'forest'));
INSERT OR IGNORE INTO tags (name) VALUES ('rainforest');
INSERT INTO photo_tags (photo_idx, tag_id) VALUES ((SELECT photo_idx FROM photos WHERE photo_id = 1008), (SELECT tag_id FROM tags WHERE name = 'rainforest'));

INSERT INTO photos (photo_id, photo_title, photo_collection, photo_location, photo_year, camera, film_stock, film_format) VALUES (1010, 'Rivulets in Sand', 'Pacific Northwest', 'Olympic Peninsula, Washington', 1996, 'Nikon', 'Fujichrome Velvia', '35 mm');
INSERT INTO photos_fts (photo_idx, photo_id, photo_title, photo_collection, photo_location, photo_year, camera, film_stock, film_format, tag_names) VALUES ((SELECT photo_idx FROM photos WHERE photo_id = 1010), 1010, 'Rivulets in Sand', 'Pacific Northwest', 'Olympic Peninsula, Washington', 1996, 'Nikon', 'Fujichrome Velvia', '35 mm', 'horizontal,closeup,abstract,landscape,color,outdoors,brown,tan,sand');
INSERT OR IGNORE INTO tags (name) VALUES ('horizontal');
INSERT INTO photo_tags (photo_idx, tag_id) VALUES ((SELECT photo_idx FROM photos WHERE photo_id = 1010), (SELECT tag_id FROM tags WHERE name = 'horizontal'));
INSERT OR IGNORE INTO tags (name) VALUES ('closeup');
INSERT INTO photo_tags (photo_idx, tag_id) VALUES ((SELECT photo_idx FROM photos WHERE photo_id = 1010), (SELECT tag_id FROM tags WHERE name = 'closeup'));
INSERT OR IGNORE INTO tags (name) VALUES ('abstract');
INSERT INTO photo_tags (photo_idx, tag_id) VALUES ((SELECT photo_idx FROM photos WHERE photo_id = 1010), (SELECT tag_id FROM tags WHERE name = 'abstract'));
INSERT OR IGNORE INTO tags (name) VALUES ('landscape');
INSERT INTO photo_tags (photo_idx, tag_id) VALUES ((SELECT photo_idx FROM photos WHERE photo_id = 1010), (SELECT tag_id FROM tags WHERE name = 'landscape'));
INSERT OR IGNORE INTO tags (name) VALUES ('color');
INSERT INTO photo_tags (photo_idx, tag_id) VALUES ((SELECT photo_idx FROM photos WHERE photo_id = 1010), (SELECT tag_id FROM tags WHERE name = 'color'));
INSERT OR IGNORE INTO tags (name) VALUES ('outdoors');
INSERT INTO photo_tags (photo_idx, tag_id) VALUES ((SELECT photo_idx FROM photos WHERE photo_id = 1010), (SELECT tag_id FROM tags WHERE name = 'outdoors'));
INSERT OR IGNORE INTO tags (name) VALUES ('brown');
INSERT INTO photo_tags (photo_idx, tag_id) VALUES ((SELECT photo_idx FROM photos WHERE photo_id = 1010), (SELECT tag_id FROM tags WHERE name = 'brown'));
INSERT OR IGNORE INTO tags (name) VALUES ('tan');
INSERT INTO photo_tags (photo_idx, tag_id) VALUES ((SELECT photo_idx FROM photos WHERE photo_id = 1010), (SELECT tag_id FROM tags WHERE name = 'tan'));
INSERT OR IGNORE INTO tags (name) VALUES ('sand');
INSERT INTO photo_tags (photo_idx, tag_id) VALUES ((SELECT photo_idx FROM photos WHERE photo_id = 1010), (SELECT tag_id FROM tags WHERE name = 'sand'));

INSERT INTO photos (photo_id, photo_title, photo_collection, photo_location, photo_year, camera, film_stock, film_format) VALUES (1015, 'Two Starfish', 'Pacific Northwest', 'Olympic Peninsula, Washington', 1996, 'Nikon', 'Fujichrome Velvia', '35 mm');
INSERT INTO photos_fts (photo_idx, photo_id, photo_title, photo_collection, photo_location, photo_year, camera, film_stock, film_format, tag_names) VALUES ((SELECT photo_idx FROM photos WHERE photo_id = 1015), 1015, 'Two Starfish', 'Pacific Northwest', 'Olympic Peninsula, Washington', 1996, 'Nikon', 'Fujichrome Velvia', '35 mm', 'horizontal,closeup,color,outdoors,orange,beach,coast');
INSERT OR IGNORE INTO tags (name) VALUES ('horizontal');
INSERT INTO photo_tags (photo_idx, tag_id) VALUES ((SELECT photo_idx FROM photos WHERE photo_id = 1015), (SELECT tag_id FROM tags WHERE name = 'horizontal'));
INSERT OR IGNORE INTO tags (name) VALUES ('closeup');
INSERT INTO photo_tags (photo_idx, tag_id) VALUES ((SELECT photo_idx FROM photos WHERE photo_id = 1015), (SELECT tag_id FROM tags WHERE name = 'closeup'));
INSERT OR IGNORE INTO tags (name) VALUES ('color');
INSERT INTO photo_tags (photo_idx, tag_id) VALUES ((SELECT photo_idx FROM photos WHERE photo_id = 1015), (SELECT tag_id FROM tags WHERE name = 'color'));
INSERT OR IGNORE INTO tags (name) VALUES ('outdoors');
INSERT INTO photo_tags (photo_idx, tag_id) VALUES ((SELECT photo_idx FROM photos WHERE photo_id = 1015), (SELECT tag_id FROM tags WHERE name = 'outdoors'));
INSERT OR IGNORE INTO tags (name) VALUES ('orange');
INSERT INTO photo_tags (photo_idx, tag_id) VALUES ((SELECT photo_idx FROM photos WHERE photo_id = 1015), (SELECT tag_id FROM tags WHERE name = 'orange'));
INSERT OR IGNORE INTO tags (name) VALUES ('beach');
INSERT INTO photo_tags (photo_idx, tag_id) VALUES ((SELECT photo_idx FROM photos WHERE photo_id = 1015), (SELECT tag_id FROM tags WHERE name = 'beach'));
INSERT OR IGNORE INTO tags (name) VALUES ('coast');
INSERT INTO photo_tags (photo_idx, tag_id) VALUES ((SELECT photo_idx FROM photos WHERE photo_id = 1015), (SELECT tag_id FROM tags WHERE name = 'coast'));

INSERT INTO photos (photo_id, photo_title, photo_collection, photo_location, photo_year, camera, film_stock, film_format) VALUES (1016, 'Wet Blades of Grass', 'Pacific Northwest', 'Olympic Peninsula, Washington', 1996, 'Nikon', 'Fujichrome Velvia', '35 mm');
INSERT INTO photos_fts (photo_idx, photo_id, photo_title, photo_collection, photo_location, photo_year, camera, film_stock, film_format, tag_names) VALUES ((SELECT photo_idx FROM photos WHERE photo_id = 1016), 1016, 'Wet Blades of Grass', 'Pacific Northwest', 'Olympic Peninsula, Washington', 1996, 'Nikon', 'Fujichrome Velvia', '35 mm', 'horizontal,spring,closeup,landscape,color,outdoors,green,grass');
INSERT OR IGNORE INTO tags (name) VALUES ('horizontal');
INSERT INTO photo_tags (photo_idx, tag_id) VALUES ((SELECT photo_idx FROM photos WHERE photo_id = 1016), (SELECT tag_id FROM tags WHERE name = 'horizontal'));
INSERT OR IGNORE INTO tags (name) VALUES ('spring');
INSERT INTO photo_tags (photo_idx, tag_id) VALUES ((SELECT photo_idx FROM photos WHERE photo_id = 1016), (SELECT tag_id FROM tags WHERE name = 'spring'));
INSERT OR IGNORE INTO tags (name) VALUES ('closeup');
INSERT INTO photo_tags (photo_idx, tag_id) VALUES ((SELECT photo_idx FROM photos WHERE photo_id = 1016), (SELECT tag_id FROM tags WHERE name = 'closeup'));
INSERT OR IGNORE INTO tags (name) VALUES ('landscape');
INSERT INTO photo_tags (photo_idx, tag_id) VALUES ((SELECT photo_idx FROM photos WHERE photo_id = 1016), (SELECT tag_id FROM tags WHERE name = 'landscape'));
INSERT OR IGNORE INTO tags (name) VALUES ('color');
INSERT INTO photo_tags (photo_idx, tag_id) VALUES ((SELECT photo_idx FROM photos WHERE photo_id = 1016), (SELECT tag_id FROM tags WHERE name = 'color'));
INSERT OR IGNORE INTO tags (name) VALUES ('outdoors');
INSERT INTO photo_tags (photo_idx, tag_id) VALUES ((SELECT photo_idx FROM photos WHERE photo_id = 1016), (SELECT tag_id FROM tags WHERE name = 'outdoors'));
INSERT OR IGNORE INTO tags (name) VALUES ('green');
INSERT INTO photo_tags (photo_idx, tag_id) VALUES ((SELECT photo_idx FROM photos WHERE photo_id = 1016), (SELECT tag_id FROM tags WHERE name = 'green'));
INSERT OR IGNORE INTO tags (name) VALUES ('grass');
INSERT INTO photo_tags (photo_idx, tag_id) VALUES ((SELECT photo_idx FROM photos WHERE photo_id = 1016), (SELECT tag_id FROM tags WHERE name = 'grass'));

INSERT INTO photos (photo_id, photo_title, photo_collection, photo_location, photo_year, camera, film_stock, film_format) VALUES (1017, 'Round Beach Stones', 'Pacific Northwest', 'Olympic Peninsula, Washington', 1996, 'Nikon', 'Fujichrome Velvia', '35 mm');
INSERT INTO photos_fts (photo_idx, photo_id, photo_title, photo_collection, photo_location, photo_year, camera, film_stock, film_format, tag_names) VALUES ((SELECT photo_idx FROM photos WHERE photo_id = 1017), 1017, 'Round Beach Stones', 'Pacific Northwest', 'Olympic Peninsula, Washington', 1996, 'Nikon', 'Fujichrome Velvia', '35 mm', 'horizontal,closeup,landscape,color,outdoors,gray,rock,beach,coast');
INSERT OR IGNORE INTO tags (name) VALUES ('horizontal');
INSERT INTO photo_tags (photo_idx, tag_id) VALUES ((SELECT photo_idx FROM photos WHERE photo_id = 1017), (SELECT tag_id FROM tags WHERE name = 'horizontal'));
INSERT OR IGNORE INTO tags (name) VALUES ('closeup');
INSERT INTO photo_tags (photo_idx, tag_id) VALUES ((SELECT photo_idx FROM photos WHERE photo_id = 1017), (SELECT tag_id FROM tags WHERE name = 'closeup'));
INSERT OR IGNORE INTO tags (name) VALUES ('landscape');
INSERT INTO photo_tags (photo_idx, tag_id) VALUES ((SELECT photo_idx FROM photos WHERE photo_id = 1017), (SELECT tag_id FROM tags WHERE name = 'landscape'));
INSERT OR IGNORE INTO tags (name) VALUES ('color');
INSERT INTO photo_tags (photo_idx, tag_id) VALUES ((SELECT photo_idx FROM photos WHERE photo_id = 1017), (SELECT tag_id FROM tags WHERE name = 'color'));
INSERT OR IGNORE INTO tags (name) VALUES ('outdoors');
INSERT INTO photo_tags (photo_idx, tag_id) VALUES ((SELECT photo_idx FROM photos WHERE photo_id = 1017), (SELECT tag_id FROM tags WHERE name = 'outdoors'));
INSERT OR IGNORE INTO tags (name) VALUES ('gray');
INSERT INTO photo_tags (photo_idx, tag_id) VALUES ((SELECT photo_idx FROM photos WHERE photo_id = 1017), (SELECT tag_id FROM tags WHERE name = 'gray'));
INSERT OR IGNORE INTO tags (name) VALUES ('rock');
INSERT INTO photo_tags (photo_idx, tag_id) VALUES ((SELECT photo_idx FROM photos WHERE photo_id = 1017), (SELECT tag_id FROM tags WHERE name = 'rock'));
INSERT OR IGNORE INTO tags (name) VALUES ('beach');
INSERT INTO photo_tags (photo_idx, tag_id) VALUES ((SELECT photo_idx FROM photos WHERE photo_id = 1017), (SELECT tag_id FROM tags WHERE name = 'beach'));
INSERT OR IGNORE INTO tags (name) VALUES ('coast');
INSERT INTO photo_tags (photo_idx, tag_id) VALUES ((SELECT photo_idx FROM photos WHERE photo_id = 1017), (SELECT tag_id FROM tags WHERE name = 'coast'));

INSERT INTO photos (photo_id, photo_title, photo_collection, photo_location, photo_year, camera, film_stock, film_format) VALUES (1019, 'Fern and Tree', 'Pacific Northwest', 'Olympic Peninsula, Washington', 1996, 'Nikon', 'Fujichrome Velvia', '35 mm');
INSERT INTO photos_fts (photo_idx, photo_id, photo_title, photo_collection, photo_location, photo_year, camera, film_stock, film_format, tag_names) VALUES ((SELECT photo_idx FROM photos WHERE photo_id = 1019), 1019, 'Fern and Tree', 'Pacific Northwest', 'Olympic Peninsula, Washington', 1996, 'Nikon', 'Fujichrome Velvia', '35 mm', 'vertical,spring,scenic,landscape,color,outdoors,green,ferns,moss,trees,foliage,forest,rainforest');
INSERT OR IGNORE INTO tags (name) VALUES ('vertical');
INSERT INTO photo_tags (photo_idx, tag_id) VALUES ((SELECT photo_idx FROM photos WHERE photo_id = 1019), (SELECT tag_id FROM tags WHERE name = 'vertical'));
INSERT OR IGNORE INTO tags (name) VALUES ('spring');
INSERT INTO photo_tags (photo_idx, tag_id) VALUES ((SELECT photo_idx FROM photos WHERE photo_id = 1019), (SELECT tag_id FROM tags WHERE name = 'spring'));
INSERT OR IGNORE INTO tags (name) VALUES ('scenic');
INSERT INTO photo_tags (photo_idx, tag_id) VALUES ((SELECT photo_idx FROM photos WHERE photo_id = 1019), (SELECT tag_id FROM tags WHERE name = 'scenic'));
INSERT OR IGNORE INTO tags (name) VALUES ('landscape');
INSERT INTO photo_tags (photo_idx, tag_id) VALUES ((SELECT photo_idx FROM photos WHERE photo_id = 1019), (SELECT tag_id FROM tags WHERE name = 'landscape'));
INSERT OR IGNORE INTO tags (name) VALUES ('color');
INSERT INTO photo_tags (photo_idx, tag_id) VALUES ((SELECT photo_idx FROM photos WHERE photo_id = 1019), (SELECT tag_id FROM tags WHERE name = 'color'));
INSERT OR IGNORE INTO tags (name) VALUES ('outdoors');
INSERT INTO photo_tags (photo_idx, tag_id) VALUES ((SELECT photo_idx FROM photos WHERE photo_id = 1019), (SELECT tag_id FROM tags WHERE name = 'outdoors'));
INSERT OR IGNORE INTO tags (name) VALUES ('green');
INSERT INTO photo_tags (photo_idx, tag_id) VALUES ((SELECT photo_idx FROM photos WHERE photo_id = 1019), (SELECT tag_id FROM tags WHERE name = 'green'));
INSERT OR IGNORE INTO tags (name) VALUES ('ferns');
INSERT INTO photo_tags (photo_idx, tag_id) VALUES ((SELECT photo_idx FROM photos WHERE photo_id = 1019), (SELECT tag_id FROM tags WHERE name = 'ferns'));
INSERT OR IGNORE INTO tags (name) VALUES ('moss');
INSERT INTO photo_tags (photo_idx, tag_id) VALUES ((SELECT photo_idx FROM photos WHERE photo_id = 1019), (SELECT tag_id FROM tags WHERE name = 'moss'));
INSERT OR IGNORE INTO tags (name) VALUES ('trees');
INSERT INTO photo_tags (photo_idx, tag_id) VALUES ((SELECT photo_idx FROM photos WHERE photo_id = 1019), (SELECT tag_id FROM tags WHERE name = 'trees'));
INSERT OR IGNORE INTO tags (name) VALUES ('foliage');
INSERT INTO photo_tags (photo_idx, tag_id) VALUES ((SELECT photo_idx FROM photos WHERE photo_id = 1019), (SELECT tag_id FROM tags WHERE name = 'foliage'));
INSERT OR IGNORE INTO tags (name) VALUES ('forest');
INSERT INTO photo_tags (photo_idx, tag_id) VALUES ((SELECT photo_idx FROM photos WHERE photo_id = 1019), (SELECT tag_id FROM tags WHERE name = 'forest'));
INSERT OR IGNORE INTO tags (name) VALUES ('rainforest');
INSERT INTO photo_tags (photo_idx, tag_id) VALUES ((SELECT photo_idx FROM photos WHERE photo_id = 1019), (SELECT tag_id FROM tags WHERE name = 'rainforest'));

INSERT INTO photos (photo_id, photo_title, photo_collection, photo_location, photo_year, camera, film_stock, film_format) VALUES (1020, 'Fern Spores Detail', 'Pacific Northwest', 'Olympic Peninsula, Washington', 1996, 'Nikon', 'Fujichrome Velvia', '35 mm');
INSERT INTO photos_fts (photo_idx, photo_id, photo_title, photo_collection, photo_location, photo_year, camera, film_stock, film_format, tag_names) VALUES ((SELECT photo_idx FROM photos WHERE photo_id = 1020), 1020, 'Fern Spores Detail', 'Pacific Northwest', 'Olympic Peninsula, Washington', 1996, 'Nikon', 'Fujichrome Velvia', '35 mm', 'horizontal,spring,closeup,landscape,color,outdoors,black,green,ferns,foliage');
INSERT OR IGNORE INTO tags (name) VALUES ('horizontal');
INSERT INTO photo_tags (photo_idx, tag_id) VALUES ((SELECT photo_idx FROM photos WHERE photo_id = 1020), (SELECT tag_id FROM tags WHERE name = 'horizontal'));
INSERT OR IGNORE INTO tags (name) VALUES ('spring');
INSERT INTO photo_tags (photo_idx, tag_id) VALUES ((SELECT photo_idx FROM photos WHERE photo_id = 1020), (SELECT tag_id FROM tags WHERE name = 'spring'));
INSERT OR IGNORE INTO tags (name) VALUES ('closeup');
INSERT INTO photo_tags (photo_idx, tag_id) VALUES ((SELECT photo_idx FROM photos WHERE photo_id = 1020), (SELECT tag_id FROM tags WHERE name = 'closeup'));
INSERT OR IGNORE INTO tags (name) VALUES ('landscape');
INSERT INTO photo_tags (photo_idx, tag_id) VALUES ((SELECT photo_idx FROM photos WHERE photo_id = 1020), (SELECT tag_id FROM tags WHERE name = 'landscape'));
INSERT OR IGNORE INTO tags (name) VALUES ('color');
INSERT INTO photo_tags (photo_idx, tag_id) VALUES ((SELECT photo_idx FROM photos WHERE photo_id = 1020), (SELECT tag_id FROM tags WHERE name = 'color'));
INSERT OR IGNORE INTO tags (name) VALUES ('outdoors');
INSERT INTO photo_tags (photo_idx, tag_id) VALUES ((SELECT photo_idx FROM photos WHERE photo_id = 1020), (SELECT tag_id FROM tags WHERE name = 'outdoors'));
INSERT OR IGNORE INTO tags (name) VALUES ('black');
INSERT INTO photo_tags (photo_idx, tag_id) VALUES ((SELECT photo_idx FROM photos WHERE photo_id = 1020), (SELECT tag_id FROM tags WHERE name = 'black'));
INSERT OR IGNORE INTO tags (name) VALUES ('green');
INSERT INTO photo_tags (photo_idx, tag_id) VALUES ((SELECT photo_idx FROM photos WHERE photo_id = 1020), (SELECT tag_id FROM tags WHERE name = 'green'));
INSERT OR IGNORE INTO tags (name) VALUES ('ferns');
INSERT INTO photo_tags (photo_idx, tag_id) VALUES ((SELECT photo_idx FROM photos WHERE photo_id = 1020), (SELECT tag_id FROM tags WHERE name = 'ferns'));
INSERT OR IGNORE INTO tags (name) VALUES ('foliage');
INSERT INTO photo_tags (photo_idx, tag_id) VALUES ((SELECT photo_idx FROM photos WHERE photo_id = 1020), (SELECT tag_id FROM tags WHERE name = 'foliage'));

INSERT INTO photos (photo_id, photo_title, photo_collection, photo_location, photo_year, camera, film_stock, film_format) VALUES (1026, 'Moonrise at Hurricane Ridge', 'Pacific Northwest', 'Olympic Peninsula, Washington', 1996, 'Nikon', 'Fujichrome Velvia', '35 mm');
INSERT INTO photos_fts (photo_idx, photo_id, photo_title, photo_collection, photo_location, photo_year, camera, film_stock, film_format, tag_names) VALUES ((SELECT photo_idx FROM photos WHERE photo_id = 1026), 1026, 'Moonrise at Hurricane Ridge', 'Pacific Northwest', 'Olympic Peninsula, Washington', 1996, 'Nikon', 'Fujichrome Velvia', '35 mm', 'vertical,scenic,landscape,color,outdoors,black,blue,purple,fog,sky,sunset,trees,foliage,forest,clouds,mist');
INSERT OR IGNORE INTO tags (name) VALUES ('vertical');
INSERT INTO photo_tags (photo_idx, tag_id) VALUES ((SELECT photo_idx FROM photos WHERE photo_id = 1026), (SELECT tag_id FROM tags WHERE name = 'vertical'));
INSERT OR IGNORE INTO tags (name) VALUES ('scenic');
INSERT INTO photo_tags (photo_idx, tag_id) VALUES ((SELECT photo_idx FROM photos WHERE photo_id = 1026), (SELECT tag_id FROM tags WHERE name = 'scenic'));
INSERT OR IGNORE INTO tags (name) VALUES ('landscape');
INSERT INTO photo_tags (photo_idx, tag_id) VALUES ((SELECT photo_idx FROM photos WHERE photo_id = 1026), (SELECT tag_id FROM tags WHERE name = 'landscape'));
INSERT OR IGNORE INTO tags (name) VALUES ('color');
INSERT INTO photo_tags (photo_idx, tag_id) VALUES ((SELECT photo_idx FROM photos WHERE photo_id = 1026), (SELECT tag_id FROM tags WHERE name = 'color'));
INSERT OR IGNORE INTO tags (name) VALUES ('outdoors');
INSERT INTO photo_tags (photo_idx, tag_id) VALUES ((SELECT photo_idx FROM photos WHERE photo_id = 1026), (SELECT tag_id FROM tags WHERE name = 'outdoors'));
INSERT OR IGNORE INTO tags (name) VALUES ('black');
INSERT INTO photo_tags (photo_idx, tag_id) VALUES ((SELECT photo_idx FROM photos WHERE photo_id = 1026), (SELECT tag_id FROM tags WHERE name = 'black'));
INSERT OR IGNORE INTO tags (name) VALUES ('blue');
INSERT INTO photo_tags (photo_idx, tag_id) VALUES ((SELECT photo_idx FROM photos WHERE photo_id = 1026), (SELECT tag_id FROM tags WHERE name = 'blue'));
INSERT OR IGNORE INTO tags (name) VALUES ('purple');
INSERT INTO photo_tags (photo_idx, tag_id) VALUES ((SELECT photo_idx FROM photos WHERE photo_id = 1026), (SELECT tag_id FROM tags WHERE name = 'purple'));
INSERT OR IGNORE INTO tags (name) VALUES ('fog');
INSERT INTO photo_tags (photo_idx, tag_id) VALUES ((SELECT photo_idx FROM photos WHERE photo_id = 1026), (SELECT tag_id FROM tags WHERE name = 'fog'));
INSERT OR IGNORE INTO tags (name) VALUES ('sky');
INSERT INTO photo_tags (photo_idx, tag_id) VALUES ((SELECT photo_idx FROM photos WHERE photo_id = 1026), (SELECT tag_id FROM tags WHERE name = 'sky'));
INSERT OR IGNORE INTO tags (name) VALUES ('sunset');
INSERT INTO photo_tags (photo_idx, tag_id) VALUES ((SELECT photo_idx FROM photos WHERE photo_id = 1026), (SELECT tag_id FROM tags WHERE name = 'sunset'));
INSERT OR IGNORE INTO tags (name) VALUES ('trees');
INSERT INTO photo_tags (photo_idx, tag_id) VALUES ((SELECT photo_idx FROM photos WHERE photo_id = 1026), (SELECT tag_id FROM tags WHERE name = 'trees'));
INSERT OR IGNORE INTO tags (name) VALUES ('foliage');
INSERT INTO photo_tags (photo_idx, tag_id) VALUES ((SELECT photo_idx FROM photos WHERE photo_id = 1026), (SELECT tag_id FROM tags WHERE name = 'foliage'));
INSERT OR IGNORE INTO tags (name) VALUES ('forest');
INSERT INTO photo_tags (photo_idx, tag_id) VALUES ((SELECT photo_idx FROM photos WHERE photo_id = 1026), (SELECT tag_id FROM tags WHERE name = 'forest'));
INSERT OR IGNORE INTO tags (name) VALUES ('clouds');
INSERT INTO photo_tags (photo_idx, tag_id) VALUES ((SELECT photo_idx FROM photos WHERE photo_id = 1026), (SELECT tag_id FROM tags WHERE name = 'clouds'));
INSERT OR IGNORE INTO tags (name) VALUES ('mist');
INSERT INTO photo_tags (photo_idx, tag_id) VALUES ((SELECT photo_idx FROM photos WHERE photo_id = 1026), (SELECT tag_id FROM tags WHERE name = 'mist'));

INSERT INTO photos (photo_id, photo_title, photo_collection, photo_location, photo_year, camera, film_stock, film_format) VALUES (1029, 'Quinault Rainforest', 'Pacific Northwest', 'Olympic Peninsula, Washington', 1996, 'Nikon', 'Fujichrome Velvia', '35 mm');
INSERT INTO photos_fts (photo_idx, photo_id, photo_title, photo_collection, photo_location, photo_year, camera, film_stock, film_format, tag_names) VALUES ((SELECT photo_idx FROM photos WHERE photo_id = 1029), 1029, 'Quinault Rainforest', 'Pacific Northwest', 'Olympic Peninsula, Washington', 1996, 'Nikon', 'Fujichrome Velvia', '35 mm', 'horizontal,spring,scenic,landscape,color,outdoors,green,ferns,moss,trees,foliage,forest,rainforest');
INSERT OR IGNORE INTO tags (name) VALUES ('horizontal');
INSERT INTO photo_tags (photo_idx, tag_id) VALUES ((SELECT photo_idx FROM photos WHERE photo_id = 1029), (SELECT tag_id FROM tags WHERE name = 'horizontal'));
INSERT OR IGNORE INTO tags (name) VALUES ('spring');
INSERT INTO photo_tags (photo_idx, tag_id) VALUES ((SELECT photo_idx FROM photos WHERE photo_id = 1029), (SELECT tag_id FROM tags WHERE name = 'spring'));
INSERT OR IGNORE INTO tags (name) VALUES ('scenic');
INSERT INTO photo_tags (photo_idx, tag_id) VALUES ((SELECT photo_idx FROM photos WHERE photo_id = 1029), (SELECT tag_id FROM tags WHERE name = 'scenic'));
INSERT OR IGNORE INTO tags (name) VALUES ('landscape');
INSERT INTO photo_tags (photo_idx, tag_id) VALUES ((SELECT photo_idx FROM photos WHERE photo_id = 1029), (SELECT tag_id FROM tags WHERE name = 'landscape'));
INSERT OR IGNORE INTO tags (name) VALUES ('color');
INSERT INTO photo_tags (photo_idx, tag_id) VALUES ((SELECT photo_idx FROM photos WHERE photo_id = 1029), (SELECT tag_id FROM tags WHERE name = 'color'));
INSERT OR IGNORE INTO tags (name) VALUES ('outdoors');
INSERT INTO photo_tags (photo_idx, tag_id) VALUES ((SELECT photo_idx FROM photos WHERE photo_id = 1029), (SELECT tag_id FROM tags WHERE name = 'outdoors'));
INSERT OR IGNORE INTO tags (name) VALUES ('green');
INSERT INTO photo_tags (photo_idx, tag_id) VALUES ((SELECT photo_idx FROM photos WHERE photo_id = 1029), (SELECT tag_id FROM tags WHERE name = 'green'));
INSERT OR IGNORE INTO tags (name) VALUES ('ferns');
INSERT INTO photo_tags (photo_idx, tag_id) VALUES ((SELECT photo_idx FROM photos WHERE photo_id = 1029), (SELECT tag_id FROM tags WHERE name = 'ferns'));
INSERT OR IGNORE INTO tags (name) VALUES ('moss');
INSERT INTO photo_tags (photo_idx, tag_id) VALUES ((SELECT photo_idx FROM photos WHERE photo_id = 1029), (SELECT tag_id FROM tags WHERE name = 'moss'));
INSERT OR IGNORE INTO tags (name) VALUES ('trees');
INSERT INTO photo_tags (photo_idx, tag_id) VALUES ((SELECT photo_idx FROM photos WHERE photo_id = 1029), (SELECT tag_id FROM tags WHERE name = 'trees'));
INSERT OR IGNORE INTO tags (name) VALUES ('foliage');
INSERT INTO photo_tags (photo_idx, tag_id) VALUES ((SELECT photo_idx FROM photos WHERE photo_id = 1029), (SELECT tag_id FROM tags WHERE name = 'foliage'));
INSERT OR IGNORE INTO tags (name) VALUES ('forest');
INSERT INTO photo_tags (photo_idx, tag_id) VALUES ((SELECT photo_idx FROM photos WHERE photo_id = 1029), (SELECT tag_id FROM tags WHERE name = 'forest'));
INSERT OR IGNORE INTO tags (name) VALUES ('rainforest');
INSERT INTO photo_tags (photo_idx, tag_id) VALUES ((SELECT photo_idx FROM photos WHERE photo_id = 1029), (SELECT tag_id FROM tags WHERE name = 'rainforest'));

INSERT INTO photos (photo_id, photo_title, photo_collection, photo_location, photo_year, camera, film_stock, film_format) VALUES (1030, 'Blushing Rose', 'Flower Portraits', 'Half Moon Bay, California', 1996, 'Nikon', 'Fujichrome Velvia', '35 mm');
INSERT INTO photos_fts (photo_idx, photo_id, photo_title, photo_collection, photo_location, photo_year, camera, film_stock, film_format, tag_names) VALUES ((SELECT photo_idx FROM photos WHERE photo_id = 1030), 1030, 'Blushing Rose', 'Flower Portraits', 'Half Moon Bay, California', 1996, 'Nikon', 'Fujichrome Velvia', '35 mm', 'horizontal,popular,closeup,color,studio,black,green,orange,pink,flowers,blossoms,rose');
INSERT OR IGNORE INTO tags (name) VALUES ('horizontal');
INSERT INTO photo_tags (photo_idx, tag_id) VALUES ((SELECT photo_idx FROM photos WHERE photo_id = 1030), (SELECT tag_id FROM tags WHERE name = 'horizontal'));
INSERT OR IGNORE INTO tags (name) VALUES ('popular');
INSERT INTO photo_tags (photo_idx, tag_id) VALUES ((SELECT photo_idx FROM photos WHERE photo_id = 1030), (SELECT tag_id FROM tags WHERE name = 'popular'));
INSERT OR IGNORE INTO tags (name) VALUES ('closeup');
INSERT INTO photo_tags (photo_idx, tag_id) VALUES ((SELECT photo_idx FROM photos WHERE photo_id = 1030), (SELECT tag_id FROM tags WHERE name = 'closeup'));
INSERT OR IGNORE INTO tags (name) VALUES ('color');
INSERT INTO photo_tags (photo_idx, tag_id) VALUES ((SELECT photo_idx FROM photos WHERE photo_id = 1030), (SELECT tag_id FROM tags WHERE name = 'color'));
INSERT OR IGNORE INTO tags (name) VALUES ('studio');
INSERT INTO photo_tags (photo_idx, tag_id) VALUES ((SELECT photo_idx FROM photos WHERE photo_id = 1030), (SELECT tag_id FROM tags WHERE name = 'studio'));
INSERT OR IGNORE INTO tags (name) VALUES ('black');
INSERT INTO photo_tags (photo_idx, tag_id) VALUES ((SELECT photo_idx FROM photos WHERE photo_id = 1030), (SELECT tag_id FROM tags WHERE name = 'black'));
INSERT OR IGNORE INTO tags (name) VALUES ('green');
INSERT INTO photo_tags (photo_idx, tag_id) VALUES ((SELECT photo_idx FROM photos WHERE photo_id = 1030), (SELECT tag_id FROM tags WHERE name = 'green'));
INSERT OR IGNORE INTO tags (name) VALUES ('orange');
INSERT INTO photo_tags (photo_idx, tag_id) VALUES ((SELECT photo_idx FROM photos WHERE photo_id = 1030), (SELECT tag_id FROM tags WHERE name = 'orange'));
INSERT OR IGNORE INTO tags (name) VALUES ('pink');
INSERT INTO photo_tags (photo_idx, tag_id) VALUES ((SELECT photo_idx FROM photos WHERE photo_id = 1030), (SELECT tag_id FROM tags WHERE name = 'pink'));
INSERT OR IGNORE INTO tags (name) VALUES ('flowers');
INSERT INTO photo_tags (photo_idx, tag_id) VALUES ((SELECT photo_idx FROM photos WHERE photo_id = 1030), (SELECT tag_id FROM tags WHERE name = 'flowers'));
INSERT OR IGNORE INTO tags (name) VALUES ('blossoms');
INSERT INTO photo_tags (photo_idx, tag_id) VALUES ((SELECT photo_idx FROM photos WHERE photo_id = 1030), (SELECT tag_id FROM tags WHERE name = 'blossoms'));
INSERT OR IGNORE INTO tags (name) VALUES ('rose');
INSERT INTO photo_tags (photo_idx, tag_id) VALUES ((SELECT photo_idx FROM photos WHERE photo_id = 1030), (SELECT tag_id FROM tags WHERE name = 'rose'));

INSERT INTO photos (photo_id, photo_title, photo_collection, photo_location, photo_year, camera, film_stock, film_format) VALUES (1032, 'Cape Cod Rose', 'Flower Portraits', 'Half Moon Bay, California', 1996, 'Nikon', 'Fujichrome Velvia', '35 mm');
INSERT INTO photos_fts (photo_idx, photo_id, photo_title, photo_collection, photo_location, photo_year, camera, film_stock, film_format, tag_names) VALUES ((SELECT photo_idx FROM photos WHERE photo_id = 1032), 1032, 'Cape Cod Rose', 'Flower Portraits', 'Half Moon Bay, California', 1996, 'Nikon', 'Fujichrome Velvia', '35 mm', 'horizontal,popular,closeup,color,studio,white,flowers,rose');
INSERT OR IGNORE INTO tags (name) VALUES ('horizontal');
INSERT INTO photo_tags (photo_idx, tag_id) VALUES ((SELECT photo_idx FROM photos WHERE photo_id = 1032), (SELECT tag_id FROM tags WHERE name = 'horizontal'));
INSERT OR IGNORE INTO tags (name) VALUES ('popular');
INSERT INTO photo_tags (photo_idx, tag_id) VALUES ((SELECT photo_idx FROM photos WHERE photo_id = 1032), (SELECT tag_id FROM tags WHERE name = 'popular'));
INSERT OR IGNORE INTO tags (name) VALUES ('closeup');
INSERT INTO photo_tags (photo_idx, tag_id) VALUES ((SELECT photo_idx FROM photos WHERE photo_id = 1032), (SELECT tag_id FROM tags WHERE name = 'closeup'));
INSERT OR IGNORE INTO tags (name) VALUES ('color');
INSERT INTO photo_tags (photo_idx, tag_id) VALUES ((SELECT photo_idx FROM photos WHERE photo_id = 1032), (SELECT tag_id FROM tags WHERE name = 'color'));
INSERT OR IGNORE INTO tags (name) VALUES ('studio');
INSERT INTO photo_tags (photo_idx, tag_id) VALUES ((SELECT photo_idx FROM photos WHERE photo_id = 1032), (SELECT tag_id FROM tags WHERE name = 'studio'));
INSERT OR IGNORE INTO tags (name) VALUES ('white');
INSERT INTO photo_tags (photo_idx, tag_id) VALUES ((SELECT photo_idx FROM photos WHERE photo_id = 1032), (SELECT tag_id FROM tags WHERE name = 'white'));
INSERT OR IGNORE INTO tags (name) VALUES ('flowers');
INSERT INTO photo_tags (photo_idx, tag_id) VALUES ((SELECT photo_idx FROM photos WHERE photo_id = 1032), (SELECT tag_id FROM tags WHERE name = 'flowers'));
INSERT OR IGNORE INTO tags (name) VALUES ('rose');
INSERT INTO photo_tags (photo_idx, tag_id) VALUES ((SELECT photo_idx FROM photos WHERE photo_id = 1032), (SELECT tag_id FROM tags WHERE name = 'rose'));

INSERT INTO photos (photo_id, photo_title, photo_collection, photo_location, photo_year, camera, film_stock, film_format) VALUES (1033, 'Bending Spathephylem', 'Flower Portraits', 'Half Moon Bay, California', 1996, 'Nikon', 'Fujichrome Velvia', '35 mm');
INSERT INTO photos_fts (photo_idx, photo_id, photo_title, photo_collection, photo_location, photo_year, camera, film_stock, film_format, tag_names) VALUES ((SELECT photo_idx FROM photos WHERE photo_id = 1033), 1033, 'Bending Spathephylem', 'Flower Portraits', 'Half Moon Bay, California', 1996, 'Nikon', 'Fujichrome Velvia', '35 mm', 'horizontal,closeup,color,studio,green,white,flowers,leaf');
INSERT OR IGNORE INTO tags (name) VALUES ('horizontal');
INSERT INTO photo_tags (photo_idx, tag_id) VALUES ((SELECT photo_idx FROM photos WHERE photo_id = 1033), (SELECT tag_id FROM tags WHERE name = 'horizontal'));
INSERT OR IGNORE INTO tags (name) VALUES ('closeup');
INSERT INTO photo_tags (photo_idx, tag_id) VALUES ((SELECT photo_idx FROM photos WHERE photo_id = 1033), (SELECT tag_id FROM tags WHERE name = 'closeup'));
INSERT OR IGNORE INTO tags (name) VALUES ('color');
INSERT INTO photo_tags (photo_idx, tag_id) VALUES ((SELECT photo_idx FROM photos WHERE photo_id = 1033), (SELECT tag_id FROM tags WHERE name = 'color'));
INSERT OR IGNORE INTO tags (name) VALUES ('studio');
INSERT INTO photo_tags (photo_idx, tag_id) VALUES ((SELECT photo_idx FROM photos WHERE photo_id = 1033), (SELECT tag_id FROM tags WHERE name = 'studio'));
INSERT OR IGNORE INTO tags (name) VALUES ('green');
INSERT INTO photo_tags (photo_idx, tag_id) VALUES ((SELECT photo_idx FROM photos WHERE photo_id = 1033), (SELECT tag_id FROM tags WHERE name = 'green'));
INSERT OR IGNORE INTO tags (name) VALUES ('white');
INSERT INTO photo_tags (photo_idx, tag_id) VALUES ((SELECT photo_idx FROM photos WHERE photo_id = 1033), (SELECT tag_id FROM tags WHERE name = 'white'));
INSERT OR IGNORE INTO tags (name) VALUES ('flowers');
INSERT INTO photo_tags (photo_idx, tag_id) VALUES ((SELECT photo_idx FROM photos WHERE photo_id = 1033), (SELECT tag_id FROM tags WHERE name = 'flowers'));
INSERT OR IGNORE INTO tags (name) VALUES ('leaf');
INSERT INTO photo_tags (photo_idx, tag_id) VALUES ((SELECT photo_idx FROM photos WHERE photo_id = 1033), (SELECT tag_id FROM tags WHERE name = 'leaf'));

INSERT INTO photos (photo_id, photo_title, photo_collection, photo_location, photo_year, camera, film_stock, film_format) VALUES (1034, 'Colorful Phalaenopsis Orchid', 'Flower Portraits', 'Half Moon Bay, California', 1996, 'Nikon', 'Fujichrome Velvia', '35 mm');
INSERT INTO photos_fts (photo_idx, photo_id, photo_title, photo_collection, photo_location, photo_year, camera, film_stock, film_format, tag_names) VALUES ((SELECT photo_idx FROM photos WHERE photo_id = 1034), 1034, 'Colorful Phalaenopsis Orchid', 'Flower Portraits', 'Half Moon Bay, California', 1996, 'Nikon', 'Fujichrome Velvia', '35 mm', 'horizontal,closeup,color,studio,white,flowers,orchid');
INSERT OR IGNORE INTO tags (name) VALUES ('horizontal');
INSERT INTO photo_tags (photo_idx, tag_id) VALUES ((SELECT photo_idx FROM photos WHERE photo_id = 1034), (SELECT tag_id FROM tags WHERE name = 'horizontal'));
INSERT OR IGNORE INTO tags (name) VALUES ('closeup');
INSERT INTO photo_tags (photo_idx, tag_id) VALUES ((SELECT photo_idx FROM photos WHERE photo_id = 1034), (SELECT tag_id FROM tags WHERE name = 'closeup'));
INSERT OR IGNORE INTO tags (name) VALUES ('color');
INSERT INTO photo_tags (photo_idx, tag_id) VALUES ((SELECT photo_idx FROM photos WHERE photo_id = 1034), (SELECT tag_id FROM tags WHERE name = 'color'));
INSERT OR IGNORE INTO tags (name) VALUES ('studio');
INSERT INTO photo_tags (photo_idx, tag_id) VALUES ((SELECT photo_idx FROM photos WHERE photo_id = 1034), (SELECT tag_id FROM tags WHERE name = 'studio'));
INSERT OR IGNORE INTO tags (name) VALUES ('white');
INSERT INTO photo_tags (photo_idx, tag_id) VALUES ((SELECT photo_idx FROM photos WHERE photo_id = 1034), (SELECT tag_id FROM tags WHERE name = 'white'));
INSERT OR IGNORE INTO tags (name) VALUES ('flowers');
INSERT INTO photo_tags (photo_idx, tag_id) VALUES ((SELECT photo_idx FROM photos WHERE photo_id = 1034), (SELECT tag_id FROM tags WHERE name = 'flowers'));
INSERT OR IGNORE INTO tags (name) VALUES ('orchid');
INSERT INTO photo_tags (photo_idx, tag_id) VALUES ((SELECT photo_idx FROM photos WHERE photo_id = 1034), (SELECT tag_id FROM tags WHERE name = 'orchid'));

INSERT INTO photos (photo_id, photo_title, photo_collection, photo_location, photo_year, camera, film_stock, film_format) VALUES (1035, 'Cymbidium Orchid Detail', 'Flower Portraits', 'Half Moon Bay, California', 1996, 'Nikon', 'Fujichrome Velvia', '35 mm');
INSERT INTO photos_fts (photo_idx, photo_id, photo_title, photo_collection, photo_location, photo_year, camera, film_stock, film_format, tag_names) VALUES ((SELECT photo_idx FROM photos WHERE photo_id = 1035), 1035, 'Cymbidium Orchid Detail', 'Flower Portraits', 'Half Moon Bay, California', 1996, 'Nikon', 'Fujichrome Velvia', '35 mm', 'vertical,closeup,color,studio,pink,red,flowers,orchid');
INSERT OR IGNORE INTO tags (name) VALUES ('vertical');
INSERT INTO photo_tags (photo_idx, tag_id) VALUES ((SELECT photo_idx FROM photos WHERE photo_id = 1035), (SELECT tag_id FROM tags WHERE name = 'vertical'));
INSERT OR IGNORE INTO tags (name) VALUES ('closeup');
INSERT INTO photo_tags (photo_idx, tag_id) VALUES ((SELECT photo_idx FROM photos WHERE photo_id = 1035), (SELECT tag_id FROM tags WHERE name = 'closeup'));
INSERT OR IGNORE INTO tags (name) VALUES ('color');
INSERT INTO photo_tags (photo_idx, tag_id) VALUES ((SELECT photo_idx FROM photos WHERE photo_id = 1035), (SELECT tag_id FROM tags WHERE name = 'color'));
INSERT OR IGNORE INTO tags (name) VALUES ('studio');
INSERT INTO photo_tags (photo_idx, tag_id) VALUES ((SELECT photo_idx FROM photos WHERE photo_id = 1035), (SELECT tag_id FROM tags WHERE name = 'studio'));
INSERT OR IGNORE INTO tags (name) VALUES ('pink');
INSERT INTO photo_tags (photo_idx, tag_id) VALUES ((SELECT photo_idx FROM photos WHERE photo_id = 1035), (SELECT tag_id FROM tags WHERE name = 'pink'));
INSERT OR IGNORE INTO tags (name) VALUES ('red');
INSERT INTO photo_tags (photo_idx, tag_id) VALUES ((SELECT photo_idx FROM photos WHERE photo_id = 1035), (SELECT tag_id FROM tags WHERE name = 'red'));
INSERT OR IGNORE INTO tags (name) VALUES ('flowers');
INSERT INTO photo_tags (photo_idx, tag_id) VALUES ((SELECT photo_idx FROM photos WHERE photo_id = 1035), (SELECT tag_id FROM tags WHERE name = 'flowers'));
INSERT OR IGNORE INTO tags (name) VALUES ('orchid');
INSERT INTO photo_tags (photo_idx, tag_id) VALUES ((SELECT photo_idx FROM photos WHERE photo_id = 1035), (SELECT tag_id FROM tags WHERE name = 'orchid'));

INSERT INTO photos (photo_id, photo_title, photo_collection, photo_location, photo_year, camera, film_stock, film_format) VALUES (1036, 'Iris Detail', 'Flower Portraits', 'Portola Valley, California', 1996, 'Nikon', 'Fujichrome Velvia', '35 mm');
INSERT INTO photos_fts (photo_idx, photo_id, photo_title, photo_collection, photo_location, photo_year, camera, film_stock, film_format, tag_names) VALUES ((SELECT photo_idx FROM photos WHERE photo_id = 1036), 1036, 'Iris Detail', 'Flower Portraits', 'Portola Valley, California', 1996, 'Nikon', 'Fujichrome Velvia', '35 mm', 'horizontal,spring,closeup,color,outdoors,blue,purple,yellow,flowers');
INSERT OR IGNORE INTO tags (name) VALUES ('horizontal');
INSERT INTO photo_tags (photo_idx, tag_id) VALUES ((SELECT photo_idx FROM photos WHERE photo_id = 1036), (SELECT tag_id FROM tags WHERE name = 'horizontal'));
INSERT OR IGNORE INTO tags (name) VALUES ('spring');
INSERT INTO photo_tags (photo_idx, tag_id) VALUES ((SELECT photo_idx FROM photos WHERE photo_id = 1036), (SELECT tag_id FROM tags WHERE name = 'spring'));
INSERT OR IGNORE INTO tags (name) VALUES ('closeup');
INSERT INTO photo_tags (photo_idx, tag_id) VALUES ((SELECT photo_idx FROM photos WHERE photo_id = 1036), (SELECT tag_id FROM tags WHERE name = 'closeup'));
INSERT OR IGNORE INTO tags (name) VALUES ('color');
INSERT INTO photo_tags (photo_idx, tag_id) VALUES ((SELECT photo_idx FROM photos WHERE photo_id = 1036), (SELECT tag_id FROM tags WHERE name = 'color'));
INSERT OR IGNORE INTO tags (name) VALUES ('outdoors');
INSERT INTO photo_tags (photo_idx, tag_id) VALUES ((SELECT photo_idx FROM photos WHERE photo_id = 1036), (SELECT tag_id FROM tags WHERE name = 'outdoors'));
INSERT OR IGNORE INTO tags (name) VALUES ('blue');
INSERT INTO photo_tags (photo_idx, tag_id) VALUES ((SELECT photo_idx FROM photos WHERE photo_id = 1036), (SELECT tag_id FROM tags WHERE name = 'blue'));
INSERT OR IGNORE INTO tags (name) VALUES ('purple');
INSERT INTO photo_tags (photo_idx, tag_id) VALUES ((SELECT photo_idx FROM photos WHERE photo_id = 1036), (SELECT tag_id FROM tags WHERE name = 'purple'));
INSERT OR IGNORE INTO tags (name) VALUES ('yellow');
INSERT INTO photo_tags (photo_idx, tag_id) VALUES ((SELECT photo_idx FROM photos WHERE photo_id = 1036), (SELECT tag_id FROM tags WHERE name = 'yellow'));
INSERT OR IGNORE INTO tags (name) VALUES ('flowers');
INSERT INTO photo_tags (photo_idx, tag_id) VALUES ((SELECT photo_idx FROM photos WHERE photo_id = 1036), (SELECT tag_id FROM tags WHERE name = 'flowers'));

INSERT INTO photos (photo_id, photo_title, photo_collection, photo_location, photo_year, camera, film_stock, film_format) VALUES (1039, 'Cymbidium Orchid', 'Flower Portraits', 'Half Moon Bay, California', 1996, 'Nikon', 'Fujichrome Velvia', '35 mm');
INSERT INTO photos_fts (photo_idx, photo_id, photo_title, photo_collection, photo_location, photo_year, camera, film_stock, film_format, tag_names) VALUES ((SELECT photo_idx FROM photos WHERE photo_id = 1039), 1039, 'Cymbidium Orchid', 'Flower Portraits', 'Half Moon Bay, California', 1996, 'Nikon', 'Fujichrome Velvia', '35 mm', 'horizontal,closeup,color,studio,pink,red,flowers,orchid');
INSERT OR IGNORE INTO tags (name) VALUES ('horizontal');
INSERT INTO photo_tags (photo_idx, tag_id) VALUES ((SELECT photo_idx FROM photos WHERE photo_id = 1039), (SELECT tag_id FROM tags WHERE name = 'horizontal'));
INSERT OR IGNORE INTO tags (name) VALUES ('closeup');
INSERT INTO photo_tags (photo_idx, tag_id) VALUES ((SELECT photo_idx FROM photos WHERE photo_id = 1039), (SELECT tag_id FROM tags WHERE name = 'closeup'));
INSERT OR IGNORE INTO tags (name) VALUES ('color');
INSERT INTO photo_tags (photo_idx, tag_id) VALUES ((SELECT photo_idx FROM photos WHERE photo_id = 1039), (SELECT tag_id FROM tags WHERE name = 'color'));
INSERT OR IGNORE INTO tags (name) VALUES ('studio');
INSERT INTO photo_tags (photo_idx, tag_id) VALUES ((SELECT photo_idx FROM photos WHERE photo_id = 1039), (SELECT tag_id FROM tags WHERE name = 'studio'));
INSERT OR IGNORE INTO tags (name) VALUES ('pink');
INSERT INTO photo_tags (photo_idx, tag_id) VALUES ((SELECT photo_idx FROM photos WHERE photo_id = 1039), (SELECT tag_id FROM tags WHERE name = 'pink'));
INSERT OR IGNORE INTO tags (name) VALUES ('red');
INSERT INTO photo_tags (photo_idx, tag_id) VALUES ((SELECT photo_idx FROM photos WHERE photo_id = 1039), (SELECT tag_id FROM tags WHERE name = 'red'));
INSERT OR IGNORE INTO tags (name) VALUES ('flowers');
INSERT INTO photo_tags (photo_idx, tag_id) VALUES ((SELECT photo_idx FROM photos WHERE photo_id = 1039), (SELECT tag_id FROM tags WHERE name = 'flowers'));
INSERT OR IGNORE INTO tags (name) VALUES ('orchid');
INSERT INTO photo_tags (photo_idx, tag_id) VALUES ((SELECT photo_idx FROM photos WHERE photo_id = 1039), (SELECT tag_id FROM tags WHERE name = 'orchid'));

INSERT INTO photos (photo_id, photo_title, photo_collection, photo_location, photo_year, camera, film_stock, film_format) VALUES (1041, 'Full Miltonopsis Orchid', 'Flower Portraits', 'Half Moon Bay, California', 1996, 'Nikon', 'Fujichrome Velvia', '35 mm');
INSERT INTO photos_fts (photo_idx, photo_id, photo_title, photo_collection, photo_location, photo_year, camera, film_stock, film_format, tag_names) VALUES ((SELECT photo_idx FROM photos WHERE photo_id = 1041), 1041, 'Full Miltonopsis Orchid', 'Flower Portraits', 'Half Moon Bay, California', 1996, 'Nikon', 'Fujichrome Velvia', '35 mm', 'vertical,closeup,color,studio,green,red,white,flowers,orchid');
INSERT OR IGNORE INTO tags (name) VALUES ('vertical');
INSERT INTO photo_tags (photo_idx, tag_id) VALUES ((SELECT photo_idx FROM photos WHERE photo_id = 1041), (SELECT tag_id FROM tags WHERE name = 'vertical'));
INSERT OR IGNORE INTO tags (name) VALUES ('closeup');
INSERT INTO photo_tags (photo_idx, tag_id) VALUES ((SELECT photo_idx FROM photos WHERE photo_id = 1041), (SELECT tag_id FROM tags WHERE name = 'closeup'));
INSERT OR IGNORE INTO tags (name) VALUES ('color');
INSERT INTO photo_tags (photo_idx, tag_id) VALUES ((SELECT photo_idx FROM photos WHERE photo_id = 1041), (SELECT tag_id FROM tags WHERE name = 'color'));
INSERT OR IGNORE INTO tags (name) VALUES ('studio');
INSERT INTO photo_tags (photo_idx, tag_id) VALUES ((SELECT photo_idx FROM photos WHERE photo_id = 1041), (SELECT tag_id FROM tags WHERE name = 'studio'));
INSERT OR IGNORE INTO tags (name) VALUES ('green');
INSERT INTO photo_tags (photo_idx, tag_id) VALUES ((SELECT photo_idx FROM photos WHERE photo_id = 1041), (SELECT tag_id FROM tags WHERE name = 'green'));
INSERT OR IGNORE INTO tags (name) VALUES ('red');
INSERT INTO photo_tags (photo_idx, tag_id) VALUES ((SELECT photo_idx FROM photos WHERE photo_id = 1041), (SELECT tag_id FROM tags WHERE name = 'red'));
INSERT OR IGNORE INTO tags (name) VALUES ('white');
INSERT INTO photo_tags (photo_idx, tag_id) VALUES ((SELECT photo_idx FROM photos WHERE photo_id = 1041), (SELECT tag_id FROM tags WHERE name = 'white'));
INSERT OR IGNORE INTO tags (name) VALUES ('flowers');
INSERT INTO photo_tags (photo_idx, tag_id) VALUES ((SELECT photo_idx FROM photos WHERE photo_id = 1041), (SELECT tag_id FROM tags WHERE name = 'flowers'));
INSERT OR IGNORE INTO tags (name) VALUES ('orchid');
INSERT INTO photo_tags (photo_idx, tag_id) VALUES ((SELECT photo_idx FROM photos WHERE photo_id = 1041), (SELECT tag_id FROM tags WHERE name = 'orchid'));

INSERT INTO photos (photo_id, photo_title, photo_collection, photo_location, photo_year, camera, film_stock, film_format) VALUES (1045, 'Yellow Calla Lily', 'Flower Portraits', 'Half Moon Bay, California', 1996, 'Nikon', 'Fujichrome Velvia', '35 mm');
INSERT INTO photos_fts (photo_idx, photo_id, photo_title, photo_collection, photo_location, photo_year, camera, film_stock, film_format, tag_names) VALUES ((SELECT photo_idx FROM photos WHERE photo_id = 1045), 1045, 'Yellow Calla Lily', 'Flower Portraits', 'Half Moon Bay, California', 1996, 'Nikon', 'Fujichrome Velvia', '35 mm', 'vertical,popular,closeup,color,studio,green,yellow,flowers,lily');
INSERT OR IGNORE INTO tags (name) VALUES ('vertical');
INSERT INTO photo_tags (photo_idx, tag_id) VALUES ((SELECT photo_idx FROM photos WHERE photo_id = 1045), (SELECT tag_id FROM tags WHERE name = 'vertical'));
INSERT OR IGNORE INTO tags (name) VALUES ('popular');
INSERT INTO photo_tags (photo_idx, tag_id) VALUES ((SELECT photo_idx FROM photos WHERE photo_id = 1045), (SELECT tag_id FROM tags WHERE name = 'popular'));
INSERT OR IGNORE INTO tags (name) VALUES ('closeup');
INSERT INTO photo_tags (photo_idx, tag_id) VALUES ((SELECT photo_idx FROM photos WHERE photo_id = 1045), (SELECT tag_id FROM tags WHERE name = 'closeup'));
INSERT OR IGNORE INTO tags (name) VALUES ('color');
INSERT INTO photo_tags (photo_idx, tag_id) VALUES ((SELECT photo_idx FROM photos WHERE photo_id = 1045), (SELECT tag_id FROM tags WHERE name = 'color'));
INSERT OR IGNORE INTO tags (name) VALUES ('studio');
INSERT INTO photo_tags (photo_idx, tag_id) VALUES ((SELECT photo_idx FROM photos WHERE photo_id = 1045), (SELECT tag_id FROM tags WHERE name = 'studio'));
INSERT OR IGNORE INTO tags (name) VALUES ('green');
INSERT INTO photo_tags (photo_idx, tag_id) VALUES ((SELECT photo_idx FROM photos WHERE photo_id = 1045), (SELECT tag_id FROM tags WHERE name = 'green'));
INSERT OR IGNORE INTO tags (name) VALUES ('yellow');
INSERT INTO photo_tags (photo_idx, tag_id) VALUES ((SELECT photo_idx FROM photos WHERE photo_id = 1045), (SELECT tag_id FROM tags WHERE name = 'yellow'));
INSERT OR IGNORE INTO tags (name) VALUES ('flowers');
INSERT INTO photo_tags (photo_idx, tag_id) VALUES ((SELECT photo_idx FROM photos WHERE photo_id = 1045), (SELECT tag_id FROM tags WHERE name = 'flowers'));
INSERT OR IGNORE INTO tags (name) VALUES ('lily');
INSERT INTO photo_tags (photo_idx, tag_id) VALUES ((SELECT photo_idx FROM photos WHERE photo_id = 1045), (SELECT tag_id FROM tags WHERE name = 'lily'));

INSERT INTO photos (photo_id, photo_title, photo_collection, photo_location, photo_year, camera, film_stock, film_format) VALUES (1046, 'Yellow Calla Lily Two', 'Flower Portraits', 'Half Moon Bay, California', 1996, 'Nikon', 'Fujichrome Velvia', '35 mm');
INSERT INTO photos_fts (photo_idx, photo_id, photo_title, photo_collection, photo_location, photo_year, camera, film_stock, film_format, tag_names) VALUES ((SELECT photo_idx FROM photos WHERE photo_id = 1046), 1046, 'Yellow Calla Lily Two', 'Flower Portraits', 'Half Moon Bay, California', 1996, 'Nikon', 'Fujichrome Velvia', '35 mm', 'vertical,closeup,color,studio,green,yellow,flowers,lily');
INSERT OR IGNORE INTO tags (name) VALUES ('vertical');
INSERT INTO photo_tags (photo_idx, tag_id) VALUES ((SELECT photo_idx FROM photos WHERE photo_id = 1046), (SELECT tag_id FROM tags WHERE name = 'vertical'));
INSERT OR IGNORE INTO tags (name) VALUES ('closeup');
INSERT INTO photo_tags (photo_idx, tag_id) VALUES ((SELECT photo_idx FROM photos WHERE photo_id = 1046), (SELECT tag_id FROM tags WHERE name = 'closeup'));
INSERT OR IGNORE INTO tags (name) VALUES ('color');
INSERT INTO photo_tags (photo_idx, tag_id) VALUES ((SELECT photo_idx FROM photos WHERE photo_id = 1046), (SELECT tag_id FROM tags WHERE name = 'color'));
INSERT OR IGNORE INTO tags (name) VALUES ('studio');
INSERT INTO photo_tags (photo_idx, tag_id) VALUES ((SELECT photo_idx FROM photos WHERE photo_id = 1046), (SELECT tag_id FROM tags WHERE name = 'studio'));
INSERT OR IGNORE INTO tags (name) VALUES ('green');
INSERT INTO photo_tags (photo_idx, tag_id) VALUES ((SELECT photo_idx FROM photos WHERE photo_id = 1046), (SELECT tag_id FROM tags WHERE name = 'green'));
INSERT OR IGNORE INTO tags (name) VALUES ('yellow');
INSERT INTO photo_tags (photo_idx, tag_id) VALUES ((SELECT photo_idx FROM photos WHERE photo_id = 1046), (SELECT tag_id FROM tags WHERE name = 'yellow'));
INSERT OR IGNORE INTO tags (name) VALUES ('flowers');
INSERT INTO photo_tags (photo_idx, tag_id) VALUES ((SELECT photo_idx FROM photos WHERE photo_id = 1046), (SELECT tag_id FROM tags WHERE name = 'flowers'));
INSERT OR IGNORE INTO tags (name) VALUES ('lily');
INSERT INTO photo_tags (photo_idx, tag_id) VALUES ((SELECT photo_idx FROM photos WHERE photo_id = 1046), (SELECT tag_id FROM tags WHERE name = 'lily'));

INSERT INTO photos (photo_id, photo_title, photo_collection, photo_location, photo_year, camera, film_stock, film_format) VALUES (1047, 'White Phalaenopsis Orchid', 'Flower Portraits', 'Half Moon Bay, California', 1996, 'Nikon', 'Fujichrome Velvia', '35 mm');
INSERT INTO photos_fts (photo_idx, photo_id, photo_title, photo_collection, photo_location, photo_year, camera, film_stock, film_format, tag_names) VALUES ((SELECT photo_idx FROM photos WHERE photo_id = 1047), 1047, 'White Phalaenopsis Orchid', 'Flower Portraits', 'Half Moon Bay, California', 1996, 'Nikon', 'Fujichrome Velvia', '35 mm', 'horizontal,closeup,color,studio,green,white,flowers,orchid');
INSERT OR IGNORE INTO tags (name) VALUES ('horizontal');
INSERT INTO photo_tags (photo_idx, tag_id) VALUES ((SELECT photo_idx FROM photos WHERE photo_id = 1047), (SELECT tag_id FROM tags WHERE name = 'horizontal'));
INSERT OR IGNORE INTO tags (name) VALUES ('closeup');
INSERT INTO photo_tags (photo_idx, tag_id) VALUES ((SELECT photo_idx FROM photos WHERE photo_id = 1047), (SELECT tag_id FROM tags WHERE name = 'closeup'));
INSERT OR IGNORE INTO tags (name) VALUES ('color');
INSERT INTO photo_tags (photo_idx, tag_id) VALUES ((SELECT photo_idx FROM photos WHERE photo_id = 1047), (SELECT tag_id FROM tags WHERE name = 'color'));
INSERT OR IGNORE INTO tags (name) VALUES ('studio');
INSERT INTO photo_tags (photo_idx, tag_id) VALUES ((SELECT photo_idx FROM photos WHERE photo_id = 1047), (SELECT tag_id FROM tags WHERE name = 'studio'));
INSERT OR IGNORE INTO tags (name) VALUES ('green');
INSERT INTO photo_tags (photo_idx, tag_id) VALUES ((SELECT photo_idx FROM photos WHERE photo_id = 1047), (SELECT tag_id FROM tags WHERE name = 'green'));
INSERT OR IGNORE INTO tags (name) VALUES ('white');
INSERT INTO photo_tags (photo_idx, tag_id) VALUES ((SELECT photo_idx FROM photos WHERE photo_id = 1047), (SELECT tag_id FROM tags WHERE name = 'white'));
INSERT OR IGNORE INTO tags (name) VALUES ('flowers');
INSERT INTO photo_tags (photo_idx, tag_id) VALUES ((SELECT photo_idx FROM photos WHERE photo_id = 1047), (SELECT tag_id FROM tags WHERE name = 'flowers'));
INSERT OR IGNORE INTO tags (name) VALUES ('orchid');
INSERT INTO photo_tags (photo_idx, tag_id) VALUES ((SELECT photo_idx FROM photos WHERE photo_id = 1047), (SELECT tag_id FROM tags WHERE name = 'orchid'));

INSERT INTO photos (photo_id, photo_title, photo_collection, photo_location, photo_year, camera, film_stock, film_format) VALUES (1048, 'Standing Spathephylem', 'Flower Portraits', 'Half Moon Bay, California', 1996, 'Nikon', 'Fujichrome Velvia', '35 mm');
INSERT INTO photos_fts (photo_idx, photo_id, photo_title, photo_collection, photo_location, photo_year, camera, film_stock, film_format, tag_names) VALUES ((SELECT photo_idx FROM photos WHERE photo_id = 1048), 1048, 'Standing Spathephylem', 'Flower Portraits', 'Half Moon Bay, California', 1996, 'Nikon', 'Fujichrome Velvia', '35 mm', 'vertical,closeup,color,studio,green,white,flowers');
INSERT OR IGNORE INTO tags (name) VALUES ('vertical');
INSERT INTO photo_tags (photo_idx, tag_id) VALUES ((SELECT photo_idx FROM photos WHERE photo_id = 1048), (SELECT tag_id FROM tags WHERE name = 'vertical'));
INSERT OR IGNORE INTO tags (name) VALUES ('closeup');
INSERT INTO photo_tags (photo_idx, tag_id) VALUES ((SELECT photo_idx FROM photos WHERE photo_id = 1048), (SELECT tag_id FROM tags WHERE name = 'closeup'));
INSERT OR IGNORE INTO tags (name) VALUES ('color');
INSERT INTO photo_tags (photo_idx, tag_id) VALUES ((SELECT photo_idx FROM photos WHERE photo_id = 1048), (SELECT tag_id FROM tags WHERE name = 'color'));
INSERT OR IGNORE INTO tags (name) VALUES ('studio');
INSERT INTO photo_tags (photo_idx, tag_id) VALUES ((SELECT photo_idx FROM photos WHERE photo_id = 1048), (SELECT tag_id FROM tags WHERE name = 'studio'));
INSERT OR IGNORE INTO tags (name) VALUES ('green');
INSERT INTO photo_tags (photo_idx, tag_id) VALUES ((SELECT photo_idx FROM photos WHERE photo_id = 1048), (SELECT tag_id FROM tags WHERE name = 'green'));
INSERT OR IGNORE INTO tags (name) VALUES ('white');
INSERT INTO photo_tags (photo_idx, tag_id) VALUES ((SELECT photo_idx FROM photos WHERE photo_id = 1048), (SELECT tag_id FROM tags WHERE name = 'white'));
INSERT OR IGNORE INTO tags (name) VALUES ('flowers');
INSERT INTO photo_tags (photo_idx, tag_id) VALUES ((SELECT photo_idx FROM photos WHERE photo_id = 1048), (SELECT tag_id FROM tags WHERE name = 'flowers'));

INSERT INTO photos (photo_id, photo_title, photo_collection, photo_location, photo_year, camera, film_stock, film_format) VALUES (1050, 'Arch and Mossy Rocks', 'California', 'Yosemite National Park', 1996, 'Linhof', 'Fujichrome Provia', '4 x 5 inch');
INSERT INTO photos_fts (photo_idx, photo_id, photo_title, photo_collection, photo_location, photo_year, camera, film_stock, film_format, tag_names) VALUES ((SELECT photo_idx FROM photos WHERE photo_id = 1050), 1050, 'Arch and Mossy Rocks', 'California', 'Yosemite National Park', 1996, 'Linhof', 'Fujichrome Provia', '4 x 5 inch', 'horizontal,scenic,landscape,color,outdoors,green,moss,trees,foliage,forest');
INSERT OR IGNORE INTO tags (name) VALUES ('horizontal');
INSERT INTO photo_tags (photo_idx, tag_id) VALUES ((SELECT photo_idx FROM photos WHERE photo_id = 1050), (SELECT tag_id FROM tags WHERE name = 'horizontal'));
INSERT OR IGNORE INTO tags (name) VALUES ('scenic');
INSERT INTO photo_tags (photo_idx, tag_id) VALUES ((SELECT photo_idx FROM photos WHERE photo_id = 1050), (SELECT tag_id FROM tags WHERE name = 'scenic'));
INSERT OR IGNORE INTO tags (name) VALUES ('landscape');
INSERT INTO photo_tags (photo_idx, tag_id) VALUES ((SELECT photo_idx FROM photos WHERE photo_id = 1050), (SELECT tag_id FROM tags WHERE name = 'landscape'));
INSERT OR IGNORE INTO tags (name) VALUES ('color');
INSERT INTO photo_tags (photo_idx, tag_id) VALUES ((SELECT photo_idx FROM photos WHERE photo_id = 1050), (SELECT tag_id FROM tags WHERE name = 'color'));
INSERT OR IGNORE INTO tags (name) VALUES ('outdoors');
INSERT INTO photo_tags (photo_idx, tag_id) VALUES ((SELECT photo_idx FROM photos WHERE photo_id = 1050), (SELECT tag_id FROM tags WHERE name = 'outdoors'));
INSERT OR IGNORE INTO tags (name) VALUES ('green');
INSERT INTO photo_tags (photo_idx, tag_id) VALUES ((SELECT photo_idx FROM photos WHERE photo_id = 1050), (SELECT tag_id FROM tags WHERE name = 'green'));
INSERT OR IGNORE INTO tags (name) VALUES ('moss');
INSERT INTO photo_tags (photo_idx, tag_id) VALUES ((SELECT photo_idx FROM photos WHERE photo_id = 1050), (SELECT tag_id FROM tags WHERE name = 'moss'));
INSERT OR IGNORE INTO tags (name) VALUES ('trees');
INSERT INTO photo_tags (photo_idx, tag_id) VALUES ((SELECT photo_idx FROM photos WHERE photo_id = 1050), (SELECT tag_id FROM tags WHERE name = 'trees'));
INSERT OR IGNORE INTO tags (name) VALUES ('foliage');
INSERT INTO photo_tags (photo_idx, tag_id) VALUES ((SELECT photo_idx FROM photos WHERE photo_id = 1050), (SELECT tag_id FROM tags WHERE name = 'foliage'));
INSERT OR IGNORE INTO tags (name) VALUES ('forest');
INSERT INTO photo_tags (photo_idx, tag_id) VALUES ((SELECT photo_idx FROM photos WHERE photo_id = 1050), (SELECT tag_id FROM tags WHERE name = 'forest'));

INSERT INTO photos (photo_id, photo_title, photo_collection, photo_location, photo_year, camera, film_stock, film_format) VALUES (1051, 'Quiet Forest Scene', 'California', 'Yosemite National Park', 1996, 'Linhof', 'Fujichrome Provia', '4 x 5 inch');
INSERT INTO photos_fts (photo_idx, photo_id, photo_title, photo_collection, photo_location, photo_year, camera, film_stock, film_format, tag_names) VALUES ((SELECT photo_idx FROM photos WHERE photo_id = 1051), 1051, 'Quiet Forest Scene', 'California', 'Yosemite National Park', 1996, 'Linhof', 'Fujichrome Provia', '4 x 5 inch', 'horizontal,scenic,landscape,color,outdoors,gray,green,moss,trees,foliage,forest');
INSERT OR IGNORE INTO tags (name) VALUES ('horizontal');
INSERT INTO photo_tags (photo_idx, tag_id) VALUES ((SELECT photo_idx FROM photos WHERE photo_id = 1051), (SELECT tag_id FROM tags WHERE name = 'horizontal'));
INSERT OR IGNORE INTO tags (name) VALUES ('scenic');
INSERT INTO photo_tags (photo_idx, tag_id) VALUES ((SELECT photo_idx FROM photos WHERE photo_id = 1051), (SELECT tag_id FROM tags WHERE name = 'scenic'));
INSERT OR IGNORE INTO tags (name) VALUES ('landscape');
INSERT INTO photo_tags (photo_idx, tag_id) VALUES ((SELECT photo_idx FROM photos WHERE photo_id = 1051), (SELECT tag_id FROM tags WHERE name = 'landscape'));
INSERT OR IGNORE INTO tags (name) VALUES ('color');
INSERT INTO photo_tags (photo_idx, tag_id) VALUES ((SELECT photo_idx FROM photos WHERE photo_id = 1051), (SELECT tag_id FROM tags WHERE name = 'color'));
INSERT OR IGNORE INTO tags (name) VALUES ('outdoors');
INSERT INTO photo_tags (photo_idx, tag_id) VALUES ((SELECT photo_idx FROM photos WHERE photo_id = 1051), (SELECT tag_id FROM tags WHERE name = 'outdoors'));
INSERT OR IGNORE INTO tags (name) VALUES ('gray');
INSERT INTO photo_tags (photo_idx, tag_id) VALUES ((SELECT photo_idx FROM photos WHERE photo_id = 1051), (SELECT tag_id FROM tags WHERE name = 'gray'));
INSERT OR IGNORE INTO tags (name) VALUES ('green');
INSERT INTO photo_tags (photo_idx, tag_id) VALUES ((SELECT photo_idx FROM photos WHERE photo_id = 1051), (SELECT tag_id FROM tags WHERE name = 'green'));
INSERT OR IGNORE INTO tags (name) VALUES ('moss');
INSERT INTO photo_tags (photo_idx, tag_id) VALUES ((SELECT photo_idx FROM photos WHERE photo_id = 1051), (SELECT tag_id FROM tags WHERE name = 'moss'));
INSERT OR IGNORE INTO tags (name) VALUES ('trees');
INSERT INTO photo_tags (photo_idx, tag_id) VALUES ((SELECT photo_idx FROM photos WHERE photo_id = 1051), (SELECT tag_id FROM tags WHERE name = 'trees'));
INSERT OR IGNORE INTO tags (name) VALUES ('foliage');
INSERT INTO photo_tags (photo_idx, tag_id) VALUES ((SELECT photo_idx FROM photos WHERE photo_id = 1051), (SELECT tag_id FROM tags WHERE name = 'foliage'));
INSERT OR IGNORE INTO tags (name) VALUES ('forest');
INSERT INTO photo_tags (photo_idx, tag_id) VALUES ((SELECT photo_idx FROM photos WHERE photo_id = 1051), (SELECT tag_id FROM tags WHERE name = 'forest'));

INSERT INTO photos (photo_id, photo_title, photo_collection, photo_location, photo_year, camera, film_stock, film_format) VALUES (1052, 'Lichen Boulders and Cascade', 'California', 'Yosemite National Park', 1996, 'Linhof', 'Fujichrome Provia', '4 x 5 inch');
INSERT INTO photos_fts (photo_idx, photo_id, photo_title, photo_collection, photo_location, photo_year, camera, film_stock, film_format, tag_names) VALUES ((SELECT photo_idx FROM photos WHERE photo_id = 1052), 1052, 'Lichen Boulders and Cascade', 'California', 'Yosemite National Park', 1996, 'Linhof', 'Fujichrome Provia', '4 x 5 inch', 'horizontal,scenic,landscape,color,outdoors,gray,white,rock,water,waterfall,river,stream');
INSERT OR IGNORE INTO tags (name) VALUES ('horizontal');
INSERT INTO photo_tags (photo_idx, tag_id) VALUES ((SELECT photo_idx FROM photos WHERE photo_id = 1052), (SELECT tag_id FROM tags WHERE name = 'horizontal'));
INSERT OR IGNORE INTO tags (name) VALUES ('scenic');
INSERT INTO photo_tags (photo_idx, tag_id) VALUES ((SELECT photo_idx FROM photos WHERE photo_id = 1052), (SELECT tag_id FROM tags WHERE name = 'scenic'));
INSERT OR IGNORE INTO tags (name) VALUES ('landscape');
INSERT INTO photo_tags (photo_idx, tag_id) VALUES ((SELECT photo_idx FROM photos WHERE photo_id = 1052), (SELECT tag_id FROM tags WHERE name = 'landscape'));
INSERT OR IGNORE INTO tags (name) VALUES ('color');
INSERT INTO photo_tags (photo_idx, tag_id) VALUES ((SELECT photo_idx FROM photos WHERE photo_id = 1052), (SELECT tag_id FROM tags WHERE name = 'color'));
INSERT OR IGNORE INTO tags (name) VALUES ('outdoors');
INSERT INTO photo_tags (photo_idx, tag_id) VALUES ((SELECT photo_idx FROM photos WHERE photo_id = 1052), (SELECT tag_id FROM tags WHERE name = 'outdoors'));
INSERT OR IGNORE INTO tags (name) VALUES ('gray');
INSERT INTO photo_tags (photo_idx, tag_id) VALUES ((SELECT photo_idx FROM photos WHERE photo_id = 1052), (SELECT tag_id FROM tags WHERE name = 'gray'));
INSERT OR IGNORE INTO tags (name) VALUES ('white');
INSERT INTO photo_tags (photo_idx, tag_id) VALUES ((SELECT photo_idx FROM photos WHERE photo_id = 1052), (SELECT tag_id FROM tags WHERE name = 'white'));
INSERT OR IGNORE INTO tags (name) VALUES ('rock');
INSERT INTO photo_tags (photo_idx, tag_id) VALUES ((SELECT photo_idx FROM photos WHERE photo_id = 1052), (SELECT tag_id FROM tags WHERE name = 'rock'));
INSERT OR IGNORE INTO tags (name) VALUES ('water');
INSERT INTO photo_tags (photo_idx, tag_id) VALUES ((SELECT photo_idx FROM photos WHERE photo_id = 1052), (SELECT tag_id FROM tags WHERE name = 'water'));
INSERT OR IGNORE INTO tags (name) VALUES ('waterfall');
INSERT INTO photo_tags (photo_idx, tag_id) VALUES ((SELECT photo_idx FROM photos WHERE photo_id = 1052), (SELECT tag_id FROM tags WHERE name = 'waterfall'));
INSERT OR IGNORE INTO tags (name) VALUES ('river');
INSERT INTO photo_tags (photo_idx, tag_id) VALUES ((SELECT photo_idx FROM photos WHERE photo_id = 1052), (SELECT tag_id FROM tags WHERE name = 'river'));
INSERT OR IGNORE INTO tags (name) VALUES ('stream');
INSERT INTO photo_tags (photo_idx, tag_id) VALUES ((SELECT photo_idx FROM photos WHERE photo_id = 1052), (SELECT tag_id FROM tags WHERE name = 'stream'));

INSERT INTO photos (photo_id, photo_title, photo_collection, photo_location, photo_year, camera, film_stock, film_format) VALUES (1060, 'Surf at Martins Beach', 'California', 'Half Moon Bay, California', 1996, 'Linhof', 'Fujichrome Velvia', '4 x 5 inch');
INSERT INTO photos_fts (photo_idx, photo_id, photo_title, photo_collection, photo_location, photo_year, camera, film_stock, film_format, tag_names) VALUES ((SELECT photo_idx FROM photos WHERE photo_id = 1060), 1060, 'Surf at Martins Beach', 'California', 'Half Moon Bay, California', 1996, 'Linhof', 'Fujichrome Velvia', '4 x 5 inch', 'vertical,popular,scenic,landscape,color,outdoors,blue,white,rock,sand,sky,water,ocean,beach,coast,sea stack,waves');
INSERT OR IGNORE INTO tags (name) VALUES ('vertical');
INSERT INTO photo_tags (photo_idx, tag_id) VALUES ((SELECT photo_idx FROM photos WHERE photo_id = 1060), (SELECT tag_id FROM tags WHERE name = 'vertical'));
INSERT OR IGNORE INTO tags (name) VALUES ('popular');
INSERT INTO photo_tags (photo_idx, tag_id) VALUES ((SELECT photo_idx FROM photos WHERE photo_id = 1060), (SELECT tag_id FROM tags WHERE name = 'popular'));
INSERT OR IGNORE INTO tags (name) VALUES ('scenic');
INSERT INTO photo_tags (photo_idx, tag_id) VALUES ((SELECT photo_idx FROM photos WHERE photo_id = 1060), (SELECT tag_id FROM tags WHERE name = 'scenic'));
INSERT OR IGNORE INTO tags (name) VALUES ('landscape');
INSERT INTO photo_tags (photo_idx, tag_id) VALUES ((SELECT photo_idx FROM photos WHERE photo_id = 1060), (SELECT tag_id FROM tags WHERE name = 'landscape'));
INSERT OR IGNORE INTO tags (name) VALUES ('color');
INSERT INTO photo_tags (photo_idx, tag_id) VALUES ((SELECT photo_idx FROM photos WHERE photo_id = 1060), (SELECT tag_id FROM tags WHERE name = 'color'));
INSERT OR IGNORE INTO tags (name) VALUES ('outdoors');
INSERT INTO photo_tags (photo_idx, tag_id) VALUES ((SELECT photo_idx FROM photos WHERE photo_id = 1060), (SELECT tag_id FROM tags WHERE name = 'outdoors'));
INSERT OR IGNORE INTO tags (name) VALUES ('blue');
INSERT INTO photo_tags (photo_idx, tag_id) VALUES ((SELECT photo_idx FROM photos WHERE photo_id = 1060), (SELECT tag_id FROM tags WHERE name = 'blue'));
INSERT OR IGNORE INTO tags (name) VALUES ('white');
INSERT INTO photo_tags (photo_idx, tag_id) VALUES ((SELECT photo_idx FROM photos WHERE photo_id = 1060), (SELECT tag_id FROM tags WHERE name = 'white'));
INSERT OR IGNORE INTO tags (name) VALUES ('rock');
INSERT INTO photo_tags (photo_idx, tag_id) VALUES ((SELECT photo_idx FROM photos WHERE photo_id = 1060), (SELECT tag_id FROM tags WHERE name = 'rock'));
INSERT OR IGNORE INTO tags (name) VALUES ('sand');
INSERT INTO photo_tags (photo_idx, tag_id) VALUES ((SELECT photo_idx FROM photos WHERE photo_id = 1060), (SELECT tag_id FROM tags WHERE name = 'sand'));
INSERT OR IGNORE INTO tags (name) VALUES ('sky');
INSERT INTO photo_tags (photo_idx, tag_id) VALUES ((SELECT photo_idx FROM photos WHERE photo_id = 1060), (SELECT tag_id FROM tags WHERE name = 'sky'));
INSERT OR IGNORE INTO tags (name) VALUES ('water');
INSERT INTO photo_tags (photo_idx, tag_id) VALUES ((SELECT photo_idx FROM photos WHERE photo_id = 1060), (SELECT tag_id FROM tags WHERE name = 'water'));
INSERT OR IGNORE INTO tags (name) VALUES ('ocean');
INSERT INTO photo_tags (photo_idx, tag_id) VALUES ((SELECT photo_idx FROM photos WHERE photo_id = 1060), (SELECT tag_id FROM tags WHERE name = 'ocean'));
INSERT OR IGNORE INTO tags (name) VALUES ('beach');
INSERT INTO photo_tags (photo_idx, tag_id) VALUES ((SELECT photo_idx FROM photos WHERE photo_id = 1060), (SELECT tag_id FROM tags WHERE name = 'beach'));
INSERT OR IGNORE INTO tags (name) VALUES ('coast');
INSERT INTO photo_tags (photo_idx, tag_id) VALUES ((SELECT photo_idx FROM photos WHERE photo_id = 1060), (SELECT tag_id FROM tags WHERE name = 'coast'));
INSERT OR IGNORE INTO tags (name) VALUES ('sea stack');
INSERT INTO photo_tags (photo_idx, tag_id) VALUES ((SELECT photo_idx FROM photos WHERE photo_id = 1060), (SELECT tag_id FROM tags WHERE name = 'sea stack'));
INSERT OR IGNORE INTO tags (name) VALUES ('waves');
INSERT INTO photo_tags (photo_idx, tag_id) VALUES ((SELECT photo_idx FROM photos WHERE photo_id = 1060), (SELECT tag_id FROM tags WHERE name = 'waves'));

INSERT INTO photos (photo_id, photo_title, photo_collection, photo_location, photo_year, camera, film_stock, film_format) VALUES (1061, 'Field of Wildflowers', 'California', 'Half Moon Bay, California', 1996, 'Linhof', 'Fujichrome Provia', '4 x 5 inch');
INSERT INTO photos_fts (photo_idx, photo_id, photo_title, photo_collection, photo_location, photo_year, camera, film_stock, film_format, tag_names) VALUES ((SELECT photo_idx FROM photos WHERE photo_id = 1061), 1061, 'Field of Wildflowers', 'California', 'Half Moon Bay, California', 1996, 'Linhof', 'Fujichrome Provia', '4 x 5 inch', 'horizontal,spring,scenic,landscape,color,outdoors,green,pink,yellow,flowers,grass,blossoms,wildflowers');
INSERT OR IGNORE INTO tags (name) VALUES ('horizontal');
INSERT INTO photo_tags (photo_idx, tag_id) VALUES ((SELECT photo_idx FROM photos WHERE photo_id = 1061), (SELECT tag_id FROM tags WHERE name = 'horizontal'));
INSERT OR IGNORE INTO tags (name) VALUES ('spring');
INSERT INTO photo_tags (photo_idx, tag_id) VALUES ((SELECT photo_idx FROM photos WHERE photo_id = 1061), (SELECT tag_id FROM tags WHERE name = 'spring'));
INSERT OR IGNORE INTO tags (name) VALUES ('scenic');
INSERT INTO photo_tags (photo_idx, tag_id) VALUES ((SELECT photo_idx FROM photos WHERE photo_id = 1061), (SELECT tag_id FROM tags WHERE name = 'scenic'));
INSERT OR IGNORE INTO tags (name) VALUES ('landscape');
INSERT INTO photo_tags (photo_idx, tag_id) VALUES ((SELECT photo_idx FROM photos WHERE photo_id = 1061), (SELECT tag_id FROM tags WHERE name = 'landscape'));
INSERT OR IGNORE INTO tags (name) VALUES ('color');
INSERT INTO photo_tags (photo_idx, tag_id) VALUES ((SELECT photo_idx FROM photos WHERE photo_id = 1061), (SELECT tag_id FROM tags WHERE name = 'color'));
INSERT OR IGNORE INTO tags (name) VALUES ('outdoors');
INSERT INTO photo_tags (photo_idx, tag_id) VALUES ((SELECT photo_idx FROM photos WHERE photo_id = 1061), (SELECT tag_id FROM tags WHERE name = 'outdoors'));
INSERT OR IGNORE INTO tags (name) VALUES ('green');
INSERT INTO photo_tags (photo_idx, tag_id) VALUES ((SELECT photo_idx FROM photos WHERE photo_id = 1061), (SELECT tag_id FROM tags WHERE name = 'green'));
INSERT OR IGNORE INTO tags (name) VALUES ('pink');
INSERT INTO photo_tags (photo_idx, tag_id) VALUES ((SELECT photo_idx FROM photos WHERE photo_id = 1061), (SELECT tag_id FROM tags WHERE name = 'pink'));
INSERT OR IGNORE INTO tags (name) VALUES ('yellow');
INSERT INTO photo_tags (photo_idx, tag_id) VALUES ((SELECT photo_idx FROM photos WHERE photo_id = 1061), (SELECT tag_id FROM tags WHERE name = 'yellow'));
INSERT OR IGNORE INTO tags (name) VALUES ('flowers');
INSERT INTO photo_tags (photo_idx, tag_id) VALUES ((SELECT photo_idx FROM photos WHERE photo_id = 1061), (SELECT tag_id FROM tags WHERE name = 'flowers'));
INSERT OR IGNORE INTO tags (name) VALUES ('grass');
INSERT INTO photo_tags (photo_idx, tag_id) VALUES ((SELECT photo_idx FROM photos WHERE photo_id = 1061), (SELECT tag_id FROM tags WHERE name = 'grass'));
INSERT OR IGNORE INTO tags (name) VALUES ('blossoms');
INSERT INTO photo_tags (photo_idx, tag_id) VALUES ((SELECT photo_idx FROM photos WHERE photo_id = 1061), (SELECT tag_id FROM tags WHERE name = 'blossoms'));
INSERT OR IGNORE INTO tags (name) VALUES ('wildflowers');
INSERT INTO photo_tags (photo_idx, tag_id) VALUES ((SELECT photo_idx FROM photos WHERE photo_id = 1061), (SELECT tag_id FROM tags WHERE name = 'wildflowers'));

INSERT INTO photos (photo_id, photo_title, photo_collection, photo_location, photo_year, camera, film_stock, film_format) VALUES (1065, 'Fresh Strawberries', 'California', 'Portola Valley, California', 1996, 'Nikon', 'Fujichrome Velvia', '35 mm');
INSERT INTO photos_fts (photo_idx, photo_id, photo_title, photo_collection, photo_location, photo_year, camera, film_stock, film_format, tag_names) VALUES ((SELECT photo_idx FROM photos WHERE photo_id = 1065), 1065, 'Fresh Strawberries', 'California', 'Portola Valley, California', 1996, 'Nikon', 'Fujichrome Velvia', '35 mm', 'horizontal,closeup,color,studio,red');
INSERT OR IGNORE INTO tags (name) VALUES ('horizontal');
INSERT INTO photo_tags (photo_idx, tag_id) VALUES ((SELECT photo_idx FROM photos WHERE photo_id = 1065), (SELECT tag_id FROM tags WHERE name = 'horizontal'));
INSERT OR IGNORE INTO tags (name) VALUES ('closeup');
INSERT INTO photo_tags (photo_idx, tag_id) VALUES ((SELECT photo_idx FROM photos WHERE photo_id = 1065), (SELECT tag_id FROM tags WHERE name = 'closeup'));
INSERT OR IGNORE INTO tags (name) VALUES ('color');
INSERT INTO photo_tags (photo_idx, tag_id) VALUES ((SELECT photo_idx FROM photos WHERE photo_id = 1065), (SELECT tag_id FROM tags WHERE name = 'color'));
INSERT OR IGNORE INTO tags (name) VALUES ('studio');
INSERT INTO photo_tags (photo_idx, tag_id) VALUES ((SELECT photo_idx FROM photos WHERE photo_id = 1065), (SELECT tag_id FROM tags WHERE name = 'studio'));
INSERT OR IGNORE INTO tags (name) VALUES ('red');
INSERT INTO photo_tags (photo_idx, tag_id) VALUES ((SELECT photo_idx FROM photos WHERE photo_id = 1065), (SELECT tag_id FROM tags WHERE name = 'red'));

INSERT INTO photos (photo_id, photo_title, photo_collection, photo_location, photo_year, camera, film_stock, film_format) VALUES (1066, 'Strawberry Detail', 'California', 'Portola Valley, California', 1996, 'Nikon', 'Fujichrome Velvia', '35 mm');
INSERT INTO photos_fts (photo_idx, photo_id, photo_title, photo_collection, photo_location, photo_year, camera, film_stock, film_format, tag_names) VALUES ((SELECT photo_idx FROM photos WHERE photo_id = 1066), 1066, 'Strawberry Detail', 'California', 'Portola Valley, California', 1996, 'Nikon', 'Fujichrome Velvia', '35 mm', 'horizontal,closeup,abstract,color,studio,red');
INSERT OR IGNORE INTO tags (name) VALUES ('horizontal');
INSERT INTO photo_tags (photo_idx, tag_id) VALUES ((SELECT photo_idx FROM photos WHERE photo_id = 1066), (SELECT tag_id FROM tags WHERE name = 'horizontal'));
INSERT OR IGNORE INTO tags (name) VALUES ('closeup');
INSERT INTO photo_tags (photo_idx, tag_id) VALUES ((SELECT photo_idx FROM photos WHERE photo_id = 1066), (SELECT tag_id FROM tags WHERE name = 'closeup'));
INSERT OR IGNORE INTO tags (name) VALUES ('abstract');
INSERT INTO photo_tags (photo_idx, tag_id) VALUES ((SELECT photo_idx FROM photos WHERE photo_id = 1066), (SELECT tag_id FROM tags WHERE name = 'abstract'));
INSERT OR IGNORE INTO tags (name) VALUES ('color');
INSERT INTO photo_tags (photo_idx, tag_id) VALUES ((SELECT photo_idx FROM photos WHERE photo_id = 1066), (SELECT tag_id FROM tags WHERE name = 'color'));
INSERT OR IGNORE INTO tags (name) VALUES ('studio');
INSERT INTO photo_tags (photo_idx, tag_id) VALUES ((SELECT photo_idx FROM photos WHERE photo_id = 1066), (SELECT tag_id FROM tags WHERE name = 'studio'));
INSERT OR IGNORE INTO tags (name) VALUES ('red');
INSERT INTO photo_tags (photo_idx, tag_id) VALUES ((SELECT photo_idx FROM photos WHERE photo_id = 1066), (SELECT tag_id FROM tags WHERE name = 'red'));

INSERT INTO photos (photo_id, photo_title, photo_collection, photo_location, photo_year, camera, film_stock, film_format) VALUES (1067, 'Alstroemeria', 'Flower Portraits', 'Portola Valley, California', 1996, 'Nikon', 'Fujichrome Velvia', '35 mm');
INSERT INTO photos_fts (photo_idx, photo_id, photo_title, photo_collection, photo_location, photo_year, camera, film_stock, film_format, tag_names) VALUES ((SELECT photo_idx FROM photos WHERE photo_id = 1067), 1067, 'Alstroemeria', 'Flower Portraits', 'Portola Valley, California', 1996, 'Nikon', 'Fujichrome Velvia', '35 mm', 'vertical,popular,closeup,color,studio,pink,flowers');
INSERT OR IGNORE INTO tags (name) VALUES ('vertical');
INSERT INTO photo_tags (photo_idx, tag_id) VALUES ((SELECT photo_idx FROM photos WHERE photo_id = 1067), (SELECT tag_id FROM tags WHERE name = 'vertical'));
INSERT OR IGNORE INTO tags (name) VALUES ('popular');
INSERT INTO photo_tags (photo_idx, tag_id) VALUES ((SELECT photo_idx FROM photos WHERE photo_id = 1067), (SELECT tag_id FROM tags WHERE name = 'popular'));
INSERT OR IGNORE INTO tags (name) VALUES ('closeup');
INSERT INTO photo_tags (photo_idx, tag_id) VALUES ((SELECT photo_idx FROM photos WHERE photo_id = 1067), (SELECT tag_id FROM tags WHERE name = 'closeup'));
INSERT OR IGNORE INTO tags (name) VALUES ('color');
INSERT INTO photo_tags (photo_idx, tag_id) VALUES ((SELECT photo_idx FROM photos WHERE photo_id = 1067), (SELECT tag_id FROM tags WHERE name = 'color'));
INSERT OR IGNORE INTO tags (name) VALUES ('studio');
INSERT INTO photo_tags (photo_idx, tag_id) VALUES ((SELECT photo_idx FROM photos WHERE photo_id = 1067), (SELECT tag_id FROM tags WHERE name = 'studio'));
INSERT OR IGNORE INTO tags (name) VALUES ('pink');
INSERT INTO photo_tags (photo_idx, tag_id) VALUES ((SELECT photo_idx FROM photos WHERE photo_id = 1067), (SELECT tag_id FROM tags WHERE name = 'pink'));
INSERT OR IGNORE INTO tags (name) VALUES ('flowers');
INSERT INTO photo_tags (photo_idx, tag_id) VALUES ((SELECT photo_idx FROM photos WHERE photo_id = 1067), (SELECT tag_id FROM tags WHERE name = 'flowers'));

INSERT INTO photos (photo_id, photo_title, photo_collection, photo_location, photo_year, camera, film_stock, film_format) VALUES (1070, 'Vertical Anthurium', 'Flower Portraits', 'Portola Valley, California', 1996, 'Nikon', 'Fujichrome Velvia', '35 mm');
INSERT INTO photos_fts (photo_idx, photo_id, photo_title, photo_collection, photo_location, photo_year, camera, film_stock, film_format, tag_names) VALUES ((SELECT photo_idx FROM photos WHERE photo_id = 1070), 1070, 'Vertical Anthurium', 'Flower Portraits', 'Portola Valley, California', 1996, 'Nikon', 'Fujichrome Velvia', '35 mm', 'vertical,closeup,color,studio,black,red,flowers');
INSERT OR IGNORE INTO tags (name) VALUES ('vertical');
INSERT INTO photo_tags (photo_idx, tag_id) VALUES ((SELECT photo_idx FROM photos WHERE photo_id = 1070), (SELECT tag_id FROM tags WHERE name = 'vertical'));
INSERT OR IGNORE INTO tags (name) VALUES ('closeup');
INSERT INTO photo_tags (photo_idx, tag_id) VALUES ((SELECT photo_idx FROM photos WHERE photo_id = 1070), (SELECT tag_id FROM tags WHERE name = 'closeup'));
INSERT OR IGNORE INTO tags (name) VALUES ('color');
INSERT INTO photo_tags (photo_idx, tag_id) VALUES ((SELECT photo_idx FROM photos WHERE photo_id = 1070), (SELECT tag_id FROM tags WHERE name = 'color'));
INSERT OR IGNORE INTO tags (name) VALUES ('studio');
INSERT INTO photo_tags (photo_idx, tag_id) VALUES ((SELECT photo_idx FROM photos WHERE photo_id = 1070), (SELECT tag_id FROM tags WHERE name = 'studio'));
INSERT OR IGNORE INTO tags (name) VALUES ('black');
INSERT INTO photo_tags (photo_idx, tag_id) VALUES ((SELECT photo_idx FROM photos WHERE photo_id = 1070), (SELECT tag_id FROM tags WHERE name = 'black'));
INSERT OR IGNORE INTO tags (name) VALUES ('red');
INSERT INTO photo_tags (photo_idx, tag_id) VALUES ((SELECT photo_idx FROM photos WHERE photo_id = 1070), (SELECT tag_id FROM tags WHERE name = 'red'));
INSERT OR IGNORE INTO tags (name) VALUES ('flowers');
INSERT INTO photo_tags (photo_idx, tag_id) VALUES ((SELECT photo_idx FROM photos WHERE photo_id = 1070), (SELECT tag_id FROM tags WHERE name = 'flowers'));

INSERT INTO photos (photo_id, photo_title, photo_collection, photo_location, photo_year, camera, film_stock, film_format) VALUES (1072, 'Anthurium Detail', 'Flower Portraits', 'Portola Valley, California', 1996, 'Nikon', 'Fujichrome Velvia', '35 mm');
INSERT INTO photos_fts (photo_idx, photo_id, photo_title, photo_collection, photo_location, photo_year, camera, film_stock, film_format, tag_names) VALUES ((SELECT photo_idx FROM photos WHERE photo_id = 1072), 1072, 'Anthurium Detail', 'Flower Portraits', 'Portola Valley, California', 1996, 'Nikon', 'Fujichrome Velvia', '35 mm', 'horizontal,closeup,color,studio,red,flowers');
INSERT OR IGNORE INTO tags (name) VALUES ('horizontal');
INSERT INTO photo_tags (photo_idx, tag_id) VALUES ((SELECT photo_idx FROM photos WHERE photo_id = 1072), (SELECT tag_id FROM tags WHERE name = 'horizontal'));
INSERT OR IGNORE INTO tags (name) VALUES ('closeup');
INSERT INTO photo_tags (photo_idx, tag_id) VALUES ((SELECT photo_idx FROM photos WHERE photo_id = 1072), (SELECT tag_id FROM tags WHERE name = 'closeup'));
INSERT OR IGNORE INTO tags (name) VALUES ('color');
INSERT INTO photo_tags (photo_idx, tag_id) VALUES ((SELECT photo_idx FROM photos WHERE photo_id = 1072), (SELECT tag_id FROM tags WHERE name = 'color'));
INSERT OR IGNORE INTO tags (name) VALUES ('studio');
INSERT INTO photo_tags (photo_idx, tag_id) VALUES ((SELECT photo_idx FROM photos WHERE photo_id = 1072), (SELECT tag_id FROM tags WHERE name = 'studio'));
INSERT OR IGNORE INTO tags (name) VALUES ('red');
INSERT INTO photo_tags (photo_idx, tag_id) VALUES ((SELECT photo_idx FROM photos WHERE photo_id = 1072), (SELECT tag_id FROM tags WHERE name = 'red'));
INSERT OR IGNORE INTO tags (name) VALUES ('flowers');
INSERT INTO photo_tags (photo_idx, tag_id) VALUES ((SELECT photo_idx FROM photos WHERE photo_id = 1072), (SELECT tag_id FROM tags WHERE name = 'flowers'));

INSERT INTO photos (photo_id, photo_title, photo_collection, photo_location, photo_year, camera, film_stock, film_format) VALUES (1073, 'Sunflower', 'Flower Portraits', 'Portola Valley, California', 1996, 'Nikon', 'Fujichrome Velvia', '35 mm');
INSERT INTO photos_fts (photo_idx, photo_id, photo_title, photo_collection, photo_location, photo_year, camera, film_stock, film_format, tag_names) VALUES ((SELECT photo_idx FROM photos WHERE photo_id = 1073), 1073, 'Sunflower', 'Flower Portraits', 'Portola Valley, California', 1996, 'Nikon', 'Fujichrome Velvia', '35 mm', 'horizontal,closeup,color,studio,black,yellow,flowers');
INSERT OR IGNORE INTO tags (name) VALUES ('horizontal');
INSERT INTO photo_tags (photo_idx, tag_id) VALUES ((SELECT photo_idx FROM photos WHERE photo_id = 1073), (SELECT tag_id FROM tags WHERE name = 'horizontal'));
INSERT OR IGNORE INTO tags (name) VALUES ('closeup');
INSERT INTO photo_tags (photo_idx, tag_id) VALUES ((SELECT photo_idx FROM photos WHERE photo_id = 1073), (SELECT tag_id FROM tags WHERE name = 'closeup'));
INSERT OR IGNORE INTO tags (name) VALUES ('color');
INSERT INTO photo_tags (photo_idx, tag_id) VALUES ((SELECT photo_idx FROM photos WHERE photo_id = 1073), (SELECT tag_id FROM tags WHERE name = 'color'));
INSERT OR IGNORE INTO tags (name) VALUES ('studio');
INSERT INTO photo_tags (photo_idx, tag_id) VALUES ((SELECT photo_idx FROM photos WHERE photo_id = 1073), (SELECT tag_id FROM tags WHERE name = 'studio'));
INSERT OR IGNORE INTO tags (name) VALUES ('black');
INSERT INTO photo_tags (photo_idx, tag_id) VALUES ((SELECT photo_idx FROM photos WHERE photo_id = 1073), (SELECT tag_id FROM tags WHERE name = 'black'));
INSERT OR IGNORE INTO tags (name) VALUES ('yellow');
INSERT INTO photo_tags (photo_idx, tag_id) VALUES ((SELECT photo_idx FROM photos WHERE photo_id = 1073), (SELECT tag_id FROM tags WHERE name = 'yellow'));
INSERT OR IGNORE INTO tags (name) VALUES ('flowers');
INSERT INTO photo_tags (photo_idx, tag_id) VALUES ((SELECT photo_idx FROM photos WHERE photo_id = 1073), (SELECT tag_id FROM tags WHERE name = 'flowers'));

INSERT INTO photos (photo_id, photo_title, photo_collection, photo_location, photo_year, camera, film_stock, film_format) VALUES (1074, 'Chrysanthemum', 'Flower Portraits', 'Portola Valley, California', 1996, 'Nikon', 'Fujichrome Velvia', '35 mm');
INSERT INTO photos_fts (photo_idx, photo_id, photo_title, photo_collection, photo_location, photo_year, camera, film_stock, film_format, tag_names) VALUES ((SELECT photo_idx FROM photos WHERE photo_id = 1074), 1074, 'Chrysanthemum', 'Flower Portraits', 'Portola Valley, California', 1996, 'Nikon', 'Fujichrome Velvia', '35 mm', 'horizontal,closeup,color,studio,orange,flowers');
INSERT OR IGNORE INTO tags (name) VALUES ('horizontal');
INSERT INTO photo_tags (photo_idx, tag_id) VALUES ((SELECT photo_idx FROM photos WHERE photo_id = 1074), (SELECT tag_id FROM tags WHERE name = 'horizontal'));
INSERT OR IGNORE INTO tags (name) VALUES ('closeup');
INSERT INTO photo_tags (photo_idx, tag_id) VALUES ((SELECT photo_idx FROM photos WHERE photo_id = 1074), (SELECT tag_id FROM tags WHERE name = 'closeup'));
INSERT OR IGNORE INTO tags (name) VALUES ('color');
INSERT INTO photo_tags (photo_idx, tag_id) VALUES ((SELECT photo_idx FROM photos WHERE photo_id = 1074), (SELECT tag_id FROM tags WHERE name = 'color'));
INSERT OR IGNORE INTO tags (name) VALUES ('studio');
INSERT INTO photo_tags (photo_idx, tag_id) VALUES ((SELECT photo_idx FROM photos WHERE photo_id = 1074), (SELECT tag_id FROM tags WHERE name = 'studio'));
INSERT OR IGNORE INTO tags (name) VALUES ('orange');
INSERT INTO photo_tags (photo_idx, tag_id) VALUES ((SELECT photo_idx FROM photos WHERE photo_id = 1074), (SELECT tag_id FROM tags WHERE name = 'orange'));
INSERT OR IGNORE INTO tags (name) VALUES ('flowers');
INSERT INTO photo_tags (photo_idx, tag_id) VALUES ((SELECT photo_idx FROM photos WHERE photo_id = 1074), (SELECT tag_id FROM tags WHERE name = 'flowers'));

INSERT INTO photos (photo_id, photo_title, photo_collection, photo_location, photo_year, camera, film_stock, film_format) VALUES (1079, 'Stargazer Abstract', 'Flower Portraits', 'Portola Valley, California', 1996, 'Nikon', 'Fujichrome Velvia', '35 mm');
INSERT INTO photos_fts (photo_idx, photo_id, photo_title, photo_collection, photo_location, photo_year, camera, film_stock, film_format, tag_names) VALUES ((SELECT photo_idx FROM photos WHERE photo_id = 1079), 1079, 'Stargazer Abstract', 'Flower Portraits', 'Portola Valley, California', 1996, 'Nikon', 'Fujichrome Velvia', '35 mm', 'horizontal,closeup,abstract,color,studio,red,flowers,lily');
INSERT OR IGNORE INTO tags (name) VALUES ('horizontal');
INSERT INTO photo_tags (photo_idx, tag_id) VALUES ((SELECT photo_idx FROM photos WHERE photo_id = 1079), (SELECT tag_id FROM tags WHERE name = 'horizontal'));
INSERT OR IGNORE INTO tags (name) VALUES ('closeup');
INSERT INTO photo_tags (photo_idx, tag_id) VALUES ((SELECT photo_idx FROM photos WHERE photo_id = 1079), (SELECT tag_id FROM tags WHERE name = 'closeup'));
INSERT OR IGNORE INTO tags (name) VALUES ('abstract');
INSERT INTO photo_tags (photo_idx, tag_id) VALUES ((SELECT photo_idx FROM photos WHERE photo_id = 1079), (SELECT tag_id FROM tags WHERE name = 'abstract'));
INSERT OR IGNORE INTO tags (name) VALUES ('color');
INSERT INTO photo_tags (photo_idx, tag_id) VALUES ((SELECT photo_idx FROM photos WHERE photo_id = 1079), (SELECT tag_id FROM tags WHERE name = 'color'));
INSERT OR IGNORE INTO tags (name) VALUES ('studio');
INSERT INTO photo_tags (photo_idx, tag_id) VALUES ((SELECT photo_idx FROM photos WHERE photo_id = 1079), (SELECT tag_id FROM tags WHERE name = 'studio'));
INSERT OR IGNORE INTO tags (name) VALUES ('red');
INSERT INTO photo_tags (photo_idx, tag_id) VALUES ((SELECT photo_idx FROM photos WHERE photo_id = 1079), (SELECT tag_id FROM tags WHERE name = 'red'));
INSERT OR IGNORE INTO tags (name) VALUES ('flowers');
INSERT INTO photo_tags (photo_idx, tag_id) VALUES ((SELECT photo_idx FROM photos WHERE photo_id = 1079), (SELECT tag_id FROM tags WHERE name = 'flowers'));
INSERT OR IGNORE INTO tags (name) VALUES ('lily');
INSERT INTO photo_tags (photo_idx, tag_id) VALUES ((SELECT photo_idx FROM photos WHERE photo_id = 1079), (SELECT tag_id FROM tags WHERE name = 'lily'));

INSERT INTO photos (photo_id, photo_title, photo_collection, photo_location, photo_year, camera, film_stock, film_format) VALUES (1080, 'Stargazer Detail', 'Flower Portraits', 'Portola Valley, California', 1996, 'Nikon', 'Fujichrome Velvia', '35 mm');
INSERT INTO photos_fts (photo_idx, photo_id, photo_title, photo_collection, photo_location, photo_year, camera, film_stock, film_format, tag_names) VALUES ((SELECT photo_idx FROM photos WHERE photo_id = 1080), 1080, 'Stargazer Detail', 'Flower Portraits', 'Portola Valley, California', 1996, 'Nikon', 'Fujichrome Velvia', '35 mm', 'horizontal,closeup,abstract,color,studio,red,flowers,lily');
INSERT OR IGNORE INTO tags (name) VALUES ('horizontal');
INSERT INTO photo_tags (photo_idx, tag_id) VALUES ((SELECT photo_idx FROM photos WHERE photo_id = 1080), (SELECT tag_id FROM tags WHERE name = 'horizontal'));
INSERT OR IGNORE INTO tags (name) VALUES ('closeup');
INSERT INTO photo_tags (photo_idx, tag_id) VALUES ((SELECT photo_idx FROM photos WHERE photo_id = 1080), (SELECT tag_id FROM tags WHERE name = 'closeup'));
INSERT OR IGNORE INTO tags (name) VALUES ('abstract');
INSERT INTO photo_tags (photo_idx, tag_id) VALUES ((SELECT photo_idx FROM photos WHERE photo_id = 1080), (SELECT tag_id FROM tags WHERE name = 'abstract'));
INSERT OR IGNORE INTO tags (name) VALUES ('color');
INSERT INTO photo_tags (photo_idx, tag_id) VALUES ((SELECT photo_idx FROM photos WHERE photo_id = 1080), (SELECT tag_id FROM tags WHERE name = 'color'));
INSERT OR IGNORE INTO tags (name) VALUES ('studio');
INSERT INTO photo_tags (photo_idx, tag_id) VALUES ((SELECT photo_idx FROM photos WHERE photo_id = 1080), (SELECT tag_id FROM tags WHERE name = 'studio'));
INSERT OR IGNORE INTO tags (name) VALUES ('red');
INSERT INTO photo_tags (photo_idx, tag_id) VALUES ((SELECT photo_idx FROM photos WHERE photo_id = 1080), (SELECT tag_id FROM tags WHERE name = 'red'));
INSERT OR IGNORE INTO tags (name) VALUES ('flowers');
INSERT INTO photo_tags (photo_idx, tag_id) VALUES ((SELECT photo_idx FROM photos WHERE photo_id = 1080), (SELECT tag_id FROM tags WHERE name = 'flowers'));
INSERT OR IGNORE INTO tags (name) VALUES ('lily');
INSERT INTO photo_tags (photo_idx, tag_id) VALUES ((SELECT photo_idx FROM photos WHERE photo_id = 1080), (SELECT tag_id FROM tags WHERE name = 'lily'));

INSERT INTO photos (photo_id, photo_title, photo_collection, photo_location, photo_year, camera, film_stock, film_format) VALUES (1081, 'Pink Rose Vertical', 'Flower Portraits', 'Portola Valley, California', 1996, 'Nikon', 'Fujichrome Velvia', '35 mm');
INSERT INTO photos_fts (photo_idx, photo_id, photo_title, photo_collection, photo_location, photo_year, camera, film_stock, film_format, tag_names) VALUES ((SELECT photo_idx FROM photos WHERE photo_id = 1081), 1081, 'Pink Rose Vertical', 'Flower Portraits', 'Portola Valley, California', 1996, 'Nikon', 'Fujichrome Velvia', '35 mm', 'vertical,closeup,color,studio,black,pink,red,flowers,rose');
INSERT OR IGNORE INTO tags (name) VALUES ('vertical');
INSERT INTO photo_tags (photo_idx, tag_id) VALUES ((SELECT photo_idx FROM photos WHERE photo_id = 1081), (SELECT tag_id FROM tags WHERE name = 'vertical'));
INSERT OR IGNORE INTO tags (name) VALUES ('closeup');
INSERT INTO photo_tags (photo_idx, tag_id) VALUES ((SELECT photo_idx FROM photos WHERE photo_id = 1081), (SELECT tag_id FROM tags WHERE name = 'closeup'));
INSERT OR IGNORE INTO tags (name) VALUES ('color');
INSERT INTO photo_tags (photo_idx, tag_id) VALUES ((SELECT photo_idx FROM photos WHERE photo_id = 1081), (SELECT tag_id FROM tags WHERE name = 'color'));
INSERT OR IGNORE INTO tags (name) VALUES ('studio');
INSERT INTO photo_tags (photo_idx, tag_id) VALUES ((SELECT photo_idx FROM photos WHERE photo_id = 1081), (SELECT tag_id FROM tags WHERE name = 'studio'));
INSERT OR IGNORE INTO tags (name) VALUES ('black');
INSERT INTO photo_tags (photo_idx, tag_id) VALUES ((SELECT photo_idx FROM photos WHERE photo_id = 1081), (SELECT tag_id FROM tags WHERE name = 'black'));
INSERT OR IGNORE INTO tags (name) VALUES ('pink');
INSERT INTO photo_tags (photo_idx, tag_id) VALUES ((SELECT photo_idx FROM photos WHERE photo_id = 1081), (SELECT tag_id FROM tags WHERE name = 'pink'));
INSERT OR IGNORE INTO tags (name) VALUES ('red');
INSERT INTO photo_tags (photo_idx, tag_id) VALUES ((SELECT photo_idx FROM photos WHERE photo_id = 1081), (SELECT tag_id FROM tags WHERE name = 'red'));
INSERT OR IGNORE INTO tags (name) VALUES ('flowers');
INSERT INTO photo_tags (photo_idx, tag_id) VALUES ((SELECT photo_idx FROM photos WHERE photo_id = 1081), (SELECT tag_id FROM tags WHERE name = 'flowers'));
INSERT OR IGNORE INTO tags (name) VALUES ('rose');
INSERT INTO photo_tags (photo_idx, tag_id) VALUES ((SELECT photo_idx FROM photos WHERE photo_id = 1081), (SELECT tag_id FROM tags WHERE name = 'rose'));

INSERT INTO photos (photo_id, photo_title, photo_collection, photo_location, photo_year, camera, film_stock, film_format) VALUES (1083, 'Pink Rose Horizontal', 'Flower Portraits', 'Portola Valley, California', 1996, 'Nikon', 'Fujichrome Velvia', '35 mm');
INSERT INTO photos_fts (photo_idx, photo_id, photo_title, photo_collection, photo_location, photo_year, camera, film_stock, film_format, tag_names) VALUES ((SELECT photo_idx FROM photos WHERE photo_id = 1083), 1083, 'Pink Rose Horizontal', 'Flower Portraits', 'Portola Valley, California', 1996, 'Nikon', 'Fujichrome Velvia', '35 mm', 'horizontal,closeup,color,studio,black,pink,red,flowers,rose');
INSERT OR IGNORE INTO tags (name) VALUES ('horizontal');
INSERT INTO photo_tags (photo_idx, tag_id) VALUES ((SELECT photo_idx FROM photos WHERE photo_id = 1083), (SELECT tag_id FROM tags WHERE name = 'horizontal'));
INSERT OR IGNORE INTO tags (name) VALUES ('closeup');
INSERT INTO photo_tags (photo_idx, tag_id) VALUES ((SELECT photo_idx FROM photos WHERE photo_id = 1083), (SELECT tag_id FROM tags WHERE name = 'closeup'));
INSERT OR IGNORE INTO tags (name) VALUES ('color');
INSERT INTO photo_tags (photo_idx, tag_id) VALUES ((SELECT photo_idx FROM photos WHERE photo_id = 1083), (SELECT tag_id FROM tags WHERE name = 'color'));
INSERT OR IGNORE INTO tags (name) VALUES ('studio');
INSERT INTO photo_tags (photo_idx, tag_id) VALUES ((SELECT photo_idx FROM photos WHERE photo_id = 1083), (SELECT tag_id FROM tags WHERE name = 'studio'));
INSERT OR IGNORE INTO tags (name) VALUES ('black');
INSERT INTO photo_tags (photo_idx, tag_id) VALUES ((SELECT photo_idx FROM photos WHERE photo_id = 1083), (SELECT tag_id FROM tags WHERE name = 'black'));
INSERT OR IGNORE INTO tags (name) VALUES ('pink');
INSERT INTO photo_tags (photo_idx, tag_id) VALUES ((SELECT photo_idx FROM photos WHERE photo_id = 1083), (SELECT tag_id FROM tags WHERE name = 'pink'));
INSERT OR IGNORE INTO tags (name) VALUES ('red');
INSERT INTO photo_tags (photo_idx, tag_id) VALUES ((SELECT photo_idx FROM photos WHERE photo_id = 1083), (SELECT tag_id FROM tags WHERE name = 'red'));
INSERT OR IGNORE INTO tags (name) VALUES ('flowers');
INSERT INTO photo_tags (photo_idx, tag_id) VALUES ((SELECT photo_idx FROM photos WHERE photo_id = 1083), (SELECT tag_id FROM tags WHERE name = 'flowers'));
INSERT OR IGNORE INTO tags (name) VALUES ('rose');
INSERT INTO photo_tags (photo_idx, tag_id) VALUES ((SELECT photo_idx FROM photos WHERE photo_id = 1083), (SELECT tag_id FROM tags WHERE name = 'rose'));

INSERT INTO photos (photo_id, photo_title, photo_collection, photo_location, photo_year, camera, film_stock, film_format) VALUES (1084, 'Sweet Pink Gladiolus', 'Flower Portraits', 'Portola Valley, California', 1996, 'Nikon', 'Fujichrome Velvia', '35 mm');
INSERT INTO photos_fts (photo_idx, photo_id, photo_title, photo_collection, photo_location, photo_year, camera, film_stock, film_format, tag_names) VALUES ((SELECT photo_idx FROM photos WHERE photo_id = 1084), 1084, 'Sweet Pink Gladiolus', 'Flower Portraits', 'Portola Valley, California', 1996, 'Nikon', 'Fujichrome Velvia', '35 mm', 'horizontal,closeup,color,studio,black,pink,flowers');
INSERT OR IGNORE INTO tags (name) VALUES ('horizontal');
INSERT INTO photo_tags (photo_idx, tag_id) VALUES ((SELECT photo_idx FROM photos WHERE photo_id = 1084), (SELECT tag_id FROM tags WHERE name = 'horizontal'));
INSERT OR IGNORE INTO tags (name) VALUES ('closeup');
INSERT INTO photo_tags (photo_idx, tag_id) VALUES ((SELECT photo_idx FROM photos WHERE photo_id = 1084), (SELECT tag_id FROM tags WHERE name = 'closeup'));
INSERT OR IGNORE INTO tags (name) VALUES ('color');
INSERT INTO photo_tags (photo_idx, tag_id) VALUES ((SELECT photo_idx FROM photos WHERE photo_id = 1084), (SELECT tag_id FROM tags WHERE name = 'color'));
INSERT OR IGNORE INTO tags (name) VALUES ('studio');
INSERT INTO photo_tags (photo_idx, tag_id) VALUES ((SELECT photo_idx FROM photos WHERE photo_id = 1084), (SELECT tag_id FROM tags WHERE name = 'studio'));
INSERT OR IGNORE INTO tags (name) VALUES ('black');
INSERT INTO photo_tags (photo_idx, tag_id) VALUES ((SELECT photo_idx FROM photos WHERE photo_id = 1084), (SELECT tag_id FROM tags WHERE name = 'black'));
INSERT OR IGNORE INTO tags (name) VALUES ('pink');
INSERT INTO photo_tags (photo_idx, tag_id) VALUES ((SELECT photo_idx FROM photos WHERE photo_id = 1084), (SELECT tag_id FROM tags WHERE name = 'pink'));
INSERT OR IGNORE INTO tags (name) VALUES ('flowers');
INSERT INTO photo_tags (photo_idx, tag_id) VALUES ((SELECT photo_idx FROM photos WHERE photo_id = 1084), (SELECT tag_id FROM tags WHERE name = 'flowers'));

INSERT INTO photos (photo_id, photo_title, photo_collection, photo_location, photo_year, camera, film_stock, film_format) VALUES (1086, 'Casablanca Lily', 'Flower Portraits', 'Portola Valley, California', 1996, 'Nikon', 'Fujichrome Velvia', '35 mm');
INSERT INTO photos_fts (photo_idx, photo_id, photo_title, photo_collection, photo_location, photo_year, camera, film_stock, film_format, tag_names) VALUES ((SELECT photo_idx FROM photos WHERE photo_id = 1086), 1086, 'Casablanca Lily', 'Flower Portraits', 'Portola Valley, California', 1996, 'Nikon', 'Fujichrome Velvia', '35 mm', 'horizontal,closeup,color,studio,black,white,flowers,lily');
INSERT OR IGNORE INTO tags (name) VALUES ('horizontal');
INSERT INTO photo_tags (photo_idx, tag_id) VALUES ((SELECT photo_idx FROM photos WHERE photo_id = 1086), (SELECT tag_id FROM tags WHERE name = 'horizontal'));
INSERT OR IGNORE INTO tags (name) VALUES ('closeup');
INSERT INTO photo_tags (photo_idx, tag_id) VALUES ((SELECT photo_idx FROM photos WHERE photo_id = 1086), (SELECT tag_id FROM tags WHERE name = 'closeup'));
INSERT OR IGNORE INTO tags (name) VALUES ('color');
INSERT INTO photo_tags (photo_idx, tag_id) VALUES ((SELECT photo_idx FROM photos WHERE photo_id = 1086), (SELECT tag_id FROM tags WHERE name = 'color'));
INSERT OR IGNORE INTO tags (name) VALUES ('studio');
INSERT INTO photo_tags (photo_idx, tag_id) VALUES ((SELECT photo_idx FROM photos WHERE photo_id = 1086), (SELECT tag_id FROM tags WHERE name = 'studio'));
INSERT OR IGNORE INTO tags (name) VALUES ('black');
INSERT INTO photo_tags (photo_idx, tag_id) VALUES ((SELECT photo_idx FROM photos WHERE photo_id = 1086), (SELECT tag_id FROM tags WHERE name = 'black'));
INSERT OR IGNORE INTO tags (name) VALUES ('white');
INSERT INTO photo_tags (photo_idx, tag_id) VALUES ((SELECT photo_idx FROM photos WHERE photo_id = 1086), (SELECT tag_id FROM tags WHERE name = 'white'));
INSERT OR IGNORE INTO tags (name) VALUES ('flowers');
INSERT INTO photo_tags (photo_idx, tag_id) VALUES ((SELECT photo_idx FROM photos WHERE photo_id = 1086), (SELECT tag_id FROM tags WHERE name = 'flowers'));
INSERT OR IGNORE INTO tags (name) VALUES ('lily');
INSERT INTO photo_tags (photo_idx, tag_id) VALUES ((SELECT photo_idx FROM photos WHERE photo_id = 1086), (SELECT tag_id FROM tags WHERE name = 'lily'));

INSERT INTO photos (photo_id, photo_title, photo_collection, photo_location, photo_year, camera, film_stock, film_format) VALUES (1087, 'Casablanca Lily Pollen', 'Flower Portraits', 'Portola Valley, California', 1996, 'Nikon', 'Fujichrome Velvia', '35 mm');
INSERT INTO photos_fts (photo_idx, photo_id, photo_title, photo_collection, photo_location, photo_year, camera, film_stock, film_format, tag_names) VALUES ((SELECT photo_idx FROM photos WHERE photo_id = 1087), 1087, 'Casablanca Lily Pollen', 'Flower Portraits', 'Portola Valley, California', 1996, 'Nikon', 'Fujichrome Velvia', '35 mm', 'horizontal,closeup,color,studio,white,flowers,lily');
INSERT OR IGNORE INTO tags (name) VALUES ('horizontal');
INSERT INTO photo_tags (photo_idx, tag_id) VALUES ((SELECT photo_idx FROM photos WHERE photo_id = 1087), (SELECT tag_id FROM tags WHERE name = 'horizontal'));
INSERT OR IGNORE INTO tags (name) VALUES ('closeup');
INSERT INTO photo_tags (photo_idx, tag_id) VALUES ((SELECT photo_idx FROM photos WHERE photo_id = 1087), (SELECT tag_id FROM tags WHERE name = 'closeup'));
INSERT OR IGNORE INTO tags (name) VALUES ('color');
INSERT INTO photo_tags (photo_idx, tag_id) VALUES ((SELECT photo_idx FROM photos WHERE photo_id = 1087), (SELECT tag_id FROM tags WHERE name = 'color'));
INSERT OR IGNORE INTO tags (name) VALUES ('studio');
INSERT INTO photo_tags (photo_idx, tag_id) VALUES ((SELECT photo_idx FROM photos WHERE photo_id = 1087), (SELECT tag_id FROM tags WHERE name = 'studio'));
INSERT OR IGNORE INTO tags (name) VALUES ('white');
INSERT INTO photo_tags (photo_idx, tag_id) VALUES ((SELECT photo_idx FROM photos WHERE photo_id = 1087), (SELECT tag_id FROM tags WHERE name = 'white'));
INSERT OR IGNORE INTO tags (name) VALUES ('flowers');
INSERT INTO photo_tags (photo_idx, tag_id) VALUES ((SELECT photo_idx FROM photos WHERE photo_id = 1087), (SELECT tag_id FROM tags WHERE name = 'flowers'));
INSERT OR IGNORE INTO tags (name) VALUES ('lily');
INSERT INTO photo_tags (photo_idx, tag_id) VALUES ((SELECT photo_idx FROM photos WHERE photo_id = 1087), (SELECT tag_id FROM tags WHERE name = 'lily'));

INSERT INTO photos (photo_id, photo_title, photo_collection, photo_location, photo_year, camera, film_stock, film_format) VALUES (1088, 'Amaryllis Detail', 'Flower Portraits', 'Portola Valley, California', 1996, 'Nikon', 'Fujichrome Velvia', '35 mm');
INSERT INTO photos_fts (photo_idx, photo_id, photo_title, photo_collection, photo_location, photo_year, camera, film_stock, film_format, tag_names) VALUES ((SELECT photo_idx FROM photos WHERE photo_id = 1088), 1088, 'Amaryllis Detail', 'Flower Portraits', 'Portola Valley, California', 1996, 'Nikon', 'Fujichrome Velvia', '35 mm', 'horizontal,popular,closeup,color,studio,black,white,flowers');
INSERT OR IGNORE INTO tags (name) VALUES ('horizontal');
INSERT INTO photo_tags (photo_idx, tag_id) VALUES ((SELECT photo_idx FROM photos WHERE photo_id = 1088), (SELECT tag_id FROM tags WHERE name = 'horizontal'));
INSERT OR IGNORE INTO tags (name) VALUES ('popular');
INSERT INTO photo_tags (photo_idx, tag_id) VALUES ((SELECT photo_idx FROM photos WHERE photo_id = 1088), (SELECT tag_id FROM tags WHERE name = 'popular'));
INSERT OR IGNORE INTO tags (name) VALUES ('closeup');
INSERT INTO photo_tags (photo_idx, tag_id) VALUES ((SELECT photo_idx FROM photos WHERE photo_id = 1088), (SELECT tag_id FROM tags WHERE name = 'closeup'));
INSERT OR IGNORE INTO tags (name) VALUES ('color');
INSERT INTO photo_tags (photo_idx, tag_id) VALUES ((SELECT photo_idx FROM photos WHERE photo_id = 1088), (SELECT tag_id FROM tags WHERE name = 'color'));
INSERT OR IGNORE INTO tags (name) VALUES ('studio');
INSERT INTO photo_tags (photo_idx, tag_id) VALUES ((SELECT photo_idx FROM photos WHERE photo_id = 1088), (SELECT tag_id FROM tags WHERE name = 'studio'));
INSERT OR IGNORE INTO tags (name) VALUES ('black');
INSERT INTO photo_tags (photo_idx, tag_id) VALUES ((SELECT photo_idx FROM photos WHERE photo_id = 1088), (SELECT tag_id FROM tags WHERE name = 'black'));
INSERT OR IGNORE INTO tags (name) VALUES ('white');
INSERT INTO photo_tags (photo_idx, tag_id) VALUES ((SELECT photo_idx FROM photos WHERE photo_id = 1088), (SELECT tag_id FROM tags WHERE name = 'white'));
INSERT OR IGNORE INTO tags (name) VALUES ('flowers');
INSERT INTO photo_tags (photo_idx, tag_id) VALUES ((SELECT photo_idx FROM photos WHERE photo_id = 1088), (SELECT tag_id FROM tags WHERE name = 'flowers'));

INSERT INTO photos (photo_id, photo_title, photo_collection, photo_location, photo_year, camera, film_stock, film_format) VALUES (1089, 'Poppy and Bee', 'Flower Portraits', 'Palo Alto, California', 1996, 'Nikon', 'Fujichrome Velvia', '35 mm');
INSERT INTO photos_fts (photo_idx, photo_id, photo_title, photo_collection, photo_location, photo_year, camera, film_stock, film_format, tag_names) VALUES ((SELECT photo_idx FROM photos WHERE photo_id = 1089), 1089, 'Poppy and Bee', 'Flower Portraits', 'Palo Alto, California', 1996, 'Nikon', 'Fujichrome Velvia', '35 mm', 'horizontal,spring,closeup,color,studio,pink,flowers,blossoms,poppy');
INSERT OR IGNORE INTO tags (name) VALUES ('horizontal');
INSERT INTO photo_tags (photo_idx, tag_id) VALUES ((SELECT photo_idx FROM photos WHERE photo_id = 1089), (SELECT tag_id FROM tags WHERE name = 'horizontal'));
INSERT OR IGNORE INTO tags (name) VALUES ('spring');
INSERT INTO photo_tags (photo_idx, tag_id) VALUES ((SELECT photo_idx FROM photos WHERE photo_id = 1089), (SELECT tag_id FROM tags WHERE name = 'spring'));
INSERT OR IGNORE INTO tags (name) VALUES ('closeup');
INSERT INTO photo_tags (photo_idx, tag_id) VALUES ((SELECT photo_idx FROM photos WHERE photo_id = 1089), (SELECT tag_id FROM tags WHERE name = 'closeup'));
INSERT OR IGNORE INTO tags (name) VALUES ('color');
INSERT INTO photo_tags (photo_idx, tag_id) VALUES ((SELECT photo_idx FROM photos WHERE photo_id = 1089), (SELECT tag_id FROM tags WHERE name = 'color'));
INSERT OR IGNORE INTO tags (name) VALUES ('studio');
INSERT INTO photo_tags (photo_idx, tag_id) VALUES ((SELECT photo_idx FROM photos WHERE photo_id = 1089), (SELECT tag_id FROM tags WHERE name = 'studio'));
INSERT OR IGNORE INTO tags (name) VALUES ('pink');
INSERT INTO photo_tags (photo_idx, tag_id) VALUES ((SELECT photo_idx FROM photos WHERE photo_id = 1089), (SELECT tag_id FROM tags WHERE name = 'pink'));
INSERT OR IGNORE INTO tags (name) VALUES ('flowers');
INSERT INTO photo_tags (photo_idx, tag_id) VALUES ((SELECT photo_idx FROM photos WHERE photo_id = 1089), (SELECT tag_id FROM tags WHERE name = 'flowers'));
INSERT OR IGNORE INTO tags (name) VALUES ('blossoms');
INSERT INTO photo_tags (photo_idx, tag_id) VALUES ((SELECT photo_idx FROM photos WHERE photo_id = 1089), (SELECT tag_id FROM tags WHERE name = 'blossoms'));
INSERT OR IGNORE INTO tags (name) VALUES ('poppy');
INSERT INTO photo_tags (photo_idx, tag_id) VALUES ((SELECT photo_idx FROM photos WHERE photo_id = 1089), (SELECT tag_id FROM tags WHERE name = 'poppy'));

INSERT INTO photos (photo_id, photo_title, photo_collection, photo_location, photo_year, camera, film_stock, film_format) VALUES (1090, 'Outstanding Poppy', 'California', 'Palo Alto, California', 1996, 'Nikon', 'Fujichrome Velvia', '35 mm');
INSERT INTO photos_fts (photo_idx, photo_id, photo_title, photo_collection, photo_location, photo_year, camera, film_stock, film_format, tag_names) VALUES ((SELECT photo_idx FROM photos WHERE photo_id = 1090), 1090, 'Outstanding Poppy', 'California', 'Palo Alto, California', 1996, 'Nikon', 'Fujichrome Velvia', '35 mm', 'horizontal,spring,closeup,landscape,color,outdoors,green,pink,flowers,blossoms,poppy,wildflowers');
INSERT OR IGNORE INTO tags (name) VALUES ('horizontal');
INSERT INTO photo_tags (photo_idx, tag_id) VALUES ((SELECT photo_idx FROM photos WHERE photo_id = 1090), (SELECT tag_id FROM tags WHERE name = 'horizontal'));
INSERT OR IGNORE INTO tags (name) VALUES ('spring');
INSERT INTO photo_tags (photo_idx, tag_id) VALUES ((SELECT photo_idx FROM photos WHERE photo_id = 1090), (SELECT tag_id FROM tags WHERE name = 'spring'));
INSERT OR IGNORE INTO tags (name) VALUES ('closeup');
INSERT INTO photo_tags (photo_idx, tag_id) VALUES ((SELECT photo_idx FROM photos WHERE photo_id = 1090), (SELECT tag_id FROM tags WHERE name = 'closeup'));
INSERT OR IGNORE INTO tags (name) VALUES ('landscape');
INSERT INTO photo_tags (photo_idx, tag_id) VALUES ((SELECT photo_idx FROM photos WHERE photo_id = 1090), (SELECT tag_id FROM tags WHERE name = 'landscape'));
INSERT OR IGNORE INTO tags (name) VALUES ('color');
INSERT INTO photo_tags (photo_idx, tag_id) VALUES ((SELECT photo_idx FROM photos WHERE photo_id = 1090), (SELECT tag_id FROM tags WHERE name = 'color'));
INSERT OR IGNORE INTO tags (name) VALUES ('outdoors');
INSERT INTO photo_tags (photo_idx, tag_id) VALUES ((SELECT photo_idx FROM photos WHERE photo_id = 1090), (SELECT tag_id FROM tags WHERE name = 'outdoors'));
INSERT OR IGNORE INTO tags (name) VALUES ('green');
INSERT INTO photo_tags (photo_idx, tag_id) VALUES ((SELECT photo_idx FROM photos WHERE photo_id = 1090), (SELECT tag_id FROM tags WHERE name = 'green'));
INSERT OR IGNORE INTO tags (name) VALUES ('pink');
INSERT INTO photo_tags (photo_idx, tag_id) VALUES ((SELECT photo_idx FROM photos WHERE photo_id = 1090), (SELECT tag_id FROM tags WHERE name = 'pink'));
INSERT OR IGNORE INTO tags (name) VALUES ('flowers');
INSERT INTO photo_tags (photo_idx, tag_id) VALUES ((SELECT photo_idx FROM photos WHERE photo_id = 1090), (SELECT tag_id FROM tags WHERE name = 'flowers'));
INSERT OR IGNORE INTO tags (name) VALUES ('blossoms');
INSERT INTO photo_tags (photo_idx, tag_id) VALUES ((SELECT photo_idx FROM photos WHERE photo_id = 1090), (SELECT tag_id FROM tags WHERE name = 'blossoms'));
INSERT OR IGNORE INTO tags (name) VALUES ('poppy');
INSERT INTO photo_tags (photo_idx, tag_id) VALUES ((SELECT photo_idx FROM photos WHERE photo_id = 1090), (SELECT tag_id FROM tags WHERE name = 'poppy'));
INSERT OR IGNORE INTO tags (name) VALUES ('wildflowers');
INSERT INTO photo_tags (photo_idx, tag_id) VALUES ((SELECT photo_idx FROM photos WHERE photo_id = 1090), (SELECT tag_id FROM tags WHERE name = 'wildflowers'));

INSERT INTO photos (photo_id, photo_title, photo_collection, photo_location, photo_year, camera, film_stock, film_format) VALUES (1092, 'Red Poppy Detail', 'Flower Portraits', 'Palo Alto, California', 1996, 'Nikon', 'Fujichrome Velvia', '35 mm');
INSERT INTO photos_fts (photo_idx, photo_id, photo_title, photo_collection, photo_location, photo_year, camera, film_stock, film_format, tag_names) VALUES ((SELECT photo_idx FROM photos WHERE photo_id = 1092), 1092, 'Red Poppy Detail', 'Flower Portraits', 'Palo Alto, California', 1996, 'Nikon', 'Fujichrome Velvia', '35 mm', 'horizontal,spring,closeup,color,outdoors,red,flowers,blossoms,poppy,wildflowers');
INSERT OR IGNORE INTO tags (name) VALUES ('horizontal');
INSERT INTO photo_tags (photo_idx, tag_id) VALUES ((SELECT photo_idx FROM photos WHERE photo_id = 1092), (SELECT tag_id FROM tags WHERE name = 'horizontal'));
INSERT OR IGNORE INTO tags (name) VALUES ('spring');
INSERT INTO photo_tags (photo_idx, tag_id) VALUES ((SELECT photo_idx FROM photos WHERE photo_id = 1092), (SELECT tag_id FROM tags WHERE name = 'spring'));
INSERT OR IGNORE INTO tags (name) VALUES ('closeup');
INSERT INTO photo_tags (photo_idx, tag_id) VALUES ((SELECT photo_idx FROM photos WHERE photo_id = 1092), (SELECT tag_id FROM tags WHERE name = 'closeup'));
INSERT OR IGNORE INTO tags (name) VALUES ('color');
INSERT INTO photo_tags (photo_idx, tag_id) VALUES ((SELECT photo_idx FROM photos WHERE photo_id = 1092), (SELECT tag_id FROM tags WHERE name = 'color'));
INSERT OR IGNORE INTO tags (name) VALUES ('outdoors');
INSERT INTO photo_tags (photo_idx, tag_id) VALUES ((SELECT photo_idx FROM photos WHERE photo_id = 1092), (SELECT tag_id FROM tags WHERE name = 'outdoors'));
INSERT OR IGNORE INTO tags (name) VALUES ('red');
INSERT INTO photo_tags (photo_idx, tag_id) VALUES ((SELECT photo_idx FROM photos WHERE photo_id = 1092), (SELECT tag_id FROM tags WHERE name = 'red'));
INSERT OR IGNORE INTO tags (name) VALUES ('flowers');
INSERT INTO photo_tags (photo_idx, tag_id) VALUES ((SELECT photo_idx FROM photos WHERE photo_id = 1092), (SELECT tag_id FROM tags WHERE name = 'flowers'));
INSERT OR IGNORE INTO tags (name) VALUES ('blossoms');
INSERT INTO photo_tags (photo_idx, tag_id) VALUES ((SELECT photo_idx FROM photos WHERE photo_id = 1092), (SELECT tag_id FROM tags WHERE name = 'blossoms'));
INSERT OR IGNORE INTO tags (name) VALUES ('poppy');
INSERT INTO photo_tags (photo_idx, tag_id) VALUES ((SELECT photo_idx FROM photos WHERE photo_id = 1092), (SELECT tag_id FROM tags WHERE name = 'poppy'));
INSERT OR IGNORE INTO tags (name) VALUES ('wildflowers');
INSERT INTO photo_tags (photo_idx, tag_id) VALUES ((SELECT photo_idx FROM photos WHERE photo_id = 1092), (SELECT tag_id FROM tags WHERE name = 'wildflowers'));

INSERT INTO photos (photo_id, photo_title, photo_collection, photo_location, photo_year, camera, film_stock, film_format) VALUES (1094, 'Two California Poppies', 'Flower Portraits', 'Portola Valley, California', 1996, 'Nikon', 'Ektachrome E100SW', '35 mm');
INSERT INTO photos_fts (photo_idx, photo_id, photo_title, photo_collection, photo_location, photo_year, camera, film_stock, film_format, tag_names) VALUES ((SELECT photo_idx FROM photos WHERE photo_id = 1094), 1094, 'Two California Poppies', 'Flower Portraits', 'Portola Valley, California', 1996, 'Nikon', 'Ektachrome E100SW', '35 mm', 'horizontal,spring,closeup,color,outdoors,green,orange,flowers,blossoms,poppy,wildflowers');
INSERT OR IGNORE INTO tags (name) VALUES ('horizontal');
INSERT INTO photo_tags (photo_idx, tag_id) VALUES ((SELECT photo_idx FROM photos WHERE photo_id = 1094), (SELECT tag_id FROM tags WHERE name = 'horizontal'));
INSERT OR IGNORE INTO tags (name) VALUES ('spring');
INSERT INTO photo_tags (photo_idx, tag_id) VALUES ((SELECT photo_idx FROM photos WHERE photo_id = 1094), (SELECT tag_id FROM tags WHERE name = 'spring'));
INSERT OR IGNORE INTO tags (name) VALUES ('closeup');
INSERT INTO photo_tags (photo_idx, tag_id) VALUES ((SELECT photo_idx FROM photos WHERE photo_id = 1094), (SELECT tag_id FROM tags WHERE name = 'closeup'));
INSERT OR IGNORE INTO tags (name) VALUES ('color');
INSERT INTO photo_tags (photo_idx, tag_id) VALUES ((SELECT photo_idx FROM photos WHERE photo_id = 1094), (SELECT tag_id FROM tags WHERE name = 'color'));
INSERT OR IGNORE INTO tags (name) VALUES ('outdoors');
INSERT INTO photo_tags (photo_idx, tag_id) VALUES ((SELECT photo_idx FROM photos WHERE photo_id = 1094), (SELECT tag_id FROM tags WHERE name = 'outdoors'));
INSERT OR IGNORE INTO tags (name) VALUES ('green');
INSERT INTO photo_tags (photo_idx, tag_id) VALUES ((SELECT photo_idx FROM photos WHERE photo_id = 1094), (SELECT tag_id FROM tags WHERE name = 'green'));
INSERT OR IGNORE INTO tags (name) VALUES ('orange');
INSERT INTO photo_tags (photo_idx, tag_id) VALUES ((SELECT photo_idx FROM photos WHERE photo_id = 1094), (SELECT tag_id FROM tags WHERE name = 'orange'));
INSERT OR IGNORE INTO tags (name) VALUES ('flowers');
INSERT INTO photo_tags (photo_idx, tag_id) VALUES ((SELECT photo_idx FROM photos WHERE photo_id = 1094), (SELECT tag_id FROM tags WHERE name = 'flowers'));
INSERT OR IGNORE INTO tags (name) VALUES ('blossoms');
INSERT INTO photo_tags (photo_idx, tag_id) VALUES ((SELECT photo_idx FROM photos WHERE photo_id = 1094), (SELECT tag_id FROM tags WHERE name = 'blossoms'));
INSERT OR IGNORE INTO tags (name) VALUES ('poppy');
INSERT INTO photo_tags (photo_idx, tag_id) VALUES ((SELECT photo_idx FROM photos WHERE photo_id = 1094), (SELECT tag_id FROM tags WHERE name = 'poppy'));
INSERT OR IGNORE INTO tags (name) VALUES ('wildflowers');
INSERT INTO photo_tags (photo_idx, tag_id) VALUES ((SELECT photo_idx FROM photos WHERE photo_id = 1094), (SELECT tag_id FROM tags WHERE name = 'wildflowers'));

INSERT INTO photos (photo_id, photo_title, photo_collection, photo_location, photo_year, camera, film_stock, film_format) VALUES (1096, 'Hanging Oats', 'California', 'Portola Valley, California', 1996, 'Nikon', 'Ektachrome Lumiere', '35 mm');
INSERT INTO photos_fts (photo_idx, photo_id, photo_title, photo_collection, photo_location, photo_year, camera, film_stock, film_format, tag_names) VALUES ((SELECT photo_idx FROM photos WHERE photo_id = 1096), 1096, 'Hanging Oats', 'California', 'Portola Valley, California', 1996, 'Nikon', 'Ektachrome Lumiere', '35 mm', 'horizontal,spring,closeup,landscape,color,outdoors,brown,tan,grass');
INSERT OR IGNORE INTO tags (name) VALUES ('horizontal');
INSERT INTO photo_tags (photo_idx, tag_id) VALUES ((SELECT photo_idx FROM photos WHERE photo_id = 1096), (SELECT tag_id FROM tags WHERE name = 'horizontal'));
INSERT OR IGNORE INTO tags (name) VALUES ('spring');
INSERT INTO photo_tags (photo_idx, tag_id) VALUES ((SELECT photo_idx FROM photos WHERE photo_id = 1096), (SELECT tag_id FROM tags WHERE name = 'spring'));
INSERT OR IGNORE INTO tags (name) VALUES ('closeup');
INSERT INTO photo_tags (photo_idx, tag_id) VALUES ((SELECT photo_idx FROM photos WHERE photo_id = 1096), (SELECT tag_id FROM tags WHERE name = 'closeup'));
INSERT OR IGNORE INTO tags (name) VALUES ('landscape');
INSERT INTO photo_tags (photo_idx, tag_id) VALUES ((SELECT photo_idx FROM photos WHERE photo_id = 1096), (SELECT tag_id FROM tags WHERE name = 'landscape'));
INSERT OR IGNORE INTO tags (name) VALUES ('color');
INSERT INTO photo_tags (photo_idx, tag_id) VALUES ((SELECT photo_idx FROM photos WHERE photo_id = 1096), (SELECT tag_id FROM tags WHERE name = 'color'));
INSERT OR IGNORE INTO tags (name) VALUES ('outdoors');
INSERT INTO photo_tags (photo_idx, tag_id) VALUES ((SELECT photo_idx FROM photos WHERE photo_id = 1096), (SELECT tag_id FROM tags WHERE name = 'outdoors'));
INSERT OR IGNORE INTO tags (name) VALUES ('brown');
INSERT INTO photo_tags (photo_idx, tag_id) VALUES ((SELECT photo_idx FROM photos WHERE photo_id = 1096), (SELECT tag_id FROM tags WHERE name = 'brown'));
INSERT OR IGNORE INTO tags (name) VALUES ('tan');
INSERT INTO photo_tags (photo_idx, tag_id) VALUES ((SELECT photo_idx FROM photos WHERE photo_id = 1096), (SELECT tag_id FROM tags WHERE name = 'tan'));
INSERT OR IGNORE INTO tags (name) VALUES ('grass');
INSERT INTO photo_tags (photo_idx, tag_id) VALUES ((SELECT photo_idx FROM photos WHERE photo_id = 1096), (SELECT tag_id FROM tags WHERE name = 'grass'));

INSERT INTO photos (photo_id, photo_title, photo_collection, photo_location, photo_year, camera, film_stock, film_format) VALUES (1098, 'Dusty Miller', 'California', 'Portola Valley, California', 1996, 'Nikon', 'Ektachrome Lumiere', '35 mm');
INSERT INTO photos_fts (photo_idx, photo_id, photo_title, photo_collection, photo_location, photo_year, camera, film_stock, film_format, tag_names) VALUES ((SELECT photo_idx FROM photos WHERE photo_id = 1098), 1098, 'Dusty Miller', 'California', 'Portola Valley, California', 1996, 'Nikon', 'Ektachrome Lumiere', '35 mm', 'horizontal,closeup,color,outdoors,gray,leaf');
INSERT OR IGNORE INTO tags (name) VALUES ('horizontal');
INSERT INTO photo_tags (photo_idx, tag_id) VALUES ((SELECT photo_idx FROM photos WHERE photo_id = 1098), (SELECT tag_id FROM tags WHERE name = 'horizontal'));
INSERT OR IGNORE INTO tags (name) VALUES ('closeup');
INSERT INTO photo_tags (photo_idx, tag_id) VALUES ((SELECT photo_idx FROM photos WHERE photo_id = 1098), (SELECT tag_id FROM tags WHERE name = 'closeup'));
INSERT OR IGNORE INTO tags (name) VALUES ('color');
INSERT INTO photo_tags (photo_idx, tag_id) VALUES ((SELECT photo_idx FROM photos WHERE photo_id = 1098), (SELECT tag_id FROM tags WHERE name = 'color'));
INSERT OR IGNORE INTO tags (name) VALUES ('outdoors');
INSERT INTO photo_tags (photo_idx, tag_id) VALUES ((SELECT photo_idx FROM photos WHERE photo_id = 1098), (SELECT tag_id FROM tags WHERE name = 'outdoors'));
INSERT OR IGNORE INTO tags (name) VALUES ('gray');
INSERT INTO photo_tags (photo_idx, tag_id) VALUES ((SELECT photo_idx FROM photos WHERE photo_id = 1098), (SELECT tag_id FROM tags WHERE name = 'gray'));
INSERT OR IGNORE INTO tags (name) VALUES ('leaf');
INSERT INTO photo_tags (photo_idx, tag_id) VALUES ((SELECT photo_idx FROM photos WHERE photo_id = 1098), (SELECT tag_id FROM tags WHERE name = 'leaf'));

INSERT INTO photos (photo_id, photo_title, photo_collection, photo_location, photo_year, camera, film_stock, film_format) VALUES (1100, 'Backlit Foxtail', 'California', 'Portola Valley, California', 1996, 'Nikon', 'Ektachrome Lumiere', '35 mm');
INSERT INTO photos_fts (photo_idx, photo_id, photo_title, photo_collection, photo_location, photo_year, camera, film_stock, film_format, tag_names) VALUES ((SELECT photo_idx FROM photos WHERE photo_id = 1100), 1100, 'Backlit Foxtail', 'California', 'Portola Valley, California', 1996, 'Nikon', 'Ektachrome Lumiere', '35 mm', 'horizontal,spring,closeup,landscape,color,outdoors,black,brown,tan,grass');
INSERT OR IGNORE INTO tags (name) VALUES ('horizontal');
INSERT INTO photo_tags (photo_idx, tag_id) VALUES ((SELECT photo_idx FROM photos WHERE photo_id = 1100), (SELECT tag_id FROM tags WHERE name = 'horizontal'));
INSERT OR IGNORE INTO tags (name) VALUES ('spring');
INSERT INTO photo_tags (photo_idx, tag_id) VALUES ((SELECT photo_idx FROM photos WHERE photo_id = 1100), (SELECT tag_id FROM tags WHERE name = 'spring'));
INSERT OR IGNORE INTO tags (name) VALUES ('closeup');
INSERT INTO photo_tags (photo_idx, tag_id) VALUES ((SELECT photo_idx FROM photos WHERE photo_id = 1100), (SELECT tag_id FROM tags WHERE name = 'closeup'));
INSERT OR IGNORE INTO tags (name) VALUES ('landscape');
INSERT INTO photo_tags (photo_idx, tag_id) VALUES ((SELECT photo_idx FROM photos WHERE photo_id = 1100), (SELECT tag_id FROM tags WHERE name = 'landscape'));
INSERT OR IGNORE INTO tags (name) VALUES ('color');
INSERT INTO photo_tags (photo_idx, tag_id) VALUES ((SELECT photo_idx FROM photos WHERE photo_id = 1100), (SELECT tag_id FROM tags WHERE name = 'color'));
INSERT OR IGNORE INTO tags (name) VALUES ('outdoors');
INSERT INTO photo_tags (photo_idx, tag_id) VALUES ((SELECT photo_idx FROM photos WHERE photo_id = 1100), (SELECT tag_id FROM tags WHERE name = 'outdoors'));
INSERT OR IGNORE INTO tags (name) VALUES ('black');
INSERT INTO photo_tags (photo_idx, tag_id) VALUES ((SELECT photo_idx FROM photos WHERE photo_id = 1100), (SELECT tag_id FROM tags WHERE name = 'black'));
INSERT OR IGNORE INTO tags (name) VALUES ('brown');
INSERT INTO photo_tags (photo_idx, tag_id) VALUES ((SELECT photo_idx FROM photos WHERE photo_id = 1100), (SELECT tag_id FROM tags WHERE name = 'brown'));
INSERT OR IGNORE INTO tags (name) VALUES ('tan');
INSERT INTO photo_tags (photo_idx, tag_id) VALUES ((SELECT photo_idx FROM photos WHERE photo_id = 1100), (SELECT tag_id FROM tags WHERE name = 'tan'));
INSERT OR IGNORE INTO tags (name) VALUES ('grass');
INSERT INTO photo_tags (photo_idx, tag_id) VALUES ((SELECT photo_idx FROM photos WHERE photo_id = 1100), (SELECT tag_id FROM tags WHERE name = 'grass'));

INSERT INTO photos (photo_id, photo_title, photo_collection, photo_location, photo_year, camera, film_stock, film_format) VALUES (1104, 'Wild Oats at Sunrise', 'California', 'Portola Valley, California', 1996, 'Nikon', 'Ektachrome Lumiere', '35 mm');
INSERT INTO photos_fts (photo_idx, photo_id, photo_title, photo_collection, photo_location, photo_year, camera, film_stock, film_format, tag_names) VALUES ((SELECT photo_idx FROM photos WHERE photo_id = 1104), 1104, 'Wild Oats at Sunrise', 'California', 'Portola Valley, California', 1996, 'Nikon', 'Ektachrome Lumiere', '35 mm', 'vertical,spring,closeup,landscape,color,outdoors,black,orange,red,grass,sky,sunrise');
INSERT OR IGNORE INTO tags (name) VALUES ('vertical');
INSERT INTO photo_tags (photo_idx, tag_id) VALUES ((SELECT photo_idx FROM photos WHERE photo_id = 1104), (SELECT tag_id FROM tags WHERE name = 'vertical'));
INSERT OR IGNORE INTO tags (name) VALUES ('spring');
INSERT INTO photo_tags (photo_idx, tag_id) VALUES ((SELECT photo_idx FROM photos WHERE photo_id = 1104), (SELECT tag_id FROM tags WHERE name = 'spring'));
INSERT OR IGNORE INTO tags (name) VALUES ('closeup');
INSERT INTO photo_tags (photo_idx, tag_id) VALUES ((SELECT photo_idx FROM photos WHERE photo_id = 1104), (SELECT tag_id FROM tags WHERE name = 'closeup'));
INSERT OR IGNORE INTO tags (name) VALUES ('landscape');
INSERT INTO photo_tags (photo_idx, tag_id) VALUES ((SELECT photo_idx FROM photos WHERE photo_id = 1104), (SELECT tag_id FROM tags WHERE name = 'landscape'));
INSERT OR IGNORE INTO tags (name) VALUES ('color');
INSERT INTO photo_tags (photo_idx, tag_id) VALUES ((SELECT photo_idx FROM photos WHERE photo_id = 1104), (SELECT tag_id FROM tags WHERE name = 'color'));
INSERT OR IGNORE INTO tags (name) VALUES ('outdoors');
INSERT INTO photo_tags (photo_idx, tag_id) VALUES ((SELECT photo_idx FROM photos WHERE photo_id = 1104), (SELECT tag_id FROM tags WHERE name = 'outdoors'));
INSERT OR IGNORE INTO tags (name) VALUES ('black');
INSERT INTO photo_tags (photo_idx, tag_id) VALUES ((SELECT photo_idx FROM photos WHERE photo_id = 1104), (SELECT tag_id FROM tags WHERE name = 'black'));
INSERT OR IGNORE INTO tags (name) VALUES ('orange');
INSERT INTO photo_tags (photo_idx, tag_id) VALUES ((SELECT photo_idx FROM photos WHERE photo_id = 1104), (SELECT tag_id FROM tags WHERE name = 'orange'));
INSERT OR IGNORE INTO tags (name) VALUES ('red');
INSERT INTO photo_tags (photo_idx, tag_id) VALUES ((SELECT photo_idx FROM photos WHERE photo_id = 1104), (SELECT tag_id FROM tags WHERE name = 'red'));
INSERT OR IGNORE INTO tags (name) VALUES ('grass');
INSERT INTO photo_tags (photo_idx, tag_id) VALUES ((SELECT photo_idx FROM photos WHERE photo_id = 1104), (SELECT tag_id FROM tags WHERE name = 'grass'));
INSERT OR IGNORE INTO tags (name) VALUES ('sky');
INSERT INTO photo_tags (photo_idx, tag_id) VALUES ((SELECT photo_idx FROM photos WHERE photo_id = 1104), (SELECT tag_id FROM tags WHERE name = 'sky'));
INSERT OR IGNORE INTO tags (name) VALUES ('sunrise');
INSERT INTO photo_tags (photo_idx, tag_id) VALUES ((SELECT photo_idx FROM photos WHERE photo_id = 1104), (SELECT tag_id FROM tags WHERE name = 'sunrise'));

INSERT INTO photos (photo_id, photo_title, photo_collection, photo_location, photo_year, camera, film_stock, film_format) VALUES (1105, 'Hayfields Oats', 'California', 'Portola Valley, California', 1990, 'Hasselblad', 'Ektachrome 100 Plus', '6 x 6 cm');
INSERT INTO photos_fts (photo_idx, photo_id, photo_title, photo_collection, photo_location, photo_year, camera, film_stock, film_format, tag_names) VALUES ((SELECT photo_idx FROM photos WHERE photo_id = 1105), 1105, 'Hayfields Oats', 'California', 'Portola Valley, California', 1990, 'Hasselblad', 'Ektachrome 100 Plus', '6 x 6 cm', 'horizontal,spring,scenic,landscape,color,outdoors,black,brown,tan,grass');
INSERT OR IGNORE INTO tags (name) VALUES ('horizontal');
INSERT INTO photo_tags (photo_idx, tag_id) VALUES ((SELECT photo_idx FROM photos WHERE photo_id = 1105), (SELECT tag_id FROM tags WHERE name = 'horizontal'));
INSERT OR IGNORE INTO tags (name) VALUES ('spring');
INSERT INTO photo_tags (photo_idx, tag_id) VALUES ((SELECT photo_idx FROM photos WHERE photo_id = 1105), (SELECT tag_id FROM tags WHERE name = 'spring'));
INSERT OR IGNORE INTO tags (name) VALUES ('scenic');
INSERT INTO photo_tags (photo_idx, tag_id) VALUES ((SELECT photo_idx FROM photos WHERE photo_id = 1105), (SELECT tag_id FROM tags WHERE name = 'scenic'));
INSERT OR IGNORE INTO tags (name) VALUES ('landscape');
INSERT INTO photo_tags (photo_idx, tag_id) VALUES ((SELECT photo_idx FROM photos WHERE photo_id = 1105), (SELECT tag_id FROM tags WHERE name = 'landscape'));
INSERT OR IGNORE INTO tags (name) VALUES ('color');
INSERT INTO photo_tags (photo_idx, tag_id) VALUES ((SELECT photo_idx FROM photos WHERE photo_id = 1105), (SELECT tag_id FROM tags WHERE name = 'color'));
INSERT OR IGNORE INTO tags (name) VALUES ('outdoors');
INSERT INTO photo_tags (photo_idx, tag_id) VALUES ((SELECT photo_idx FROM photos WHERE photo_id = 1105), (SELECT tag_id FROM tags WHERE name = 'outdoors'));
INSERT OR IGNORE INTO tags (name) VALUES ('black');
INSERT INTO photo_tags (photo_idx, tag_id) VALUES ((SELECT photo_idx FROM photos WHERE photo_id = 1105), (SELECT tag_id FROM tags WHERE name = 'black'));
INSERT OR IGNORE INTO tags (name) VALUES ('brown');
INSERT INTO photo_tags (photo_idx, tag_id) VALUES ((SELECT photo_idx FROM photos WHERE photo_id = 1105), (SELECT tag_id FROM tags WHERE name = 'brown'));
INSERT OR IGNORE INTO tags (name) VALUES ('tan');
INSERT INTO photo_tags (photo_idx, tag_id) VALUES ((SELECT photo_idx FROM photos WHERE photo_id = 1105), (SELECT tag_id FROM tags WHERE name = 'tan'));
INSERT OR IGNORE INTO tags (name) VALUES ('grass');
INSERT INTO photo_tags (photo_idx, tag_id) VALUES ((SELECT photo_idx FROM photos WHERE photo_id = 1105), (SELECT tag_id FROM tags WHERE name = 'grass'));

INSERT INTO photos (photo_id, photo_title, photo_collection, photo_location, photo_year, camera, film_stock, film_format) VALUES (1106, 'Grass and Fencepost', 'California', 'Portola Valley, California', 1990, 'Hasselblad', 'Ektachrome 100 Plus', '6 x 6 cm');
INSERT INTO photos_fts (photo_idx, photo_id, photo_title, photo_collection, photo_location, photo_year, camera, film_stock, film_format, tag_names) VALUES ((SELECT photo_idx FROM photos WHERE photo_id = 1106), 1106, 'Grass and Fencepost', 'California', 'Portola Valley, California', 1990, 'Hasselblad', 'Ektachrome 100 Plus', '6 x 6 cm', 'vertical,spring,scenic,landscape,color,outdoors,green,grass');
INSERT OR IGNORE INTO tags (name) VALUES ('vertical');
INSERT INTO photo_tags (photo_idx, tag_id) VALUES ((SELECT photo_idx FROM photos WHERE photo_id = 1106), (SELECT tag_id FROM tags WHERE name = 'vertical'));
INSERT OR IGNORE INTO tags (name) VALUES ('spring');
INSERT INTO photo_tags (photo_idx, tag_id) VALUES ((SELECT photo_idx FROM photos WHERE photo_id = 1106), (SELECT tag_id FROM tags WHERE name = 'spring'));
INSERT OR IGNORE INTO tags (name) VALUES ('scenic');
INSERT INTO photo_tags (photo_idx, tag_id) VALUES ((SELECT photo_idx FROM photos WHERE photo_id = 1106), (SELECT tag_id FROM tags WHERE name = 'scenic'));
INSERT OR IGNORE INTO tags (name) VALUES ('landscape');
INSERT INTO photo_tags (photo_idx, tag_id) VALUES ((SELECT photo_idx FROM photos WHERE photo_id = 1106), (SELECT tag_id FROM tags WHERE name = 'landscape'));
INSERT OR IGNORE INTO tags (name) VALUES ('color');
INSERT INTO photo_tags (photo_idx, tag_id) VALUES ((SELECT photo_idx FROM photos WHERE photo_id = 1106), (SELECT tag_id FROM tags WHERE name = 'color'));
INSERT OR IGNORE INTO tags (name) VALUES ('outdoors');
INSERT INTO photo_tags (photo_idx, tag_id) VALUES ((SELECT photo_idx FROM photos WHERE photo_id = 1106), (SELECT tag_id FROM tags WHERE name = 'outdoors'));
INSERT OR IGNORE INTO tags (name) VALUES ('green');
INSERT INTO photo_tags (photo_idx, tag_id) VALUES ((SELECT photo_idx FROM photos WHERE photo_id = 1106), (SELECT tag_id FROM tags WHERE name = 'green'));
INSERT OR IGNORE INTO tags (name) VALUES ('grass');
INSERT INTO photo_tags (photo_idx, tag_id) VALUES ((SELECT photo_idx FROM photos WHERE photo_id = 1106), (SELECT tag_id FROM tags WHERE name = 'grass'));

INSERT INTO photos (photo_id, photo_title, photo_collection, photo_location, photo_year, camera, film_stock, film_format) VALUES (1108, 'Impatiens', 'Flower Portraits', 'Half Moon Bay, California', 1996, 'Nikon', 'Fujichrome Velvia', '35 mm');
INSERT INTO photos_fts (photo_idx, photo_id, photo_title, photo_collection, photo_location, photo_year, camera, film_stock, film_format, tag_names) VALUES ((SELECT photo_idx FROM photos WHERE photo_id = 1108), 1108, 'Impatiens', 'Flower Portraits', 'Half Moon Bay, California', 1996, 'Nikon', 'Fujichrome Velvia', '35 mm', 'horizontal,closeup,color,studio,green,white,flowers,blossoms');
INSERT OR IGNORE INTO tags (name) VALUES ('horizontal');
INSERT INTO photo_tags (photo_idx, tag_id) VALUES ((SELECT photo_idx FROM photos WHERE photo_id = 1108), (SELECT tag_id FROM tags WHERE name = 'horizontal'));
INSERT OR IGNORE INTO tags (name) VALUES ('closeup');
INSERT INTO photo_tags (photo_idx, tag_id) VALUES ((SELECT photo_idx FROM photos WHERE photo_id = 1108), (SELECT tag_id FROM tags WHERE name = 'closeup'));
INSERT OR IGNORE INTO tags (name) VALUES ('color');
INSERT INTO photo_tags (photo_idx, tag_id) VALUES ((SELECT photo_idx FROM photos WHERE photo_id = 1108), (SELECT tag_id FROM tags WHERE name = 'color'));
INSERT OR IGNORE INTO tags (name) VALUES ('studio');
INSERT INTO photo_tags (photo_idx, tag_id) VALUES ((SELECT photo_idx FROM photos WHERE photo_id = 1108), (SELECT tag_id FROM tags WHERE name = 'studio'));
INSERT OR IGNORE INTO tags (name) VALUES ('green');
INSERT INTO photo_tags (photo_idx, tag_id) VALUES ((SELECT photo_idx FROM photos WHERE photo_id = 1108), (SELECT tag_id FROM tags WHERE name = 'green'));
INSERT OR IGNORE INTO tags (name) VALUES ('white');
INSERT INTO photo_tags (photo_idx, tag_id) VALUES ((SELECT photo_idx FROM photos WHERE photo_id = 1108), (SELECT tag_id FROM tags WHERE name = 'white'));
INSERT OR IGNORE INTO tags (name) VALUES ('flowers');
INSERT INTO photo_tags (photo_idx, tag_id) VALUES ((SELECT photo_idx FROM photos WHERE photo_id = 1108), (SELECT tag_id FROM tags WHERE name = 'flowers'));
INSERT OR IGNORE INTO tags (name) VALUES ('blossoms');
INSERT INTO photo_tags (photo_idx, tag_id) VALUES ((SELECT photo_idx FROM photos WHERE photo_id = 1108), (SELECT tag_id FROM tags WHERE name = 'blossoms'));

INSERT INTO photos (photo_id, photo_title, photo_collection, photo_location, photo_year, camera, film_stock, film_format) VALUES (1109, 'Hydrangea', 'Flower Portraits', 'Half Moon Bay, California', 1996, 'Nikon', 'Fujichrome Velvia', '35 mm');
INSERT INTO photos_fts (photo_idx, photo_id, photo_title, photo_collection, photo_location, photo_year, camera, film_stock, film_format, tag_names) VALUES ((SELECT photo_idx FROM photos WHERE photo_id = 1109), 1109, 'Hydrangea', 'Flower Portraits', 'Half Moon Bay, California', 1996, 'Nikon', 'Fujichrome Velvia', '35 mm', 'horizontal,closeup,color,studio,blue,pink,purple,flowers');
INSERT OR IGNORE INTO tags (name) VALUES ('horizontal');
INSERT INTO photo_tags (photo_idx, tag_id) VALUES ((SELECT photo_idx FROM photos WHERE photo_id = 1109), (SELECT tag_id FROM tags WHERE name = 'horizontal'));
INSERT OR IGNORE INTO tags (name) VALUES ('closeup');
INSERT INTO photo_tags (photo_idx, tag_id) VALUES ((SELECT photo_idx FROM photos WHERE photo_id = 1109), (SELECT tag_id FROM tags WHERE name = 'closeup'));
INSERT OR IGNORE INTO tags (name) VALUES ('color');
INSERT INTO photo_tags (photo_idx, tag_id) VALUES ((SELECT photo_idx FROM photos WHERE photo_id = 1109), (SELECT tag_id FROM tags WHERE name = 'color'));
INSERT OR IGNORE INTO tags (name) VALUES ('studio');
INSERT INTO photo_tags (photo_idx, tag_id) VALUES ((SELECT photo_idx FROM photos WHERE photo_id = 1109), (SELECT tag_id FROM tags WHERE name = 'studio'));
INSERT OR IGNORE INTO tags (name) VALUES ('blue');
INSERT INTO photo_tags (photo_idx, tag_id) VALUES ((SELECT photo_idx FROM photos WHERE photo_id = 1109), (SELECT tag_id FROM tags WHERE name = 'blue'));
INSERT OR IGNORE INTO tags (name) VALUES ('pink');
INSERT INTO photo_tags (photo_idx, tag_id) VALUES ((SELECT photo_idx FROM photos WHERE photo_id = 1109), (SELECT tag_id FROM tags WHERE name = 'pink'));
INSERT OR IGNORE INTO tags (name) VALUES ('purple');
INSERT INTO photo_tags (photo_idx, tag_id) VALUES ((SELECT photo_idx FROM photos WHERE photo_id = 1109), (SELECT tag_id FROM tags WHERE name = 'purple'));
INSERT OR IGNORE INTO tags (name) VALUES ('flowers');
INSERT INTO photo_tags (photo_idx, tag_id) VALUES ((SELECT photo_idx FROM photos WHERE photo_id = 1109), (SELECT tag_id FROM tags WHERE name = 'flowers'));

INSERT INTO photos (photo_id, photo_title, photo_collection, photo_location, photo_year, camera, film_stock, film_format) VALUES (1110, 'Dahlia', 'Flower Portraits', 'Half Moon Bay, California', 1996, 'Nikon', 'Fujichrome Velvia', '35 mm');
INSERT INTO photos_fts (photo_idx, photo_id, photo_title, photo_collection, photo_location, photo_year, camera, film_stock, film_format, tag_names) VALUES ((SELECT photo_idx FROM photos WHERE photo_id = 1110), 1110, 'Dahlia', 'Flower Portraits', 'Half Moon Bay, California', 1996, 'Nikon', 'Fujichrome Velvia', '35 mm', 'horizontal,closeup,color,studio,pink,flowers');
INSERT OR IGNORE INTO tags (name) VALUES ('horizontal');
INSERT INTO photo_tags (photo_idx, tag_id) VALUES ((SELECT photo_idx FROM photos WHERE photo_id = 1110), (SELECT tag_id FROM tags WHERE name = 'horizontal'));
INSERT OR IGNORE INTO tags (name) VALUES ('closeup');
INSERT INTO photo_tags (photo_idx, tag_id) VALUES ((SELECT photo_idx FROM photos WHERE photo_id = 1110), (SELECT tag_id FROM tags WHERE name = 'closeup'));
INSERT OR IGNORE INTO tags (name) VALUES ('color');
INSERT INTO photo_tags (photo_idx, tag_id) VALUES ((SELECT photo_idx FROM photos WHERE photo_id = 1110), (SELECT tag_id FROM tags WHERE name = 'color'));
INSERT OR IGNORE INTO tags (name) VALUES ('studio');
INSERT INTO photo_tags (photo_idx, tag_id) VALUES ((SELECT photo_idx FROM photos WHERE photo_id = 1110), (SELECT tag_id FROM tags WHERE name = 'studio'));
INSERT OR IGNORE INTO tags (name) VALUES ('pink');
INSERT INTO photo_tags (photo_idx, tag_id) VALUES ((SELECT photo_idx FROM photos WHERE photo_id = 1110), (SELECT tag_id FROM tags WHERE name = 'pink'));
INSERT OR IGNORE INTO tags (name) VALUES ('flowers');
INSERT INTO photo_tags (photo_idx, tag_id) VALUES ((SELECT photo_idx FROM photos WHERE photo_id = 1110), (SELECT tag_id FROM tags WHERE name = 'flowers'));

INSERT INTO photos (photo_id, photo_title, photo_collection, photo_location, photo_year, camera, film_stock, film_format) VALUES (1111, 'Telluride Mountainside', 'Colorado', 'Telluride, Colorado', 1996, 'Nikon', 'Fujichrome Velvia', '35 mm');
INSERT INTO photos_fts (photo_idx, photo_id, photo_title, photo_collection, photo_location, photo_year, camera, film_stock, film_format, tag_names) VALUES ((SELECT photo_idx FROM photos WHERE photo_id = 1111), 1111, 'Telluride Mountainside', 'Colorado', 'Telluride, Colorado', 1996, 'Nikon', 'Fujichrome Velvia', '35 mm', 'horizontal,autumn,fall,scenic,landscape,color,outdoors,green,orange,yellow,trees,foliage,forest');
INSERT OR IGNORE INTO tags (name) VALUES ('horizontal');
INSERT INTO photo_tags (photo_idx, tag_id) VALUES ((SELECT photo_idx FROM photos WHERE photo_id = 1111), (SELECT tag_id FROM tags WHERE name = 'horizontal'));
INSERT OR IGNORE INTO tags (name) VALUES ('autumn');
INSERT INTO photo_tags (photo_idx, tag_id) VALUES ((SELECT photo_idx FROM photos WHERE photo_id = 1111), (SELECT tag_id FROM tags WHERE name = 'autumn'));
INSERT OR IGNORE INTO tags (name) VALUES ('fall');
INSERT INTO photo_tags (photo_idx, tag_id) VALUES ((SELECT photo_idx FROM photos WHERE photo_id = 1111), (SELECT tag_id FROM tags WHERE name = 'fall'));
INSERT OR IGNORE INTO tags (name) VALUES ('scenic');
INSERT INTO photo_tags (photo_idx, tag_id) VALUES ((SELECT photo_idx FROM photos WHERE photo_id = 1111), (SELECT tag_id FROM tags WHERE name = 'scenic'));
INSERT OR IGNORE INTO tags (name) VALUES ('landscape');
INSERT INTO photo_tags (photo_idx, tag_id) VALUES ((SELECT photo_idx FROM photos WHERE photo_id = 1111), (SELECT tag_id FROM tags WHERE name = 'landscape'));
INSERT OR IGNORE INTO tags (name) VALUES ('color');
INSERT INTO photo_tags (photo_idx, tag_id) VALUES ((SELECT photo_idx FROM photos WHERE photo_id = 1111), (SELECT tag_id FROM tags WHERE name = 'color'));
INSERT OR IGNORE INTO tags (name) VALUES ('outdoors');
INSERT INTO photo_tags (photo_idx, tag_id) VALUES ((SELECT photo_idx FROM photos WHERE photo_id = 1111), (SELECT tag_id FROM tags WHERE name = 'outdoors'));
INSERT OR IGNORE INTO tags (name) VALUES ('green');
INSERT INTO photo_tags (photo_idx, tag_id) VALUES ((SELECT photo_idx FROM photos WHERE photo_id = 1111), (SELECT tag_id FROM tags WHERE name = 'green'));
INSERT OR IGNORE INTO tags (name) VALUES ('orange');
INSERT INTO photo_tags (photo_idx, tag_id) VALUES ((SELECT photo_idx FROM photos WHERE photo_id = 1111), (SELECT tag_id FROM tags WHERE name = 'orange'));
INSERT OR IGNORE INTO tags (name) VALUES ('yellow');
INSERT INTO photo_tags (photo_idx, tag_id) VALUES ((SELECT photo_idx FROM photos WHERE photo_id = 1111), (SELECT tag_id FROM tags WHERE name = 'yellow'));
INSERT OR IGNORE INTO tags (name) VALUES ('trees');
INSERT INTO photo_tags (photo_idx, tag_id) VALUES ((SELECT photo_idx FROM photos WHERE photo_id = 1111), (SELECT tag_id FROM tags WHERE name = 'trees'));
INSERT OR IGNORE INTO tags (name) VALUES ('foliage');
INSERT INTO photo_tags (photo_idx, tag_id) VALUES ((SELECT photo_idx FROM photos WHERE photo_id = 1111), (SELECT tag_id FROM tags WHERE name = 'foliage'));
INSERT OR IGNORE INTO tags (name) VALUES ('forest');
INSERT INTO photo_tags (photo_idx, tag_id) VALUES ((SELECT photo_idx FROM photos WHERE photo_id = 1111), (SELECT tag_id FROM tags WHERE name = 'forest'));

INSERT INTO photos (photo_id, photo_title, photo_collection, photo_location, photo_year, camera, film_stock, film_format) VALUES (1115, 'Aspen Trunks', 'Colorado', 'Telluride, Colorado', 1996, 'Nikon', 'Fujichrome Velvia', '35 mm');
INSERT INTO photos_fts (photo_idx, photo_id, photo_title, photo_collection, photo_location, photo_year, camera, film_stock, film_format, tag_names) VALUES ((SELECT photo_idx FROM photos WHERE photo_id = 1115), 1115, 'Aspen Trunks', 'Colorado', 'Telluride, Colorado', 1996, 'Nikon', 'Fujichrome Velvia', '35 mm', 'horizontal,autumn,fall,scenic,landscape,color,outdoors,yellow,trees,foliage,forest,aspen');
INSERT OR IGNORE INTO tags (name) VALUES ('horizontal');
INSERT INTO photo_tags (photo_idx, tag_id) VALUES ((SELECT photo_idx FROM photos WHERE photo_id = 1115), (SELECT tag_id FROM tags WHERE name = 'horizontal'));
INSERT OR IGNORE INTO tags (name) VALUES ('autumn');
INSERT INTO photo_tags (photo_idx, tag_id) VALUES ((SELECT photo_idx FROM photos WHERE photo_id = 1115), (SELECT tag_id FROM tags WHERE name = 'autumn'));
INSERT OR IGNORE INTO tags (name) VALUES ('fall');
INSERT INTO photo_tags (photo_idx, tag_id) VALUES ((SELECT photo_idx FROM photos WHERE photo_id = 1115), (SELECT tag_id FROM tags WHERE name = 'fall'));
INSERT OR IGNORE INTO tags (name) VALUES ('scenic');
INSERT INTO photo_tags (photo_idx, tag_id) VALUES ((SELECT photo_idx FROM photos WHERE photo_id = 1115), (SELECT tag_id FROM tags WHERE name = 'scenic'));
INSERT OR IGNORE INTO tags (name) VALUES ('landscape');
INSERT INTO photo_tags (photo_idx, tag_id) VALUES ((SELECT photo_idx FROM photos WHERE photo_id = 1115), (SELECT tag_id FROM tags WHERE name = 'landscape'));
INSERT OR IGNORE INTO tags (name) VALUES ('color');
INSERT INTO photo_tags (photo_idx, tag_id) VALUES ((SELECT photo_idx FROM photos WHERE photo_id = 1115), (SELECT tag_id FROM tags WHERE name = 'color'));
INSERT OR IGNORE INTO tags (name) VALUES ('outdoors');
INSERT INTO photo_tags (photo_idx, tag_id) VALUES ((SELECT photo_idx FROM photos WHERE photo_id = 1115), (SELECT tag_id FROM tags WHERE name = 'outdoors'));
INSERT OR IGNORE INTO tags (name) VALUES ('yellow');
INSERT INTO photo_tags (photo_idx, tag_id) VALUES ((SELECT photo_idx FROM photos WHERE photo_id = 1115), (SELECT tag_id FROM tags WHERE name = 'yellow'));
INSERT OR IGNORE INTO tags (name) VALUES ('trees');
INSERT INTO photo_tags (photo_idx, tag_id) VALUES ((SELECT photo_idx FROM photos WHERE photo_id = 1115), (SELECT tag_id FROM tags WHERE name = 'trees'));
INSERT OR IGNORE INTO tags (name) VALUES ('foliage');
INSERT INTO photo_tags (photo_idx, tag_id) VALUES ((SELECT photo_idx FROM photos WHERE photo_id = 1115), (SELECT tag_id FROM tags WHERE name = 'foliage'));
INSERT OR IGNORE INTO tags (name) VALUES ('forest');
INSERT INTO photo_tags (photo_idx, tag_id) VALUES ((SELECT photo_idx FROM photos WHERE photo_id = 1115), (SELECT tag_id FROM tags WHERE name = 'forest'));
INSERT OR IGNORE INTO tags (name) VALUES ('aspen');
INSERT INTO photo_tags (photo_idx, tag_id) VALUES ((SELECT photo_idx FROM photos WHERE photo_id = 1115), (SELECT tag_id FROM tags WHERE name = 'aspen'));

INSERT INTO photos (photo_id, photo_title, photo_collection, photo_location, photo_year, camera, film_stock, film_format) VALUES (1119, 'Aspen and Christmas Tree', 'Colorado', 'Colorado', 1996, 'Nikon', 'Fujichrome Velvia', '35 mm');
INSERT INTO photos_fts (photo_idx, photo_id, photo_title, photo_collection, photo_location, photo_year, camera, film_stock, film_format, tag_names) VALUES ((SELECT photo_idx FROM photos WHERE photo_id = 1119), 1119, 'Aspen and Christmas Tree', 'Colorado', 'Colorado', 1996, 'Nikon', 'Fujichrome Velvia', '35 mm', 'horizontal,winter,scenic,landscape,color,outdoors,white,yellow,snow,trees,foliage,forest,aspen');
INSERT OR IGNORE INTO tags (name) VALUES ('horizontal');
INSERT INTO photo_tags (photo_idx, tag_id) VALUES ((SELECT photo_idx FROM photos WHERE photo_id = 1119), (SELECT tag_id FROM tags WHERE name = 'horizontal'));
INSERT OR IGNORE INTO tags (name) VALUES ('winter');
INSERT INTO photo_tags (photo_idx, tag_id) VALUES ((SELECT photo_idx FROM photos WHERE photo_id = 1119), (SELECT tag_id FROM tags WHERE name = 'winter'));
INSERT OR IGNORE INTO tags (name) VALUES ('scenic');
INSERT INTO photo_tags (photo_idx, tag_id) VALUES ((SELECT photo_idx FROM photos WHERE photo_id = 1119), (SELECT tag_id FROM tags WHERE name = 'scenic'));
INSERT OR IGNORE INTO tags (name) VALUES ('landscape');
INSERT INTO photo_tags (photo_idx, tag_id) VALUES ((SELECT photo_idx FROM photos WHERE photo_id = 1119), (SELECT tag_id FROM tags WHERE name = 'landscape'));
INSERT OR IGNORE INTO tags (name) VALUES ('color');
INSERT INTO photo_tags (photo_idx, tag_id) VALUES ((SELECT photo_idx FROM photos WHERE photo_id = 1119), (SELECT tag_id FROM tags WHERE name = 'color'));
INSERT OR IGNORE INTO tags (name) VALUES ('outdoors');
INSERT INTO photo_tags (photo_idx, tag_id) VALUES ((SELECT photo_idx FROM photos WHERE photo_id = 1119), (SELECT tag_id FROM tags WHERE name = 'outdoors'));
INSERT OR IGNORE INTO tags (name) VALUES ('white');
INSERT INTO photo_tags (photo_idx, tag_id) VALUES ((SELECT photo_idx FROM photos WHERE photo_id = 1119), (SELECT tag_id FROM tags WHERE name = 'white'));
INSERT OR IGNORE INTO tags (name) VALUES ('yellow');
INSERT INTO photo_tags (photo_idx, tag_id) VALUES ((SELECT photo_idx FROM photos WHERE photo_id = 1119), (SELECT tag_id FROM tags WHERE name = 'yellow'));
INSERT OR IGNORE INTO tags (name) VALUES ('snow');
INSERT INTO photo_tags (photo_idx, tag_id) VALUES ((SELECT photo_idx FROM photos WHERE photo_id = 1119), (SELECT tag_id FROM tags WHERE name = 'snow'));
INSERT OR IGNORE INTO tags (name) VALUES ('trees');
INSERT INTO photo_tags (photo_idx, tag_id) VALUES ((SELECT photo_idx FROM photos WHERE photo_id = 1119), (SELECT tag_id FROM tags WHERE name = 'trees'));
INSERT OR IGNORE INTO tags (name) VALUES ('foliage');
INSERT INTO photo_tags (photo_idx, tag_id) VALUES ((SELECT photo_idx FROM photos WHERE photo_id = 1119), (SELECT tag_id FROM tags WHERE name = 'foliage'));
INSERT OR IGNORE INTO tags (name) VALUES ('forest');
INSERT INTO photo_tags (photo_idx, tag_id) VALUES ((SELECT photo_idx FROM photos WHERE photo_id = 1119), (SELECT tag_id FROM tags WHERE name = 'forest'));
INSERT OR IGNORE INTO tags (name) VALUES ('aspen');
INSERT INTO photo_tags (photo_idx, tag_id) VALUES ((SELECT photo_idx FROM photos WHERE photo_id = 1119), (SELECT tag_id FROM tags WHERE name = 'aspen'));

INSERT INTO photos (photo_id, photo_title, photo_collection, photo_location, photo_year, camera, film_stock, film_format) VALUES (1120, 'Quiet Aspen Grove', 'Colorado', 'Colorado', 1996, 'Nikon', 'Fujichrome Velvia', '35 mm');
INSERT INTO photos_fts (photo_idx, photo_id, photo_title, photo_collection, photo_location, photo_year, camera, film_stock, film_format, tag_names) VALUES ((SELECT photo_idx FROM photos WHERE photo_id = 1120), 1120, 'Quiet Aspen Grove', 'Colorado', 'Colorado', 1996, 'Nikon', 'Fujichrome Velvia', '35 mm', 'horizontal,autumn,fall,scenic,landscape,color,outdoors,tan,yellow,grass,trees,foliage,forest,aspen');
INSERT OR IGNORE INTO tags (name) VALUES ('horizontal');
INSERT INTO photo_tags (photo_idx, tag_id) VALUES ((SELECT photo_idx FROM photos WHERE photo_id = 1120), (SELECT tag_id FROM tags WHERE name = 'horizontal'));
INSERT OR IGNORE INTO tags (name) VALUES ('autumn');
INSERT INTO photo_tags (photo_idx, tag_id) VALUES ((SELECT photo_idx FROM photos WHERE photo_id = 1120), (SELECT tag_id FROM tags WHERE name = 'autumn'));
INSERT OR IGNORE INTO tags (name) VALUES ('fall');
INSERT INTO photo_tags (photo_idx, tag_id) VALUES ((SELECT photo_idx FROM photos WHERE photo_id = 1120), (SELECT tag_id FROM tags WHERE name = 'fall'));
INSERT OR IGNORE INTO tags (name) VALUES ('scenic');
INSERT INTO photo_tags (photo_idx, tag_id) VALUES ((SELECT photo_idx FROM photos WHERE photo_id = 1120), (SELECT tag_id FROM tags WHERE name = 'scenic'));
INSERT OR IGNORE INTO tags (name) VALUES ('landscape');
INSERT INTO photo_tags (photo_idx, tag_id) VALUES ((SELECT photo_idx FROM photos WHERE photo_id = 1120), (SELECT tag_id FROM tags WHERE name = 'landscape'));
INSERT OR IGNORE INTO tags (name) VALUES ('color');
INSERT INTO photo_tags (photo_idx, tag_id) VALUES ((SELECT photo_idx FROM photos WHERE photo_id = 1120), (SELECT tag_id FROM tags WHERE name = 'color'));
INSERT OR IGNORE INTO tags (name) VALUES ('outdoors');
INSERT INTO photo_tags (photo_idx, tag_id) VALUES ((SELECT photo_idx FROM photos WHERE photo_id = 1120), (SELECT tag_id FROM tags WHERE name = 'outdoors'));
INSERT OR IGNORE INTO tags (name) VALUES ('tan');
INSERT INTO photo_tags (photo_idx, tag_id) VALUES ((SELECT photo_idx FROM photos WHERE photo_id = 1120), (SELECT tag_id FROM tags WHERE name = 'tan'));
INSERT OR IGNORE INTO tags (name) VALUES ('yellow');
INSERT INTO photo_tags (photo_idx, tag_id) VALUES ((SELECT photo_idx FROM photos WHERE photo_id = 1120), (SELECT tag_id FROM tags WHERE name = 'yellow'));
INSERT OR IGNORE INTO tags (name) VALUES ('grass');
INSERT INTO photo_tags (photo_idx, tag_id) VALUES ((SELECT photo_idx FROM photos WHERE photo_id = 1120), (SELECT tag_id FROM tags WHERE name = 'grass'));
INSERT OR IGNORE INTO tags (name) VALUES ('trees');
INSERT INTO photo_tags (photo_idx, tag_id) VALUES ((SELECT photo_idx FROM photos WHERE photo_id = 1120), (SELECT tag_id FROM tags WHERE name = 'trees'));
INSERT OR IGNORE INTO tags (name) VALUES ('foliage');
INSERT INTO photo_tags (photo_idx, tag_id) VALUES ((SELECT photo_idx FROM photos WHERE photo_id = 1120), (SELECT tag_id FROM tags WHERE name = 'foliage'));
INSERT OR IGNORE INTO tags (name) VALUES ('forest');
INSERT INTO photo_tags (photo_idx, tag_id) VALUES ((SELECT photo_idx FROM photos WHERE photo_id = 1120), (SELECT tag_id FROM tags WHERE name = 'forest'));
INSERT OR IGNORE INTO tags (name) VALUES ('aspen');
INSERT INTO photo_tags (photo_idx, tag_id) VALUES ((SELECT photo_idx FROM photos WHERE photo_id = 1120), (SELECT tag_id FROM tags WHERE name = 'aspen'));

INSERT INTO photos (photo_id, photo_title, photo_collection, photo_location, photo_year, camera, film_stock, film_format) VALUES (1121, 'Crooked Aspen', 'Colorado', 'Telluride, Colorado', 1996, 'Nikon', 'Fujichrome Velvia', '35 mm');
INSERT INTO photos_fts (photo_idx, photo_id, photo_title, photo_collection, photo_location, photo_year, camera, film_stock, film_format, tag_names) VALUES ((SELECT photo_idx FROM photos WHERE photo_id = 1121), 1121, 'Crooked Aspen', 'Colorado', 'Telluride, Colorado', 1996, 'Nikon', 'Fujichrome Velvia', '35 mm', 'horizontal,autumn,fall,scenic,landscape,color,outdoors,white,trees,foliage,forest,aspen');
INSERT OR IGNORE INTO tags (name) VALUES ('horizontal');
INSERT INTO photo_tags (photo_idx, tag_id) VALUES ((SELECT photo_idx FROM photos WHERE photo_id = 1121), (SELECT tag_id FROM tags WHERE name = 'horizontal'));
INSERT OR IGNORE INTO tags (name) VALUES ('autumn');
INSERT INTO photo_tags (photo_idx, tag_id) VALUES ((SELECT photo_idx FROM photos WHERE photo_id = 1121), (SELECT tag_id FROM tags WHERE name = 'autumn'));
INSERT OR IGNORE INTO tags (name) VALUES ('fall');
INSERT INTO photo_tags (photo_idx, tag_id) VALUES ((SELECT photo_idx FROM photos WHERE photo_id = 1121), (SELECT tag_id FROM tags WHERE name = 'fall'));
INSERT OR IGNORE INTO tags (name) VALUES ('scenic');
INSERT INTO photo_tags (photo_idx, tag_id) VALUES ((SELECT photo_idx FROM photos WHERE photo_id = 1121), (SELECT tag_id FROM tags WHERE name = 'scenic'));
INSERT OR IGNORE INTO tags (name) VALUES ('landscape');
INSERT INTO photo_tags (photo_idx, tag_id) VALUES ((SELECT photo_idx FROM photos WHERE photo_id = 1121), (SELECT tag_id FROM tags WHERE name = 'landscape'));
INSERT OR IGNORE INTO tags (name) VALUES ('color');
INSERT INTO photo_tags (photo_idx, tag_id) VALUES ((SELECT photo_idx FROM photos WHERE photo_id = 1121), (SELECT tag_id FROM tags WHERE name = 'color'));
INSERT OR IGNORE INTO tags (name) VALUES ('outdoors');
INSERT INTO photo_tags (photo_idx, tag_id) VALUES ((SELECT photo_idx FROM photos WHERE photo_id = 1121), (SELECT tag_id FROM tags WHERE name = 'outdoors'));
INSERT OR IGNORE INTO tags (name) VALUES ('white');
INSERT INTO photo_tags (photo_idx, tag_id) VALUES ((SELECT photo_idx FROM photos WHERE photo_id = 1121), (SELECT tag_id FROM tags WHERE name = 'white'));
INSERT OR IGNORE INTO tags (name) VALUES ('trees');
INSERT INTO photo_tags (photo_idx, tag_id) VALUES ((SELECT photo_idx FROM photos WHERE photo_id = 1121), (SELECT tag_id FROM tags WHERE name = 'trees'));
INSERT OR IGNORE INTO tags (name) VALUES ('foliage');
INSERT INTO photo_tags (photo_idx, tag_id) VALUES ((SELECT photo_idx FROM photos WHERE photo_id = 1121), (SELECT tag_id FROM tags WHERE name = 'foliage'));
INSERT OR IGNORE INTO tags (name) VALUES ('forest');
INSERT INTO photo_tags (photo_idx, tag_id) VALUES ((SELECT photo_idx FROM photos WHERE photo_id = 1121), (SELECT tag_id FROM tags WHERE name = 'forest'));
INSERT OR IGNORE INTO tags (name) VALUES ('aspen');
INSERT INTO photo_tags (photo_idx, tag_id) VALUES ((SELECT photo_idx FROM photos WHERE photo_id = 1121), (SELECT tag_id FROM tags WHERE name = 'aspen'));

INSERT INTO photos (photo_id, photo_title, photo_collection, photo_location, photo_year, camera, film_stock, film_format) VALUES (1124, 'First Snow on Aspen', 'Colorado', 'Telluride, Colorado', 1996, 'Nikon', 'Fujichrome Velvia', '35 mm');
INSERT INTO photos_fts (photo_idx, photo_id, photo_title, photo_collection, photo_location, photo_year, camera, film_stock, film_format, tag_names) VALUES ((SELECT photo_idx FROM photos WHERE photo_id = 1124), 1124, 'First Snow on Aspen', 'Colorado', 'Telluride, Colorado', 1996, 'Nikon', 'Fujichrome Velvia', '35 mm', 'horizontal,autumn,fall,scenic,landscape,color,outdoors,yellow,snow,trees,foliage,forest,aspen');
INSERT OR IGNORE INTO tags (name) VALUES ('horizontal');
INSERT INTO photo_tags (photo_idx, tag_id) VALUES ((SELECT photo_idx FROM photos WHERE photo_id = 1124), (SELECT tag_id FROM tags WHERE name = 'horizontal'));
INSERT OR IGNORE INTO tags (name) VALUES ('autumn');
INSERT INTO photo_tags (photo_idx, tag_id) VALUES ((SELECT photo_idx FROM photos WHERE photo_id = 1124), (SELECT tag_id FROM tags WHERE name = 'autumn'));
INSERT OR IGNORE INTO tags (name) VALUES ('fall');
INSERT INTO photo_tags (photo_idx, tag_id) VALUES ((SELECT photo_idx FROM photos WHERE photo_id = 1124), (SELECT tag_id FROM tags WHERE name = 'fall'));
INSERT OR IGNORE INTO tags (name) VALUES ('scenic');
INSERT INTO photo_tags (photo_idx, tag_id) VALUES ((SELECT photo_idx FROM photos WHERE photo_id = 1124), (SELECT tag_id FROM tags WHERE name = 'scenic'));
INSERT OR IGNORE INTO tags (name) VALUES ('landscape');
INSERT INTO photo_tags (photo_idx, tag_id) VALUES ((SELECT photo_idx FROM photos WHERE photo_id = 1124), (SELECT tag_id FROM tags WHERE name = 'landscape'));
INSERT OR IGNORE INTO tags (name) VALUES ('color');
INSERT INTO photo_tags (photo_idx, tag_id) VALUES ((SELECT photo_idx FROM photos WHERE photo_id = 1124), (SELECT tag_id FROM tags WHERE name = 'color'));
INSERT OR IGNORE INTO tags (name) VALUES ('outdoors');
INSERT INTO photo_tags (photo_idx, tag_id) VALUES ((SELECT photo_idx FROM photos WHERE photo_id = 1124), (SELECT tag_id FROM tags WHERE name = 'outdoors'));
INSERT OR IGNORE INTO tags (name) VALUES ('yellow');
INSERT INTO photo_tags (photo_idx, tag_id) VALUES ((SELECT photo_idx FROM photos WHERE photo_id = 1124), (SELECT tag_id FROM tags WHERE name = 'yellow'));
INSERT OR IGNORE INTO tags (name) VALUES ('snow');
INSERT INTO photo_tags (photo_idx, tag_id) VALUES ((SELECT photo_idx FROM photos WHERE photo_id = 1124), (SELECT tag_id FROM tags WHERE name = 'snow'));
INSERT OR IGNORE INTO tags (name) VALUES ('trees');
INSERT INTO photo_tags (photo_idx, tag_id) VALUES ((SELECT photo_idx FROM photos WHERE photo_id = 1124), (SELECT tag_id FROM tags WHERE name = 'trees'));
INSERT OR IGNORE INTO tags (name) VALUES ('foliage');
INSERT INTO photo_tags (photo_idx, tag_id) VALUES ((SELECT photo_idx FROM photos WHERE photo_id = 1124), (SELECT tag_id FROM tags WHERE name = 'foliage'));
INSERT OR IGNORE INTO tags (name) VALUES ('forest');
INSERT INTO photo_tags (photo_idx, tag_id) VALUES ((SELECT photo_idx FROM photos WHERE photo_id = 1124), (SELECT tag_id FROM tags WHERE name = 'forest'));
INSERT OR IGNORE INTO tags (name) VALUES ('aspen');
INSERT INTO photo_tags (photo_idx, tag_id) VALUES ((SELECT photo_idx FROM photos WHERE photo_id = 1124), (SELECT tag_id FROM tags WHERE name = 'aspen'));

INSERT INTO photos (photo_id, photo_title, photo_collection, photo_location, photo_year, camera, film_stock, film_format) VALUES (1125, 'Aspen and Yellow', 'Colorado', 'Telluride, Colorado', 1996, 'Nikon', 'Fujichrome Velvia', '35 mm');
INSERT INTO photos_fts (photo_idx, photo_id, photo_title, photo_collection, photo_location, photo_year, camera, film_stock, film_format, tag_names) VALUES ((SELECT photo_idx FROM photos WHERE photo_id = 1125), 1125, 'Aspen and Yellow', 'Colorado', 'Telluride, Colorado', 1996, 'Nikon', 'Fujichrome Velvia', '35 mm', 'horizontal,autumn,fall,scenic,landscape,color,outdoors,yellow,trees,foliage,forest,aspen');
INSERT OR IGNORE INTO tags (name) VALUES ('horizontal');
INSERT INTO photo_tags (photo_idx, tag_id) VALUES ((SELECT photo_idx FROM photos WHERE photo_id = 1125), (SELECT tag_id FROM tags WHERE name = 'horizontal'));
INSERT OR IGNORE INTO tags (name) VALUES ('autumn');
INSERT INTO photo_tags (photo_idx, tag_id) VALUES ((SELECT photo_idx FROM photos WHERE photo_id = 1125), (SELECT tag_id FROM tags WHERE name = 'autumn'));
INSERT OR IGNORE INTO tags (name) VALUES ('fall');
INSERT INTO photo_tags (photo_idx, tag_id) VALUES ((SELECT photo_idx FROM photos WHERE photo_id = 1125), (SELECT tag_id FROM tags WHERE name = 'fall'));
INSERT OR IGNORE INTO tags (name) VALUES ('scenic');
INSERT INTO photo_tags (photo_idx, tag_id) VALUES ((SELECT photo_idx FROM photos WHERE photo_id = 1125), (SELECT tag_id FROM tags WHERE name = 'scenic'));
INSERT OR IGNORE INTO tags (name) VALUES ('landscape');
INSERT INTO photo_tags (photo_idx, tag_id) VALUES ((SELECT photo_idx FROM photos WHERE photo_id = 1125), (SELECT tag_id FROM tags WHERE name = 'landscape'));
INSERT OR IGNORE INTO tags (name) VALUES ('color');
INSERT INTO photo_tags (photo_idx, tag_id) VALUES ((SELECT photo_idx FROM photos WHERE photo_id = 1125), (SELECT tag_id FROM tags WHERE name = 'color'));
INSERT OR IGNORE INTO tags (name) VALUES ('outdoors');
INSERT INTO photo_tags (photo_idx, tag_id) VALUES ((SELECT photo_idx FROM photos WHERE photo_id = 1125), (SELECT tag_id FROM tags WHERE name = 'outdoors'));
INSERT OR IGNORE INTO tags (name) VALUES ('yellow');
INSERT INTO photo_tags (photo_idx, tag_id) VALUES ((SELECT photo_idx FROM photos WHERE photo_id = 1125), (SELECT tag_id FROM tags WHERE name = 'yellow'));
INSERT OR IGNORE INTO tags (name) VALUES ('trees');
INSERT INTO photo_tags (photo_idx, tag_id) VALUES ((SELECT photo_idx FROM photos WHERE photo_id = 1125), (SELECT tag_id FROM tags WHERE name = 'trees'));
INSERT OR IGNORE INTO tags (name) VALUES ('foliage');
INSERT INTO photo_tags (photo_idx, tag_id) VALUES ((SELECT photo_idx FROM photos WHERE photo_id = 1125), (SELECT tag_id FROM tags WHERE name = 'foliage'));
INSERT OR IGNORE INTO tags (name) VALUES ('forest');
INSERT INTO photo_tags (photo_idx, tag_id) VALUES ((SELECT photo_idx FROM photos WHERE photo_id = 1125), (SELECT tag_id FROM tags WHERE name = 'forest'));
INSERT OR IGNORE INTO tags (name) VALUES ('aspen');
INSERT INTO photo_tags (photo_idx, tag_id) VALUES ((SELECT photo_idx FROM photos WHERE photo_id = 1125), (SELECT tag_id FROM tags WHERE name = 'aspen'));

INSERT INTO photos (photo_id, photo_title, photo_collection, photo_location, photo_year, camera, film_stock, film_format) VALUES (1126, 'Snow Bumps', 'Colorado', 'Colorado', 1996, 'Nikon', 'Fujichrome Velvia', '35 mm');
INSERT INTO photos_fts (photo_idx, photo_id, photo_title, photo_collection, photo_location, photo_year, camera, film_stock, film_format, tag_names) VALUES ((SELECT photo_idx FROM photos WHERE photo_id = 1126), 1126, 'Snow Bumps', 'Colorado', 'Colorado', 1996, 'Nikon', 'Fujichrome Velvia', '35 mm', 'horizontal,winter,closeup,abstract,landscape,color,outdoors,white,snow');
INSERT OR IGNORE INTO tags (name) VALUES ('horizontal');
INSERT INTO photo_tags (photo_idx, tag_id) VALUES ((SELECT photo_idx FROM photos WHERE photo_id = 1126), (SELECT tag_id FROM tags WHERE name = 'horizontal'));
INSERT OR IGNORE INTO tags (name) VALUES ('winter');
INSERT INTO photo_tags (photo_idx, tag_id) VALUES ((SELECT photo_idx FROM photos WHERE photo_id = 1126), (SELECT tag_id FROM tags WHERE name = 'winter'));
INSERT OR IGNORE INTO tags (name) VALUES ('closeup');
INSERT INTO photo_tags (photo_idx, tag_id) VALUES ((SELECT photo_idx FROM photos WHERE photo_id = 1126), (SELECT tag_id FROM tags WHERE name = 'closeup'));
INSERT OR IGNORE INTO tags (name) VALUES ('abstract');
INSERT INTO photo_tags (photo_idx, tag_id) VALUES ((SELECT photo_idx FROM photos WHERE photo_id = 1126), (SELECT tag_id FROM tags WHERE name = 'abstract'));
INSERT OR IGNORE INTO tags (name) VALUES ('landscape');
INSERT INTO photo_tags (photo_idx, tag_id) VALUES ((SELECT photo_idx FROM photos WHERE photo_id = 1126), (SELECT tag_id FROM tags WHERE name = 'landscape'));
INSERT OR IGNORE INTO tags (name) VALUES ('color');
INSERT INTO photo_tags (photo_idx, tag_id) VALUES ((SELECT photo_idx FROM photos WHERE photo_id = 1126), (SELECT tag_id FROM tags WHERE name = 'color'));
INSERT OR IGNORE INTO tags (name) VALUES ('outdoors');
INSERT INTO photo_tags (photo_idx, tag_id) VALUES ((SELECT photo_idx FROM photos WHERE photo_id = 1126), (SELECT tag_id FROM tags WHERE name = 'outdoors'));
INSERT OR IGNORE INTO tags (name) VALUES ('white');
INSERT INTO photo_tags (photo_idx, tag_id) VALUES ((SELECT photo_idx FROM photos WHERE photo_id = 1126), (SELECT tag_id FROM tags WHERE name = 'white'));
INSERT OR IGNORE INTO tags (name) VALUES ('snow');
INSERT INTO photo_tags (photo_idx, tag_id) VALUES ((SELECT photo_idx FROM photos WHERE photo_id = 1126), (SELECT tag_id FROM tags WHERE name = 'snow'));

INSERT INTO photos (photo_id, photo_title, photo_collection, photo_location, photo_year, camera, film_stock, film_format) VALUES (1131, 'Blue and Yellow Painting', 'Colorado', 'Telluride, Colorado', 1996, 'Nikon', 'Fujichrome Velvia', '35 mm');
INSERT INTO photos_fts (photo_idx, photo_id, photo_title, photo_collection, photo_location, photo_year, camera, film_stock, film_format, tag_names) VALUES ((SELECT photo_idx FROM photos WHERE photo_id = 1131), 1131, 'Blue and Yellow Painting', 'Colorado', 'Telluride, Colorado', 1996, 'Nikon', 'Fujichrome Velvia', '35 mm', 'horizontal,autumn,fall,scenic,landscape,color,outdoors,blue,trees,foliage,aspen');
INSERT OR IGNORE INTO tags (name) VALUES ('horizontal');
INSERT INTO photo_tags (photo_idx, tag_id) VALUES ((SELECT photo_idx FROM photos WHERE photo_id = 1131), (SELECT tag_id FROM tags WHERE name = 'horizontal'));
INSERT OR IGNORE INTO tags (name) VALUES ('autumn');
INSERT INTO photo_tags (photo_idx, tag_id) VALUES ((SELECT photo_idx FROM photos WHERE photo_id = 1131), (SELECT tag_id FROM tags WHERE name = 'autumn'));
INSERT OR IGNORE INTO tags (name) VALUES ('fall');
INSERT INTO photo_tags (photo_idx, tag_id) VALUES ((SELECT photo_idx FROM photos WHERE photo_id = 1131), (SELECT tag_id FROM tags WHERE name = 'fall'));
INSERT OR IGNORE INTO tags (name) VALUES ('scenic');
INSERT INTO photo_tags (photo_idx, tag_id) VALUES ((SELECT photo_idx FROM photos WHERE photo_id = 1131), (SELECT tag_id FROM tags WHERE name = 'scenic'));
INSERT OR IGNORE INTO tags (name) VALUES ('landscape');
INSERT INTO photo_tags (photo_idx, tag_id) VALUES ((SELECT photo_idx FROM photos WHERE photo_id = 1131), (SELECT tag_id FROM tags WHERE name = 'landscape'));
INSERT OR IGNORE INTO tags (name) VALUES ('color');
INSERT INTO photo_tags (photo_idx, tag_id) VALUES ((SELECT photo_idx FROM photos WHERE photo_id = 1131), (SELECT tag_id FROM tags WHERE name = 'color'));
INSERT OR IGNORE INTO tags (name) VALUES ('outdoors');
INSERT INTO photo_tags (photo_idx, tag_id) VALUES ((SELECT photo_idx FROM photos WHERE photo_id = 1131), (SELECT tag_id FROM tags WHERE name = 'outdoors'));
INSERT OR IGNORE INTO tags (name) VALUES ('blue');
INSERT INTO photo_tags (photo_idx, tag_id) VALUES ((SELECT photo_idx FROM photos WHERE photo_id = 1131), (SELECT tag_id FROM tags WHERE name = 'blue'));
INSERT OR IGNORE INTO tags (name) VALUES ('trees');
INSERT INTO photo_tags (photo_idx, tag_id) VALUES ((SELECT photo_idx FROM photos WHERE photo_id = 1131), (SELECT tag_id FROM tags WHERE name = 'trees'));
INSERT OR IGNORE INTO tags (name) VALUES ('foliage');
INSERT INTO photo_tags (photo_idx, tag_id) VALUES ((SELECT photo_idx FROM photos WHERE photo_id = 1131), (SELECT tag_id FROM tags WHERE name = 'foliage'));
INSERT OR IGNORE INTO tags (name) VALUES ('aspen');
INSERT INTO photo_tags (photo_idx, tag_id) VALUES ((SELECT photo_idx FROM photos WHERE photo_id = 1131), (SELECT tag_id FROM tags WHERE name = 'aspen'));

INSERT INTO photos (photo_id, photo_title, photo_collection, photo_location, photo_year, camera, film_stock, film_format) VALUES (1133, 'Orange and Evergreen Painting', 'Colorado', 'San Juan Mountains, Colorado', 1996, 'Nikon', 'Fujichrome Velvia', '35 mm');
INSERT INTO photos_fts (photo_idx, photo_id, photo_title, photo_collection, photo_location, photo_year, camera, film_stock, film_format, tag_names) VALUES ((SELECT photo_idx FROM photos WHERE photo_id = 1133), 1133, 'Orange and Evergreen Painting', 'Colorado', 'San Juan Mountains, Colorado', 1996, 'Nikon', 'Fujichrome Velvia', '35 mm', 'horizontal,autumn,fall,scenic,landscape,color,outdoors,green,orange,yellow,trees,foliage,aspen');
INSERT OR IGNORE INTO tags (name) VALUES ('horizontal');
INSERT INTO photo_tags (photo_idx, tag_id) VALUES ((SELECT photo_idx FROM photos WHERE photo_id = 1133), (SELECT tag_id FROM tags WHERE name = 'horizontal'));
INSERT OR IGNORE INTO tags (name) VALUES ('autumn');
INSERT INTO photo_tags (photo_idx, tag_id) VALUES ((SELECT photo_idx FROM photos WHERE photo_id = 1133), (SELECT tag_id FROM tags WHERE name = 'autumn'));
INSERT OR IGNORE INTO tags (name) VALUES ('fall');
INSERT INTO photo_tags (photo_idx, tag_id) VALUES ((SELECT photo_idx FROM photos WHERE photo_id = 1133), (SELECT tag_id FROM tags WHERE name = 'fall'));
INSERT OR IGNORE INTO tags (name) VALUES ('scenic');
INSERT INTO photo_tags (photo_idx, tag_id) VALUES ((SELECT photo_idx FROM photos WHERE photo_id = 1133), (SELECT tag_id FROM tags WHERE name = 'scenic'));
INSERT OR IGNORE INTO tags (name) VALUES ('landscape');
INSERT INTO photo_tags (photo_idx, tag_id) VALUES ((SELECT photo_idx FROM photos WHERE photo_id = 1133), (SELECT tag_id FROM tags WHERE name = 'landscape'));
INSERT OR IGNORE INTO tags (name) VALUES ('color');
INSERT INTO photo_tags (photo_idx, tag_id) VALUES ((SELECT photo_idx FROM photos WHERE photo_id = 1133), (SELECT tag_id FROM tags WHERE name = 'color'));
INSERT OR IGNORE INTO tags (name) VALUES ('outdoors');
INSERT INTO photo_tags (photo_idx, tag_id) VALUES ((SELECT photo_idx FROM photos WHERE photo_id = 1133), (SELECT tag_id FROM tags WHERE name = 'outdoors'));
INSERT OR IGNORE INTO tags (name) VALUES ('green');
INSERT INTO photo_tags (photo_idx, tag_id) VALUES ((SELECT photo_idx FROM photos WHERE photo_id = 1133), (SELECT tag_id FROM tags WHERE name = 'green'));
INSERT OR IGNORE INTO tags (name) VALUES ('orange');
INSERT INTO photo_tags (photo_idx, tag_id) VALUES ((SELECT photo_idx FROM photos WHERE photo_id = 1133), (SELECT tag_id FROM tags WHERE name = 'orange'));
INSERT OR IGNORE INTO tags (name) VALUES ('yellow');
INSERT INTO photo_tags (photo_idx, tag_id) VALUES ((SELECT photo_idx FROM photos WHERE photo_id = 1133), (SELECT tag_id FROM tags WHERE name = 'yellow'));
INSERT OR IGNORE INTO tags (name) VALUES ('trees');
INSERT INTO photo_tags (photo_idx, tag_id) VALUES ((SELECT photo_idx FROM photos WHERE photo_id = 1133), (SELECT tag_id FROM tags WHERE name = 'trees'));
INSERT OR IGNORE INTO tags (name) VALUES ('foliage');
INSERT INTO photo_tags (photo_idx, tag_id) VALUES ((SELECT photo_idx FROM photos WHERE photo_id = 1133), (SELECT tag_id FROM tags WHERE name = 'foliage'));
INSERT OR IGNORE INTO tags (name) VALUES ('aspen');
INSERT INTO photo_tags (photo_idx, tag_id) VALUES ((SELECT photo_idx FROM photos WHERE photo_id = 1133), (SELECT tag_id FROM tags WHERE name = 'aspen'));

INSERT INTO photos (photo_id, photo_title, photo_collection, photo_location, photo_year, camera, film_stock, film_format) VALUES (1152, 'Forest Near Roaring Fork', 'Smoky Mountains', 'Smoky Mountains, Tennessee', 1996, 'Linhof', 'Fujichrome Provia', '4 x 5 inch');
INSERT INTO photos_fts (photo_idx, photo_id, photo_title, photo_collection, photo_location, photo_year, camera, film_stock, film_format, tag_names) VALUES ((SELECT photo_idx FROM photos WHERE photo_id = 1152), 1152, 'Forest Near Roaring Fork', 'Smoky Mountains', 'Smoky Mountains, Tennessee', 1996, 'Linhof', 'Fujichrome Provia', '4 x 5 inch', 'horizontal,scenic,landscape,color,outdoors,green,moss,trees,foliage,forest');
INSERT OR IGNORE INTO tags (name) VALUES ('horizontal');
INSERT INTO photo_tags (photo_idx, tag_id) VALUES ((SELECT photo_idx FROM photos WHERE photo_id = 1152), (SELECT tag_id FROM tags WHERE name = 'horizontal'));
INSERT OR IGNORE INTO tags (name) VALUES ('scenic');
INSERT INTO photo_tags (photo_idx, tag_id) VALUES ((SELECT photo_idx FROM photos WHERE photo_id = 1152), (SELECT tag_id FROM tags WHERE name = 'scenic'));
INSERT OR IGNORE INTO tags (name) VALUES ('landscape');
INSERT INTO photo_tags (photo_idx, tag_id) VALUES ((SELECT photo_idx FROM photos WHERE photo_id = 1152), (SELECT tag_id FROM tags WHERE name = 'landscape'));
INSERT OR IGNORE INTO tags (name) VALUES ('color');
INSERT INTO photo_tags (photo_idx, tag_id) VALUES ((SELECT photo_idx FROM photos WHERE photo_id = 1152), (SELECT tag_id FROM tags WHERE name = 'color'));
INSERT OR IGNORE INTO tags (name) VALUES ('outdoors');
INSERT INTO photo_tags (photo_idx, tag_id) VALUES ((SELECT photo_idx FROM photos WHERE photo_id = 1152), (SELECT tag_id FROM tags WHERE name = 'outdoors'));
INSERT OR IGNORE INTO tags (name) VALUES ('green');
INSERT INTO photo_tags (photo_idx, tag_id) VALUES ((SELECT photo_idx FROM photos WHERE photo_id = 1152), (SELECT tag_id FROM tags WHERE name = 'green'));
INSERT OR IGNORE INTO tags (name) VALUES ('moss');
INSERT INTO photo_tags (photo_idx, tag_id) VALUES ((SELECT photo_idx FROM photos WHERE photo_id = 1152), (SELECT tag_id FROM tags WHERE name = 'moss'));
INSERT OR IGNORE INTO tags (name) VALUES ('trees');
INSERT INTO photo_tags (photo_idx, tag_id) VALUES ((SELECT photo_idx FROM photos WHERE photo_id = 1152), (SELECT tag_id FROM tags WHERE name = 'trees'));
INSERT OR IGNORE INTO tags (name) VALUES ('foliage');
INSERT INTO photo_tags (photo_idx, tag_id) VALUES ((SELECT photo_idx FROM photos WHERE photo_id = 1152), (SELECT tag_id FROM tags WHERE name = 'foliage'));
INSERT OR IGNORE INTO tags (name) VALUES ('forest');
INSERT INTO photo_tags (photo_idx, tag_id) VALUES ((SELECT photo_idx FROM photos WHERE photo_id = 1152), (SELECT tag_id FROM tags WHERE name = 'forest'));

INSERT INTO photos (photo_id, photo_title, photo_collection, photo_location, photo_year, camera, film_stock, film_format) VALUES (1154, 'Trees and Creek', 'Smoky Mountains', 'Smoky Mountains, Tennessee', 1996, 'Linhof', 'Fujichrome Provia', '4 x 5 inch');
INSERT INTO photos_fts (photo_idx, photo_id, photo_title, photo_collection, photo_location, photo_year, camera, film_stock, film_format, tag_names) VALUES ((SELECT photo_idx FROM photos WHERE photo_id = 1154), 1154, 'Trees and Creek', 'Smoky Mountains', 'Smoky Mountains, Tennessee', 1996, 'Linhof', 'Fujichrome Provia', '4 x 5 inch', 'horizontal,spring,scenic,landscape,color,outdoors,green,moss,trees,water,foliage,forest,river,stream');
INSERT OR IGNORE INTO tags (name) VALUES ('horizontal');
INSERT INTO photo_tags (photo_idx, tag_id) VALUES ((SELECT photo_idx FROM photos WHERE photo_id = 1154), (SELECT tag_id FROM tags WHERE name = 'horizontal'));
INSERT OR IGNORE INTO tags (name) VALUES ('spring');
INSERT INTO photo_tags (photo_idx, tag_id) VALUES ((SELECT photo_idx FROM photos WHERE photo_id = 1154), (SELECT tag_id FROM tags WHERE name = 'spring'));
INSERT OR IGNORE INTO tags (name) VALUES ('scenic');
INSERT INTO photo_tags (photo_idx, tag_id) VALUES ((SELECT photo_idx FROM photos WHERE photo_id = 1154), (SELECT tag_id FROM tags WHERE name = 'scenic'));
INSERT OR IGNORE INTO tags (name) VALUES ('landscape');
INSERT INTO photo_tags (photo_idx, tag_id) VALUES ((SELECT photo_idx FROM photos WHERE photo_id = 1154), (SELECT tag_id FROM tags WHERE name = 'landscape'));
INSERT OR IGNORE INTO tags (name) VALUES ('color');
INSERT INTO photo_tags (photo_idx, tag_id) VALUES ((SELECT photo_idx FROM photos WHERE photo_id = 1154), (SELECT tag_id FROM tags WHERE name = 'color'));
INSERT OR IGNORE INTO tags (name) VALUES ('outdoors');
INSERT INTO photo_tags (photo_idx, tag_id) VALUES ((SELECT photo_idx FROM photos WHERE photo_id = 1154), (SELECT tag_id FROM tags WHERE name = 'outdoors'));
INSERT OR IGNORE INTO tags (name) VALUES ('green');
INSERT INTO photo_tags (photo_idx, tag_id) VALUES ((SELECT photo_idx FROM photos WHERE photo_id = 1154), (SELECT tag_id FROM tags WHERE name = 'green'));
INSERT OR IGNORE INTO tags (name) VALUES ('moss');
INSERT INTO photo_tags (photo_idx, tag_id) VALUES ((SELECT photo_idx FROM photos WHERE photo_id = 1154), (SELECT tag_id FROM tags WHERE name = 'moss'));
INSERT OR IGNORE INTO tags (name) VALUES ('trees');
INSERT INTO photo_tags (photo_idx, tag_id) VALUES ((SELECT photo_idx FROM photos WHERE photo_id = 1154), (SELECT tag_id FROM tags WHERE name = 'trees'));
INSERT OR IGNORE INTO tags (name) VALUES ('water');
INSERT INTO photo_tags (photo_idx, tag_id) VALUES ((SELECT photo_idx FROM photos WHERE photo_id = 1154), (SELECT tag_id FROM tags WHERE name = 'water'));
INSERT OR IGNORE INTO tags (name) VALUES ('foliage');
INSERT INTO photo_tags (photo_idx, tag_id) VALUES ((SELECT photo_idx FROM photos WHERE photo_id = 1154), (SELECT tag_id FROM tags WHERE name = 'foliage'));
INSERT OR IGNORE INTO tags (name) VALUES ('forest');
INSERT INTO photo_tags (photo_idx, tag_id) VALUES ((SELECT photo_idx FROM photos WHERE photo_id = 1154), (SELECT tag_id FROM tags WHERE name = 'forest'));
INSERT OR IGNORE INTO tags (name) VALUES ('river');
INSERT INTO photo_tags (photo_idx, tag_id) VALUES ((SELECT photo_idx FROM photos WHERE photo_id = 1154), (SELECT tag_id FROM tags WHERE name = 'river'));
INSERT OR IGNORE INTO tags (name) VALUES ('stream');
INSERT INTO photo_tags (photo_idx, tag_id) VALUES ((SELECT photo_idx FROM photos WHERE photo_id = 1154), (SELECT tag_id FROM tags WHERE name = 'stream'));

INSERT INTO photos (photo_id, photo_title, photo_collection, photo_location, photo_year, camera, film_stock, film_format) VALUES (1159, 'Pink Poppy Detail', 'Flower Portraits', 'Palo Alto, California', 1996, 'Nikon', 'Fujichrome Velvia', '35 mm');
INSERT INTO photos_fts (photo_idx, photo_id, photo_title, photo_collection, photo_location, photo_year, camera, film_stock, film_format, tag_names) VALUES ((SELECT photo_idx FROM photos WHERE photo_id = 1159), 1159, 'Pink Poppy Detail', 'Flower Portraits', 'Palo Alto, California', 1996, 'Nikon', 'Fujichrome Velvia', '35 mm', 'horizontal,spring,closeup,color,outdoors,pink,red,flowers,blossoms,poppy,wildflowers');
INSERT OR IGNORE INTO tags (name) VALUES ('horizontal');
INSERT INTO photo_tags (photo_idx, tag_id) VALUES ((SELECT photo_idx FROM photos WHERE photo_id = 1159), (SELECT tag_id FROM tags WHERE name = 'horizontal'));
INSERT OR IGNORE INTO tags (name) VALUES ('spring');
INSERT INTO photo_tags (photo_idx, tag_id) VALUES ((SELECT photo_idx FROM photos WHERE photo_id = 1159), (SELECT tag_id FROM tags WHERE name = 'spring'));
INSERT OR IGNORE INTO tags (name) VALUES ('closeup');
INSERT INTO photo_tags (photo_idx, tag_id) VALUES ((SELECT photo_idx FROM photos WHERE photo_id = 1159), (SELECT tag_id FROM tags WHERE name = 'closeup'));
INSERT OR IGNORE INTO tags (name) VALUES ('color');
INSERT INTO photo_tags (photo_idx, tag_id) VALUES ((SELECT photo_idx FROM photos WHERE photo_id = 1159), (SELECT tag_id FROM tags WHERE name = 'color'));
INSERT OR IGNORE INTO tags (name) VALUES ('outdoors');
INSERT INTO photo_tags (photo_idx, tag_id) VALUES ((SELECT photo_idx FROM photos WHERE photo_id = 1159), (SELECT tag_id FROM tags WHERE name = 'outdoors'));
INSERT OR IGNORE INTO tags (name) VALUES ('pink');
INSERT INTO photo_tags (photo_idx, tag_id) VALUES ((SELECT photo_idx FROM photos WHERE photo_id = 1159), (SELECT tag_id FROM tags WHERE name = 'pink'));
INSERT OR IGNORE INTO tags (name) VALUES ('red');
INSERT INTO photo_tags (photo_idx, tag_id) VALUES ((SELECT photo_idx FROM photos WHERE photo_id = 1159), (SELECT tag_id FROM tags WHERE name = 'red'));
INSERT OR IGNORE INTO tags (name) VALUES ('flowers');
INSERT INTO photo_tags (photo_idx, tag_id) VALUES ((SELECT photo_idx FROM photos WHERE photo_id = 1159), (SELECT tag_id FROM tags WHERE name = 'flowers'));
INSERT OR IGNORE INTO tags (name) VALUES ('blossoms');
INSERT INTO photo_tags (photo_idx, tag_id) VALUES ((SELECT photo_idx FROM photos WHERE photo_id = 1159), (SELECT tag_id FROM tags WHERE name = 'blossoms'));
INSERT OR IGNORE INTO tags (name) VALUES ('poppy');
INSERT INTO photo_tags (photo_idx, tag_id) VALUES ((SELECT photo_idx FROM photos WHERE photo_id = 1159), (SELECT tag_id FROM tags WHERE name = 'poppy'));
INSERT OR IGNORE INTO tags (name) VALUES ('wildflowers');
INSERT INTO photo_tags (photo_idx, tag_id) VALUES ((SELECT photo_idx FROM photos WHERE photo_id = 1159), (SELECT tag_id FROM tags WHERE name = 'wildflowers'));

INSERT INTO photos (photo_id, photo_title, photo_collection, photo_location, photo_year, camera, film_stock, film_format) VALUES (1161, 'Backlit Poppies', 'California', 'Palo Alto, California', 1996, 'Nikon', 'Fujichrome Velvia', '35 mm');
INSERT INTO photos_fts (photo_idx, photo_id, photo_title, photo_collection, photo_location, photo_year, camera, film_stock, film_format, tag_names) VALUES ((SELECT photo_idx FROM photos WHERE photo_id = 1161), 1161, 'Backlit Poppies', 'California', 'Palo Alto, California', 1996, 'Nikon', 'Fujichrome Velvia', '35 mm', 'horizontal,spring,closeup,landscape,color,outdoors,green,pink,flowers,blossoms,poppy,wildflowers');
INSERT OR IGNORE INTO tags (name) VALUES ('horizontal');
INSERT INTO photo_tags (photo_idx, tag_id) VALUES ((SELECT photo_idx FROM photos WHERE photo_id = 1161), (SELECT tag_id FROM tags WHERE name = 'horizontal'));
INSERT OR IGNORE INTO tags (name) VALUES ('spring');
INSERT INTO photo_tags (photo_idx, tag_id) VALUES ((SELECT photo_idx FROM photos WHERE photo_id = 1161), (SELECT tag_id FROM tags WHERE name = 'spring'));
INSERT OR IGNORE INTO tags (name) VALUES ('closeup');
INSERT INTO photo_tags (photo_idx, tag_id) VALUES ((SELECT photo_idx FROM photos WHERE photo_id = 1161), (SELECT tag_id FROM tags WHERE name = 'closeup'));
INSERT OR IGNORE INTO tags (name) VALUES ('landscape');
INSERT INTO photo_tags (photo_idx, tag_id) VALUES ((SELECT photo_idx FROM photos WHERE photo_id = 1161), (SELECT tag_id FROM tags WHERE name = 'landscape'));
INSERT OR IGNORE INTO tags (name) VALUES ('color');
INSERT INTO photo_tags (photo_idx, tag_id) VALUES ((SELECT photo_idx FROM photos WHERE photo_id = 1161), (SELECT tag_id FROM tags WHERE name = 'color'));
INSERT OR IGNORE INTO tags (name) VALUES ('outdoors');
INSERT INTO photo_tags (photo_idx, tag_id) VALUES ((SELECT photo_idx FROM photos WHERE photo_id = 1161), (SELECT tag_id FROM tags WHERE name = 'outdoors'));
INSERT OR IGNORE INTO tags (name) VALUES ('green');
INSERT INTO photo_tags (photo_idx, tag_id) VALUES ((SELECT photo_idx FROM photos WHERE photo_id = 1161), (SELECT tag_id FROM tags WHERE name = 'green'));
INSERT OR IGNORE INTO tags (name) VALUES ('pink');
INSERT INTO photo_tags (photo_idx, tag_id) VALUES ((SELECT photo_idx FROM photos WHERE photo_id = 1161), (SELECT tag_id FROM tags WHERE name = 'pink'));
INSERT OR IGNORE INTO tags (name) VALUES ('flowers');
INSERT INTO photo_tags (photo_idx, tag_id) VALUES ((SELECT photo_idx FROM photos WHERE photo_id = 1161), (SELECT tag_id FROM tags WHERE name = 'flowers'));
INSERT OR IGNORE INTO tags (name) VALUES ('blossoms');
INSERT INTO photo_tags (photo_idx, tag_id) VALUES ((SELECT photo_idx FROM photos WHERE photo_id = 1161), (SELECT tag_id FROM tags WHERE name = 'blossoms'));
INSERT OR IGNORE INTO tags (name) VALUES ('poppy');
INSERT INTO photo_tags (photo_idx, tag_id) VALUES ((SELECT photo_idx FROM photos WHERE photo_id = 1161), (SELECT tag_id FROM tags WHERE name = 'poppy'));
INSERT OR IGNORE INTO tags (name) VALUES ('wildflowers');
INSERT INTO photo_tags (photo_idx, tag_id) VALUES ((SELECT photo_idx FROM photos WHERE photo_id = 1161), (SELECT tag_id FROM tags WHERE name = 'wildflowers'));

INSERT INTO photos (photo_id, photo_title, photo_collection, photo_location, photo_year, camera, film_stock, film_format) VALUES (1162, 'Field of Poppies', 'California', 'Palo Alto, California', 1996, 'Nikon', 'Fujichrome Velvia', '35 mm');
INSERT INTO photos_fts (photo_idx, photo_id, photo_title, photo_collection, photo_location, photo_year, camera, film_stock, film_format, tag_names) VALUES ((SELECT photo_idx FROM photos WHERE photo_id = 1162), 1162, 'Field of Poppies', 'California', 'Palo Alto, California', 1996, 'Nikon', 'Fujichrome Velvia', '35 mm', 'horizontal,spring,closeup,landscape,color,outdoors,green,flowers,blossoms,poppy,wildflowers');
INSERT OR IGNORE INTO tags (name) VALUES ('horizontal');
INSERT INTO photo_tags (photo_idx, tag_id) VALUES ((SELECT photo_idx FROM photos WHERE photo_id = 1162), (SELECT tag_id FROM tags WHERE name = 'horizontal'));
INSERT OR IGNORE INTO tags (name) VALUES ('spring');
INSERT INTO photo_tags (photo_idx, tag_id) VALUES ((SELECT photo_idx FROM photos WHERE photo_id = 1162), (SELECT tag_id FROM tags WHERE name = 'spring'));
INSERT OR IGNORE INTO tags (name) VALUES ('closeup');
INSERT INTO photo_tags (photo_idx, tag_id) VALUES ((SELECT photo_idx FROM photos WHERE photo_id = 1162), (SELECT tag_id FROM tags WHERE name = 'closeup'));
INSERT OR IGNORE INTO tags (name) VALUES ('landscape');
INSERT INTO photo_tags (photo_idx, tag_id) VALUES ((SELECT photo_idx FROM photos WHERE photo_id = 1162), (SELECT tag_id FROM tags WHERE name = 'landscape'));
INSERT OR IGNORE INTO tags (name) VALUES ('color');
INSERT INTO photo_tags (photo_idx, tag_id) VALUES ((SELECT photo_idx FROM photos WHERE photo_id = 1162), (SELECT tag_id FROM tags WHERE name = 'color'));
INSERT OR IGNORE INTO tags (name) VALUES ('outdoors');
INSERT INTO photo_tags (photo_idx, tag_id) VALUES ((SELECT photo_idx FROM photos WHERE photo_id = 1162), (SELECT tag_id FROM tags WHERE name = 'outdoors'));
INSERT OR IGNORE INTO tags (name) VALUES ('green');
INSERT INTO photo_tags (photo_idx, tag_id) VALUES ((SELECT photo_idx FROM photos WHERE photo_id = 1162), (SELECT tag_id FROM tags WHERE name = 'green'));
INSERT OR IGNORE INTO tags (name) VALUES ('flowers');
INSERT INTO photo_tags (photo_idx, tag_id) VALUES ((SELECT photo_idx FROM photos WHERE photo_id = 1162), (SELECT tag_id FROM tags WHERE name = 'flowers'));
INSERT OR IGNORE INTO tags (name) VALUES ('blossoms');
INSERT INTO photo_tags (photo_idx, tag_id) VALUES ((SELECT photo_idx FROM photos WHERE photo_id = 1162), (SELECT tag_id FROM tags WHERE name = 'blossoms'));
INSERT OR IGNORE INTO tags (name) VALUES ('poppy');
INSERT INTO photo_tags (photo_idx, tag_id) VALUES ((SELECT photo_idx FROM photos WHERE photo_id = 1162), (SELECT tag_id FROM tags WHERE name = 'poppy'));
INSERT OR IGNORE INTO tags (name) VALUES ('wildflowers');
INSERT INTO photo_tags (photo_idx, tag_id) VALUES ((SELECT photo_idx FROM photos WHERE photo_id = 1162), (SELECT tag_id FROM tags WHERE name = 'wildflowers'));

INSERT INTO photos (photo_id, photo_title, photo_collection, photo_location, photo_year, camera, film_stock, film_format) VALUES (1163, 'Trees and Flowing Stream', 'Smoky Mountains', 'Smoky Mountains, Tennessee', 1996, 'Linhof', 'Fujichrome Provia', '4 x 5 inch');
INSERT INTO photos_fts (photo_idx, photo_id, photo_title, photo_collection, photo_location, photo_year, camera, film_stock, film_format, tag_names) VALUES ((SELECT photo_idx FROM photos WHERE photo_id = 1163), 1163, 'Trees and Flowing Stream', 'Smoky Mountains', 'Smoky Mountains, Tennessee', 1996, 'Linhof', 'Fujichrome Provia', '4 x 5 inch', 'horizontal,spring,scenic,landscape,color,outdoors,green,white,trees,water,foliage,forest,river,stream');
INSERT OR IGNORE INTO tags (name) VALUES ('horizontal');
INSERT INTO photo_tags (photo_idx, tag_id) VALUES ((SELECT photo_idx FROM photos WHERE photo_id = 1163), (SELECT tag_id FROM tags WHERE name = 'horizontal'));
INSERT OR IGNORE INTO tags (name) VALUES ('spring');
INSERT INTO photo_tags (photo_idx, tag_id) VALUES ((SELECT photo_idx FROM photos WHERE photo_id = 1163), (SELECT tag_id FROM tags WHERE name = 'spring'));
INSERT OR IGNORE INTO tags (name) VALUES ('scenic');
INSERT INTO photo_tags (photo_idx, tag_id) VALUES ((SELECT photo_idx FROM photos WHERE photo_id = 1163), (SELECT tag_id FROM tags WHERE name = 'scenic'));
INSERT OR IGNORE INTO tags (name) VALUES ('landscape');
INSERT INTO photo_tags (photo_idx, tag_id) VALUES ((SELECT photo_idx FROM photos WHERE photo_id = 1163), (SELECT tag_id FROM tags WHERE name = 'landscape'));
INSERT OR IGNORE INTO tags (name) VALUES ('color');
INSERT INTO photo_tags (photo_idx, tag_id) VALUES ((SELECT photo_idx FROM photos WHERE photo_id = 1163), (SELECT tag_id FROM tags WHERE name = 'color'));
INSERT OR IGNORE INTO tags (name) VALUES ('outdoors');
INSERT INTO photo_tags (photo_idx, tag_id) VALUES ((SELECT photo_idx FROM photos WHERE photo_id = 1163), (SELECT tag_id FROM tags WHERE name = 'outdoors'));
INSERT OR IGNORE INTO tags (name) VALUES ('green');
INSERT INTO photo_tags (photo_idx, tag_id) VALUES ((SELECT photo_idx FROM photos WHERE photo_id = 1163), (SELECT tag_id FROM tags WHERE name = 'green'));
INSERT OR IGNORE INTO tags (name) VALUES ('white');
INSERT INTO photo_tags (photo_idx, tag_id) VALUES ((SELECT photo_idx FROM photos WHERE photo_id = 1163), (SELECT tag_id FROM tags WHERE name = 'white'));
INSERT OR IGNORE INTO tags (name) VALUES ('trees');
INSERT INTO photo_tags (photo_idx, tag_id) VALUES ((SELECT photo_idx FROM photos WHERE photo_id = 1163), (SELECT tag_id FROM tags WHERE name = 'trees'));
INSERT OR IGNORE INTO tags (name) VALUES ('water');
INSERT INTO photo_tags (photo_idx, tag_id) VALUES ((SELECT photo_idx FROM photos WHERE photo_id = 1163), (SELECT tag_id FROM tags WHERE name = 'water'));
INSERT OR IGNORE INTO tags (name) VALUES ('foliage');
INSERT INTO photo_tags (photo_idx, tag_id) VALUES ((SELECT photo_idx FROM photos WHERE photo_id = 1163), (SELECT tag_id FROM tags WHERE name = 'foliage'));
INSERT OR IGNORE INTO tags (name) VALUES ('forest');
INSERT INTO photo_tags (photo_idx, tag_id) VALUES ((SELECT photo_idx FROM photos WHERE photo_id = 1163), (SELECT tag_id FROM tags WHERE name = 'forest'));
INSERT OR IGNORE INTO tags (name) VALUES ('river');
INSERT INTO photo_tags (photo_idx, tag_id) VALUES ((SELECT photo_idx FROM photos WHERE photo_id = 1163), (SELECT tag_id FROM tags WHERE name = 'river'));
INSERT OR IGNORE INTO tags (name) VALUES ('stream');
INSERT INTO photo_tags (photo_idx, tag_id) VALUES ((SELECT photo_idx FROM photos WHERE photo_id = 1163), (SELECT tag_id FROM tags WHERE name = 'stream'));

INSERT INTO photos (photo_id, photo_title, photo_collection, photo_location, photo_year, camera, film_stock, film_format) VALUES (1164, 'Pools in River Rock', 'Smoky Mountains', 'Smoky Mountains, Tennessee', 1996, 'Linhof', 'Fujichrome Provia', '4 x 5 inch');
INSERT INTO photos_fts (photo_idx, photo_id, photo_title, photo_collection, photo_location, photo_year, camera, film_stock, film_format, tag_names) VALUES ((SELECT photo_idx FROM photos WHERE photo_id = 1164), 1164, 'Pools in River Rock', 'Smoky Mountains', 'Smoky Mountains, Tennessee', 1996, 'Linhof', 'Fujichrome Provia', '4 x 5 inch', 'horizontal,scenic,landscape,color,outdoors,gray,rock,water,river,stream');
INSERT OR IGNORE INTO tags (name) VALUES ('horizontal');
INSERT INTO photo_tags (photo_idx, tag_id) VALUES ((SELECT photo_idx FROM photos WHERE photo_id = 1164), (SELECT tag_id FROM tags WHERE name = 'horizontal'));
INSERT OR IGNORE INTO tags (name) VALUES ('scenic');
INSERT INTO photo_tags (photo_idx, tag_id) VALUES ((SELECT photo_idx FROM photos WHERE photo_id = 1164), (SELECT tag_id FROM tags WHERE name = 'scenic'));
INSERT OR IGNORE INTO tags (name) VALUES ('landscape');
INSERT INTO photo_tags (photo_idx, tag_id) VALUES ((SELECT photo_idx FROM photos WHERE photo_id = 1164), (SELECT tag_id FROM tags WHERE name = 'landscape'));
INSERT OR IGNORE INTO tags (name) VALUES ('color');
INSERT INTO photo_tags (photo_idx, tag_id) VALUES ((SELECT photo_idx FROM photos WHERE photo_id = 1164), (SELECT tag_id FROM tags WHERE name = 'color'));
INSERT OR IGNORE INTO tags (name) VALUES ('outdoors');
INSERT INTO photo_tags (photo_idx, tag_id) VALUES ((SELECT photo_idx FROM photos WHERE photo_id = 1164), (SELECT tag_id FROM tags WHERE name = 'outdoors'));
INSERT OR IGNORE INTO tags (name) VALUES ('gray');
INSERT INTO photo_tags (photo_idx, tag_id) VALUES ((SELECT photo_idx FROM photos WHERE photo_id = 1164), (SELECT tag_id FROM tags WHERE name = 'gray'));
INSERT OR IGNORE INTO tags (name) VALUES ('rock');
INSERT INTO photo_tags (photo_idx, tag_id) VALUES ((SELECT photo_idx FROM photos WHERE photo_id = 1164), (SELECT tag_id FROM tags WHERE name = 'rock'));
INSERT OR IGNORE INTO tags (name) VALUES ('water');
INSERT INTO photo_tags (photo_idx, tag_id) VALUES ((SELECT photo_idx FROM photos WHERE photo_id = 1164), (SELECT tag_id FROM tags WHERE name = 'water'));
INSERT OR IGNORE INTO tags (name) VALUES ('river');
INSERT INTO photo_tags (photo_idx, tag_id) VALUES ((SELECT photo_idx FROM photos WHERE photo_id = 1164), (SELECT tag_id FROM tags WHERE name = 'river'));
INSERT OR IGNORE INTO tags (name) VALUES ('stream');
INSERT INTO photo_tags (photo_idx, tag_id) VALUES ((SELECT photo_idx FROM photos WHERE photo_id = 1164), (SELECT tag_id FROM tags WHERE name = 'stream'));

INSERT INTO photos (photo_id, photo_title, photo_collection, photo_location, photo_year, camera, film_stock, film_format) VALUES (1166, 'Arch and River', 'Smoky Mountains', 'Smoky Mountains, Tennessee', 1996, 'Linhof', 'Fujichrome Provia', '4 x 5 inch');
INSERT INTO photos_fts (photo_idx, photo_id, photo_title, photo_collection, photo_location, photo_year, camera, film_stock, film_format, tag_names) VALUES ((SELECT photo_idx FROM photos WHERE photo_id = 1166), 1166, 'Arch and River', 'Smoky Mountains', 'Smoky Mountains, Tennessee', 1996, 'Linhof', 'Fujichrome Provia', '4 x 5 inch', 'vertical,spring,scenic,landscape,color,outdoors,green,white,moss,rock,trees,water,waterfall,river,stream');
INSERT OR IGNORE INTO tags (name) VALUES ('vertical');
INSERT INTO photo_tags (photo_idx, tag_id) VALUES ((SELECT photo_idx FROM photos WHERE photo_id = 1166), (SELECT tag_id FROM tags WHERE name = 'vertical'));
INSERT OR IGNORE INTO tags (name) VALUES ('spring');
INSERT INTO photo_tags (photo_idx, tag_id) VALUES ((SELECT photo_idx FROM photos WHERE photo_id = 1166), (SELECT tag_id FROM tags WHERE name = 'spring'));
INSERT OR IGNORE INTO tags (name) VALUES ('scenic');
INSERT INTO photo_tags (photo_idx, tag_id) VALUES ((SELECT photo_idx FROM photos WHERE photo_id = 1166), (SELECT tag_id FROM tags WHERE name = 'scenic'));
INSERT OR IGNORE INTO tags (name) VALUES ('landscape');
INSERT INTO photo_tags (photo_idx, tag_id) VALUES ((SELECT photo_idx FROM photos WHERE photo_id = 1166), (SELECT tag_id FROM tags WHERE name = 'landscape'));
INSERT OR IGNORE INTO tags (name) VALUES ('color');
INSERT INTO photo_tags (photo_idx, tag_id) VALUES ((SELECT photo_idx FROM photos WHERE photo_id = 1166), (SELECT tag_id FROM tags WHERE name = 'color'));
INSERT OR IGNORE INTO tags (name) VALUES ('outdoors');
INSERT INTO photo_tags (photo_idx, tag_id) VALUES ((SELECT photo_idx FROM photos WHERE photo_id = 1166), (SELECT tag_id FROM tags WHERE name = 'outdoors'));
INSERT OR IGNORE INTO tags (name) VALUES ('green');
INSERT INTO photo_tags (photo_idx, tag_id) VALUES ((SELECT photo_idx FROM photos WHERE photo_id = 1166), (SELECT tag_id FROM tags WHERE name = 'green'));
INSERT OR IGNORE INTO tags (name) VALUES ('white');
INSERT INTO photo_tags (photo_idx, tag_id) VALUES ((SELECT photo_idx FROM photos WHERE photo_id = 1166), (SELECT tag_id FROM tags WHERE name = 'white'));
INSERT OR IGNORE INTO tags (name) VALUES ('moss');
INSERT INTO photo_tags (photo_idx, tag_id) VALUES ((SELECT photo_idx FROM photos WHERE photo_id = 1166), (SELECT tag_id FROM tags WHERE name = 'moss'));
INSERT OR IGNORE INTO tags (name) VALUES ('rock');
INSERT INTO photo_tags (photo_idx, tag_id) VALUES ((SELECT photo_idx FROM photos WHERE photo_id = 1166), (SELECT tag_id FROM tags WHERE name = 'rock'));
INSERT OR IGNORE INTO tags (name) VALUES ('trees');
INSERT INTO photo_tags (photo_idx, tag_id) VALUES ((SELECT photo_idx FROM photos WHERE photo_id = 1166), (SELECT tag_id FROM tags WHERE name = 'trees'));
INSERT OR IGNORE INTO tags (name) VALUES ('water');
INSERT INTO photo_tags (photo_idx, tag_id) VALUES ((SELECT photo_idx FROM photos WHERE photo_id = 1166), (SELECT tag_id FROM tags WHERE name = 'water'));
INSERT OR IGNORE INTO tags (name) VALUES ('waterfall');
INSERT INTO photo_tags (photo_idx, tag_id) VALUES ((SELECT photo_idx FROM photos WHERE photo_id = 1166), (SELECT tag_id FROM tags WHERE name = 'waterfall'));
INSERT OR IGNORE INTO tags (name) VALUES ('river');
INSERT INTO photo_tags (photo_idx, tag_id) VALUES ((SELECT photo_idx FROM photos WHERE photo_id = 1166), (SELECT tag_id FROM tags WHERE name = 'river'));
INSERT OR IGNORE INTO tags (name) VALUES ('stream');
INSERT INTO photo_tags (photo_idx, tag_id) VALUES ((SELECT photo_idx FROM photos WHERE photo_id = 1166), (SELECT tag_id FROM tags WHERE name = 'stream'));

INSERT INTO photos (photo_id, photo_title, photo_collection, photo_location, photo_year, camera, film_stock, film_format) VALUES (1168, 'Roaring Fork River', 'Smoky Mountains', 'Smoky Mountains, Tennessee', 1996, 'Linhof', 'Fujichrome Provia', '4 x 5 inch');
INSERT INTO photos_fts (photo_idx, photo_id, photo_title, photo_collection, photo_location, photo_year, camera, film_stock, film_format, tag_names) VALUES ((SELECT photo_idx FROM photos WHERE photo_id = 1168), 1168, 'Roaring Fork River', 'Smoky Mountains', 'Smoky Mountains, Tennessee', 1996, 'Linhof', 'Fujichrome Provia', '4 x 5 inch', 'horizontal,spring,popular,scenic,landscape,color,outdoors,green,moss,rock,water,waterfall,river,stream');
INSERT OR IGNORE INTO tags (name) VALUES ('horizontal');
INSERT INTO photo_tags (photo_idx, tag_id) VALUES ((SELECT photo_idx FROM photos WHERE photo_id = 1168), (SELECT tag_id FROM tags WHERE name = 'horizontal'));
INSERT OR IGNORE INTO tags (name) VALUES ('spring');
INSERT INTO photo_tags (photo_idx, tag_id) VALUES ((SELECT photo_idx FROM photos WHERE photo_id = 1168), (SELECT tag_id FROM tags WHERE name = 'spring'));
INSERT OR IGNORE INTO tags (name) VALUES ('popular');
INSERT INTO photo_tags (photo_idx, tag_id) VALUES ((SELECT photo_idx FROM photos WHERE photo_id = 1168), (SELECT tag_id FROM tags WHERE name = 'popular'));
INSERT OR IGNORE INTO tags (name) VALUES ('scenic');
INSERT INTO photo_tags (photo_idx, tag_id) VALUES ((SELECT photo_idx FROM photos WHERE photo_id = 1168), (SELECT tag_id FROM tags WHERE name = 'scenic'));
INSERT OR IGNORE INTO tags (name) VALUES ('landscape');
INSERT INTO photo_tags (photo_idx, tag_id) VALUES ((SELECT photo_idx FROM photos WHERE photo_id = 1168), (SELECT tag_id FROM tags WHERE name = 'landscape'));
INSERT OR IGNORE INTO tags (name) VALUES ('color');
INSERT INTO photo_tags (photo_idx, tag_id) VALUES ((SELECT photo_idx FROM photos WHERE photo_id = 1168), (SELECT tag_id FROM tags WHERE name = 'color'));
INSERT OR IGNORE INTO tags (name) VALUES ('outdoors');
INSERT INTO photo_tags (photo_idx, tag_id) VALUES ((SELECT photo_idx FROM photos WHERE photo_id = 1168), (SELECT tag_id FROM tags WHERE name = 'outdoors'));
INSERT OR IGNORE INTO tags (name) VALUES ('green');
INSERT INTO photo_tags (photo_idx, tag_id) VALUES ((SELECT photo_idx FROM photos WHERE photo_id = 1168), (SELECT tag_id FROM tags WHERE name = 'green'));
INSERT OR IGNORE INTO tags (name) VALUES ('moss');
INSERT INTO photo_tags (photo_idx, tag_id) VALUES ((SELECT photo_idx FROM photos WHERE photo_id = 1168), (SELECT tag_id FROM tags WHERE name = 'moss'));
INSERT OR IGNORE INTO tags (name) VALUES ('rock');
INSERT INTO photo_tags (photo_idx, tag_id) VALUES ((SELECT photo_idx FROM photos WHERE photo_id = 1168), (SELECT tag_id FROM tags WHERE name = 'rock'));
INSERT OR IGNORE INTO tags (name) VALUES ('water');
INSERT INTO photo_tags (photo_idx, tag_id) VALUES ((SELECT photo_idx FROM photos WHERE photo_id = 1168), (SELECT tag_id FROM tags WHERE name = 'water'));
INSERT OR IGNORE INTO tags (name) VALUES ('waterfall');
INSERT INTO photo_tags (photo_idx, tag_id) VALUES ((SELECT photo_idx FROM photos WHERE photo_id = 1168), (SELECT tag_id FROM tags WHERE name = 'waterfall'));
INSERT OR IGNORE INTO tags (name) VALUES ('river');
INSERT INTO photo_tags (photo_idx, tag_id) VALUES ((SELECT photo_idx FROM photos WHERE photo_id = 1168), (SELECT tag_id FROM tags WHERE name = 'river'));
INSERT OR IGNORE INTO tags (name) VALUES ('stream');
INSERT INTO photo_tags (photo_idx, tag_id) VALUES ((SELECT photo_idx FROM photos WHERE photo_id = 1168), (SELECT tag_id FROM tags WHERE name = 'stream'));

INSERT INTO photos (photo_id, photo_title, photo_collection, photo_location, photo_year, camera, film_stock, film_format) VALUES (1169, 'Morning Fog and Mountains', 'Smoky Mountains', 'Smoky Mountains, Tennessee', 1996, 'Linhof', 'Fujichrome Provia', '4 x 5 inch');
INSERT INTO photos_fts (photo_idx, photo_id, photo_title, photo_collection, photo_location, photo_year, camera, film_stock, film_format, tag_names) VALUES ((SELECT photo_idx FROM photos WHERE photo_id = 1169), 1169, 'Morning Fog and Mountains', 'Smoky Mountains', 'Smoky Mountains, Tennessee', 1996, 'Linhof', 'Fujichrome Provia', '4 x 5 inch', 'horizontal,scenic,landscape,color,outdoors,black,blue,gray,white,fog,sky,trees,foliage,clouds,mist');
INSERT OR IGNORE INTO tags (name) VALUES ('horizontal');
INSERT INTO photo_tags (photo_idx, tag_id) VALUES ((SELECT photo_idx FROM photos WHERE photo_id = 1169), (SELECT tag_id FROM tags WHERE name = 'horizontal'));
INSERT OR IGNORE INTO tags (name) VALUES ('scenic');
INSERT INTO photo_tags (photo_idx, tag_id) VALUES ((SELECT photo_idx FROM photos WHERE photo_id = 1169), (SELECT tag_id FROM tags WHERE name = 'scenic'));
INSERT OR IGNORE INTO tags (name) VALUES ('landscape');
INSERT INTO photo_tags (photo_idx, tag_id) VALUES ((SELECT photo_idx FROM photos WHERE photo_id = 1169), (SELECT tag_id FROM tags WHERE name = 'landscape'));
INSERT OR IGNORE INTO tags (name) VALUES ('color');
INSERT INTO photo_tags (photo_idx, tag_id) VALUES ((SELECT photo_idx FROM photos WHERE photo_id = 1169), (SELECT tag_id FROM tags WHERE name = 'color'));
INSERT OR IGNORE INTO tags (name) VALUES ('outdoors');
INSERT INTO photo_tags (photo_idx, tag_id) VALUES ((SELECT photo_idx FROM photos WHERE photo_id = 1169), (SELECT tag_id FROM tags WHERE name = 'outdoors'));
INSERT OR IGNORE INTO tags (name) VALUES ('black');
INSERT INTO photo_tags (photo_idx, tag_id) VALUES ((SELECT photo_idx FROM photos WHERE photo_id = 1169), (SELECT tag_id FROM tags WHERE name = 'black'));
INSERT OR IGNORE INTO tags (name) VALUES ('blue');
INSERT INTO photo_tags (photo_idx, tag_id) VALUES ((SELECT photo_idx FROM photos WHERE photo_id = 1169), (SELECT tag_id FROM tags WHERE name = 'blue'));
INSERT OR IGNORE INTO tags (name) VALUES ('gray');
INSERT INTO photo_tags (photo_idx, tag_id) VALUES ((SELECT photo_idx FROM photos WHERE photo_id = 1169), (SELECT tag_id FROM tags WHERE name = 'gray'));
INSERT OR IGNORE INTO tags (name) VALUES ('white');
INSERT INTO photo_tags (photo_idx, tag_id) VALUES ((SELECT photo_idx FROM photos WHERE photo_id = 1169), (SELECT tag_id FROM tags WHERE name = 'white'));
INSERT OR IGNORE INTO tags (name) VALUES ('fog');
INSERT INTO photo_tags (photo_idx, tag_id) VALUES ((SELECT photo_idx FROM photos WHERE photo_id = 1169), (SELECT tag_id FROM tags WHERE name = 'fog'));
INSERT OR IGNORE INTO tags (name) VALUES ('sky');
INSERT INTO photo_tags (photo_idx, tag_id) VALUES ((SELECT photo_idx FROM photos WHERE photo_id = 1169), (SELECT tag_id FROM tags WHERE name = 'sky'));
INSERT OR IGNORE INTO tags (name) VALUES ('trees');
INSERT INTO photo_tags (photo_idx, tag_id) VALUES ((SELECT photo_idx FROM photos WHERE photo_id = 1169), (SELECT tag_id FROM tags WHERE name = 'trees'));
INSERT OR IGNORE INTO tags (name) VALUES ('foliage');
INSERT INTO photo_tags (photo_idx, tag_id) VALUES ((SELECT photo_idx FROM photos WHERE photo_id = 1169), (SELECT tag_id FROM tags WHERE name = 'foliage'));
INSERT OR IGNORE INTO tags (name) VALUES ('clouds');
INSERT INTO photo_tags (photo_idx, tag_id) VALUES ((SELECT photo_idx FROM photos WHERE photo_id = 1169), (SELECT tag_id FROM tags WHERE name = 'clouds'));
INSERT OR IGNORE INTO tags (name) VALUES ('mist');
INSERT INTO photo_tags (photo_idx, tag_id) VALUES ((SELECT photo_idx FROM photos WHERE photo_id = 1169), (SELECT tag_id FROM tags WHERE name = 'mist'));

INSERT INTO photos (photo_id, photo_title, photo_collection, photo_location, photo_year, camera, film_stock, film_format) VALUES (1170, 'Clearing Storm Clouds', 'Smoky Mountains', 'Smoky Mountains, Tennessee', 1996, 'Linhof', 'Fujichrome Provia', '4 x 5 inch');
INSERT INTO photos_fts (photo_idx, photo_id, photo_title, photo_collection, photo_location, photo_year, camera, film_stock, film_format, tag_names) VALUES ((SELECT photo_idx FROM photos WHERE photo_id = 1170), 1170, 'Clearing Storm Clouds', 'Smoky Mountains', 'Smoky Mountains, Tennessee', 1996, 'Linhof', 'Fujichrome Provia', '4 x 5 inch', 'horizontal,scenic,landscape,color,outdoors,blue,white,sky,clouds');
INSERT OR IGNORE INTO tags (name) VALUES ('horizontal');
INSERT INTO photo_tags (photo_idx, tag_id) VALUES ((SELECT photo_idx FROM photos WHERE photo_id = 1170), (SELECT tag_id FROM tags WHERE name = 'horizontal'));
INSERT OR IGNORE INTO tags (name) VALUES ('scenic');
INSERT INTO photo_tags (photo_idx, tag_id) VALUES ((SELECT photo_idx FROM photos WHERE photo_id = 1170), (SELECT tag_id FROM tags WHERE name = 'scenic'));
INSERT OR IGNORE INTO tags (name) VALUES ('landscape');
INSERT INTO photo_tags (photo_idx, tag_id) VALUES ((SELECT photo_idx FROM photos WHERE photo_id = 1170), (SELECT tag_id FROM tags WHERE name = 'landscape'));
INSERT OR IGNORE INTO tags (name) VALUES ('color');
INSERT INTO photo_tags (photo_idx, tag_id) VALUES ((SELECT photo_idx FROM photos WHERE photo_id = 1170), (SELECT tag_id FROM tags WHERE name = 'color'));
INSERT OR IGNORE INTO tags (name) VALUES ('outdoors');
INSERT INTO photo_tags (photo_idx, tag_id) VALUES ((SELECT photo_idx FROM photos WHERE photo_id = 1170), (SELECT tag_id FROM tags WHERE name = 'outdoors'));
INSERT OR IGNORE INTO tags (name) VALUES ('blue');
INSERT INTO photo_tags (photo_idx, tag_id) VALUES ((SELECT photo_idx FROM photos WHERE photo_id = 1170), (SELECT tag_id FROM tags WHERE name = 'blue'));
INSERT OR IGNORE INTO tags (name) VALUES ('white');
INSERT INTO photo_tags (photo_idx, tag_id) VALUES ((SELECT photo_idx FROM photos WHERE photo_id = 1170), (SELECT tag_id FROM tags WHERE name = 'white'));
INSERT OR IGNORE INTO tags (name) VALUES ('sky');
INSERT INTO photo_tags (photo_idx, tag_id) VALUES ((SELECT photo_idx FROM photos WHERE photo_id = 1170), (SELECT tag_id FROM tags WHERE name = 'sky'));
INSERT OR IGNORE INTO tags (name) VALUES ('clouds');
INSERT INTO photo_tags (photo_idx, tag_id) VALUES ((SELECT photo_idx FROM photos WHERE photo_id = 1170), (SELECT tag_id FROM tags WHERE name = 'clouds'));

INSERT INTO photos (photo_id, photo_title, photo_collection, photo_location, photo_year, camera, film_stock, film_format) VALUES (1172, 'Acacia and Blue Sky', 'California', 'Portola Valley, California', 1997, 'Nikon', 'Fujichrome Velvia', '35 mm');
INSERT INTO photos_fts (photo_idx, photo_id, photo_title, photo_collection, photo_location, photo_year, camera, film_stock, film_format, tag_names) VALUES ((SELECT photo_idx FROM photos WHERE photo_id = 1172), 1172, 'Acacia and Blue Sky', 'California', 'Portola Valley, California', 1997, 'Nikon', 'Fujichrome Velvia', '35 mm', 'horizontal,spring,closeup,landscape,color,outdoors,blue,yellow,flowers,sky,blossoms');
INSERT OR IGNORE INTO tags (name) VALUES ('horizontal');
INSERT INTO photo_tags (photo_idx, tag_id) VALUES ((SELECT photo_idx FROM photos WHERE photo_id = 1172), (SELECT tag_id FROM tags WHERE name = 'horizontal'));
INSERT OR IGNORE INTO tags (name) VALUES ('spring');
INSERT INTO photo_tags (photo_idx, tag_id) VALUES ((SELECT photo_idx FROM photos WHERE photo_id = 1172), (SELECT tag_id FROM tags WHERE name = 'spring'));
INSERT OR IGNORE INTO tags (name) VALUES ('closeup');
INSERT INTO photo_tags (photo_idx, tag_id) VALUES ((SELECT photo_idx FROM photos WHERE photo_id = 1172), (SELECT tag_id FROM tags WHERE name = 'closeup'));
INSERT OR IGNORE INTO tags (name) VALUES ('landscape');
INSERT INTO photo_tags (photo_idx, tag_id) VALUES ((SELECT photo_idx FROM photos WHERE photo_id = 1172), (SELECT tag_id FROM tags WHERE name = 'landscape'));
INSERT OR IGNORE INTO tags (name) VALUES ('color');
INSERT INTO photo_tags (photo_idx, tag_id) VALUES ((SELECT photo_idx FROM photos WHERE photo_id = 1172), (SELECT tag_id FROM tags WHERE name = 'color'));
INSERT OR IGNORE INTO tags (name) VALUES ('outdoors');
INSERT INTO photo_tags (photo_idx, tag_id) VALUES ((SELECT photo_idx FROM photos WHERE photo_id = 1172), (SELECT tag_id FROM tags WHERE name = 'outdoors'));
INSERT OR IGNORE INTO tags (name) VALUES ('blue');
INSERT INTO photo_tags (photo_idx, tag_id) VALUES ((SELECT photo_idx FROM photos WHERE photo_id = 1172), (SELECT tag_id FROM tags WHERE name = 'blue'));
INSERT OR IGNORE INTO tags (name) VALUES ('yellow');
INSERT INTO photo_tags (photo_idx, tag_id) VALUES ((SELECT photo_idx FROM photos WHERE photo_id = 1172), (SELECT tag_id FROM tags WHERE name = 'yellow'));
INSERT OR IGNORE INTO tags (name) VALUES ('flowers');
INSERT INTO photo_tags (photo_idx, tag_id) VALUES ((SELECT photo_idx FROM photos WHERE photo_id = 1172), (SELECT tag_id FROM tags WHERE name = 'flowers'));
INSERT OR IGNORE INTO tags (name) VALUES ('sky');
INSERT INTO photo_tags (photo_idx, tag_id) VALUES ((SELECT photo_idx FROM photos WHERE photo_id = 1172), (SELECT tag_id FROM tags WHERE name = 'sky'));
INSERT OR IGNORE INTO tags (name) VALUES ('blossoms');
INSERT INTO photo_tags (photo_idx, tag_id) VALUES ((SELECT photo_idx FROM photos WHERE photo_id = 1172), (SELECT tag_id FROM tags WHERE name = 'blossoms'));

INSERT INTO photos (photo_id, photo_title, photo_collection, photo_location, photo_year, camera, film_stock, film_format) VALUES (1173, 'Glowing Acacia', 'California', 'Portola Valley, California', 1997, 'Nikon', 'Fujichrome Velvia', '35 mm');
INSERT INTO photos_fts (photo_idx, photo_id, photo_title, photo_collection, photo_location, photo_year, camera, film_stock, film_format, tag_names) VALUES ((SELECT photo_idx FROM photos WHERE photo_id = 1173), 1173, 'Glowing Acacia', 'California', 'Portola Valley, California', 1997, 'Nikon', 'Fujichrome Velvia', '35 mm', 'horizontal,spring,closeup,landscape,color,outdoors,black,yellow,flowers,blossoms');
INSERT OR IGNORE INTO tags (name) VALUES ('horizontal');
INSERT INTO photo_tags (photo_idx, tag_id) VALUES ((SELECT photo_idx FROM photos WHERE photo_id = 1173), (SELECT tag_id FROM tags WHERE name = 'horizontal'));
INSERT OR IGNORE INTO tags (name) VALUES ('spring');
INSERT INTO photo_tags (photo_idx, tag_id) VALUES ((SELECT photo_idx FROM photos WHERE photo_id = 1173), (SELECT tag_id FROM tags WHERE name = 'spring'));
INSERT OR IGNORE INTO tags (name) VALUES ('closeup');
INSERT INTO photo_tags (photo_idx, tag_id) VALUES ((SELECT photo_idx FROM photos WHERE photo_id = 1173), (SELECT tag_id FROM tags WHERE name = 'closeup'));
INSERT OR IGNORE INTO tags (name) VALUES ('landscape');
INSERT INTO photo_tags (photo_idx, tag_id) VALUES ((SELECT photo_idx FROM photos WHERE photo_id = 1173), (SELECT tag_id FROM tags WHERE name = 'landscape'));
INSERT OR IGNORE INTO tags (name) VALUES ('color');
INSERT INTO photo_tags (photo_idx, tag_id) VALUES ((SELECT photo_idx FROM photos WHERE photo_id = 1173), (SELECT tag_id FROM tags WHERE name = 'color'));
INSERT OR IGNORE INTO tags (name) VALUES ('outdoors');
INSERT INTO photo_tags (photo_idx, tag_id) VALUES ((SELECT photo_idx FROM photos WHERE photo_id = 1173), (SELECT tag_id FROM tags WHERE name = 'outdoors'));
INSERT OR IGNORE INTO tags (name) VALUES ('black');
INSERT INTO photo_tags (photo_idx, tag_id) VALUES ((SELECT photo_idx FROM photos WHERE photo_id = 1173), (SELECT tag_id FROM tags WHERE name = 'black'));
INSERT OR IGNORE INTO tags (name) VALUES ('yellow');
INSERT INTO photo_tags (photo_idx, tag_id) VALUES ((SELECT photo_idx FROM photos WHERE photo_id = 1173), (SELECT tag_id FROM tags WHERE name = 'yellow'));
INSERT OR IGNORE INTO tags (name) VALUES ('flowers');
INSERT INTO photo_tags (photo_idx, tag_id) VALUES ((SELECT photo_idx FROM photos WHERE photo_id = 1173), (SELECT tag_id FROM tags WHERE name = 'flowers'));
INSERT OR IGNORE INTO tags (name) VALUES ('blossoms');
INSERT INTO photo_tags (photo_idx, tag_id) VALUES ((SELECT photo_idx FROM photos WHERE photo_id = 1173), (SELECT tag_id FROM tags WHERE name = 'blossoms'));

INSERT INTO photos (photo_id, photo_title, photo_collection, photo_location, photo_year, camera, film_stock, film_format) VALUES (1174, 'Moss and Bare Tree', 'California', 'Portola Valley, California', 1997, 'Nikon', 'Fujichrome Velvia', '35 mm');
INSERT INTO photos_fts (photo_idx, photo_id, photo_title, photo_collection, photo_location, photo_year, camera, film_stock, film_format, tag_names) VALUES ((SELECT photo_idx FROM photos WHERE photo_id = 1174), 1174, 'Moss and Bare Tree', 'California', 'Portola Valley, California', 1997, 'Nikon', 'Fujichrome Velvia', '35 mm', 'horizontal,spring,scenic,landscape,color,outdoors,green,moss,trees,foliage');
INSERT OR IGNORE INTO tags (name) VALUES ('horizontal');
INSERT INTO photo_tags (photo_idx, tag_id) VALUES ((SELECT photo_idx FROM photos WHERE photo_id = 1174), (SELECT tag_id FROM tags WHERE name = 'horizontal'));
INSERT OR IGNORE INTO tags (name) VALUES ('spring');
INSERT INTO photo_tags (photo_idx, tag_id) VALUES ((SELECT photo_idx FROM photos WHERE photo_id = 1174), (SELECT tag_id FROM tags WHERE name = 'spring'));
INSERT OR IGNORE INTO tags (name) VALUES ('scenic');
INSERT INTO photo_tags (photo_idx, tag_id) VALUES ((SELECT photo_idx FROM photos WHERE photo_id = 1174), (SELECT tag_id FROM tags WHERE name = 'scenic'));
INSERT OR IGNORE INTO tags (name) VALUES ('landscape');
INSERT INTO photo_tags (photo_idx, tag_id) VALUES ((SELECT photo_idx FROM photos WHERE photo_id = 1174), (SELECT tag_id FROM tags WHERE name = 'landscape'));
INSERT OR IGNORE INTO tags (name) VALUES ('color');
INSERT INTO photo_tags (photo_idx, tag_id) VALUES ((SELECT photo_idx FROM photos WHERE photo_id = 1174), (SELECT tag_id FROM tags WHERE name = 'color'));
INSERT OR IGNORE INTO tags (name) VALUES ('outdoors');
INSERT INTO photo_tags (photo_idx, tag_id) VALUES ((SELECT photo_idx FROM photos WHERE photo_id = 1174), (SELECT tag_id FROM tags WHERE name = 'outdoors'));
INSERT OR IGNORE INTO tags (name) VALUES ('green');
INSERT INTO photo_tags (photo_idx, tag_id) VALUES ((SELECT photo_idx FROM photos WHERE photo_id = 1174), (SELECT tag_id FROM tags WHERE name = 'green'));
INSERT OR IGNORE INTO tags (name) VALUES ('moss');
INSERT INTO photo_tags (photo_idx, tag_id) VALUES ((SELECT photo_idx FROM photos WHERE photo_id = 1174), (SELECT tag_id FROM tags WHERE name = 'moss'));
INSERT OR IGNORE INTO tags (name) VALUES ('trees');
INSERT INTO photo_tags (photo_idx, tag_id) VALUES ((SELECT photo_idx FROM photos WHERE photo_id = 1174), (SELECT tag_id FROM tags WHERE name = 'trees'));
INSERT OR IGNORE INTO tags (name) VALUES ('foliage');
INSERT INTO photo_tags (photo_idx, tag_id) VALUES ((SELECT photo_idx FROM photos WHERE photo_id = 1174), (SELECT tag_id FROM tags WHERE name = 'foliage'));

INSERT INTO photos (photo_id, photo_title, photo_collection, photo_location, photo_year, camera, film_stock, film_format) VALUES (1175, 'Mossy Forked Tree', 'California', 'Portola Valley, California', 1997, 'Nikon', 'Fujichrome Velvia', '35 mm');
INSERT INTO photos_fts (photo_idx, photo_id, photo_title, photo_collection, photo_location, photo_year, camera, film_stock, film_format, tag_names) VALUES ((SELECT photo_idx FROM photos WHERE photo_id = 1175), 1175, 'Mossy Forked Tree', 'California', 'Portola Valley, California', 1997, 'Nikon', 'Fujichrome Velvia', '35 mm', 'vertical,spring,scenic,landscape,color,outdoors,green,moss,trees,foliage');
INSERT OR IGNORE INTO tags (name) VALUES ('vertical');
INSERT INTO photo_tags (photo_idx, tag_id) VALUES ((SELECT photo_idx FROM photos WHERE photo_id = 1175), (SELECT tag_id FROM tags WHERE name = 'vertical'));
INSERT OR IGNORE INTO tags (name) VALUES ('spring');
INSERT INTO photo_tags (photo_idx, tag_id) VALUES ((SELECT photo_idx FROM photos WHERE photo_id = 1175), (SELECT tag_id FROM tags WHERE name = 'spring'));
INSERT OR IGNORE INTO tags (name) VALUES ('scenic');
INSERT INTO photo_tags (photo_idx, tag_id) VALUES ((SELECT photo_idx FROM photos WHERE photo_id = 1175), (SELECT tag_id FROM tags WHERE name = 'scenic'));
INSERT OR IGNORE INTO tags (name) VALUES ('landscape');
INSERT INTO photo_tags (photo_idx, tag_id) VALUES ((SELECT photo_idx FROM photos WHERE photo_id = 1175), (SELECT tag_id FROM tags WHERE name = 'landscape'));
INSERT OR IGNORE INTO tags (name) VALUES ('color');
INSERT INTO photo_tags (photo_idx, tag_id) VALUES ((SELECT photo_idx FROM photos WHERE photo_id = 1175), (SELECT tag_id FROM tags WHERE name = 'color'));
INSERT OR IGNORE INTO tags (name) VALUES ('outdoors');
INSERT INTO photo_tags (photo_idx, tag_id) VALUES ((SELECT photo_idx FROM photos WHERE photo_id = 1175), (SELECT tag_id FROM tags WHERE name = 'outdoors'));
INSERT OR IGNORE INTO tags (name) VALUES ('green');
INSERT INTO photo_tags (photo_idx, tag_id) VALUES ((SELECT photo_idx FROM photos WHERE photo_id = 1175), (SELECT tag_id FROM tags WHERE name = 'green'));
INSERT OR IGNORE INTO tags (name) VALUES ('moss');
INSERT INTO photo_tags (photo_idx, tag_id) VALUES ((SELECT photo_idx FROM photos WHERE photo_id = 1175), (SELECT tag_id FROM tags WHERE name = 'moss'));
INSERT OR IGNORE INTO tags (name) VALUES ('trees');
INSERT INTO photo_tags (photo_idx, tag_id) VALUES ((SELECT photo_idx FROM photos WHERE photo_id = 1175), (SELECT tag_id FROM tags WHERE name = 'trees'));
INSERT OR IGNORE INTO tags (name) VALUES ('foliage');
INSERT INTO photo_tags (photo_idx, tag_id) VALUES ((SELECT photo_idx FROM photos WHERE photo_id = 1175), (SELECT tag_id FROM tags WHERE name = 'foliage'));

INSERT INTO photos (photo_id, photo_title, photo_collection, photo_location, photo_year, camera, film_stock, film_format) VALUES (1178, 'Agave Detail Vertical', 'California', 'Portola Valley, California', 1997, 'Nikon', 'Fujichrome Velvia', '35 mm');
INSERT INTO photos_fts (photo_idx, photo_id, photo_title, photo_collection, photo_location, photo_year, camera, film_stock, film_format, tag_names) VALUES ((SELECT photo_idx FROM photos WHERE photo_id = 1178), 1178, 'Agave Detail Vertical', 'California', 'Portola Valley, California', 1997, 'Nikon', 'Fujichrome Velvia', '35 mm', 'vertical,closeup,abstract,color,outdoors,gray,green,leaf');
INSERT OR IGNORE INTO tags (name) VALUES ('vertical');
INSERT INTO photo_tags (photo_idx, tag_id) VALUES ((SELECT photo_idx FROM photos WHERE photo_id = 1178), (SELECT tag_id FROM tags WHERE name = 'vertical'));
INSERT OR IGNORE INTO tags (name) VALUES ('closeup');
INSERT INTO photo_tags (photo_idx, tag_id) VALUES ((SELECT photo_idx FROM photos WHERE photo_id = 1178), (SELECT tag_id FROM tags WHERE name = 'closeup'));
INSERT OR IGNORE INTO tags (name) VALUES ('abstract');
INSERT INTO photo_tags (photo_idx, tag_id) VALUES ((SELECT photo_idx FROM photos WHERE photo_id = 1178), (SELECT tag_id FROM tags WHERE name = 'abstract'));
INSERT OR IGNORE INTO tags (name) VALUES ('color');
INSERT INTO photo_tags (photo_idx, tag_id) VALUES ((SELECT photo_idx FROM photos WHERE photo_id = 1178), (SELECT tag_id FROM tags WHERE name = 'color'));
INSERT OR IGNORE INTO tags (name) VALUES ('outdoors');
INSERT INTO photo_tags (photo_idx, tag_id) VALUES ((SELECT photo_idx FROM photos WHERE photo_id = 1178), (SELECT tag_id FROM tags WHERE name = 'outdoors'));
INSERT OR IGNORE INTO tags (name) VALUES ('gray');
INSERT INTO photo_tags (photo_idx, tag_id) VALUES ((SELECT photo_idx FROM photos WHERE photo_id = 1178), (SELECT tag_id FROM tags WHERE name = 'gray'));
INSERT OR IGNORE INTO tags (name) VALUES ('green');
INSERT INTO photo_tags (photo_idx, tag_id) VALUES ((SELECT photo_idx FROM photos WHERE photo_id = 1178), (SELECT tag_id FROM tags WHERE name = 'green'));
INSERT OR IGNORE INTO tags (name) VALUES ('leaf');
INSERT INTO photo_tags (photo_idx, tag_id) VALUES ((SELECT photo_idx FROM photos WHERE photo_id = 1178), (SELECT tag_id FROM tags WHERE name = 'leaf'));

INSERT INTO photos (photo_id, photo_title, photo_collection, photo_location, photo_year, camera, film_stock, film_format) VALUES (1179, 'Agave Detail', 'California', 'Portola Valley, California', 1997, 'Nikon', 'Fujichrome Velvia', '35 mm');
INSERT INTO photos_fts (photo_idx, photo_id, photo_title, photo_collection, photo_location, photo_year, camera, film_stock, film_format, tag_names) VALUES ((SELECT photo_idx FROM photos WHERE photo_id = 1179), 1179, 'Agave Detail', 'California', 'Portola Valley, California', 1997, 'Nikon', 'Fujichrome Velvia', '35 mm', 'horizontal,closeup,abstract,color,outdoors,gray,leaf');
INSERT OR IGNORE INTO tags (name) VALUES ('horizontal');
INSERT INTO photo_tags (photo_idx, tag_id) VALUES ((SELECT photo_idx FROM photos WHERE photo_id = 1179), (SELECT tag_id FROM tags WHERE name = 'horizontal'));
INSERT OR IGNORE INTO tags (name) VALUES ('closeup');
INSERT INTO photo_tags (photo_idx, tag_id) VALUES ((SELECT photo_idx FROM photos WHERE photo_id = 1179), (SELECT tag_id FROM tags WHERE name = 'closeup'));
INSERT OR IGNORE INTO tags (name) VALUES ('abstract');
INSERT INTO photo_tags (photo_idx, tag_id) VALUES ((SELECT photo_idx FROM photos WHERE photo_id = 1179), (SELECT tag_id FROM tags WHERE name = 'abstract'));
INSERT OR IGNORE INTO tags (name) VALUES ('color');
INSERT INTO photo_tags (photo_idx, tag_id) VALUES ((SELECT photo_idx FROM photos WHERE photo_id = 1179), (SELECT tag_id FROM tags WHERE name = 'color'));
INSERT OR IGNORE INTO tags (name) VALUES ('outdoors');
INSERT INTO photo_tags (photo_idx, tag_id) VALUES ((SELECT photo_idx FROM photos WHERE photo_id = 1179), (SELECT tag_id FROM tags WHERE name = 'outdoors'));
INSERT OR IGNORE INTO tags (name) VALUES ('gray');
INSERT INTO photo_tags (photo_idx, tag_id) VALUES ((SELECT photo_idx FROM photos WHERE photo_id = 1179), (SELECT tag_id FROM tags WHERE name = 'gray'));
INSERT OR IGNORE INTO tags (name) VALUES ('leaf');
INSERT INTO photo_tags (photo_idx, tag_id) VALUES ((SELECT photo_idx FROM photos WHERE photo_id = 1179), (SELECT tag_id FROM tags WHERE name = 'leaf'));

INSERT INTO photos (photo_id, photo_title, photo_collection, photo_location, photo_year, camera, film_stock, film_format) VALUES (1180, 'Bending Tulips', 'Flower Portraits', 'Watsonville, California', 1997, 'Nikon', 'Fujichrome Velvia', '35 mm');
INSERT INTO photos_fts (photo_idx, photo_id, photo_title, photo_collection, photo_location, photo_year, camera, film_stock, film_format, tag_names) VALUES ((SELECT photo_idx FROM photos WHERE photo_id = 1180), 1180, 'Bending Tulips', 'Flower Portraits', 'Watsonville, California', 1997, 'Nikon', 'Fujichrome Velvia', '35 mm', 'horizontal,popular,closeup,color,studio,green,pink,flowers,leaf,tulip');
INSERT OR IGNORE INTO tags (name) VALUES ('horizontal');
INSERT INTO photo_tags (photo_idx, tag_id) VALUES ((SELECT photo_idx FROM photos WHERE photo_id = 1180), (SELECT tag_id FROM tags WHERE name = 'horizontal'));
INSERT OR IGNORE INTO tags (name) VALUES ('popular');
INSERT INTO photo_tags (photo_idx, tag_id) VALUES ((SELECT photo_idx FROM photos WHERE photo_id = 1180), (SELECT tag_id FROM tags WHERE name = 'popular'));
INSERT OR IGNORE INTO tags (name) VALUES ('closeup');
INSERT INTO photo_tags (photo_idx, tag_id) VALUES ((SELECT photo_idx FROM photos WHERE photo_id = 1180), (SELECT tag_id FROM tags WHERE name = 'closeup'));
INSERT OR IGNORE INTO tags (name) VALUES ('color');
INSERT INTO photo_tags (photo_idx, tag_id) VALUES ((SELECT photo_idx FROM photos WHERE photo_id = 1180), (SELECT tag_id FROM tags WHERE name = 'color'));
INSERT OR IGNORE INTO tags (name) VALUES ('studio');
INSERT INTO photo_tags (photo_idx, tag_id) VALUES ((SELECT photo_idx FROM photos WHERE photo_id = 1180), (SELECT tag_id FROM tags WHERE name = 'studio'));
INSERT OR IGNORE INTO tags (name) VALUES ('green');
INSERT INTO photo_tags (photo_idx, tag_id) VALUES ((SELECT photo_idx FROM photos WHERE photo_id = 1180), (SELECT tag_id FROM tags WHERE name = 'green'));
INSERT OR IGNORE INTO tags (name) VALUES ('pink');
INSERT INTO photo_tags (photo_idx, tag_id) VALUES ((SELECT photo_idx FROM photos WHERE photo_id = 1180), (SELECT tag_id FROM tags WHERE name = 'pink'));
INSERT OR IGNORE INTO tags (name) VALUES ('flowers');
INSERT INTO photo_tags (photo_idx, tag_id) VALUES ((SELECT photo_idx FROM photos WHERE photo_id = 1180), (SELECT tag_id FROM tags WHERE name = 'flowers'));
INSERT OR IGNORE INTO tags (name) VALUES ('leaf');
INSERT INTO photo_tags (photo_idx, tag_id) VALUES ((SELECT photo_idx FROM photos WHERE photo_id = 1180), (SELECT tag_id FROM tags WHERE name = 'leaf'));
INSERT OR IGNORE INTO tags (name) VALUES ('tulip');
INSERT INTO photo_tags (photo_idx, tag_id) VALUES ((SELECT photo_idx FROM photos WHERE photo_id = 1180), (SELECT tag_id FROM tags WHERE name = 'tulip'));

INSERT INTO photos (photo_id, photo_title, photo_collection, photo_location, photo_year, camera, film_stock, film_format) VALUES (1181, 'Pair of Tulips', 'Flower Portraits', 'Watsonville, California', 1997, 'Nikon', 'Fujichrome Velvia', '35 mm');
INSERT INTO photos_fts (photo_idx, photo_id, photo_title, photo_collection, photo_location, photo_year, camera, film_stock, film_format, tag_names) VALUES ((SELECT photo_idx FROM photos WHERE photo_id = 1181), 1181, 'Pair of Tulips', 'Flower Portraits', 'Watsonville, California', 1997, 'Nikon', 'Fujichrome Velvia', '35 mm', 'vertical,closeup,color,studio,green,pink,flowers,leaf,tulip');
INSERT OR IGNORE INTO tags (name) VALUES ('vertical');
INSERT INTO photo_tags (photo_idx, tag_id) VALUES ((SELECT photo_idx FROM photos WHERE photo_id = 1181), (SELECT tag_id FROM tags WHERE name = 'vertical'));
INSERT OR IGNORE INTO tags (name) VALUES ('closeup');
INSERT INTO photo_tags (photo_idx, tag_id) VALUES ((SELECT photo_idx FROM photos WHERE photo_id = 1181), (SELECT tag_id FROM tags WHERE name = 'closeup'));
INSERT OR IGNORE INTO tags (name) VALUES ('color');
INSERT INTO photo_tags (photo_idx, tag_id) VALUES ((SELECT photo_idx FROM photos WHERE photo_id = 1181), (SELECT tag_id FROM tags WHERE name = 'color'));
INSERT OR IGNORE INTO tags (name) VALUES ('studio');
INSERT INTO photo_tags (photo_idx, tag_id) VALUES ((SELECT photo_idx FROM photos WHERE photo_id = 1181), (SELECT tag_id FROM tags WHERE name = 'studio'));
INSERT OR IGNORE INTO tags (name) VALUES ('green');
INSERT INTO photo_tags (photo_idx, tag_id) VALUES ((SELECT photo_idx FROM photos WHERE photo_id = 1181), (SELECT tag_id FROM tags WHERE name = 'green'));
INSERT OR IGNORE INTO tags (name) VALUES ('pink');
INSERT INTO photo_tags (photo_idx, tag_id) VALUES ((SELECT photo_idx FROM photos WHERE photo_id = 1181), (SELECT tag_id FROM tags WHERE name = 'pink'));
INSERT OR IGNORE INTO tags (name) VALUES ('flowers');
INSERT INTO photo_tags (photo_idx, tag_id) VALUES ((SELECT photo_idx FROM photos WHERE photo_id = 1181), (SELECT tag_id FROM tags WHERE name = 'flowers'));
INSERT OR IGNORE INTO tags (name) VALUES ('leaf');
INSERT INTO photo_tags (photo_idx, tag_id) VALUES ((SELECT photo_idx FROM photos WHERE photo_id = 1181), (SELECT tag_id FROM tags WHERE name = 'leaf'));
INSERT OR IGNORE INTO tags (name) VALUES ('tulip');
INSERT INTO photo_tags (photo_idx, tag_id) VALUES ((SELECT photo_idx FROM photos WHERE photo_id = 1181), (SELECT tag_id FROM tags WHERE name = 'tulip'));

INSERT INTO photos (photo_id, photo_title, photo_collection, photo_location, photo_year, camera, film_stock, film_format) VALUES (1182, 'Parrot Tulip', 'Flower Portraits', 'Watsonville, California', 1997, 'Nikon', 'Fujichrome Velvia', '35 mm');
INSERT INTO photos_fts (photo_idx, photo_id, photo_title, photo_collection, photo_location, photo_year, camera, film_stock, film_format, tag_names) VALUES ((SELECT photo_idx FROM photos WHERE photo_id = 1182), 1182, 'Parrot Tulip', 'Flower Portraits', 'Watsonville, California', 1997, 'Nikon', 'Fujichrome Velvia', '35 mm', 'horizontal,closeup,color,studio,green,orange,flowers,tulip');
INSERT OR IGNORE INTO tags (name) VALUES ('horizontal');
INSERT INTO photo_tags (photo_idx, tag_id) VALUES ((SELECT photo_idx FROM photos WHERE photo_id = 1182), (SELECT tag_id FROM tags WHERE name = 'horizontal'));
INSERT OR IGNORE INTO tags (name) VALUES ('closeup');
INSERT INTO photo_tags (photo_idx, tag_id) VALUES ((SELECT photo_idx FROM photos WHERE photo_id = 1182), (SELECT tag_id FROM tags WHERE name = 'closeup'));
INSERT OR IGNORE INTO tags (name) VALUES ('color');
INSERT INTO photo_tags (photo_idx, tag_id) VALUES ((SELECT photo_idx FROM photos WHERE photo_id = 1182), (SELECT tag_id FROM tags WHERE name = 'color'));
INSERT OR IGNORE INTO tags (name) VALUES ('studio');
INSERT INTO photo_tags (photo_idx, tag_id) VALUES ((SELECT photo_idx FROM photos WHERE photo_id = 1182), (SELECT tag_id FROM tags WHERE name = 'studio'));
INSERT OR IGNORE INTO tags (name) VALUES ('green');
INSERT INTO photo_tags (photo_idx, tag_id) VALUES ((SELECT photo_idx FROM photos WHERE photo_id = 1182), (SELECT tag_id FROM tags WHERE name = 'green'));
INSERT OR IGNORE INTO tags (name) VALUES ('orange');
INSERT INTO photo_tags (photo_idx, tag_id) VALUES ((SELECT photo_idx FROM photos WHERE photo_id = 1182), (SELECT tag_id FROM tags WHERE name = 'orange'));
INSERT OR IGNORE INTO tags (name) VALUES ('flowers');
INSERT INTO photo_tags (photo_idx, tag_id) VALUES ((SELECT photo_idx FROM photos WHERE photo_id = 1182), (SELECT tag_id FROM tags WHERE name = 'flowers'));
INSERT OR IGNORE INTO tags (name) VALUES ('tulip');
INSERT INTO photo_tags (photo_idx, tag_id) VALUES ((SELECT photo_idx FROM photos WHERE photo_id = 1182), (SELECT tag_id FROM tags WHERE name = 'tulip'));

INSERT INTO photos (photo_id, photo_title, photo_collection, photo_location, photo_year, camera, film_stock, film_format) VALUES (1183, 'Parrot Tulip Detail', 'Flower Portraits', 'Watsonville, California', 1997, 'Nikon', 'Fujichrome Velvia', '35 mm');
INSERT INTO photos_fts (photo_idx, photo_id, photo_title, photo_collection, photo_location, photo_year, camera, film_stock, film_format, tag_names) VALUES ((SELECT photo_idx FROM photos WHERE photo_id = 1183), 1183, 'Parrot Tulip Detail', 'Flower Portraits', 'Watsonville, California', 1997, 'Nikon', 'Fujichrome Velvia', '35 mm', 'vertical,closeup,color,studio,orange,flowers,tulip');
INSERT OR IGNORE INTO tags (name) VALUES ('vertical');
INSERT INTO photo_tags (photo_idx, tag_id) VALUES ((SELECT photo_idx FROM photos WHERE photo_id = 1183), (SELECT tag_id FROM tags WHERE name = 'vertical'));
INSERT OR IGNORE INTO tags (name) VALUES ('closeup');
INSERT INTO photo_tags (photo_idx, tag_id) VALUES ((SELECT photo_idx FROM photos WHERE photo_id = 1183), (SELECT tag_id FROM tags WHERE name = 'closeup'));
INSERT OR IGNORE INTO tags (name) VALUES ('color');
INSERT INTO photo_tags (photo_idx, tag_id) VALUES ((SELECT photo_idx FROM photos WHERE photo_id = 1183), (SELECT tag_id FROM tags WHERE name = 'color'));
INSERT OR IGNORE INTO tags (name) VALUES ('studio');
INSERT INTO photo_tags (photo_idx, tag_id) VALUES ((SELECT photo_idx FROM photos WHERE photo_id = 1183), (SELECT tag_id FROM tags WHERE name = 'studio'));
INSERT OR IGNORE INTO tags (name) VALUES ('orange');
INSERT INTO photo_tags (photo_idx, tag_id) VALUES ((SELECT photo_idx FROM photos WHERE photo_id = 1183), (SELECT tag_id FROM tags WHERE name = 'orange'));
INSERT OR IGNORE INTO tags (name) VALUES ('flowers');
INSERT INTO photo_tags (photo_idx, tag_id) VALUES ((SELECT photo_idx FROM photos WHERE photo_id = 1183), (SELECT tag_id FROM tags WHERE name = 'flowers'));
INSERT OR IGNORE INTO tags (name) VALUES ('tulip');
INSERT INTO photo_tags (photo_idx, tag_id) VALUES ((SELECT photo_idx FROM photos WHERE photo_id = 1183), (SELECT tag_id FROM tags WHERE name = 'tulip'));

INSERT INTO photos (photo_id, photo_title, photo_collection, photo_location, photo_year, camera, film_stock, film_format) VALUES (1184, 'Don Quixote Tulip', 'Flower Portraits', 'Watsonville, California', 1997, 'Nikon', 'Fujichrome Velvia', '35 mm');
INSERT INTO photos_fts (photo_idx, photo_id, photo_title, photo_collection, photo_location, photo_year, camera, film_stock, film_format, tag_names) VALUES ((SELECT photo_idx FROM photos WHERE photo_id = 1184), 1184, 'Don Quixote Tulip', 'Flower Portraits', 'Watsonville, California', 1997, 'Nikon', 'Fujichrome Velvia', '35 mm', 'horizontal,closeup,color,studio,red,yellow,flowers,tulip');
INSERT OR IGNORE INTO tags (name) VALUES ('horizontal');
INSERT INTO photo_tags (photo_idx, tag_id) VALUES ((SELECT photo_idx FROM photos WHERE photo_id = 1184), (SELECT tag_id FROM tags WHERE name = 'horizontal'));
INSERT OR IGNORE INTO tags (name) VALUES ('closeup');
INSERT INTO photo_tags (photo_idx, tag_id) VALUES ((SELECT photo_idx FROM photos WHERE photo_id = 1184), (SELECT tag_id FROM tags WHERE name = 'closeup'));
INSERT OR IGNORE INTO tags (name) VALUES ('color');
INSERT INTO photo_tags (photo_idx, tag_id) VALUES ((SELECT photo_idx FROM photos WHERE photo_id = 1184), (SELECT tag_id FROM tags WHERE name = 'color'));
INSERT OR IGNORE INTO tags (name) VALUES ('studio');
INSERT INTO photo_tags (photo_idx, tag_id) VALUES ((SELECT photo_idx FROM photos WHERE photo_id = 1184), (SELECT tag_id FROM tags WHERE name = 'studio'));
INSERT OR IGNORE INTO tags (name) VALUES ('red');
INSERT INTO photo_tags (photo_idx, tag_id) VALUES ((SELECT photo_idx FROM photos WHERE photo_id = 1184), (SELECT tag_id FROM tags WHERE name = 'red'));
INSERT OR IGNORE INTO tags (name) VALUES ('yellow');
INSERT INTO photo_tags (photo_idx, tag_id) VALUES ((SELECT photo_idx FROM photos WHERE photo_id = 1184), (SELECT tag_id FROM tags WHERE name = 'yellow'));
INSERT OR IGNORE INTO tags (name) VALUES ('flowers');
INSERT INTO photo_tags (photo_idx, tag_id) VALUES ((SELECT photo_idx FROM photos WHERE photo_id = 1184), (SELECT tag_id FROM tags WHERE name = 'flowers'));
INSERT OR IGNORE INTO tags (name) VALUES ('tulip');
INSERT INTO photo_tags (photo_idx, tag_id) VALUES ((SELECT photo_idx FROM photos WHERE photo_id = 1184), (SELECT tag_id FROM tags WHERE name = 'tulip'));

INSERT INTO photos (photo_id, photo_title, photo_collection, photo_location, photo_year, camera, film_stock, film_format) VALUES (1185, 'Beach Grass at Sunset', 'California', 'Pajaro Dunes, California', 1997, 'Nikon', 'Fujichrome Velvia', '35 mm');
INSERT INTO photos_fts (photo_idx, photo_id, photo_title, photo_collection, photo_location, photo_year, camera, film_stock, film_format, tag_names) VALUES ((SELECT photo_idx FROM photos WHERE photo_id = 1185), 1185, 'Beach Grass at Sunset', 'California', 'Pajaro Dunes, California', 1997, 'Nikon', 'Fujichrome Velvia', '35 mm', 'horizontal,scenic,landscape,color,outdoors,brown,tan,grass');
INSERT OR IGNORE INTO tags (name) VALUES ('horizontal');
INSERT INTO photo_tags (photo_idx, tag_id) VALUES ((SELECT photo_idx FROM photos WHERE photo_id = 1185), (SELECT tag_id FROM tags WHERE name = 'horizontal'));
INSERT OR IGNORE INTO tags (name) VALUES ('scenic');
INSERT INTO photo_tags (photo_idx, tag_id) VALUES ((SELECT photo_idx FROM photos WHERE photo_id = 1185), (SELECT tag_id FROM tags WHERE name = 'scenic'));
INSERT OR IGNORE INTO tags (name) VALUES ('landscape');
INSERT INTO photo_tags (photo_idx, tag_id) VALUES ((SELECT photo_idx FROM photos WHERE photo_id = 1185), (SELECT tag_id FROM tags WHERE name = 'landscape'));
INSERT OR IGNORE INTO tags (name) VALUES ('color');
INSERT INTO photo_tags (photo_idx, tag_id) VALUES ((SELECT photo_idx FROM photos WHERE photo_id = 1185), (SELECT tag_id FROM tags WHERE name = 'color'));
INSERT OR IGNORE INTO tags (name) VALUES ('outdoors');
INSERT INTO photo_tags (photo_idx, tag_id) VALUES ((SELECT photo_idx FROM photos WHERE photo_id = 1185), (SELECT tag_id FROM tags WHERE name = 'outdoors'));
INSERT OR IGNORE INTO tags (name) VALUES ('brown');
INSERT INTO photo_tags (photo_idx, tag_id) VALUES ((SELECT photo_idx FROM photos WHERE photo_id = 1185), (SELECT tag_id FROM tags WHERE name = 'brown'));
INSERT OR IGNORE INTO tags (name) VALUES ('tan');
INSERT INTO photo_tags (photo_idx, tag_id) VALUES ((SELECT photo_idx FROM photos WHERE photo_id = 1185), (SELECT tag_id FROM tags WHERE name = 'tan'));
INSERT OR IGNORE INTO tags (name) VALUES ('grass');
INSERT INTO photo_tags (photo_idx, tag_id) VALUES ((SELECT photo_idx FROM photos WHERE photo_id = 1185), (SELECT tag_id FROM tags WHERE name = 'grass'));

INSERT INTO photos (photo_id, photo_title, photo_collection, photo_location, photo_year, camera, film_stock, film_format) VALUES (1186, 'Mossy Boulders Cascade', 'Smoky Mountains', 'Smoky Mountains, Tennessee', 1997, 'Nikon', 'Fujichrome Velvia', '35 mm');
INSERT INTO photos_fts (photo_idx, photo_id, photo_title, photo_collection, photo_location, photo_year, camera, film_stock, film_format, tag_names) VALUES ((SELECT photo_idx FROM photos WHERE photo_id = 1186), 1186, 'Mossy Boulders Cascade', 'Smoky Mountains', 'Smoky Mountains, Tennessee', 1997, 'Nikon', 'Fujichrome Velvia', '35 mm', 'vertical,spring,popular,scenic,landscape,color,outdoors,black,green,white,moss,rock,trees,water,waterfall,river,stream');
INSERT OR IGNORE INTO tags (name) VALUES ('vertical');
INSERT INTO photo_tags (photo_idx, tag_id) VALUES ((SELECT photo_idx FROM photos WHERE photo_id = 1186), (SELECT tag_id FROM tags WHERE name = 'vertical'));
INSERT OR IGNORE INTO tags (name) VALUES ('spring');
INSERT INTO photo_tags (photo_idx, tag_id) VALUES ((SELECT photo_idx FROM photos WHERE photo_id = 1186), (SELECT tag_id FROM tags WHERE name = 'spring'));
INSERT OR IGNORE INTO tags (name) VALUES ('popular');
INSERT INTO photo_tags (photo_idx, tag_id) VALUES ((SELECT photo_idx FROM photos WHERE photo_id = 1186), (SELECT tag_id FROM tags WHERE name = 'popular'));
INSERT OR IGNORE INTO tags (name) VALUES ('scenic');
INSERT INTO photo_tags (photo_idx, tag_id) VALUES ((SELECT photo_idx FROM photos WHERE photo_id = 1186), (SELECT tag_id FROM tags WHERE name = 'scenic'));
INSERT OR IGNORE INTO tags (name) VALUES ('landscape');
INSERT INTO photo_tags (photo_idx, tag_id) VALUES ((SELECT photo_idx FROM photos WHERE photo_id = 1186), (SELECT tag_id FROM tags WHERE name = 'landscape'));
INSERT OR IGNORE INTO tags (name) VALUES ('color');
INSERT INTO photo_tags (photo_idx, tag_id) VALUES ((SELECT photo_idx FROM photos WHERE photo_id = 1186), (SELECT tag_id FROM tags WHERE name = 'color'));
INSERT OR IGNORE INTO tags (name) VALUES ('outdoors');
INSERT INTO photo_tags (photo_idx, tag_id) VALUES ((SELECT photo_idx FROM photos WHERE photo_id = 1186), (SELECT tag_id FROM tags WHERE name = 'outdoors'));
INSERT OR IGNORE INTO tags (name) VALUES ('black');
INSERT INTO photo_tags (photo_idx, tag_id) VALUES ((SELECT photo_idx FROM photos WHERE photo_id = 1186), (SELECT tag_id FROM tags WHERE name = 'black'));
INSERT OR IGNORE INTO tags (name) VALUES ('green');
INSERT INTO photo_tags (photo_idx, tag_id) VALUES ((SELECT photo_idx FROM photos WHERE photo_id = 1186), (SELECT tag_id FROM tags WHERE name = 'green'));
INSERT OR IGNORE INTO tags (name) VALUES ('white');
INSERT INTO photo_tags (photo_idx, tag_id) VALUES ((SELECT photo_idx FROM photos WHERE photo_id = 1186), (SELECT tag_id FROM tags WHERE name = 'white'));
INSERT OR IGNORE INTO tags (name) VALUES ('moss');
INSERT INTO photo_tags (photo_idx, tag_id) VALUES ((SELECT photo_idx FROM photos WHERE photo_id = 1186), (SELECT tag_id FROM tags WHERE name = 'moss'));
INSERT OR IGNORE INTO tags (name) VALUES ('rock');
INSERT INTO photo_tags (photo_idx, tag_id) VALUES ((SELECT photo_idx FROM photos WHERE photo_id = 1186), (SELECT tag_id FROM tags WHERE name = 'rock'));
INSERT OR IGNORE INTO tags (name) VALUES ('trees');
INSERT INTO photo_tags (photo_idx, tag_id) VALUES ((SELECT photo_idx FROM photos WHERE photo_id = 1186), (SELECT tag_id FROM tags WHERE name = 'trees'));
INSERT OR IGNORE INTO tags (name) VALUES ('water');
INSERT INTO photo_tags (photo_idx, tag_id) VALUES ((SELECT photo_idx FROM photos WHERE photo_id = 1186), (SELECT tag_id FROM tags WHERE name = 'water'));
INSERT OR IGNORE INTO tags (name) VALUES ('waterfall');
INSERT INTO photo_tags (photo_idx, tag_id) VALUES ((SELECT photo_idx FROM photos WHERE photo_id = 1186), (SELECT tag_id FROM tags WHERE name = 'waterfall'));
INSERT OR IGNORE INTO tags (name) VALUES ('river');
INSERT INTO photo_tags (photo_idx, tag_id) VALUES ((SELECT photo_idx FROM photos WHERE photo_id = 1186), (SELECT tag_id FROM tags WHERE name = 'river'));
INSERT OR IGNORE INTO tags (name) VALUES ('stream');
INSERT INTO photo_tags (photo_idx, tag_id) VALUES ((SELECT photo_idx FROM photos WHERE photo_id = 1186), (SELECT tag_id FROM tags WHERE name = 'stream'));

INSERT INTO photos (photo_id, photo_title, photo_collection, photo_location, photo_year, camera, film_stock, film_format) VALUES (1187, 'Mossy Green Cascade', 'Smoky Mountains', 'Smoky Mountains, Tennessee', 1997, 'Nikon', 'Fujichrome Velvia', '35 mm');
INSERT INTO photos_fts (photo_idx, photo_id, photo_title, photo_collection, photo_location, photo_year, camera, film_stock, film_format, tag_names) VALUES ((SELECT photo_idx FROM photos WHERE photo_id = 1187), 1187, 'Mossy Green Cascade', 'Smoky Mountains', 'Smoky Mountains, Tennessee', 1997, 'Nikon', 'Fujichrome Velvia', '35 mm', 'horizontal,spring,popular,scenic,landscape,color,outdoors,green,white,moss,rock,trees,water,foliage,waterfall,forest,river,stream');
INSERT OR IGNORE INTO tags (name) VALUES ('horizontal');
INSERT INTO photo_tags (photo_idx, tag_id) VALUES ((SELECT photo_idx FROM photos WHERE photo_id = 1187), (SELECT tag_id FROM tags WHERE name = 'horizontal'));
INSERT OR IGNORE INTO tags (name) VALUES ('spring');
INSERT INTO photo_tags (photo_idx, tag_id) VALUES ((SELECT photo_idx FROM photos WHERE photo_id = 1187), (SELECT tag_id FROM tags WHERE name = 'spring'));
INSERT OR IGNORE INTO tags (name) VALUES ('popular');
INSERT INTO photo_tags (photo_idx, tag_id) VALUES ((SELECT photo_idx FROM photos WHERE photo_id = 1187), (SELECT tag_id FROM tags WHERE name = 'popular'));
INSERT OR IGNORE INTO tags (name) VALUES ('scenic');
INSERT INTO photo_tags (photo_idx, tag_id) VALUES ((SELECT photo_idx FROM photos WHERE photo_id = 1187), (SELECT tag_id FROM tags WHERE name = 'scenic'));
INSERT OR IGNORE INTO tags (name) VALUES ('landscape');
INSERT INTO photo_tags (photo_idx, tag_id) VALUES ((SELECT photo_idx FROM photos WHERE photo_id = 1187), (SELECT tag_id FROM tags WHERE name = 'landscape'));
INSERT OR IGNORE INTO tags (name) VALUES ('color');
INSERT INTO photo_tags (photo_idx, tag_id) VALUES ((SELECT photo_idx FROM photos WHERE photo_id = 1187), (SELECT tag_id FROM tags WHERE name = 'color'));
INSERT OR IGNORE INTO tags (name) VALUES ('outdoors');
INSERT INTO photo_tags (photo_idx, tag_id) VALUES ((SELECT photo_idx FROM photos WHERE photo_id = 1187), (SELECT tag_id FROM tags WHERE name = 'outdoors'));
INSERT OR IGNORE INTO tags (name) VALUES ('green');
INSERT INTO photo_tags (photo_idx, tag_id) VALUES ((SELECT photo_idx FROM photos WHERE photo_id = 1187), (SELECT tag_id FROM tags WHERE name = 'green'));
INSERT OR IGNORE INTO tags (name) VALUES ('white');
INSERT INTO photo_tags (photo_idx, tag_id) VALUES ((SELECT photo_idx FROM photos WHERE photo_id = 1187), (SELECT tag_id FROM tags WHERE name = 'white'));
INSERT OR IGNORE INTO tags (name) VALUES ('moss');
INSERT INTO photo_tags (photo_idx, tag_id) VALUES ((SELECT photo_idx FROM photos WHERE photo_id = 1187), (SELECT tag_id FROM tags WHERE name = 'moss'));
INSERT OR IGNORE INTO tags (name) VALUES ('rock');
INSERT INTO photo_tags (photo_idx, tag_id) VALUES ((SELECT photo_idx FROM photos WHERE photo_id = 1187), (SELECT tag_id FROM tags WHERE name = 'rock'));
INSERT OR IGNORE INTO tags (name) VALUES ('trees');
INSERT INTO photo_tags (photo_idx, tag_id) VALUES ((SELECT photo_idx FROM photos WHERE photo_id = 1187), (SELECT tag_id FROM tags WHERE name = 'trees'));
INSERT OR IGNORE INTO tags (name) VALUES ('water');
INSERT INTO photo_tags (photo_idx, tag_id) VALUES ((SELECT photo_idx FROM photos WHERE photo_id = 1187), (SELECT tag_id FROM tags WHERE name = 'water'));
INSERT OR IGNORE INTO tags (name) VALUES ('foliage');
INSERT INTO photo_tags (photo_idx, tag_id) VALUES ((SELECT photo_idx FROM photos WHERE photo_id = 1187), (SELECT tag_id FROM tags WHERE name = 'foliage'));
INSERT OR IGNORE INTO tags (name) VALUES ('waterfall');
INSERT INTO photo_tags (photo_idx, tag_id) VALUES ((SELECT photo_idx FROM photos WHERE photo_id = 1187), (SELECT tag_id FROM tags WHERE name = 'waterfall'));
INSERT OR IGNORE INTO tags (name) VALUES ('forest');
INSERT INTO photo_tags (photo_idx, tag_id) VALUES ((SELECT photo_idx FROM photos WHERE photo_id = 1187), (SELECT tag_id FROM tags WHERE name = 'forest'));
INSERT OR IGNORE INTO tags (name) VALUES ('river');
INSERT INTO photo_tags (photo_idx, tag_id) VALUES ((SELECT photo_idx FROM photos WHERE photo_id = 1187), (SELECT tag_id FROM tags WHERE name = 'river'));
INSERT OR IGNORE INTO tags (name) VALUES ('stream');
INSERT INTO photo_tags (photo_idx, tag_id) VALUES ((SELECT photo_idx FROM photos WHERE photo_id = 1187), (SELECT tag_id FROM tags WHERE name = 'stream'));

INSERT INTO photos (photo_id, photo_title, photo_collection, photo_location, photo_year, camera, film_stock, film_format) VALUES (1188, 'Lower Roaring Fork River', 'Smoky Mountains', 'Smoky Mountains, Tennessee', 1997, 'Nikon', 'Fujichrome Velvia', '35 mm');
INSERT INTO photos_fts (photo_idx, photo_id, photo_title, photo_collection, photo_location, photo_year, camera, film_stock, film_format, tag_names) VALUES ((SELECT photo_idx FROM photos WHERE photo_id = 1188), 1188, 'Lower Roaring Fork River', 'Smoky Mountains', 'Smoky Mountains, Tennessee', 1997, 'Nikon', 'Fujichrome Velvia', '35 mm', 'horizontal,spring,scenic,landscape,color,outdoors,green,white,moss,rock,trees,water,foliage,waterfall,river,stream');
INSERT OR IGNORE INTO tags (name) VALUES ('horizontal');
INSERT INTO photo_tags (photo_idx, tag_id) VALUES ((SELECT photo_idx FROM photos WHERE photo_id = 1188), (SELECT tag_id FROM tags WHERE name = 'horizontal'));
INSERT OR IGNORE INTO tags (name) VALUES ('spring');
INSERT INTO photo_tags (photo_idx, tag_id) VALUES ((SELECT photo_idx FROM photos WHERE photo_id = 1188), (SELECT tag_id FROM tags WHERE name = 'spring'));
INSERT OR IGNORE INTO tags (name) VALUES ('scenic');
INSERT INTO photo_tags (photo_idx, tag_id) VALUES ((SELECT photo_idx FROM photos WHERE photo_id = 1188), (SELECT tag_id FROM tags WHERE name = 'scenic'));
INSERT OR IGNORE INTO tags (name) VALUES ('landscape');
INSERT INTO photo_tags (photo_idx, tag_id) VALUES ((SELECT photo_idx FROM photos WHERE photo_id = 1188), (SELECT tag_id FROM tags WHERE name = 'landscape'));
INSERT OR IGNORE INTO tags (name) VALUES ('color');
INSERT INTO photo_tags (photo_idx, tag_id) VALUES ((SELECT photo_idx FROM photos WHERE photo_id = 1188), (SELECT tag_id FROM tags WHERE name = 'color'));
INSERT OR IGNORE INTO tags (name) VALUES ('outdoors');
INSERT INTO photo_tags (photo_idx, tag_id) VALUES ((SELECT photo_idx FROM photos WHERE photo_id = 1188), (SELECT tag_id FROM tags WHERE name = 'outdoors'));
INSERT OR IGNORE INTO tags (name) VALUES ('green');
INSERT INTO photo_tags (photo_idx, tag_id) VALUES ((SELECT photo_idx FROM photos WHERE photo_id = 1188), (SELECT tag_id FROM tags WHERE name = 'green'));
INSERT OR IGNORE INTO tags (name) VALUES ('white');
INSERT INTO photo_tags (photo_idx, tag_id) VALUES ((SELECT photo_idx FROM photos WHERE photo_id = 1188), (SELECT tag_id FROM tags WHERE name = 'white'));
INSERT OR IGNORE INTO tags (name) VALUES ('moss');
INSERT INTO photo_tags (photo_idx, tag_id) VALUES ((SELECT photo_idx FROM photos WHERE photo_id = 1188), (SELECT tag_id FROM tags WHERE name = 'moss'));
INSERT OR IGNORE INTO tags (name) VALUES ('rock');
INSERT INTO photo_tags (photo_idx, tag_id) VALUES ((SELECT photo_idx FROM photos WHERE photo_id = 1188), (SELECT tag_id FROM tags WHERE name = 'rock'));
INSERT OR IGNORE INTO tags (name) VALUES ('trees');
INSERT INTO photo_tags (photo_idx, tag_id) VALUES ((SELECT photo_idx FROM photos WHERE photo_id = 1188), (SELECT tag_id FROM tags WHERE name = 'trees'));
INSERT OR IGNORE INTO tags (name) VALUES ('water');
INSERT INTO photo_tags (photo_idx, tag_id) VALUES ((SELECT photo_idx FROM photos WHERE photo_id = 1188), (SELECT tag_id FROM tags WHERE name = 'water'));
INSERT OR IGNORE INTO tags (name) VALUES ('foliage');
INSERT INTO photo_tags (photo_idx, tag_id) VALUES ((SELECT photo_idx FROM photos WHERE photo_id = 1188), (SELECT tag_id FROM tags WHERE name = 'foliage'));
INSERT OR IGNORE INTO tags (name) VALUES ('waterfall');
INSERT INTO photo_tags (photo_idx, tag_id) VALUES ((SELECT photo_idx FROM photos WHERE photo_id = 1188), (SELECT tag_id FROM tags WHERE name = 'waterfall'));
INSERT OR IGNORE INTO tags (name) VALUES ('river');
INSERT INTO photo_tags (photo_idx, tag_id) VALUES ((SELECT photo_idx FROM photos WHERE photo_id = 1188), (SELECT tag_id FROM tags WHERE name = 'river'));
INSERT OR IGNORE INTO tags (name) VALUES ('stream');
INSERT INTO photo_tags (photo_idx, tag_id) VALUES ((SELECT photo_idx FROM photos WHERE photo_id = 1188), (SELECT tag_id FROM tags WHERE name = 'stream'));

INSERT INTO photos (photo_id, photo_title, photo_collection, photo_location, photo_year, camera, film_stock, film_format) VALUES (1189, 'Morning Fog and Trees', 'Smoky Mountains', 'Smoky Mountains, Tennessee', 1997, 'Nikon', 'Fujichrome Velvia', '35 mm');
INSERT INTO photos_fts (photo_idx, photo_id, photo_title, photo_collection, photo_location, photo_year, camera, film_stock, film_format, tag_names) VALUES ((SELECT photo_idx FROM photos WHERE photo_id = 1189), 1189, 'Morning Fog and Trees', 'Smoky Mountains', 'Smoky Mountains, Tennessee', 1997, 'Nikon', 'Fujichrome Velvia', '35 mm', 'horizontal,spring,popular,scenic,landscape,color,outdoors,black,gray,fog,trees,forest,mist');
INSERT OR IGNORE INTO tags (name) VALUES ('horizontal');
INSERT INTO photo_tags (photo_idx, tag_id) VALUES ((SELECT photo_idx FROM photos WHERE photo_id = 1189), (SELECT tag_id FROM tags WHERE name = 'horizontal'));
INSERT OR IGNORE INTO tags (name) VALUES ('spring');
INSERT INTO photo_tags (photo_idx, tag_id) VALUES ((SELECT photo_idx FROM photos WHERE photo_id = 1189), (SELECT tag_id FROM tags WHERE name = 'spring'));
INSERT OR IGNORE INTO tags (name) VALUES ('popular');
INSERT INTO photo_tags (photo_idx, tag_id) VALUES ((SELECT photo_idx FROM photos WHERE photo_id = 1189), (SELECT tag_id FROM tags WHERE name = 'popular'));
INSERT OR IGNORE INTO tags (name) VALUES ('scenic');
INSERT INTO photo_tags (photo_idx, tag_id) VALUES ((SELECT photo_idx FROM photos WHERE photo_id = 1189), (SELECT tag_id FROM tags WHERE name = 'scenic'));
INSERT OR IGNORE INTO tags (name) VALUES ('landscape');
INSERT INTO photo_tags (photo_idx, tag_id) VALUES ((SELECT photo_idx FROM photos WHERE photo_id = 1189), (SELECT tag_id FROM tags WHERE name = 'landscape'));
INSERT OR IGNORE INTO tags (name) VALUES ('color');
INSERT INTO photo_tags (photo_idx, tag_id) VALUES ((SELECT photo_idx FROM photos WHERE photo_id = 1189), (SELECT tag_id FROM tags WHERE name = 'color'));
INSERT OR IGNORE INTO tags (name) VALUES ('outdoors');
INSERT INTO photo_tags (photo_idx, tag_id) VALUES ((SELECT photo_idx FROM photos WHERE photo_id = 1189), (SELECT tag_id FROM tags WHERE name = 'outdoors'));
INSERT OR IGNORE INTO tags (name) VALUES ('black');
INSERT INTO photo_tags (photo_idx, tag_id) VALUES ((SELECT photo_idx FROM photos WHERE photo_id = 1189), (SELECT tag_id FROM tags WHERE name = 'black'));
INSERT OR IGNORE INTO tags (name) VALUES ('gray');
INSERT INTO photo_tags (photo_idx, tag_id) VALUES ((SELECT photo_idx FROM photos WHERE photo_id = 1189), (SELECT tag_id FROM tags WHERE name = 'gray'));
INSERT OR IGNORE INTO tags (name) VALUES ('fog');
INSERT INTO photo_tags (photo_idx, tag_id) VALUES ((SELECT photo_idx FROM photos WHERE photo_id = 1189), (SELECT tag_id FROM tags WHERE name = 'fog'));
INSERT OR IGNORE INTO tags (name) VALUES ('trees');
INSERT INTO photo_tags (photo_idx, tag_id) VALUES ((SELECT photo_idx FROM photos WHERE photo_id = 1189), (SELECT tag_id FROM tags WHERE name = 'trees'));
INSERT OR IGNORE INTO tags (name) VALUES ('forest');
INSERT INTO photo_tags (photo_idx, tag_id) VALUES ((SELECT photo_idx FROM photos WHERE photo_id = 1189), (SELECT tag_id FROM tags WHERE name = 'forest'));
INSERT OR IGNORE INTO tags (name) VALUES ('mist');
INSERT INTO photo_tags (photo_idx, tag_id) VALUES ((SELECT photo_idx FROM photos WHERE photo_id = 1189), (SELECT tag_id FROM tags WHERE name = 'mist'));

INSERT INTO photos (photo_id, photo_title, photo_collection, photo_location, photo_year, camera, film_stock, film_format) VALUES (1190, 'Purple Sky and Trees', 'Kentucky', 'Red River Gorge, Kentucky', 1997, 'Nikon', 'Fujichrome Velvia', '35 mm');
INSERT INTO photos_fts (photo_idx, photo_id, photo_title, photo_collection, photo_location, photo_year, camera, film_stock, film_format, tag_names) VALUES ((SELECT photo_idx FROM photos WHERE photo_id = 1190), 1190, 'Purple Sky and Trees', 'Kentucky', 'Red River Gorge, Kentucky', 1997, 'Nikon', 'Fujichrome Velvia', '35 mm', 'horizontal,scenic,landscape,color,outdoors,blue,purple,fog,sky,trees,forest,clouds,mist');
INSERT OR IGNORE INTO tags (name) VALUES ('horizontal');
INSERT INTO photo_tags (photo_idx, tag_id) VALUES ((SELECT photo_idx FROM photos WHERE photo_id = 1190), (SELECT tag_id FROM tags WHERE name = 'horizontal'));
INSERT OR IGNORE INTO tags (name) VALUES ('scenic');
INSERT INTO photo_tags (photo_idx, tag_id) VALUES ((SELECT photo_idx FROM photos WHERE photo_id = 1190), (SELECT tag_id FROM tags WHERE name = 'scenic'));
INSERT OR IGNORE INTO tags (name) VALUES ('landscape');
INSERT INTO photo_tags (photo_idx, tag_id) VALUES ((SELECT photo_idx FROM photos WHERE photo_id = 1190), (SELECT tag_id FROM tags WHERE name = 'landscape'));
INSERT OR IGNORE INTO tags (name) VALUES ('color');
INSERT INTO photo_tags (photo_idx, tag_id) VALUES ((SELECT photo_idx FROM photos WHERE photo_id = 1190), (SELECT tag_id FROM tags WHERE name = 'color'));
INSERT OR IGNORE INTO tags (name) VALUES ('outdoors');
INSERT INTO photo_tags (photo_idx, tag_id) VALUES ((SELECT photo_idx FROM photos WHERE photo_id = 1190), (SELECT tag_id FROM tags WHERE name = 'outdoors'));
INSERT OR IGNORE INTO tags (name) VALUES ('blue');
INSERT INTO photo_tags (photo_idx, tag_id) VALUES ((SELECT photo_idx FROM photos WHERE photo_id = 1190), (SELECT tag_id FROM tags WHERE name = 'blue'));
INSERT OR IGNORE INTO tags (name) VALUES ('purple');
INSERT INTO photo_tags (photo_idx, tag_id) VALUES ((SELECT photo_idx FROM photos WHERE photo_id = 1190), (SELECT tag_id FROM tags WHERE name = 'purple'));
INSERT OR IGNORE INTO tags (name) VALUES ('fog');
INSERT INTO photo_tags (photo_idx, tag_id) VALUES ((SELECT photo_idx FROM photos WHERE photo_id = 1190), (SELECT tag_id FROM tags WHERE name = 'fog'));
INSERT OR IGNORE INTO tags (name) VALUES ('sky');
INSERT INTO photo_tags (photo_idx, tag_id) VALUES ((SELECT photo_idx FROM photos WHERE photo_id = 1190), (SELECT tag_id FROM tags WHERE name = 'sky'));
INSERT OR IGNORE INTO tags (name) VALUES ('trees');
INSERT INTO photo_tags (photo_idx, tag_id) VALUES ((SELECT photo_idx FROM photos WHERE photo_id = 1190), (SELECT tag_id FROM tags WHERE name = 'trees'));
INSERT OR IGNORE INTO tags (name) VALUES ('forest');
INSERT INTO photo_tags (photo_idx, tag_id) VALUES ((SELECT photo_idx FROM photos WHERE photo_id = 1190), (SELECT tag_id FROM tags WHERE name = 'forest'));
INSERT OR IGNORE INTO tags (name) VALUES ('clouds');
INSERT INTO photo_tags (photo_idx, tag_id) VALUES ((SELECT photo_idx FROM photos WHERE photo_id = 1190), (SELECT tag_id FROM tags WHERE name = 'clouds'));
INSERT OR IGNORE INTO tags (name) VALUES ('mist');
INSERT INTO photo_tags (photo_idx, tag_id) VALUES ((SELECT photo_idx FROM photos WHERE photo_id = 1190), (SELECT tag_id FROM tags WHERE name = 'mist'));

INSERT INTO photos (photo_id, photo_title, photo_collection, photo_location, photo_year, camera, film_stock, film_format) VALUES (1191, 'Gentle Creek at Tremont', 'Smoky Mountains', 'Smoky Mountains, Tennessee', 1997, 'Nikon', 'Fujichrome Velvia', '35 mm');
INSERT INTO photos_fts (photo_idx, photo_id, photo_title, photo_collection, photo_location, photo_year, camera, film_stock, film_format, tag_names) VALUES ((SELECT photo_idx FROM photos WHERE photo_id = 1191), 1191, 'Gentle Creek at Tremont', 'Smoky Mountains', 'Smoky Mountains, Tennessee', 1997, 'Nikon', 'Fujichrome Velvia', '35 mm', 'horizontal,spring,scenic,landscape,color,outdoors,green,white,moss,rock,trees,water,foliage,waterfall,forest,river,stream');
INSERT OR IGNORE INTO tags (name) VALUES ('horizontal');
INSERT INTO photo_tags (photo_idx, tag_id) VALUES ((SELECT photo_idx FROM photos WHERE photo_id = 1191), (SELECT tag_id FROM tags WHERE name = 'horizontal'));
INSERT OR IGNORE INTO tags (name) VALUES ('spring');
INSERT INTO photo_tags (photo_idx, tag_id) VALUES ((SELECT photo_idx FROM photos WHERE photo_id = 1191), (SELECT tag_id FROM tags WHERE name = 'spring'));
INSERT OR IGNORE INTO tags (name) VALUES ('scenic');
INSERT INTO photo_tags (photo_idx, tag_id) VALUES ((SELECT photo_idx FROM photos WHERE photo_id = 1191), (SELECT tag_id FROM tags WHERE name = 'scenic'));
INSERT OR IGNORE INTO tags (name) VALUES ('landscape');
INSERT INTO photo_tags (photo_idx, tag_id) VALUES ((SELECT photo_idx FROM photos WHERE photo_id = 1191), (SELECT tag_id FROM tags WHERE name = 'landscape'));
INSERT OR IGNORE INTO tags (name) VALUES ('color');
INSERT INTO photo_tags (photo_idx, tag_id) VALUES ((SELECT photo_idx FROM photos WHERE photo_id = 1191), (SELECT tag_id FROM tags WHERE name = 'color'));
INSERT OR IGNORE INTO tags (name) VALUES ('outdoors');
INSERT INTO photo_tags (photo_idx, tag_id) VALUES ((SELECT photo_idx FROM photos WHERE photo_id = 1191), (SELECT tag_id FROM tags WHERE name = 'outdoors'));
INSERT OR IGNORE INTO tags (name) VALUES ('green');
INSERT INTO photo_tags (photo_idx, tag_id) VALUES ((SELECT photo_idx FROM photos WHERE photo_id = 1191), (SELECT tag_id FROM tags WHERE name = 'green'));
INSERT OR IGNORE INTO tags (name) VALUES ('white');
INSERT INTO photo_tags (photo_idx, tag_id) VALUES ((SELECT photo_idx FROM photos WHERE photo_id = 1191), (SELECT tag_id FROM tags WHERE name = 'white'));
INSERT OR IGNORE INTO tags (name) VALUES ('moss');
INSERT INTO photo_tags (photo_idx, tag_id) VALUES ((SELECT photo_idx FROM photos WHERE photo_id = 1191), (SELECT tag_id FROM tags WHERE name = 'moss'));
INSERT OR IGNORE INTO tags (name) VALUES ('rock');
INSERT INTO photo_tags (photo_idx, tag_id) VALUES ((SELECT photo_idx FROM photos WHERE photo_id = 1191), (SELECT tag_id FROM tags WHERE name = 'rock'));
INSERT OR IGNORE INTO tags (name) VALUES ('trees');
INSERT INTO photo_tags (photo_idx, tag_id) VALUES ((SELECT photo_idx FROM photos WHERE photo_id = 1191), (SELECT tag_id FROM tags WHERE name = 'trees'));
INSERT OR IGNORE INTO tags (name) VALUES ('water');
INSERT INTO photo_tags (photo_idx, tag_id) VALUES ((SELECT photo_idx FROM photos WHERE photo_id = 1191), (SELECT tag_id FROM tags WHERE name = 'water'));
INSERT OR IGNORE INTO tags (name) VALUES ('foliage');
INSERT INTO photo_tags (photo_idx, tag_id) VALUES ((SELECT photo_idx FROM photos WHERE photo_id = 1191), (SELECT tag_id FROM tags WHERE name = 'foliage'));
INSERT OR IGNORE INTO tags (name) VALUES ('waterfall');
INSERT INTO photo_tags (photo_idx, tag_id) VALUES ((SELECT photo_idx FROM photos WHERE photo_id = 1191), (SELECT tag_id FROM tags WHERE name = 'waterfall'));
INSERT OR IGNORE INTO tags (name) VALUES ('forest');
INSERT INTO photo_tags (photo_idx, tag_id) VALUES ((SELECT photo_idx FROM photos WHERE photo_id = 1191), (SELECT tag_id FROM tags WHERE name = 'forest'));
INSERT OR IGNORE INTO tags (name) VALUES ('river');
INSERT INTO photo_tags (photo_idx, tag_id) VALUES ((SELECT photo_idx FROM photos WHERE photo_id = 1191), (SELECT tag_id FROM tags WHERE name = 'river'));
INSERT OR IGNORE INTO tags (name) VALUES ('stream');
INSERT INTO photo_tags (photo_idx, tag_id) VALUES ((SELECT photo_idx FROM photos WHERE photo_id = 1191), (SELECT tag_id FROM tags WHERE name = 'stream'));

INSERT INTO photos (photo_id, photo_title, photo_collection, photo_location, photo_year, camera, film_stock, film_format) VALUES (1192, 'Redbud and Dogwood', 'Kentucky', 'Red River Gorge, Kentucky', 1997, 'Nikon', 'Fujichrome Velvia', '35 mm');
INSERT INTO photos_fts (photo_idx, photo_id, photo_title, photo_collection, photo_location, photo_year, camera, film_stock, film_format, tag_names) VALUES ((SELECT photo_idx FROM photos WHERE photo_id = 1192), 1192, 'Redbud and Dogwood', 'Kentucky', 'Red River Gorge, Kentucky', 1997, 'Nikon', 'Fujichrome Velvia', '35 mm', 'horizontal,spring,popular,scenic,landscape,color,outdoors,gray,pink,fog,trees,forest,mist,blossoms,dogwood');
INSERT OR IGNORE INTO tags (name) VALUES ('horizontal');
INSERT INTO photo_tags (photo_idx, tag_id) VALUES ((SELECT photo_idx FROM photos WHERE photo_id = 1192), (SELECT tag_id FROM tags WHERE name = 'horizontal'));
INSERT OR IGNORE INTO tags (name) VALUES ('spring');
INSERT INTO photo_tags (photo_idx, tag_id) VALUES ((SELECT photo_idx FROM photos WHERE photo_id = 1192), (SELECT tag_id FROM tags WHERE name = 'spring'));
INSERT OR IGNORE INTO tags (name) VALUES ('popular');
INSERT INTO photo_tags (photo_idx, tag_id) VALUES ((SELECT photo_idx FROM photos WHERE photo_id = 1192), (SELECT tag_id FROM tags WHERE name = 'popular'));
INSERT OR IGNORE INTO tags (name) VALUES ('scenic');
INSERT INTO photo_tags (photo_idx, tag_id) VALUES ((SELECT photo_idx FROM photos WHERE photo_id = 1192), (SELECT tag_id FROM tags WHERE name = 'scenic'));
INSERT OR IGNORE INTO tags (name) VALUES ('landscape');
INSERT INTO photo_tags (photo_idx, tag_id) VALUES ((SELECT photo_idx FROM photos WHERE photo_id = 1192), (SELECT tag_id FROM tags WHERE name = 'landscape'));
INSERT OR IGNORE INTO tags (name) VALUES ('color');
INSERT INTO photo_tags (photo_idx, tag_id) VALUES ((SELECT photo_idx FROM photos WHERE photo_id = 1192), (SELECT tag_id FROM tags WHERE name = 'color'));
INSERT OR IGNORE INTO tags (name) VALUES ('outdoors');
INSERT INTO photo_tags (photo_idx, tag_id) VALUES ((SELECT photo_idx FROM photos WHERE photo_id = 1192), (SELECT tag_id FROM tags WHERE name = 'outdoors'));
INSERT OR IGNORE INTO tags (name) VALUES ('gray');
INSERT INTO photo_tags (photo_idx, tag_id) VALUES ((SELECT photo_idx FROM photos WHERE photo_id = 1192), (SELECT tag_id FROM tags WHERE name = 'gray'));
INSERT OR IGNORE INTO tags (name) VALUES ('pink');
INSERT INTO photo_tags (photo_idx, tag_id) VALUES ((SELECT photo_idx FROM photos WHERE photo_id = 1192), (SELECT tag_id FROM tags WHERE name = 'pink'));
INSERT OR IGNORE INTO tags (name) VALUES ('fog');
INSERT INTO photo_tags (photo_idx, tag_id) VALUES ((SELECT photo_idx FROM photos WHERE photo_id = 1192), (SELECT tag_id FROM tags WHERE name = 'fog'));
INSERT OR IGNORE INTO tags (name) VALUES ('trees');
INSERT INTO photo_tags (photo_idx, tag_id) VALUES ((SELECT photo_idx FROM photos WHERE photo_id = 1192), (SELECT tag_id FROM tags WHERE name = 'trees'));
INSERT OR IGNORE INTO tags (name) VALUES ('forest');
INSERT INTO photo_tags (photo_idx, tag_id) VALUES ((SELECT photo_idx FROM photos WHERE photo_id = 1192), (SELECT tag_id FROM tags WHERE name = 'forest'));
INSERT OR IGNORE INTO tags (name) VALUES ('mist');
INSERT INTO photo_tags (photo_idx, tag_id) VALUES ((SELECT photo_idx FROM photos WHERE photo_id = 1192), (SELECT tag_id FROM tags WHERE name = 'mist'));
INSERT OR IGNORE INTO tags (name) VALUES ('blossoms');
INSERT INTO photo_tags (photo_idx, tag_id) VALUES ((SELECT photo_idx FROM photos WHERE photo_id = 1192), (SELECT tag_id FROM tags WHERE name = 'blossoms'));
INSERT OR IGNORE INTO tags (name) VALUES ('dogwood');
INSERT INTO photo_tags (photo_idx, tag_id) VALUES ((SELECT photo_idx FROM photos WHERE photo_id = 1192), (SELECT tag_id FROM tags WHERE name = 'dogwood'));

INSERT INTO photos (photo_id, photo_title, photo_collection, photo_location, photo_year, camera, film_stock, film_format) VALUES (1193, 'Misty Morning', 'Smoky Mountains', 'Smoky Mountains, Tennessee', 1997, 'Nikon', 'Fujichrome Velvia', '35 mm');
INSERT INTO photos_fts (photo_idx, photo_id, photo_title, photo_collection, photo_location, photo_year, camera, film_stock, film_format, tag_names) VALUES ((SELECT photo_idx FROM photos WHERE photo_id = 1193), 1193, 'Misty Morning', 'Smoky Mountains', 'Smoky Mountains, Tennessee', 1997, 'Nikon', 'Fujichrome Velvia', '35 mm', 'horizontal,scenic,landscape,color,outdoors,gray,green,fog,trees,forest,mist');
INSERT OR IGNORE INTO tags (name) VALUES ('horizontal');
INSERT INTO photo_tags (photo_idx, tag_id) VALUES ((SELECT photo_idx FROM photos WHERE photo_id = 1193), (SELECT tag_id FROM tags WHERE name = 'horizontal'));
INSERT OR IGNORE INTO tags (name) VALUES ('scenic');
INSERT INTO photo_tags (photo_idx, tag_id) VALUES ((SELECT photo_idx FROM photos WHERE photo_id = 1193), (SELECT tag_id FROM tags WHERE name = 'scenic'));
INSERT OR IGNORE INTO tags (name) VALUES ('landscape');
INSERT INTO photo_tags (photo_idx, tag_id) VALUES ((SELECT photo_idx FROM photos WHERE photo_id = 1193), (SELECT tag_id FROM tags WHERE name = 'landscape'));
INSERT OR IGNORE INTO tags (name) VALUES ('color');
INSERT INTO photo_tags (photo_idx, tag_id) VALUES ((SELECT photo_idx FROM photos WHERE photo_id = 1193), (SELECT tag_id FROM tags WHERE name = 'color'));
INSERT OR IGNORE INTO tags (name) VALUES ('outdoors');
INSERT INTO photo_tags (photo_idx, tag_id) VALUES ((SELECT photo_idx FROM photos WHERE photo_id = 1193), (SELECT tag_id FROM tags WHERE name = 'outdoors'));
INSERT OR IGNORE INTO tags (name) VALUES ('gray');
INSERT INTO photo_tags (photo_idx, tag_id) VALUES ((SELECT photo_idx FROM photos WHERE photo_id = 1193), (SELECT tag_id FROM tags WHERE name = 'gray'));
INSERT OR IGNORE INTO tags (name) VALUES ('green');
INSERT INTO photo_tags (photo_idx, tag_id) VALUES ((SELECT photo_idx FROM photos WHERE photo_id = 1193), (SELECT tag_id FROM tags WHERE name = 'green'));
INSERT OR IGNORE INTO tags (name) VALUES ('fog');
INSERT INTO photo_tags (photo_idx, tag_id) VALUES ((SELECT photo_idx FROM photos WHERE photo_id = 1193), (SELECT tag_id FROM tags WHERE name = 'fog'));
INSERT OR IGNORE INTO tags (name) VALUES ('trees');
INSERT INTO photo_tags (photo_idx, tag_id) VALUES ((SELECT photo_idx FROM photos WHERE photo_id = 1193), (SELECT tag_id FROM tags WHERE name = 'trees'));
INSERT OR IGNORE INTO tags (name) VALUES ('forest');
INSERT INTO photo_tags (photo_idx, tag_id) VALUES ((SELECT photo_idx FROM photos WHERE photo_id = 1193), (SELECT tag_id FROM tags WHERE name = 'forest'));
INSERT OR IGNORE INTO tags (name) VALUES ('mist');
INSERT INTO photo_tags (photo_idx, tag_id) VALUES ((SELECT photo_idx FROM photos WHERE photo_id = 1193), (SELECT tag_id FROM tags WHERE name = 'mist'));

INSERT INTO photos (photo_id, photo_title, photo_collection, photo_location, photo_year, camera, film_stock, film_format) VALUES (1194, 'Pond Lily', 'Pacific Northwest', 'Oregon', 1997, 'Hasselblad', 'Fujichrome Velvia', '6 x 6 cm');
INSERT INTO photos_fts (photo_idx, photo_id, photo_title, photo_collection, photo_location, photo_year, camera, film_stock, film_format, tag_names) VALUES ((SELECT photo_idx FROM photos WHERE photo_id = 1194), 1194, 'Pond Lily', 'Pacific Northwest', 'Oregon', 1997, 'Hasselblad', 'Fujichrome Velvia', '6 x 6 cm', 'horizontal,spring,popular,closeup,landscape,color,outdoors,black,green,yellow,flowers,leaf,water,blossoms,lily');
INSERT OR IGNORE INTO tags (name) VALUES ('horizontal');
INSERT INTO photo_tags (photo_idx, tag_id) VALUES ((SELECT photo_idx FROM photos WHERE photo_id = 1194), (SELECT tag_id FROM tags WHERE name = 'horizontal'));
INSERT OR IGNORE INTO tags (name) VALUES ('spring');
INSERT INTO photo_tags (photo_idx, tag_id) VALUES ((SELECT photo_idx FROM photos WHERE photo_id = 1194), (SELECT tag_id FROM tags WHERE name = 'spring'));
INSERT OR IGNORE INTO tags (name) VALUES ('popular');
INSERT INTO photo_tags (photo_idx, tag_id) VALUES ((SELECT photo_idx FROM photos WHERE photo_id = 1194), (SELECT tag_id FROM tags WHERE name = 'popular'));
INSERT OR IGNORE INTO tags (name) VALUES ('closeup');
INSERT INTO photo_tags (photo_idx, tag_id) VALUES ((SELECT photo_idx FROM photos WHERE photo_id = 1194), (SELECT tag_id FROM tags WHERE name = 'closeup'));
INSERT OR IGNORE INTO tags (name) VALUES ('landscape');
INSERT INTO photo_tags (photo_idx, tag_id) VALUES ((SELECT photo_idx FROM photos WHERE photo_id = 1194), (SELECT tag_id FROM tags WHERE name = 'landscape'));
INSERT OR IGNORE INTO tags (name) VALUES ('color');
INSERT INTO photo_tags (photo_idx, tag_id) VALUES ((SELECT photo_idx FROM photos WHERE photo_id = 1194), (SELECT tag_id FROM tags WHERE name = 'color'));
INSERT OR IGNORE INTO tags (name) VALUES ('outdoors');
INSERT INTO photo_tags (photo_idx, tag_id) VALUES ((SELECT photo_idx FROM photos WHERE photo_id = 1194), (SELECT tag_id FROM tags WHERE name = 'outdoors'));
INSERT OR IGNORE INTO tags (name) VALUES ('black');
INSERT INTO photo_tags (photo_idx, tag_id) VALUES ((SELECT photo_idx FROM photos WHERE photo_id = 1194), (SELECT tag_id FROM tags WHERE name = 'black'));
INSERT OR IGNORE INTO tags (name) VALUES ('green');
INSERT INTO photo_tags (photo_idx, tag_id) VALUES ((SELECT photo_idx FROM photos WHERE photo_id = 1194), (SELECT tag_id FROM tags WHERE name = 'green'));
INSERT OR IGNORE INTO tags (name) VALUES ('yellow');
INSERT INTO photo_tags (photo_idx, tag_id) VALUES ((SELECT photo_idx FROM photos WHERE photo_id = 1194), (SELECT tag_id FROM tags WHERE name = 'yellow'));
INSERT OR IGNORE INTO tags (name) VALUES ('flowers');
INSERT INTO photo_tags (photo_idx, tag_id) VALUES ((SELECT photo_idx FROM photos WHERE photo_id = 1194), (SELECT tag_id FROM tags WHERE name = 'flowers'));
INSERT OR IGNORE INTO tags (name) VALUES ('leaf');
INSERT INTO photo_tags (photo_idx, tag_id) VALUES ((SELECT photo_idx FROM photos WHERE photo_id = 1194), (SELECT tag_id FROM tags WHERE name = 'leaf'));
INSERT OR IGNORE INTO tags (name) VALUES ('water');
INSERT INTO photo_tags (photo_idx, tag_id) VALUES ((SELECT photo_idx FROM photos WHERE photo_id = 1194), (SELECT tag_id FROM tags WHERE name = 'water'));
INSERT OR IGNORE INTO tags (name) VALUES ('blossoms');
INSERT INTO photo_tags (photo_idx, tag_id) VALUES ((SELECT photo_idx FROM photos WHERE photo_id = 1194), (SELECT tag_id FROM tags WHERE name = 'blossoms'));
INSERT OR IGNORE INTO tags (name) VALUES ('lily');
INSERT INTO photo_tags (photo_idx, tag_id) VALUES ((SELECT photo_idx FROM photos WHERE photo_id = 1194), (SELECT tag_id FROM tags WHERE name = 'lily'));

INSERT INTO photos (photo_id, photo_title, photo_collection, photo_location, photo_year, camera, film_stock, film_format) VALUES (1197, 'Curved Sand Ridge', 'Pacific Northwest', 'Oregon Coast', 1997, 'Hasselblad', 'Fujichrome Velvia', '6 x 6 cm');
INSERT INTO photos_fts (photo_idx, photo_id, photo_title, photo_collection, photo_location, photo_year, camera, film_stock, film_format, tag_names) VALUES ((SELECT photo_idx FROM photos WHERE photo_id = 1197), 1197, 'Curved Sand Ridge', 'Pacific Northwest', 'Oregon Coast', 1997, 'Hasselblad', 'Fujichrome Velvia', '6 x 6 cm', 'vertical,popular,closeup,abstract,landscape,color,outdoors,brown,purple,sand,sunset,water,beach,coast');
INSERT OR IGNORE INTO tags (name) VALUES ('vertical');
INSERT INTO photo_tags (photo_idx, tag_id) VALUES ((SELECT photo_idx FROM photos WHERE photo_id = 1197), (SELECT tag_id FROM tags WHERE name = 'vertical'));
INSERT OR IGNORE INTO tags (name) VALUES ('popular');
INSERT INTO photo_tags (photo_idx, tag_id) VALUES ((SELECT photo_idx FROM photos WHERE photo_id = 1197), (SELECT tag_id FROM tags WHERE name = 'popular'));
INSERT OR IGNORE INTO tags (name) VALUES ('closeup');
INSERT INTO photo_tags (photo_idx, tag_id) VALUES ((SELECT photo_idx FROM photos WHERE photo_id = 1197), (SELECT tag_id FROM tags WHERE name = 'closeup'));
INSERT OR IGNORE INTO tags (name) VALUES ('abstract');
INSERT INTO photo_tags (photo_idx, tag_id) VALUES ((SELECT photo_idx FROM photos WHERE photo_id = 1197), (SELECT tag_id FROM tags WHERE name = 'abstract'));
INSERT OR IGNORE INTO tags (name) VALUES ('landscape');
INSERT INTO photo_tags (photo_idx, tag_id) VALUES ((SELECT photo_idx FROM photos WHERE photo_id = 1197), (SELECT tag_id FROM tags WHERE name = 'landscape'));
INSERT OR IGNORE INTO tags (name) VALUES ('color');
INSERT INTO photo_tags (photo_idx, tag_id) VALUES ((SELECT photo_idx FROM photos WHERE photo_id = 1197), (SELECT tag_id FROM tags WHERE name = 'color'));
INSERT OR IGNORE INTO tags (name) VALUES ('outdoors');
INSERT INTO photo_tags (photo_idx, tag_id) VALUES ((SELECT photo_idx FROM photos WHERE photo_id = 1197), (SELECT tag_id FROM tags WHERE name = 'outdoors'));
INSERT OR IGNORE INTO tags (name) VALUES ('brown');
INSERT INTO photo_tags (photo_idx, tag_id) VALUES ((SELECT photo_idx FROM photos WHERE photo_id = 1197), (SELECT tag_id FROM tags WHERE name = 'brown'));
INSERT OR IGNORE INTO tags (name) VALUES ('purple');
INSERT INTO photo_tags (photo_idx, tag_id) VALUES ((SELECT photo_idx FROM photos WHERE photo_id = 1197), (SELECT tag_id FROM tags WHERE name = 'purple'));
INSERT OR IGNORE INTO tags (name) VALUES ('sand');
INSERT INTO photo_tags (photo_idx, tag_id) VALUES ((SELECT photo_idx FROM photos WHERE photo_id = 1197), (SELECT tag_id FROM tags WHERE name = 'sand'));
INSERT OR IGNORE INTO tags (name) VALUES ('sunset');
INSERT INTO photo_tags (photo_idx, tag_id) VALUES ((SELECT photo_idx FROM photos WHERE photo_id = 1197), (SELECT tag_id FROM tags WHERE name = 'sunset'));
INSERT OR IGNORE INTO tags (name) VALUES ('water');
INSERT INTO photo_tags (photo_idx, tag_id) VALUES ((SELECT photo_idx FROM photos WHERE photo_id = 1197), (SELECT tag_id FROM tags WHERE name = 'water'));
INSERT OR IGNORE INTO tags (name) VALUES ('beach');
INSERT INTO photo_tags (photo_idx, tag_id) VALUES ((SELECT photo_idx FROM photos WHERE photo_id = 1197), (SELECT tag_id FROM tags WHERE name = 'beach'));
INSERT OR IGNORE INTO tags (name) VALUES ('coast');
INSERT INTO photo_tags (photo_idx, tag_id) VALUES ((SELECT photo_idx FROM photos WHERE photo_id = 1197), (SELECT tag_id FROM tags WHERE name = 'coast'));

INSERT INTO photos (photo_id, photo_title, photo_collection, photo_location, photo_year, camera, film_stock, film_format) VALUES (1198, 'Sunset at Coquille Point', 'Pacific Northwest', 'Oregon Coast', 1997, 'Hasselblad', 'Fujichrome Velvia', '6 x 6 cm');
INSERT INTO photos_fts (photo_idx, photo_id, photo_title, photo_collection, photo_location, photo_year, camera, film_stock, film_format, tag_names) VALUES ((SELECT photo_idx FROM photos WHERE photo_id = 1198), 1198, 'Sunset at Coquille Point', 'Pacific Northwest', 'Oregon Coast', 1997, 'Hasselblad', 'Fujichrome Velvia', '6 x 6 cm', 'vertical,popular,scenic,landscape,color,outdoors,black,orange,red,yellow,rock,sky,sunset,water,ocean,river,beach,coast,sea stack');
INSERT OR IGNORE INTO tags (name) VALUES ('vertical');
INSERT INTO photo_tags (photo_idx, tag_id) VALUES ((SELECT photo_idx FROM photos WHERE photo_id = 1198), (SELECT tag_id FROM tags WHERE name = 'vertical'));
INSERT OR IGNORE INTO tags (name) VALUES ('popular');
INSERT INTO photo_tags (photo_idx, tag_id) VALUES ((SELECT photo_idx FROM photos WHERE photo_id = 1198), (SELECT tag_id FROM tags WHERE name = 'popular'));
INSERT OR IGNORE INTO tags (name) VALUES ('scenic');
INSERT INTO photo_tags (photo_idx, tag_id) VALUES ((SELECT photo_idx FROM photos WHERE photo_id = 1198), (SELECT tag_id FROM tags WHERE name = 'scenic'));
INSERT OR IGNORE INTO tags (name) VALUES ('landscape');
INSERT INTO photo_tags (photo_idx, tag_id) VALUES ((SELECT photo_idx FROM photos WHERE photo_id = 1198), (SELECT tag_id FROM tags WHERE name = 'landscape'));
INSERT OR IGNORE INTO tags (name) VALUES ('color');
INSERT INTO photo_tags (photo_idx, tag_id) VALUES ((SELECT photo_idx FROM photos WHERE photo_id = 1198), (SELECT tag_id FROM tags WHERE name = 'color'));
INSERT OR IGNORE INTO tags (name) VALUES ('outdoors');
INSERT INTO photo_tags (photo_idx, tag_id) VALUES ((SELECT photo_idx FROM photos WHERE photo_id = 1198), (SELECT tag_id FROM tags WHERE name = 'outdoors'));
INSERT OR IGNORE INTO tags (name) VALUES ('black');
INSERT INTO photo_tags (photo_idx, tag_id) VALUES ((SELECT photo_idx FROM photos WHERE photo_id = 1198), (SELECT tag_id FROM tags WHERE name = 'black'));
INSERT OR IGNORE INTO tags (name) VALUES ('orange');
INSERT INTO photo_tags (photo_idx, tag_id) VALUES ((SELECT photo_idx FROM photos WHERE photo_id = 1198), (SELECT tag_id FROM tags WHERE name = 'orange'));
INSERT OR IGNORE INTO tags (name) VALUES ('red');
INSERT INTO photo_tags (photo_idx, tag_id) VALUES ((SELECT photo_idx FROM photos WHERE photo_id = 1198), (SELECT tag_id FROM tags WHERE name = 'red'));
INSERT OR IGNORE INTO tags (name) VALUES ('yellow');
INSERT INTO photo_tags (photo_idx, tag_id) VALUES ((SELECT photo_idx FROM photos WHERE photo_id = 1198), (SELECT tag_id FROM tags WHERE name = 'yellow'));
INSERT OR IGNORE INTO tags (name) VALUES ('rock');
INSERT INTO photo_tags (photo_idx, tag_id) VALUES ((SELECT photo_idx FROM photos WHERE photo_id = 1198), (SELECT tag_id FROM tags WHERE name = 'rock'));
INSERT OR IGNORE INTO tags (name) VALUES ('sky');
INSERT INTO photo_tags (photo_idx, tag_id) VALUES ((SELECT photo_idx FROM photos WHERE photo_id = 1198), (SELECT tag_id FROM tags WHERE name = 'sky'));
INSERT OR IGNORE INTO tags (name) VALUES ('sunset');
INSERT INTO photo_tags (photo_idx, tag_id) VALUES ((SELECT photo_idx FROM photos WHERE photo_id = 1198), (SELECT tag_id FROM tags WHERE name = 'sunset'));
INSERT OR IGNORE INTO tags (name) VALUES ('water');
INSERT INTO photo_tags (photo_idx, tag_id) VALUES ((SELECT photo_idx FROM photos WHERE photo_id = 1198), (SELECT tag_id FROM tags WHERE name = 'water'));
INSERT OR IGNORE INTO tags (name) VALUES ('ocean');
INSERT INTO photo_tags (photo_idx, tag_id) VALUES ((SELECT photo_idx FROM photos WHERE photo_id = 1198), (SELECT tag_id FROM tags WHERE name = 'ocean'));
INSERT OR IGNORE INTO tags (name) VALUES ('river');
INSERT INTO photo_tags (photo_idx, tag_id) VALUES ((SELECT photo_idx FROM photos WHERE photo_id = 1198), (SELECT tag_id FROM tags WHERE name = 'river'));
INSERT OR IGNORE INTO tags (name) VALUES ('beach');
INSERT INTO photo_tags (photo_idx, tag_id) VALUES ((SELECT photo_idx FROM photos WHERE photo_id = 1198), (SELECT tag_id FROM tags WHERE name = 'beach'));
INSERT OR IGNORE INTO tags (name) VALUES ('coast');
INSERT INTO photo_tags (photo_idx, tag_id) VALUES ((SELECT photo_idx FROM photos WHERE photo_id = 1198), (SELECT tag_id FROM tags WHERE name = 'coast'));
INSERT OR IGNORE INTO tags (name) VALUES ('sea stack');
INSERT INTO photo_tags (photo_idx, tag_id) VALUES ((SELECT photo_idx FROM photos WHERE photo_id = 1198), (SELECT tag_id FROM tags WHERE name = 'sea stack'));

INSERT INTO photos (photo_id, photo_title, photo_collection, photo_location, photo_year, camera, film_stock, film_format) VALUES (1199, 'Waterfall at Columbia Gorge', 'Pacific Northwest', 'Columbia Gorge, Oregon', 1997, 'Hasselblad', 'Fujichrome Velvia', '6 x 6 cm');
INSERT INTO photos_fts (photo_idx, photo_id, photo_title, photo_collection, photo_location, photo_year, camera, film_stock, film_format, tag_names) VALUES ((SELECT photo_idx FROM photos WHERE photo_id = 1199), 1199, 'Waterfall at Columbia Gorge', 'Pacific Northwest', 'Columbia Gorge, Oregon', 1997, 'Hasselblad', 'Fujichrome Velvia', '6 x 6 cm', 'vertical,spring,scenic,landscape,color,outdoors,green,white,moss,water,waterfall');
INSERT OR IGNORE INTO tags (name) VALUES ('vertical');
INSERT INTO photo_tags (photo_idx, tag_id) VALUES ((SELECT photo_idx FROM photos WHERE photo_id = 1199), (SELECT tag_id FROM tags WHERE name = 'vertical'));
INSERT OR IGNORE INTO tags (name) VALUES ('spring');
INSERT INTO photo_tags (photo_idx, tag_id) VALUES ((SELECT photo_idx FROM photos WHERE photo_id = 1199), (SELECT tag_id FROM tags WHERE name = 'spring'));
INSERT OR IGNORE INTO tags (name) VALUES ('scenic');
INSERT INTO photo_tags (photo_idx, tag_id) VALUES ((SELECT photo_idx FROM photos WHERE photo_id = 1199), (SELECT tag_id FROM tags WHERE name = 'scenic'));
INSERT OR IGNORE INTO tags (name) VALUES ('landscape');
INSERT INTO photo_tags (photo_idx, tag_id) VALUES ((SELECT photo_idx FROM photos WHERE photo_id = 1199), (SELECT tag_id FROM tags WHERE name = 'landscape'));
INSERT OR IGNORE INTO tags (name) VALUES ('color');
INSERT INTO photo_tags (photo_idx, tag_id) VALUES ((SELECT photo_idx FROM photos WHERE photo_id = 1199), (SELECT tag_id FROM tags WHERE name = 'color'));
INSERT OR IGNORE INTO tags (name) VALUES ('outdoors');
INSERT INTO photo_tags (photo_idx, tag_id) VALUES ((SELECT photo_idx FROM photos WHERE photo_id = 1199), (SELECT tag_id FROM tags WHERE name = 'outdoors'));
INSERT OR IGNORE INTO tags (name) VALUES ('green');
INSERT INTO photo_tags (photo_idx, tag_id) VALUES ((SELECT photo_idx FROM photos WHERE photo_id = 1199), (SELECT tag_id FROM tags WHERE name = 'green'));
INSERT OR IGNORE INTO tags (name) VALUES ('white');
INSERT INTO photo_tags (photo_idx, tag_id) VALUES ((SELECT photo_idx FROM photos WHERE photo_id = 1199), (SELECT tag_id FROM tags WHERE name = 'white'));
INSERT OR IGNORE INTO tags (name) VALUES ('moss');
INSERT INTO photo_tags (photo_idx, tag_id) VALUES ((SELECT photo_idx FROM photos WHERE photo_id = 1199), (SELECT tag_id FROM tags WHERE name = 'moss'));
INSERT OR IGNORE INTO tags (name) VALUES ('water');
INSERT INTO photo_tags (photo_idx, tag_id) VALUES ((SELECT photo_idx FROM photos WHERE photo_id = 1199), (SELECT tag_id FROM tags WHERE name = 'water'));
INSERT OR IGNORE INTO tags (name) VALUES ('waterfall');
INSERT INTO photo_tags (photo_idx, tag_id) VALUES ((SELECT photo_idx FROM photos WHERE photo_id = 1199), (SELECT tag_id FROM tags WHERE name = 'waterfall'));

INSERT INTO photos (photo_id, photo_title, photo_collection, photo_location, photo_year, camera, film_stock, film_format) VALUES (1201, 'Bogachiel State Park', 'Pacific Northwest', 'Olympic Peninsula, Washington', 1997, 'Hasselblad', 'Fujichrome Velvia', '6 x 6 cm');
INSERT INTO photos_fts (photo_idx, photo_id, photo_title, photo_collection, photo_location, photo_year, camera, film_stock, film_format, tag_names) VALUES ((SELECT photo_idx FROM photos WHERE photo_id = 1201), 1201, 'Bogachiel State Park', 'Pacific Northwest', 'Olympic Peninsula, Washington', 1997, 'Hasselblad', 'Fujichrome Velvia', '6 x 6 cm', 'vertical,spring,popular,scenic,landscape,color,outdoors,green,ferns,moss,trees,foliage,forest,rainforest');
INSERT OR IGNORE INTO tags (name) VALUES ('vertical');
INSERT INTO photo_tags (photo_idx, tag_id) VALUES ((SELECT photo_idx FROM photos WHERE photo_id = 1201), (SELECT tag_id FROM tags WHERE name = 'vertical'));
INSERT OR IGNORE INTO tags (name) VALUES ('spring');
INSERT INTO photo_tags (photo_idx, tag_id) VALUES ((SELECT photo_idx FROM photos WHERE photo_id = 1201), (SELECT tag_id FROM tags WHERE name = 'spring'));
INSERT OR IGNORE INTO tags (name) VALUES ('popular');
INSERT INTO photo_tags (photo_idx, tag_id) VALUES ((SELECT photo_idx FROM photos WHERE photo_id = 1201), (SELECT tag_id FROM tags WHERE name = 'popular'));
INSERT OR IGNORE INTO tags (name) VALUES ('scenic');
INSERT INTO photo_tags (photo_idx, tag_id) VALUES ((SELECT photo_idx FROM photos WHERE photo_id = 1201), (SELECT tag_id FROM tags WHERE name = 'scenic'));
INSERT OR IGNORE INTO tags (name) VALUES ('landscape');
INSERT INTO photo_tags (photo_idx, tag_id) VALUES ((SELECT photo_idx FROM photos WHERE photo_id = 1201), (SELECT tag_id FROM tags WHERE name = 'landscape'));
INSERT OR IGNORE INTO tags (name) VALUES ('color');
INSERT INTO photo_tags (photo_idx, tag_id) VALUES ((SELECT photo_idx FROM photos WHERE photo_id = 1201), (SELECT tag_id FROM tags WHERE name = 'color'));
INSERT OR IGNORE INTO tags (name) VALUES ('outdoors');
INSERT INTO photo_tags (photo_idx, tag_id) VALUES ((SELECT photo_idx FROM photos WHERE photo_id = 1201), (SELECT tag_id FROM tags WHERE name = 'outdoors'));
INSERT OR IGNORE INTO tags (name) VALUES ('green');
INSERT INTO photo_tags (photo_idx, tag_id) VALUES ((SELECT photo_idx FROM photos WHERE photo_id = 1201), (SELECT tag_id FROM tags WHERE name = 'green'));
INSERT OR IGNORE INTO tags (name) VALUES ('ferns');
INSERT INTO photo_tags (photo_idx, tag_id) VALUES ((SELECT photo_idx FROM photos WHERE photo_id = 1201), (SELECT tag_id FROM tags WHERE name = 'ferns'));
INSERT OR IGNORE INTO tags (name) VALUES ('moss');
INSERT INTO photo_tags (photo_idx, tag_id) VALUES ((SELECT photo_idx FROM photos WHERE photo_id = 1201), (SELECT tag_id FROM tags WHERE name = 'moss'));
INSERT OR IGNORE INTO tags (name) VALUES ('trees');
INSERT INTO photo_tags (photo_idx, tag_id) VALUES ((SELECT photo_idx FROM photos WHERE photo_id = 1201), (SELECT tag_id FROM tags WHERE name = 'trees'));
INSERT OR IGNORE INTO tags (name) VALUES ('foliage');
INSERT INTO photo_tags (photo_idx, tag_id) VALUES ((SELECT photo_idx FROM photos WHERE photo_id = 1201), (SELECT tag_id FROM tags WHERE name = 'foliage'));
INSERT OR IGNORE INTO tags (name) VALUES ('forest');
INSERT INTO photo_tags (photo_idx, tag_id) VALUES ((SELECT photo_idx FROM photos WHERE photo_id = 1201), (SELECT tag_id FROM tags WHERE name = 'forest'));
INSERT OR IGNORE INTO tags (name) VALUES ('rainforest');
INSERT INTO photo_tags (photo_idx, tag_id) VALUES ((SELECT photo_idx FROM photos WHERE photo_id = 1201), (SELECT tag_id FROM tags WHERE name = 'rainforest'));

INSERT INTO photos (photo_id, photo_title, photo_collection, photo_location, photo_year, camera, film_stock, film_format) VALUES (1202, 'Ferns Closeup', 'Pacific Northwest', 'Olympic Peninsula, Washington', 1997, 'Hasselblad', 'Fujichrome Velvia', '6 x 6 cm');
INSERT INTO photos_fts (photo_idx, photo_id, photo_title, photo_collection, photo_location, photo_year, camera, film_stock, film_format, tag_names) VALUES ((SELECT photo_idx FROM photos WHERE photo_id = 1202), 1202, 'Ferns Closeup', 'Pacific Northwest', 'Olympic Peninsula, Washington', 1997, 'Hasselblad', 'Fujichrome Velvia', '6 x 6 cm', 'horizontal,spring,closeup,color,outdoors,green,ferns,foliage,forest');
INSERT OR IGNORE INTO tags (name) VALUES ('horizontal');
INSERT INTO photo_tags (photo_idx, tag_id) VALUES ((SELECT photo_idx FROM photos WHERE photo_id = 1202), (SELECT tag_id FROM tags WHERE name = 'horizontal'));
INSERT OR IGNORE INTO tags (name) VALUES ('spring');
INSERT INTO photo_tags (photo_idx, tag_id) VALUES ((SELECT photo_idx FROM photos WHERE photo_id = 1202), (SELECT tag_id FROM tags WHERE name = 'spring'));
INSERT OR IGNORE INTO tags (name) VALUES ('closeup');
INSERT INTO photo_tags (photo_idx, tag_id) VALUES ((SELECT photo_idx FROM photos WHERE photo_id = 1202), (SELECT tag_id FROM tags WHERE name = 'closeup'));
INSERT OR IGNORE INTO tags (name) VALUES ('color');
INSERT INTO photo_tags (photo_idx, tag_id) VALUES ((SELECT photo_idx FROM photos WHERE photo_id = 1202), (SELECT tag_id FROM tags WHERE name = 'color'));
INSERT OR IGNORE INTO tags (name) VALUES ('outdoors');
INSERT INTO photo_tags (photo_idx, tag_id) VALUES ((SELECT photo_idx FROM photos WHERE photo_id = 1202), (SELECT tag_id FROM tags WHERE name = 'outdoors'));
INSERT OR IGNORE INTO tags (name) VALUES ('green');
INSERT INTO photo_tags (photo_idx, tag_id) VALUES ((SELECT photo_idx FROM photos WHERE photo_id = 1202), (SELECT tag_id FROM tags WHERE name = 'green'));
INSERT OR IGNORE INTO tags (name) VALUES ('ferns');
INSERT INTO photo_tags (photo_idx, tag_id) VALUES ((SELECT photo_idx FROM photos WHERE photo_id = 1202), (SELECT tag_id FROM tags WHERE name = 'ferns'));
INSERT OR IGNORE INTO tags (name) VALUES ('foliage');
INSERT INTO photo_tags (photo_idx, tag_id) VALUES ((SELECT photo_idx FROM photos WHERE photo_id = 1202), (SELECT tag_id FROM tags WHERE name = 'foliage'));
INSERT OR IGNORE INTO tags (name) VALUES ('forest');
INSERT INTO photo_tags (photo_idx, tag_id) VALUES ((SELECT photo_idx FROM photos WHERE photo_id = 1202), (SELECT tag_id FROM tags WHERE name = 'forest'));

INSERT INTO photos (photo_id, photo_title, photo_collection, photo_location, photo_year, camera, film_stock, film_format) VALUES (1203, 'Alder and Greens', 'Pacific Northwest', 'Olympic Peninsula, Washington', 1997, 'Hasselblad', 'Fujichrome Velvia', '6 x 6 cm');
INSERT INTO photos_fts (photo_idx, photo_id, photo_title, photo_collection, photo_location, photo_year, camera, film_stock, film_format, tag_names) VALUES ((SELECT photo_idx FROM photos WHERE photo_id = 1203), 1203, 'Alder and Greens', 'Pacific Northwest', 'Olympic Peninsula, Washington', 1997, 'Hasselblad', 'Fujichrome Velvia', '6 x 6 cm', 'horizontal,spring,scenic,landscape,color,outdoors,green,ferns,grass,moss,trees,foliage,forest,rainforest');
INSERT OR IGNORE INTO tags (name) VALUES ('horizontal');
INSERT INTO photo_tags (photo_idx, tag_id) VALUES ((SELECT photo_idx FROM photos WHERE photo_id = 1203), (SELECT tag_id FROM tags WHERE name = 'horizontal'));
INSERT OR IGNORE INTO tags (name) VALUES ('spring');
INSERT INTO photo_tags (photo_idx, tag_id) VALUES ((SELECT photo_idx FROM photos WHERE photo_id = 1203), (SELECT tag_id FROM tags WHERE name = 'spring'));
INSERT OR IGNORE INTO tags (name) VALUES ('scenic');
INSERT INTO photo_tags (photo_idx, tag_id) VALUES ((SELECT photo_idx FROM photos WHERE photo_id = 1203), (SELECT tag_id FROM tags WHERE name = 'scenic'));
INSERT OR IGNORE INTO tags (name) VALUES ('landscape');
INSERT INTO photo_tags (photo_idx, tag_id) VALUES ((SELECT photo_idx FROM photos WHERE photo_id = 1203), (SELECT tag_id FROM tags WHERE name = 'landscape'));
INSERT OR IGNORE INTO tags (name) VALUES ('color');
INSERT INTO photo_tags (photo_idx, tag_id) VALUES ((SELECT photo_idx FROM photos WHERE photo_id = 1203), (SELECT tag_id FROM tags WHERE name = 'color'));
INSERT OR IGNORE INTO tags (name) VALUES ('outdoors');
INSERT INTO photo_tags (photo_idx, tag_id) VALUES ((SELECT photo_idx FROM photos WHERE photo_id = 1203), (SELECT tag_id FROM tags WHERE name = 'outdoors'));
INSERT OR IGNORE INTO tags (name) VALUES ('green');
INSERT INTO photo_tags (photo_idx, tag_id) VALUES ((SELECT photo_idx FROM photos WHERE photo_id = 1203), (SELECT tag_id FROM tags WHERE name = 'green'));
INSERT OR IGNORE INTO tags (name) VALUES ('ferns');
INSERT INTO photo_tags (photo_idx, tag_id) VALUES ((SELECT photo_idx FROM photos WHERE photo_id = 1203), (SELECT tag_id FROM tags WHERE name = 'ferns'));
INSERT OR IGNORE INTO tags (name) VALUES ('grass');
INSERT INTO photo_tags (photo_idx, tag_id) VALUES ((SELECT photo_idx FROM photos WHERE photo_id = 1203), (SELECT tag_id FROM tags WHERE name = 'grass'));
INSERT OR IGNORE INTO tags (name) VALUES ('moss');
INSERT INTO photo_tags (photo_idx, tag_id) VALUES ((SELECT photo_idx FROM photos WHERE photo_id = 1203), (SELECT tag_id FROM tags WHERE name = 'moss'));
INSERT OR IGNORE INTO tags (name) VALUES ('trees');
INSERT INTO photo_tags (photo_idx, tag_id) VALUES ((SELECT photo_idx FROM photos WHERE photo_id = 1203), (SELECT tag_id FROM tags WHERE name = 'trees'));
INSERT OR IGNORE INTO tags (name) VALUES ('foliage');
INSERT INTO photo_tags (photo_idx, tag_id) VALUES ((SELECT photo_idx FROM photos WHERE photo_id = 1203), (SELECT tag_id FROM tags WHERE name = 'foliage'));
INSERT OR IGNORE INTO tags (name) VALUES ('forest');
INSERT INTO photo_tags (photo_idx, tag_id) VALUES ((SELECT photo_idx FROM photos WHERE photo_id = 1203), (SELECT tag_id FROM tags WHERE name = 'forest'));
INSERT OR IGNORE INTO tags (name) VALUES ('rainforest');
INSERT INTO photo_tags (photo_idx, tag_id) VALUES ((SELECT photo_idx FROM photos WHERE photo_id = 1203), (SELECT tag_id FROM tags WHERE name = 'rainforest'));

INSERT INTO photos (photo_id, photo_title, photo_collection, photo_location, photo_year, camera, film_stock, film_format) VALUES (1205, 'Enter the Rainforest', 'Pacific Northwest', 'Olympic Peninsula, Washington', 1997, 'Hasselblad', 'Fujichrome Velvia', '6 x 6 cm');
INSERT INTO photos_fts (photo_idx, photo_id, photo_title, photo_collection, photo_location, photo_year, camera, film_stock, film_format, tag_names) VALUES ((SELECT photo_idx FROM photos WHERE photo_id = 1205), 1205, 'Enter the Rainforest', 'Pacific Northwest', 'Olympic Peninsula, Washington', 1997, 'Hasselblad', 'Fujichrome Velvia', '6 x 6 cm', 'vertical,spring,popular,scenic,landscape,color,outdoors,green,ferns,moss,trees,foliage,forest,rainforest');
INSERT OR IGNORE INTO tags (name) VALUES ('vertical');
INSERT INTO photo_tags (photo_idx, tag_id) VALUES ((SELECT photo_idx FROM photos WHERE photo_id = 1205), (SELECT tag_id FROM tags WHERE name = 'vertical'));
INSERT OR IGNORE INTO tags (name) VALUES ('spring');
INSERT INTO photo_tags (photo_idx, tag_id) VALUES ((SELECT photo_idx FROM photos WHERE photo_id = 1205), (SELECT tag_id FROM tags WHERE name = 'spring'));
INSERT OR IGNORE INTO tags (name) VALUES ('popular');
INSERT INTO photo_tags (photo_idx, tag_id) VALUES ((SELECT photo_idx FROM photos WHERE photo_id = 1205), (SELECT tag_id FROM tags WHERE name = 'popular'));
INSERT OR IGNORE INTO tags (name) VALUES ('scenic');
INSERT INTO photo_tags (photo_idx, tag_id) VALUES ((SELECT photo_idx FROM photos WHERE photo_id = 1205), (SELECT tag_id FROM tags WHERE name = 'scenic'));
INSERT OR IGNORE INTO tags (name) VALUES ('landscape');
INSERT INTO photo_tags (photo_idx, tag_id) VALUES ((SELECT photo_idx FROM photos WHERE photo_id = 1205), (SELECT tag_id FROM tags WHERE name = 'landscape'));
INSERT OR IGNORE INTO tags (name) VALUES ('color');
INSERT INTO photo_tags (photo_idx, tag_id) VALUES ((SELECT photo_idx FROM photos WHERE photo_id = 1205), (SELECT tag_id FROM tags WHERE name = 'color'));
INSERT OR IGNORE INTO tags (name) VALUES ('outdoors');
INSERT INTO photo_tags (photo_idx, tag_id) VALUES ((SELECT photo_idx FROM photos WHERE photo_id = 1205), (SELECT tag_id FROM tags WHERE name = 'outdoors'));
INSERT OR IGNORE INTO tags (name) VALUES ('green');
INSERT INTO photo_tags (photo_idx, tag_id) VALUES ((SELECT photo_idx FROM photos WHERE photo_id = 1205), (SELECT tag_id FROM tags WHERE name = 'green'));
INSERT OR IGNORE INTO tags (name) VALUES ('ferns');
INSERT INTO photo_tags (photo_idx, tag_id) VALUES ((SELECT photo_idx FROM photos WHERE photo_id = 1205), (SELECT tag_id FROM tags WHERE name = 'ferns'));
INSERT OR IGNORE INTO tags (name) VALUES ('moss');
INSERT INTO photo_tags (photo_idx, tag_id) VALUES ((SELECT photo_idx FROM photos WHERE photo_id = 1205), (SELECT tag_id FROM tags WHERE name = 'moss'));
INSERT OR IGNORE INTO tags (name) VALUES ('trees');
INSERT INTO photo_tags (photo_idx, tag_id) VALUES ((SELECT photo_idx FROM photos WHERE photo_id = 1205), (SELECT tag_id FROM tags WHERE name = 'trees'));
INSERT OR IGNORE INTO tags (name) VALUES ('foliage');
INSERT INTO photo_tags (photo_idx, tag_id) VALUES ((SELECT photo_idx FROM photos WHERE photo_id = 1205), (SELECT tag_id FROM tags WHERE name = 'foliage'));
INSERT OR IGNORE INTO tags (name) VALUES ('forest');
INSERT INTO photo_tags (photo_idx, tag_id) VALUES ((SELECT photo_idx FROM photos WHERE photo_id = 1205), (SELECT tag_id FROM tags WHERE name = 'forest'));
INSERT OR IGNORE INTO tags (name) VALUES ('rainforest');
INSERT INTO photo_tags (photo_idx, tag_id) VALUES ((SELECT photo_idx FROM photos WHERE photo_id = 1205), (SELECT tag_id FROM tags WHERE name = 'rainforest'));

INSERT INTO photos (photo_id, photo_title, photo_collection, photo_location, photo_year, camera, film_stock, film_format) VALUES (1206, 'Sea of Ferns', 'Pacific Northwest', 'Olympic Peninsula, Washington', 1997, 'Hasselblad', 'Fujichrome Velvia', '6 x 6 cm');
INSERT INTO photos_fts (photo_idx, photo_id, photo_title, photo_collection, photo_location, photo_year, camera, film_stock, film_format, tag_names) VALUES ((SELECT photo_idx FROM photos WHERE photo_id = 1206), 1206, 'Sea of Ferns', 'Pacific Northwest', 'Olympic Peninsula, Washington', 1997, 'Hasselblad', 'Fujichrome Velvia', '6 x 6 cm', 'horizontal,spring,scenic,landscape,color,outdoors,green,ferns,moss,trees,foliage,forest,rainforest');
INSERT OR IGNORE INTO tags (name) VALUES ('horizontal');
INSERT INTO photo_tags (photo_idx, tag_id) VALUES ((SELECT photo_idx FROM photos WHERE photo_id = 1206), (SELECT tag_id FROM tags WHERE name = 'horizontal'));
INSERT OR IGNORE INTO tags (name) VALUES ('spring');
INSERT INTO photo_tags (photo_idx, tag_id) VALUES ((SELECT photo_idx FROM photos WHERE photo_id = 1206), (SELECT tag_id FROM tags WHERE name = 'spring'));
INSERT OR IGNORE INTO tags (name) VALUES ('scenic');
INSERT INTO photo_tags (photo_idx, tag_id) VALUES ((SELECT photo_idx FROM photos WHERE photo_id = 1206), (SELECT tag_id FROM tags WHERE name = 'scenic'));
INSERT OR IGNORE INTO tags (name) VALUES ('landscape');
INSERT INTO photo_tags (photo_idx, tag_id) VALUES ((SELECT photo_idx FROM photos WHERE photo_id = 1206), (SELECT tag_id FROM tags WHERE name = 'landscape'));
INSERT OR IGNORE INTO tags (name) VALUES ('color');
INSERT INTO photo_tags (photo_idx, tag_id) VALUES ((SELECT photo_idx FROM photos WHERE photo_id = 1206), (SELECT tag_id FROM tags WHERE name = 'color'));
INSERT OR IGNORE INTO tags (name) VALUES ('outdoors');
INSERT INTO photo_tags (photo_idx, tag_id) VALUES ((SELECT photo_idx FROM photos WHERE photo_id = 1206), (SELECT tag_id FROM tags WHERE name = 'outdoors'));
INSERT OR IGNORE INTO tags (name) VALUES ('green');
INSERT INTO photo_tags (photo_idx, tag_id) VALUES ((SELECT photo_idx FROM photos WHERE photo_id = 1206), (SELECT tag_id FROM tags WHERE name = 'green'));
INSERT OR IGNORE INTO tags (name) VALUES ('ferns');
INSERT INTO photo_tags (photo_idx, tag_id) VALUES ((SELECT photo_idx FROM photos WHERE photo_id = 1206), (SELECT tag_id FROM tags WHERE name = 'ferns'));
INSERT OR IGNORE INTO tags (name) VALUES ('moss');
INSERT INTO photo_tags (photo_idx, tag_id) VALUES ((SELECT photo_idx FROM photos WHERE photo_id = 1206), (SELECT tag_id FROM tags WHERE name = 'moss'));
INSERT OR IGNORE INTO tags (name) VALUES ('trees');
INSERT INTO photo_tags (photo_idx, tag_id) VALUES ((SELECT photo_idx FROM photos WHERE photo_id = 1206), (SELECT tag_id FROM tags WHERE name = 'trees'));
INSERT OR IGNORE INTO tags (name) VALUES ('foliage');
INSERT INTO photo_tags (photo_idx, tag_id) VALUES ((SELECT photo_idx FROM photos WHERE photo_id = 1206), (SELECT tag_id FROM tags WHERE name = 'foliage'));
INSERT OR IGNORE INTO tags (name) VALUES ('forest');
INSERT INTO photo_tags (photo_idx, tag_id) VALUES ((SELECT photo_idx FROM photos WHERE photo_id = 1206), (SELECT tag_id FROM tags WHERE name = 'forest'));
INSERT OR IGNORE INTO tags (name) VALUES ('rainforest');
INSERT INTO photo_tags (photo_idx, tag_id) VALUES ((SELECT photo_idx FROM photos WHERE photo_id = 1206), (SELECT tag_id FROM tags WHERE name = 'rainforest'));

INSERT INTO photos (photo_id, photo_title, photo_collection, photo_location, photo_year, camera, film_stock, film_format) VALUES (1207, 'Hillside Cascade', 'Pacific Northwest', 'Olympic Peninsula, Washington', 1997, 'Hasselblad', 'Fujichrome Velvia', '6 x 6 cm');
INSERT INTO photos_fts (photo_idx, photo_id, photo_title, photo_collection, photo_location, photo_year, camera, film_stock, film_format, tag_names) VALUES ((SELECT photo_idx FROM photos WHERE photo_id = 1207), 1207, 'Hillside Cascade', 'Pacific Northwest', 'Olympic Peninsula, Washington', 1997, 'Hasselblad', 'Fujichrome Velvia', '6 x 6 cm', 'vertical,spring,scenic,landscape,color,outdoors,green,white,ferns,moss,rock,water,waterfall');
INSERT OR IGNORE INTO tags (name) VALUES ('vertical');
INSERT INTO photo_tags (photo_idx, tag_id) VALUES ((SELECT photo_idx FROM photos WHERE photo_id = 1207), (SELECT tag_id FROM tags WHERE name = 'vertical'));
INSERT OR IGNORE INTO tags (name) VALUES ('spring');
INSERT INTO photo_tags (photo_idx, tag_id) VALUES ((SELECT photo_idx FROM photos WHERE photo_id = 1207), (SELECT tag_id FROM tags WHERE name = 'spring'));
INSERT OR IGNORE INTO tags (name) VALUES ('scenic');
INSERT INTO photo_tags (photo_idx, tag_id) VALUES ((SELECT photo_idx FROM photos WHERE photo_id = 1207), (SELECT tag_id FROM tags WHERE name = 'scenic'));
INSERT OR IGNORE INTO tags (name) VALUES ('landscape');
INSERT INTO photo_tags (photo_idx, tag_id) VALUES ((SELECT photo_idx FROM photos WHERE photo_id = 1207), (SELECT tag_id FROM tags WHERE name = 'landscape'));
INSERT OR IGNORE INTO tags (name) VALUES ('color');
INSERT INTO photo_tags (photo_idx, tag_id) VALUES ((SELECT photo_idx FROM photos WHERE photo_id = 1207), (SELECT tag_id FROM tags WHERE name = 'color'));
INSERT OR IGNORE INTO tags (name) VALUES ('outdoors');
INSERT INTO photo_tags (photo_idx, tag_id) VALUES ((SELECT photo_idx FROM photos WHERE photo_id = 1207), (SELECT tag_id FROM tags WHERE name = 'outdoors'));
INSERT OR IGNORE INTO tags (name) VALUES ('green');
INSERT INTO photo_tags (photo_idx, tag_id) VALUES ((SELECT photo_idx FROM photos WHERE photo_id = 1207), (SELECT tag_id FROM tags WHERE name = 'green'));
INSERT OR IGNORE INTO tags (name) VALUES ('white');
INSERT INTO photo_tags (photo_idx, tag_id) VALUES ((SELECT photo_idx FROM photos WHERE photo_id = 1207), (SELECT tag_id FROM tags WHERE name = 'white'));
INSERT OR IGNORE INTO tags (name) VALUES ('ferns');
INSERT INTO photo_tags (photo_idx, tag_id) VALUES ((SELECT photo_idx FROM photos WHERE photo_id = 1207), (SELECT tag_id FROM tags WHERE name = 'ferns'));
INSERT OR IGNORE INTO tags (name) VALUES ('moss');
INSERT INTO photo_tags (photo_idx, tag_id) VALUES ((SELECT photo_idx FROM photos WHERE photo_id = 1207), (SELECT tag_id FROM tags WHERE name = 'moss'));
INSERT OR IGNORE INTO tags (name) VALUES ('rock');
INSERT INTO photo_tags (photo_idx, tag_id) VALUES ((SELECT photo_idx FROM photos WHERE photo_id = 1207), (SELECT tag_id FROM tags WHERE name = 'rock'));
INSERT OR IGNORE INTO tags (name) VALUES ('water');
INSERT INTO photo_tags (photo_idx, tag_id) VALUES ((SELECT photo_idx FROM photos WHERE photo_id = 1207), (SELECT tag_id FROM tags WHERE name = 'water'));
INSERT OR IGNORE INTO tags (name) VALUES ('waterfall');
INSERT INTO photo_tags (photo_idx, tag_id) VALUES ((SELECT photo_idx FROM photos WHERE photo_id = 1207), (SELECT tag_id FROM tags WHERE name = 'waterfall'));

INSERT INTO photos (photo_id, photo_title, photo_collection, photo_location, photo_year, camera, film_stock, film_format) VALUES (1209, 'Sand and Water Designs', 'Pacific Northwest', 'Oregon Coast', 1997, 'Hasselblad', 'Fujichrome Velvia', '6 x 6 cm');
INSERT INTO photos_fts (photo_idx, photo_id, photo_title, photo_collection, photo_location, photo_year, camera, film_stock, film_format, tag_names) VALUES ((SELECT photo_idx FROM photos WHERE photo_id = 1209), 1209, 'Sand and Water Designs', 'Pacific Northwest', 'Oregon Coast', 1997, 'Hasselblad', 'Fujichrome Velvia', '6 x 6 cm', 'vertical,closeup,abstract,landscape,color,outdoors,brown,sand,water,mud,beach,coast');
INSERT OR IGNORE INTO tags (name) VALUES ('vertical');
INSERT INTO photo_tags (photo_idx, tag_id) VALUES ((SELECT photo_idx FROM photos WHERE photo_id = 1209), (SELECT tag_id FROM tags WHERE name = 'vertical'));
INSERT OR IGNORE INTO tags (name) VALUES ('closeup');
INSERT INTO photo_tags (photo_idx, tag_id) VALUES ((SELECT photo_idx FROM photos WHERE photo_id = 1209), (SELECT tag_id FROM tags WHERE name = 'closeup'));
INSERT OR IGNORE INTO tags (name) VALUES ('abstract');
INSERT INTO photo_tags (photo_idx, tag_id) VALUES ((SELECT photo_idx FROM photos WHERE photo_id = 1209), (SELECT tag_id FROM tags WHERE name = 'abstract'));
INSERT OR IGNORE INTO tags (name) VALUES ('landscape');
INSERT INTO photo_tags (photo_idx, tag_id) VALUES ((SELECT photo_idx FROM photos WHERE photo_id = 1209), (SELECT tag_id FROM tags WHERE name = 'landscape'));
INSERT OR IGNORE INTO tags (name) VALUES ('color');
INSERT INTO photo_tags (photo_idx, tag_id) VALUES ((SELECT photo_idx FROM photos WHERE photo_id = 1209), (SELECT tag_id FROM tags WHERE name = 'color'));
INSERT OR IGNORE INTO tags (name) VALUES ('outdoors');
INSERT INTO photo_tags (photo_idx, tag_id) VALUES ((SELECT photo_idx FROM photos WHERE photo_id = 1209), (SELECT tag_id FROM tags WHERE name = 'outdoors'));
INSERT OR IGNORE INTO tags (name) VALUES ('brown');
INSERT INTO photo_tags (photo_idx, tag_id) VALUES ((SELECT photo_idx FROM photos WHERE photo_id = 1209), (SELECT tag_id FROM tags WHERE name = 'brown'));
INSERT OR IGNORE INTO tags (name) VALUES ('sand');
INSERT INTO photo_tags (photo_idx, tag_id) VALUES ((SELECT photo_idx FROM photos WHERE photo_id = 1209), (SELECT tag_id FROM tags WHERE name = 'sand'));
INSERT OR IGNORE INTO tags (name) VALUES ('water');
INSERT INTO photo_tags (photo_idx, tag_id) VALUES ((SELECT photo_idx FROM photos WHERE photo_id = 1209), (SELECT tag_id FROM tags WHERE name = 'water'));
INSERT OR IGNORE INTO tags (name) VALUES ('mud');
INSERT INTO photo_tags (photo_idx, tag_id) VALUES ((SELECT photo_idx FROM photos WHERE photo_id = 1209), (SELECT tag_id FROM tags WHERE name = 'mud'));
INSERT OR IGNORE INTO tags (name) VALUES ('beach');
INSERT INTO photo_tags (photo_idx, tag_id) VALUES ((SELECT photo_idx FROM photos WHERE photo_id = 1209), (SELECT tag_id FROM tags WHERE name = 'beach'));
INSERT OR IGNORE INTO tags (name) VALUES ('coast');
INSERT INTO photo_tags (photo_idx, tag_id) VALUES ((SELECT photo_idx FROM photos WHERE photo_id = 1209), (SELECT tag_id FROM tags WHERE name = 'coast'));

INSERT INTO photos (photo_id, photo_title, photo_collection, photo_location, photo_year, camera, film_stock, film_format) VALUES (1210, 'Redwood Gateway', 'Pacific Northwest', 'Humbolt County, California', 1997, 'Hasselblad', 'Fujichrome Velvia', '6 x 6 cm');
INSERT INTO photos_fts (photo_idx, photo_id, photo_title, photo_collection, photo_location, photo_year, camera, film_stock, film_format, tag_names) VALUES ((SELECT photo_idx FROM photos WHERE photo_id = 1210), 1210, 'Redwood Gateway', 'Pacific Northwest', 'Humbolt County, California', 1997, 'Hasselblad', 'Fujichrome Velvia', '6 x 6 cm', 'vertical,spring,scenic,landscape,color,outdoors,brown,green,ferns,leaf,trees,foliage,forest');
INSERT OR IGNORE INTO tags (name) VALUES ('vertical');
INSERT INTO photo_tags (photo_idx, tag_id) VALUES ((SELECT photo_idx FROM photos WHERE photo_id = 1210), (SELECT tag_id FROM tags WHERE name = 'vertical'));
INSERT OR IGNORE INTO tags (name) VALUES ('spring');
INSERT INTO photo_tags (photo_idx, tag_id) VALUES ((SELECT photo_idx FROM photos WHERE photo_id = 1210), (SELECT tag_id FROM tags WHERE name = 'spring'));
INSERT OR IGNORE INTO tags (name) VALUES ('scenic');
INSERT INTO photo_tags (photo_idx, tag_id) VALUES ((SELECT photo_idx FROM photos WHERE photo_id = 1210), (SELECT tag_id FROM tags WHERE name = 'scenic'));
INSERT OR IGNORE INTO tags (name) VALUES ('landscape');
INSERT INTO photo_tags (photo_idx, tag_id) VALUES ((SELECT photo_idx FROM photos WHERE photo_id = 1210), (SELECT tag_id FROM tags WHERE name = 'landscape'));
INSERT OR IGNORE INTO tags (name) VALUES ('color');
INSERT INTO photo_tags (photo_idx, tag_id) VALUES ((SELECT photo_idx FROM photos WHERE photo_id = 1210), (SELECT tag_id FROM tags WHERE name = 'color'));
INSERT OR IGNORE INTO tags (name) VALUES ('outdoors');
INSERT INTO photo_tags (photo_idx, tag_id) VALUES ((SELECT photo_idx FROM photos WHERE photo_id = 1210), (SELECT tag_id FROM tags WHERE name = 'outdoors'));
INSERT OR IGNORE INTO tags (name) VALUES ('brown');
INSERT INTO photo_tags (photo_idx, tag_id) VALUES ((SELECT photo_idx FROM photos WHERE photo_id = 1210), (SELECT tag_id FROM tags WHERE name = 'brown'));
INSERT OR IGNORE INTO tags (name) VALUES ('green');
INSERT INTO photo_tags (photo_idx, tag_id) VALUES ((SELECT photo_idx FROM photos WHERE photo_id = 1210), (SELECT tag_id FROM tags WHERE name = 'green'));
INSERT OR IGNORE INTO tags (name) VALUES ('ferns');
INSERT INTO photo_tags (photo_idx, tag_id) VALUES ((SELECT photo_idx FROM photos WHERE photo_id = 1210), (SELECT tag_id FROM tags WHERE name = 'ferns'));
INSERT OR IGNORE INTO tags (name) VALUES ('leaf');
INSERT INTO photo_tags (photo_idx, tag_id) VALUES ((SELECT photo_idx FROM photos WHERE photo_id = 1210), (SELECT tag_id FROM tags WHERE name = 'leaf'));
INSERT OR IGNORE INTO tags (name) VALUES ('trees');
INSERT INTO photo_tags (photo_idx, tag_id) VALUES ((SELECT photo_idx FROM photos WHERE photo_id = 1210), (SELECT tag_id FROM tags WHERE name = 'trees'));
INSERT OR IGNORE INTO tags (name) VALUES ('foliage');
INSERT INTO photo_tags (photo_idx, tag_id) VALUES ((SELECT photo_idx FROM photos WHERE photo_id = 1210), (SELECT tag_id FROM tags WHERE name = 'foliage'));
INSERT OR IGNORE INTO tags (name) VALUES ('forest');
INSERT INTO photo_tags (photo_idx, tag_id) VALUES ((SELECT photo_idx FROM photos WHERE photo_id = 1210), (SELECT tag_id FROM tags WHERE name = 'forest'));

INSERT INTO photos (photo_id, photo_title, photo_collection, photo_location, photo_year, camera, film_stock, film_format) VALUES (1211, 'Mossy Tree Trunk', 'Pacific Northwest', 'Olympic Peninsula, Washington', 1997, 'Hasselblad', 'Fujichrome Velvia', '6 x 6 cm');
INSERT INTO photos_fts (photo_idx, photo_id, photo_title, photo_collection, photo_location, photo_year, camera, film_stock, film_format, tag_names) VALUES ((SELECT photo_idx FROM photos WHERE photo_id = 1211), 1211, 'Mossy Tree Trunk', 'Pacific Northwest', 'Olympic Peninsula, Washington', 1997, 'Hasselblad', 'Fujichrome Velvia', '6 x 6 cm', 'vertical,spring,scenic,landscape,color,outdoors,green,ferns,moss,trees,foliage,forest,rainforest');
INSERT OR IGNORE INTO tags (name) VALUES ('vertical');
INSERT INTO photo_tags (photo_idx, tag_id) VALUES ((SELECT photo_idx FROM photos WHERE photo_id = 1211), (SELECT tag_id FROM tags WHERE name = 'vertical'));
INSERT OR IGNORE INTO tags (name) VALUES ('spring');
INSERT INTO photo_tags (photo_idx, tag_id) VALUES ((SELECT photo_idx FROM photos WHERE photo_id = 1211), (SELECT tag_id FROM tags WHERE name = 'spring'));
INSERT OR IGNORE INTO tags (name) VALUES ('scenic');
INSERT INTO photo_tags (photo_idx, tag_id) VALUES ((SELECT photo_idx FROM photos WHERE photo_id = 1211), (SELECT tag_id FROM tags WHERE name = 'scenic'));
INSERT OR IGNORE INTO tags (name) VALUES ('landscape');
INSERT INTO photo_tags (photo_idx, tag_id) VALUES ((SELECT photo_idx FROM photos WHERE photo_id = 1211), (SELECT tag_id FROM tags WHERE name = 'landscape'));
INSERT OR IGNORE INTO tags (name) VALUES ('color');
INSERT INTO photo_tags (photo_idx, tag_id) VALUES ((SELECT photo_idx FROM photos WHERE photo_id = 1211), (SELECT tag_id FROM tags WHERE name = 'color'));
INSERT OR IGNORE INTO tags (name) VALUES ('outdoors');
INSERT INTO photo_tags (photo_idx, tag_id) VALUES ((SELECT photo_idx FROM photos WHERE photo_id = 1211), (SELECT tag_id FROM tags WHERE name = 'outdoors'));
INSERT OR IGNORE INTO tags (name) VALUES ('green');
INSERT INTO photo_tags (photo_idx, tag_id) VALUES ((SELECT photo_idx FROM photos WHERE photo_id = 1211), (SELECT tag_id FROM tags WHERE name = 'green'));
INSERT OR IGNORE INTO tags (name) VALUES ('ferns');
INSERT INTO photo_tags (photo_idx, tag_id) VALUES ((SELECT photo_idx FROM photos WHERE photo_id = 1211), (SELECT tag_id FROM tags WHERE name = 'ferns'));
INSERT OR IGNORE INTO tags (name) VALUES ('moss');
INSERT INTO photo_tags (photo_idx, tag_id) VALUES ((SELECT photo_idx FROM photos WHERE photo_id = 1211), (SELECT tag_id FROM tags WHERE name = 'moss'));
INSERT OR IGNORE INTO tags (name) VALUES ('trees');
INSERT INTO photo_tags (photo_idx, tag_id) VALUES ((SELECT photo_idx FROM photos WHERE photo_id = 1211), (SELECT tag_id FROM tags WHERE name = 'trees'));
INSERT OR IGNORE INTO tags (name) VALUES ('foliage');
INSERT INTO photo_tags (photo_idx, tag_id) VALUES ((SELECT photo_idx FROM photos WHERE photo_id = 1211), (SELECT tag_id FROM tags WHERE name = 'foliage'));
INSERT OR IGNORE INTO tags (name) VALUES ('forest');
INSERT INTO photo_tags (photo_idx, tag_id) VALUES ((SELECT photo_idx FROM photos WHERE photo_id = 1211), (SELECT tag_id FROM tags WHERE name = 'forest'));
INSERT OR IGNORE INTO tags (name) VALUES ('rainforest');
INSERT INTO photo_tags (photo_idx, tag_id) VALUES ((SELECT photo_idx FROM photos WHERE photo_id = 1211), (SELECT tag_id FROM tags WHERE name = 'rainforest'));

INSERT INTO photos (photo_id, photo_title, photo_collection, photo_location, photo_year, camera, film_stock, film_format) VALUES (1212, 'The Magic Forest', 'Pacific Northwest', 'Olympic Peninsula, Washington', 1997, 'Hasselblad', 'Fujichrome Velvia', '6 x 6 cm');
INSERT INTO photos_fts (photo_idx, photo_id, photo_title, photo_collection, photo_location, photo_year, camera, film_stock, film_format, tag_names) VALUES ((SELECT photo_idx FROM photos WHERE photo_id = 1212), 1212, 'The Magic Forest', 'Pacific Northwest', 'Olympic Peninsula, Washington', 1997, 'Hasselblad', 'Fujichrome Velvia', '6 x 6 cm', 'horizontal,spring,scenic,landscape,color,outdoors,green,ferns,grass,moss,trees,foliage,forest,rainforest');
INSERT OR IGNORE INTO tags (name) VALUES ('horizontal');
INSERT INTO photo_tags (photo_idx, tag_id) VALUES ((SELECT photo_idx FROM photos WHERE photo_id = 1212), (SELECT tag_id FROM tags WHERE name = 'horizontal'));
INSERT OR IGNORE INTO tags (name) VALUES ('spring');
INSERT INTO photo_tags (photo_idx, tag_id) VALUES ((SELECT photo_idx FROM photos WHERE photo_id = 1212), (SELECT tag_id FROM tags WHERE name = 'spring'));
INSERT OR IGNORE INTO tags (name) VALUES ('scenic');
INSERT INTO photo_tags (photo_idx, tag_id) VALUES ((SELECT photo_idx FROM photos WHERE photo_id = 1212), (SELECT tag_id FROM tags WHERE name = 'scenic'));
INSERT OR IGNORE INTO tags (name) VALUES ('landscape');
INSERT INTO photo_tags (photo_idx, tag_id) VALUES ((SELECT photo_idx FROM photos WHERE photo_id = 1212), (SELECT tag_id FROM tags WHERE name = 'landscape'));
INSERT OR IGNORE INTO tags (name) VALUES ('color');
INSERT INTO photo_tags (photo_idx, tag_id) VALUES ((SELECT photo_idx FROM photos WHERE photo_id = 1212), (SELECT tag_id FROM tags WHERE name = 'color'));
INSERT OR IGNORE INTO tags (name) VALUES ('outdoors');
INSERT INTO photo_tags (photo_idx, tag_id) VALUES ((SELECT photo_idx FROM photos WHERE photo_id = 1212), (SELECT tag_id FROM tags WHERE name = 'outdoors'));
INSERT OR IGNORE INTO tags (name) VALUES ('green');
INSERT INTO photo_tags (photo_idx, tag_id) VALUES ((SELECT photo_idx FROM photos WHERE photo_id = 1212), (SELECT tag_id FROM tags WHERE name = 'green'));
INSERT OR IGNORE INTO tags (name) VALUES ('ferns');
INSERT INTO photo_tags (photo_idx, tag_id) VALUES ((SELECT photo_idx FROM photos WHERE photo_id = 1212), (SELECT tag_id FROM tags WHERE name = 'ferns'));
INSERT OR IGNORE INTO tags (name) VALUES ('grass');
INSERT INTO photo_tags (photo_idx, tag_id) VALUES ((SELECT photo_idx FROM photos WHERE photo_id = 1212), (SELECT tag_id FROM tags WHERE name = 'grass'));
INSERT OR IGNORE INTO tags (name) VALUES ('moss');
INSERT INTO photo_tags (photo_idx, tag_id) VALUES ((SELECT photo_idx FROM photos WHERE photo_id = 1212), (SELECT tag_id FROM tags WHERE name = 'moss'));
INSERT OR IGNORE INTO tags (name) VALUES ('trees');
INSERT INTO photo_tags (photo_idx, tag_id) VALUES ((SELECT photo_idx FROM photos WHERE photo_id = 1212), (SELECT tag_id FROM tags WHERE name = 'trees'));
INSERT OR IGNORE INTO tags (name) VALUES ('foliage');
INSERT INTO photo_tags (photo_idx, tag_id) VALUES ((SELECT photo_idx FROM photos WHERE photo_id = 1212), (SELECT tag_id FROM tags WHERE name = 'foliage'));
INSERT OR IGNORE INTO tags (name) VALUES ('forest');
INSERT INTO photo_tags (photo_idx, tag_id) VALUES ((SELECT photo_idx FROM photos WHERE photo_id = 1212), (SELECT tag_id FROM tags WHERE name = 'forest'));
INSERT OR IGNORE INTO tags (name) VALUES ('rainforest');
INSERT INTO photo_tags (photo_idx, tag_id) VALUES ((SELECT photo_idx FROM photos WHERE photo_id = 1212), (SELECT tag_id FROM tags WHERE name = 'rainforest'));

INSERT INTO photos (photo_id, photo_title, photo_collection, photo_location, photo_year, camera, film_stock, film_format) VALUES (1213, 'Humboldt Redwood', 'Pacific Northwest', 'Humboldt County, California', 1997, 'Hasselblad', 'Fujichrome Velvia', '6 x 6 cm');
INSERT INTO photos_fts (photo_idx, photo_id, photo_title, photo_collection, photo_location, photo_year, camera, film_stock, film_format, tag_names) VALUES ((SELECT photo_idx FROM photos WHERE photo_id = 1213), 1213, 'Humboldt Redwood', 'Pacific Northwest', 'Humboldt County, California', 1997, 'Hasselblad', 'Fujichrome Velvia', '6 x 6 cm', 'vertical,spring,scenic,landscape,color,outdoors,green,moss,trees,foliage,forest');
INSERT OR IGNORE INTO tags (name) VALUES ('vertical');
INSERT INTO photo_tags (photo_idx, tag_id) VALUES ((SELECT photo_idx FROM photos WHERE photo_id = 1213), (SELECT tag_id FROM tags WHERE name = 'vertical'));
INSERT OR IGNORE INTO tags (name) VALUES ('spring');
INSERT INTO photo_tags (photo_idx, tag_id) VALUES ((SELECT photo_idx FROM photos WHERE photo_id = 1213), (SELECT tag_id FROM tags WHERE name = 'spring'));
INSERT OR IGNORE INTO tags (name) VALUES ('scenic');
INSERT INTO photo_tags (photo_idx, tag_id) VALUES ((SELECT photo_idx FROM photos WHERE photo_id = 1213), (SELECT tag_id FROM tags WHERE name = 'scenic'));
INSERT OR IGNORE INTO tags (name) VALUES ('landscape');
INSERT INTO photo_tags (photo_idx, tag_id) VALUES ((SELECT photo_idx FROM photos WHERE photo_id = 1213), (SELECT tag_id FROM tags WHERE name = 'landscape'));
INSERT OR IGNORE INTO tags (name) VALUES ('color');
INSERT INTO photo_tags (photo_idx, tag_id) VALUES ((SELECT photo_idx FROM photos WHERE photo_id = 1213), (SELECT tag_id FROM tags WHERE name = 'color'));
INSERT OR IGNORE INTO tags (name) VALUES ('outdoors');
INSERT INTO photo_tags (photo_idx, tag_id) VALUES ((SELECT photo_idx FROM photos WHERE photo_id = 1213), (SELECT tag_id FROM tags WHERE name = 'outdoors'));
INSERT OR IGNORE INTO tags (name) VALUES ('green');
INSERT INTO photo_tags (photo_idx, tag_id) VALUES ((SELECT photo_idx FROM photos WHERE photo_id = 1213), (SELECT tag_id FROM tags WHERE name = 'green'));
INSERT OR IGNORE INTO tags (name) VALUES ('moss');
INSERT INTO photo_tags (photo_idx, tag_id) VALUES ((SELECT photo_idx FROM photos WHERE photo_id = 1213), (SELECT tag_id FROM tags WHERE name = 'moss'));
INSERT OR IGNORE INTO tags (name) VALUES ('trees');
INSERT INTO photo_tags (photo_idx, tag_id) VALUES ((SELECT photo_idx FROM photos WHERE photo_id = 1213), (SELECT tag_id FROM tags WHERE name = 'trees'));
INSERT OR IGNORE INTO tags (name) VALUES ('foliage');
INSERT INTO photo_tags (photo_idx, tag_id) VALUES ((SELECT photo_idx FROM photos WHERE photo_id = 1213), (SELECT tag_id FROM tags WHERE name = 'foliage'));
INSERT OR IGNORE INTO tags (name) VALUES ('forest');
INSERT INTO photo_tags (photo_idx, tag_id) VALUES ((SELECT photo_idx FROM photos WHERE photo_id = 1213), (SELECT tag_id FROM tags WHERE name = 'forest'));

INSERT INTO photos (photo_id, photo_title, photo_collection, photo_location, photo_year, camera, film_stock, film_format) VALUES (1214, 'Deep in the Rainforest', 'Pacific Northwest', 'Olympic Peninsula, Washington', 1997, 'Hasselblad', 'Fujichrome Velvia', '6 x 6 cm');
INSERT INTO photos_fts (photo_idx, photo_id, photo_title, photo_collection, photo_location, photo_year, camera, film_stock, film_format, tag_names) VALUES ((SELECT photo_idx FROM photos WHERE photo_id = 1214), 1214, 'Deep in the Rainforest', 'Pacific Northwest', 'Olympic Peninsula, Washington', 1997, 'Hasselblad', 'Fujichrome Velvia', '6 x 6 cm', 'horizontal,spring,scenic,landscape,color,outdoors,green,ferns,moss,trees,foliage,forest,rainforest');
INSERT OR IGNORE INTO tags (name) VALUES ('horizontal');
INSERT INTO photo_tags (photo_idx, tag_id) VALUES ((SELECT photo_idx FROM photos WHERE photo_id = 1214), (SELECT tag_id FROM tags WHERE name = 'horizontal'));
INSERT OR IGNORE INTO tags (name) VALUES ('spring');
INSERT INTO photo_tags (photo_idx, tag_id) VALUES ((SELECT photo_idx FROM photos WHERE photo_id = 1214), (SELECT tag_id FROM tags WHERE name = 'spring'));
INSERT OR IGNORE INTO tags (name) VALUES ('scenic');
INSERT INTO photo_tags (photo_idx, tag_id) VALUES ((SELECT photo_idx FROM photos WHERE photo_id = 1214), (SELECT tag_id FROM tags WHERE name = 'scenic'));
INSERT OR IGNORE INTO tags (name) VALUES ('landscape');
INSERT INTO photo_tags (photo_idx, tag_id) VALUES ((SELECT photo_idx FROM photos WHERE photo_id = 1214), (SELECT tag_id FROM tags WHERE name = 'landscape'));
INSERT OR IGNORE INTO tags (name) VALUES ('color');
INSERT INTO photo_tags (photo_idx, tag_id) VALUES ((SELECT photo_idx FROM photos WHERE photo_id = 1214), (SELECT tag_id FROM tags WHERE name = 'color'));
INSERT OR IGNORE INTO tags (name) VALUES ('outdoors');
INSERT INTO photo_tags (photo_idx, tag_id) VALUES ((SELECT photo_idx FROM photos WHERE photo_id = 1214), (SELECT tag_id FROM tags WHERE name = 'outdoors'));
INSERT OR IGNORE INTO tags (name) VALUES ('green');
INSERT INTO photo_tags (photo_idx, tag_id) VALUES ((SELECT photo_idx FROM photos WHERE photo_id = 1214), (SELECT tag_id FROM tags WHERE name = 'green'));
INSERT OR IGNORE INTO tags (name) VALUES ('ferns');
INSERT INTO photo_tags (photo_idx, tag_id) VALUES ((SELECT photo_idx FROM photos WHERE photo_id = 1214), (SELECT tag_id FROM tags WHERE name = 'ferns'));
INSERT OR IGNORE INTO tags (name) VALUES ('moss');
INSERT INTO photo_tags (photo_idx, tag_id) VALUES ((SELECT photo_idx FROM photos WHERE photo_id = 1214), (SELECT tag_id FROM tags WHERE name = 'moss'));
INSERT OR IGNORE INTO tags (name) VALUES ('trees');
INSERT INTO photo_tags (photo_idx, tag_id) VALUES ((SELECT photo_idx FROM photos WHERE photo_id = 1214), (SELECT tag_id FROM tags WHERE name = 'trees'));
INSERT OR IGNORE INTO tags (name) VALUES ('foliage');
INSERT INTO photo_tags (photo_idx, tag_id) VALUES ((SELECT photo_idx FROM photos WHERE photo_id = 1214), (SELECT tag_id FROM tags WHERE name = 'foliage'));
INSERT OR IGNORE INTO tags (name) VALUES ('forest');
INSERT INTO photo_tags (photo_idx, tag_id) VALUES ((SELECT photo_idx FROM photos WHERE photo_id = 1214), (SELECT tag_id FROM tags WHERE name = 'forest'));
INSERT OR IGNORE INTO tags (name) VALUES ('rainforest');
INSERT INTO photo_tags (photo_idx, tag_id) VALUES ((SELECT photo_idx FROM photos WHERE photo_id = 1214), (SELECT tag_id FROM tags WHERE name = 'rainforest'));

INSERT INTO photos (photo_id, photo_title, photo_collection, photo_location, photo_year, camera, film_stock, film_format) VALUES (1216, 'Green Branches', 'Pacific Northwest', 'Olympic Peninsula, Washington', 1997, 'Hasselblad', 'Fujichrome Velvia', '6 x 6 cm');
INSERT INTO photos_fts (photo_idx, photo_id, photo_title, photo_collection, photo_location, photo_year, camera, film_stock, film_format, tag_names) VALUES ((SELECT photo_idx FROM photos WHERE photo_id = 1216), 1216, 'Green Branches', 'Pacific Northwest', 'Olympic Peninsula, Washington', 1997, 'Hasselblad', 'Fujichrome Velvia', '6 x 6 cm', 'vertical,spring,scenic,landscape,color,outdoors,green,moss,trees,foliage,forest,rainforest');
INSERT OR IGNORE INTO tags (name) VALUES ('vertical');
INSERT INTO photo_tags (photo_idx, tag_id) VALUES ((SELECT photo_idx FROM photos WHERE photo_id = 1216), (SELECT tag_id FROM tags WHERE name = 'vertical'));
INSERT OR IGNORE INTO tags (name) VALUES ('spring');
INSERT INTO photo_tags (photo_idx, tag_id) VALUES ((SELECT photo_idx FROM photos WHERE photo_id = 1216), (SELECT tag_id FROM tags WHERE name = 'spring'));
INSERT OR IGNORE INTO tags (name) VALUES ('scenic');
INSERT INTO photo_tags (photo_idx, tag_id) VALUES ((SELECT photo_idx FROM photos WHERE photo_id = 1216), (SELECT tag_id FROM tags WHERE name = 'scenic'));
INSERT OR IGNORE INTO tags (name) VALUES ('landscape');
INSERT INTO photo_tags (photo_idx, tag_id) VALUES ((SELECT photo_idx FROM photos WHERE photo_id = 1216), (SELECT tag_id FROM tags WHERE name = 'landscape'));
INSERT OR IGNORE INTO tags (name) VALUES ('color');
INSERT INTO photo_tags (photo_idx, tag_id) VALUES ((SELECT photo_idx FROM photos WHERE photo_id = 1216), (SELECT tag_id FROM tags WHERE name = 'color'));
INSERT OR IGNORE INTO tags (name) VALUES ('outdoors');
INSERT INTO photo_tags (photo_idx, tag_id) VALUES ((SELECT photo_idx FROM photos WHERE photo_id = 1216), (SELECT tag_id FROM tags WHERE name = 'outdoors'));
INSERT OR IGNORE INTO tags (name) VALUES ('green');
INSERT INTO photo_tags (photo_idx, tag_id) VALUES ((SELECT photo_idx FROM photos WHERE photo_id = 1216), (SELECT tag_id FROM tags WHERE name = 'green'));
INSERT OR IGNORE INTO tags (name) VALUES ('moss');
INSERT INTO photo_tags (photo_idx, tag_id) VALUES ((SELECT photo_idx FROM photos WHERE photo_id = 1216), (SELECT tag_id FROM tags WHERE name = 'moss'));
INSERT OR IGNORE INTO tags (name) VALUES ('trees');
INSERT INTO photo_tags (photo_idx, tag_id) VALUES ((SELECT photo_idx FROM photos WHERE photo_id = 1216), (SELECT tag_id FROM tags WHERE name = 'trees'));
INSERT OR IGNORE INTO tags (name) VALUES ('foliage');
INSERT INTO photo_tags (photo_idx, tag_id) VALUES ((SELECT photo_idx FROM photos WHERE photo_id = 1216), (SELECT tag_id FROM tags WHERE name = 'foliage'));
INSERT OR IGNORE INTO tags (name) VALUES ('forest');
INSERT INTO photo_tags (photo_idx, tag_id) VALUES ((SELECT photo_idx FROM photos WHERE photo_id = 1216), (SELECT tag_id FROM tags WHERE name = 'forest'));
INSERT OR IGNORE INTO tags (name) VALUES ('rainforest');
INSERT INTO photo_tags (photo_idx, tag_id) VALUES ((SELECT photo_idx FROM photos WHERE photo_id = 1216), (SELECT tag_id FROM tags WHERE name = 'rainforest'));

INSERT INTO photos (photo_id, photo_title, photo_collection, photo_location, photo_year, camera, film_stock, film_format) VALUES (1217, 'Gentle Wilderness', 'Smoky Mountains', 'Smoky Mountains, Tennessee', 1997, 'Nikon', 'Fujichrome Velvia', '35 mm');
INSERT INTO photos_fts (photo_idx, photo_id, photo_title, photo_collection, photo_location, photo_year, camera, film_stock, film_format, tag_names) VALUES ((SELECT photo_idx FROM photos WHERE photo_id = 1217), 1217, 'Gentle Wilderness', 'Smoky Mountains', 'Smoky Mountains, Tennessee', 1997, 'Nikon', 'Fujichrome Velvia', '35 mm', 'horizontal,scenic,landscape,color,outdoors,green,trees,foliage,forest');
INSERT OR IGNORE INTO tags (name) VALUES ('horizontal');
INSERT INTO photo_tags (photo_idx, tag_id) VALUES ((SELECT photo_idx FROM photos WHERE photo_id = 1217), (SELECT tag_id FROM tags WHERE name = 'horizontal'));
INSERT OR IGNORE INTO tags (name) VALUES ('scenic');
INSERT INTO photo_tags (photo_idx, tag_id) VALUES ((SELECT photo_idx FROM photos WHERE photo_id = 1217), (SELECT tag_id FROM tags WHERE name = 'scenic'));
INSERT OR IGNORE INTO tags (name) VALUES ('landscape');
INSERT INTO photo_tags (photo_idx, tag_id) VALUES ((SELECT photo_idx FROM photos WHERE photo_id = 1217), (SELECT tag_id FROM tags WHERE name = 'landscape'));
INSERT OR IGNORE INTO tags (name) VALUES ('color');
INSERT INTO photo_tags (photo_idx, tag_id) VALUES ((SELECT photo_idx FROM photos WHERE photo_id = 1217), (SELECT tag_id FROM tags WHERE name = 'color'));
INSERT OR IGNORE INTO tags (name) VALUES ('outdoors');
INSERT INTO photo_tags (photo_idx, tag_id) VALUES ((SELECT photo_idx FROM photos WHERE photo_id = 1217), (SELECT tag_id FROM tags WHERE name = 'outdoors'));
INSERT OR IGNORE INTO tags (name) VALUES ('green');
INSERT INTO photo_tags (photo_idx, tag_id) VALUES ((SELECT photo_idx FROM photos WHERE photo_id = 1217), (SELECT tag_id FROM tags WHERE name = 'green'));
INSERT OR IGNORE INTO tags (name) VALUES ('trees');
INSERT INTO photo_tags (photo_idx, tag_id) VALUES ((SELECT photo_idx FROM photos WHERE photo_id = 1217), (SELECT tag_id FROM tags WHERE name = 'trees'));
INSERT OR IGNORE INTO tags (name) VALUES ('foliage');
INSERT INTO photo_tags (photo_idx, tag_id) VALUES ((SELECT photo_idx FROM photos WHERE photo_id = 1217), (SELECT tag_id FROM tags WHERE name = 'foliage'));
INSERT OR IGNORE INTO tags (name) VALUES ('forest');
INSERT INTO photo_tags (photo_idx, tag_id) VALUES ((SELECT photo_idx FROM photos WHERE photo_id = 1217), (SELECT tag_id FROM tags WHERE name = 'forest'));

INSERT INTO photos (photo_id, photo_title, photo_collection, photo_location, photo_year, camera, film_stock, film_format) VALUES (1218, 'Mossy Rocks and River', 'Smoky Mountains', 'Smoky Mountains, Tennessee', 1997, 'Nikon', 'Fujichrome Velvia', '35 mm');
INSERT INTO photos_fts (photo_idx, photo_id, photo_title, photo_collection, photo_location, photo_year, camera, film_stock, film_format, tag_names) VALUES ((SELECT photo_idx FROM photos WHERE photo_id = 1218), 1218, 'Mossy Rocks and River', 'Smoky Mountains', 'Smoky Mountains, Tennessee', 1997, 'Nikon', 'Fujichrome Velvia', '35 mm', 'horizontal,spring,scenic,landscape,color,outdoors,green,white,moss,rock,water,waterfall,river,stream');
INSERT OR IGNORE INTO tags (name) VALUES ('horizontal');
INSERT INTO photo_tags (photo_idx, tag_id) VALUES ((SELECT photo_idx FROM photos WHERE photo_id = 1218), (SELECT tag_id FROM tags WHERE name = 'horizontal'));
INSERT OR IGNORE INTO tags (name) VALUES ('spring');
INSERT INTO photo_tags (photo_idx, tag_id) VALUES ((SELECT photo_idx FROM photos WHERE photo_id = 1218), (SELECT tag_id FROM tags WHERE name = 'spring'));
INSERT OR IGNORE INTO tags (name) VALUES ('scenic');
INSERT INTO photo_tags (photo_idx, tag_id) VALUES ((SELECT photo_idx FROM photos WHERE photo_id = 1218), (SELECT tag_id FROM tags WHERE name = 'scenic'));
INSERT OR IGNORE INTO tags (name) VALUES ('landscape');
INSERT INTO photo_tags (photo_idx, tag_id) VALUES ((SELECT photo_idx FROM photos WHERE photo_id = 1218), (SELECT tag_id FROM tags WHERE name = 'landscape'));
INSERT OR IGNORE INTO tags (name) VALUES ('color');
INSERT INTO photo_tags (photo_idx, tag_id) VALUES ((SELECT photo_idx FROM photos WHERE photo_id = 1218), (SELECT tag_id FROM tags WHERE name = 'color'));
INSERT OR IGNORE INTO tags (name) VALUES ('outdoors');
INSERT INTO photo_tags (photo_idx, tag_id) VALUES ((SELECT photo_idx FROM photos WHERE photo_id = 1218), (SELECT tag_id FROM tags WHERE name = 'outdoors'));
INSERT OR IGNORE INTO tags (name) VALUES ('green');
INSERT INTO photo_tags (photo_idx, tag_id) VALUES ((SELECT photo_idx FROM photos WHERE photo_id = 1218), (SELECT tag_id FROM tags WHERE name = 'green'));
INSERT OR IGNORE INTO tags (name) VALUES ('white');
INSERT INTO photo_tags (photo_idx, tag_id) VALUES ((SELECT photo_idx FROM photos WHERE photo_id = 1218), (SELECT tag_id FROM tags WHERE name = 'white'));
INSERT OR IGNORE INTO tags (name) VALUES ('moss');
INSERT INTO photo_tags (photo_idx, tag_id) VALUES ((SELECT photo_idx FROM photos WHERE photo_id = 1218), (SELECT tag_id FROM tags WHERE name = 'moss'));
INSERT OR IGNORE INTO tags (name) VALUES ('rock');
INSERT INTO photo_tags (photo_idx, tag_id) VALUES ((SELECT photo_idx FROM photos WHERE photo_id = 1218), (SELECT tag_id FROM tags WHERE name = 'rock'));
INSERT OR IGNORE INTO tags (name) VALUES ('water');
INSERT INTO photo_tags (photo_idx, tag_id) VALUES ((SELECT photo_idx FROM photos WHERE photo_id = 1218), (SELECT tag_id FROM tags WHERE name = 'water'));
INSERT OR IGNORE INTO tags (name) VALUES ('waterfall');
INSERT INTO photo_tags (photo_idx, tag_id) VALUES ((SELECT photo_idx FROM photos WHERE photo_id = 1218), (SELECT tag_id FROM tags WHERE name = 'waterfall'));
INSERT OR IGNORE INTO tags (name) VALUES ('river');
INSERT INTO photo_tags (photo_idx, tag_id) VALUES ((SELECT photo_idx FROM photos WHERE photo_id = 1218), (SELECT tag_id FROM tags WHERE name = 'river'));
INSERT OR IGNORE INTO tags (name) VALUES ('stream');
INSERT INTO photo_tags (photo_idx, tag_id) VALUES ((SELECT photo_idx FROM photos WHERE photo_id = 1218), (SELECT tag_id FROM tags WHERE name = 'stream'));

INSERT INTO photos (photo_id, photo_title, photo_collection, photo_location, photo_year, camera, film_stock, film_format) VALUES (1219, 'Primordial Ferns', 'Pacific Northwest', 'Olympic Peninsula, Washington', 1996, 'Nikon', 'Fujichrome Velvia', '35 mm');
INSERT INTO photos_fts (photo_idx, photo_id, photo_title, photo_collection, photo_location, photo_year, camera, film_stock, film_format, tag_names) VALUES ((SELECT photo_idx FROM photos WHERE photo_id = 1219), 1219, 'Primordial Ferns', 'Pacific Northwest', 'Olympic Peninsula, Washington', 1996, 'Nikon', 'Fujichrome Velvia', '35 mm', 'horizontal,spring,scenic,landscape,color,outdoors,green,ferns,moss,trees,foliage,forest,rainforest');
INSERT OR IGNORE INTO tags (name) VALUES ('horizontal');
INSERT INTO photo_tags (photo_idx, tag_id) VALUES ((SELECT photo_idx FROM photos WHERE photo_id = 1219), (SELECT tag_id FROM tags WHERE name = 'horizontal'));
INSERT OR IGNORE INTO tags (name) VALUES ('spring');
INSERT INTO photo_tags (photo_idx, tag_id) VALUES ((SELECT photo_idx FROM photos WHERE photo_id = 1219), (SELECT tag_id FROM tags WHERE name = 'spring'));
INSERT OR IGNORE INTO tags (name) VALUES ('scenic');
INSERT INTO photo_tags (photo_idx, tag_id) VALUES ((SELECT photo_idx FROM photos WHERE photo_id = 1219), (SELECT tag_id FROM tags WHERE name = 'scenic'));
INSERT OR IGNORE INTO tags (name) VALUES ('landscape');
INSERT INTO photo_tags (photo_idx, tag_id) VALUES ((SELECT photo_idx FROM photos WHERE photo_id = 1219), (SELECT tag_id FROM tags WHERE name = 'landscape'));
INSERT OR IGNORE INTO tags (name) VALUES ('color');
INSERT INTO photo_tags (photo_idx, tag_id) VALUES ((SELECT photo_idx FROM photos WHERE photo_id = 1219), (SELECT tag_id FROM tags WHERE name = 'color'));
INSERT OR IGNORE INTO tags (name) VALUES ('outdoors');
INSERT INTO photo_tags (photo_idx, tag_id) VALUES ((SELECT photo_idx FROM photos WHERE photo_id = 1219), (SELECT tag_id FROM tags WHERE name = 'outdoors'));
INSERT OR IGNORE INTO tags (name) VALUES ('green');
INSERT INTO photo_tags (photo_idx, tag_id) VALUES ((SELECT photo_idx FROM photos WHERE photo_id = 1219), (SELECT tag_id FROM tags WHERE name = 'green'));
INSERT OR IGNORE INTO tags (name) VALUES ('ferns');
INSERT INTO photo_tags (photo_idx, tag_id) VALUES ((SELECT photo_idx FROM photos WHERE photo_id = 1219), (SELECT tag_id FROM tags WHERE name = 'ferns'));
INSERT OR IGNORE INTO tags (name) VALUES ('moss');
INSERT INTO photo_tags (photo_idx, tag_id) VALUES ((SELECT photo_idx FROM photos WHERE photo_id = 1219), (SELECT tag_id FROM tags WHERE name = 'moss'));
INSERT OR IGNORE INTO tags (name) VALUES ('trees');
INSERT INTO photo_tags (photo_idx, tag_id) VALUES ((SELECT photo_idx FROM photos WHERE photo_id = 1219), (SELECT tag_id FROM tags WHERE name = 'trees'));
INSERT OR IGNORE INTO tags (name) VALUES ('foliage');
INSERT INTO photo_tags (photo_idx, tag_id) VALUES ((SELECT photo_idx FROM photos WHERE photo_id = 1219), (SELECT tag_id FROM tags WHERE name = 'foliage'));
INSERT OR IGNORE INTO tags (name) VALUES ('forest');
INSERT INTO photo_tags (photo_idx, tag_id) VALUES ((SELECT photo_idx FROM photos WHERE photo_id = 1219), (SELECT tag_id FROM tags WHERE name = 'forest'));
INSERT OR IGNORE INTO tags (name) VALUES ('rainforest');
INSERT INTO photo_tags (photo_idx, tag_id) VALUES ((SELECT photo_idx FROM photos WHERE photo_id = 1219), (SELECT tag_id FROM tags WHERE name = 'rainforest'));

INSERT INTO photos (photo_id, photo_title, photo_collection, photo_location, photo_year, camera, film_stock, film_format) VALUES (1220, 'Backlit Ferns', 'Pacific Northwest', 'Olympic Peninsula, Washington', 1996, 'Nikon', 'Fujichrome Velvia', '35 mm');
INSERT INTO photos_fts (photo_idx, photo_id, photo_title, photo_collection, photo_location, photo_year, camera, film_stock, film_format, tag_names) VALUES ((SELECT photo_idx FROM photos WHERE photo_id = 1220), 1220, 'Backlit Ferns', 'Pacific Northwest', 'Olympic Peninsula, Washington', 1996, 'Nikon', 'Fujichrome Velvia', '35 mm', 'horizontal,spring,closeup,color,outdoors,black,green,ferns,foliage,forest,rainforest');
INSERT OR IGNORE INTO tags (name) VALUES ('horizontal');
INSERT INTO photo_tags (photo_idx, tag_id) VALUES ((SELECT photo_idx FROM photos WHERE photo_id = 1220), (SELECT tag_id FROM tags WHERE name = 'horizontal'));
INSERT OR IGNORE INTO tags (name) VALUES ('spring');
INSERT INTO photo_tags (photo_idx, tag_id) VALUES ((SELECT photo_idx FROM photos WHERE photo_id = 1220), (SELECT tag_id FROM tags WHERE name = 'spring'));
INSERT OR IGNORE INTO tags (name) VALUES ('closeup');
INSERT INTO photo_tags (photo_idx, tag_id) VALUES ((SELECT photo_idx FROM photos WHERE photo_id = 1220), (SELECT tag_id FROM tags WHERE name = 'closeup'));
INSERT OR IGNORE INTO tags (name) VALUES ('color');
INSERT INTO photo_tags (photo_idx, tag_id) VALUES ((SELECT photo_idx FROM photos WHERE photo_id = 1220), (SELECT tag_id FROM tags WHERE name = 'color'));
INSERT OR IGNORE INTO tags (name) VALUES ('outdoors');
INSERT INTO photo_tags (photo_idx, tag_id) VALUES ((SELECT photo_idx FROM photos WHERE photo_id = 1220), (SELECT tag_id FROM tags WHERE name = 'outdoors'));
INSERT OR IGNORE INTO tags (name) VALUES ('black');
INSERT INTO photo_tags (photo_idx, tag_id) VALUES ((SELECT photo_idx FROM photos WHERE photo_id = 1220), (SELECT tag_id FROM tags WHERE name = 'black'));
INSERT OR IGNORE INTO tags (name) VALUES ('green');
INSERT INTO photo_tags (photo_idx, tag_id) VALUES ((SELECT photo_idx FROM photos WHERE photo_id = 1220), (SELECT tag_id FROM tags WHERE name = 'green'));
INSERT OR IGNORE INTO tags (name) VALUES ('ferns');
INSERT INTO photo_tags (photo_idx, tag_id) VALUES ((SELECT photo_idx FROM photos WHERE photo_id = 1220), (SELECT tag_id FROM tags WHERE name = 'ferns'));
INSERT OR IGNORE INTO tags (name) VALUES ('foliage');
INSERT INTO photo_tags (photo_idx, tag_id) VALUES ((SELECT photo_idx FROM photos WHERE photo_id = 1220), (SELECT tag_id FROM tags WHERE name = 'foliage'));
INSERT OR IGNORE INTO tags (name) VALUES ('forest');
INSERT INTO photo_tags (photo_idx, tag_id) VALUES ((SELECT photo_idx FROM photos WHERE photo_id = 1220), (SELECT tag_id FROM tags WHERE name = 'forest'));
INSERT OR IGNORE INTO tags (name) VALUES ('rainforest');
INSERT INTO photo_tags (photo_idx, tag_id) VALUES ((SELECT photo_idx FROM photos WHERE photo_id = 1220), (SELECT tag_id FROM tags WHERE name = 'rainforest'));

INSERT INTO photos (photo_id, photo_title, photo_collection, photo_location, photo_year, camera, film_stock, film_format) VALUES (1223, 'Fresh Evergreen Branches', 'Pacific Northwest', 'Olympic Peninsula, Washington', 1997, 'Hasselblad', 'Fujichrome Velvia', '6 x 6 cm');
INSERT INTO photos_fts (photo_idx, photo_id, photo_title, photo_collection, photo_location, photo_year, camera, film_stock, film_format, tag_names) VALUES ((SELECT photo_idx FROM photos WHERE photo_id = 1223), 1223, 'Fresh Evergreen Branches', 'Pacific Northwest', 'Olympic Peninsula, Washington', 1997, 'Hasselblad', 'Fujichrome Velvia', '6 x 6 cm', 'horizontal,spring,closeup,landscape,color,outdoors,green,trees,foliage,forest,rainforest');
INSERT OR IGNORE INTO tags (name) VALUES ('horizontal');
INSERT INTO photo_tags (photo_idx, tag_id) VALUES ((SELECT photo_idx FROM photos WHERE photo_id = 1223), (SELECT tag_id FROM tags WHERE name = 'horizontal'));
INSERT OR IGNORE INTO tags (name) VALUES ('spring');
INSERT INTO photo_tags (photo_idx, tag_id) VALUES ((SELECT photo_idx FROM photos WHERE photo_id = 1223), (SELECT tag_id FROM tags WHERE name = 'spring'));
INSERT OR IGNORE INTO tags (name) VALUES ('closeup');
INSERT INTO photo_tags (photo_idx, tag_id) VALUES ((SELECT photo_idx FROM photos WHERE photo_id = 1223), (SELECT tag_id FROM tags WHERE name = 'closeup'));
INSERT OR IGNORE INTO tags (name) VALUES ('landscape');
INSERT INTO photo_tags (photo_idx, tag_id) VALUES ((SELECT photo_idx FROM photos WHERE photo_id = 1223), (SELECT tag_id FROM tags WHERE name = 'landscape'));
INSERT OR IGNORE INTO tags (name) VALUES ('color');
INSERT INTO photo_tags (photo_idx, tag_id) VALUES ((SELECT photo_idx FROM photos WHERE photo_id = 1223), (SELECT tag_id FROM tags WHERE name = 'color'));
INSERT OR IGNORE INTO tags (name) VALUES ('outdoors');
INSERT INTO photo_tags (photo_idx, tag_id) VALUES ((SELECT photo_idx FROM photos WHERE photo_id = 1223), (SELECT tag_id FROM tags WHERE name = 'outdoors'));
INSERT OR IGNORE INTO tags (name) VALUES ('green');
INSERT INTO photo_tags (photo_idx, tag_id) VALUES ((SELECT photo_idx FROM photos WHERE photo_id = 1223), (SELECT tag_id FROM tags WHERE name = 'green'));
INSERT OR IGNORE INTO tags (name) VALUES ('trees');
INSERT INTO photo_tags (photo_idx, tag_id) VALUES ((SELECT photo_idx FROM photos WHERE photo_id = 1223), (SELECT tag_id FROM tags WHERE name = 'trees'));
INSERT OR IGNORE INTO tags (name) VALUES ('foliage');
INSERT INTO photo_tags (photo_idx, tag_id) VALUES ((SELECT photo_idx FROM photos WHERE photo_id = 1223), (SELECT tag_id FROM tags WHERE name = 'foliage'));
INSERT OR IGNORE INTO tags (name) VALUES ('forest');
INSERT INTO photo_tags (photo_idx, tag_id) VALUES ((SELECT photo_idx FROM photos WHERE photo_id = 1223), (SELECT tag_id FROM tags WHERE name = 'forest'));
INSERT OR IGNORE INTO tags (name) VALUES ('rainforest');
INSERT INTO photo_tags (photo_idx, tag_id) VALUES ((SELECT photo_idx FROM photos WHERE photo_id = 1223), (SELECT tag_id FROM tags WHERE name = 'rainforest'));

INSERT INTO photos (photo_id, photo_title, photo_collection, photo_location, photo_year, camera, film_stock, film_format) VALUES (1224, 'Mossy Forest Scene', 'Pacific Northwest', 'Olympic Peninsula, Washington', 1997, 'Hasselblad', 'Fujichrome Velvia', '6 x 6 cm');
INSERT INTO photos_fts (photo_idx, photo_id, photo_title, photo_collection, photo_location, photo_year, camera, film_stock, film_format, tag_names) VALUES ((SELECT photo_idx FROM photos WHERE photo_id = 1224), 1224, 'Mossy Forest Scene', 'Pacific Northwest', 'Olympic Peninsula, Washington', 1997, 'Hasselblad', 'Fujichrome Velvia', '6 x 6 cm', 'horizontal,spring,scenic,landscape,color,outdoors,green,ferns,moss,trees,foliage,forest,rainforest');
INSERT OR IGNORE INTO tags (name) VALUES ('horizontal');
INSERT INTO photo_tags (photo_idx, tag_id) VALUES ((SELECT photo_idx FROM photos WHERE photo_id = 1224), (SELECT tag_id FROM tags WHERE name = 'horizontal'));
INSERT OR IGNORE INTO tags (name) VALUES ('spring');
INSERT INTO photo_tags (photo_idx, tag_id) VALUES ((SELECT photo_idx FROM photos WHERE photo_id = 1224), (SELECT tag_id FROM tags WHERE name = 'spring'));
INSERT OR IGNORE INTO tags (name) VALUES ('scenic');
INSERT INTO photo_tags (photo_idx, tag_id) VALUES ((SELECT photo_idx FROM photos WHERE photo_id = 1224), (SELECT tag_id FROM tags WHERE name = 'scenic'));
INSERT OR IGNORE INTO tags (name) VALUES ('landscape');
INSERT INTO photo_tags (photo_idx, tag_id) VALUES ((SELECT photo_idx FROM photos WHERE photo_id = 1224), (SELECT tag_id FROM tags WHERE name = 'landscape'));
INSERT OR IGNORE INTO tags (name) VALUES ('color');
INSERT INTO photo_tags (photo_idx, tag_id) VALUES ((SELECT photo_idx FROM photos WHERE photo_id = 1224), (SELECT tag_id FROM tags WHERE name = 'color'));
INSERT OR IGNORE INTO tags (name) VALUES ('outdoors');
INSERT INTO photo_tags (photo_idx, tag_id) VALUES ((SELECT photo_idx FROM photos WHERE photo_id = 1224), (SELECT tag_id FROM tags WHERE name = 'outdoors'));
INSERT OR IGNORE INTO tags (name) VALUES ('green');
INSERT INTO photo_tags (photo_idx, tag_id) VALUES ((SELECT photo_idx FROM photos WHERE photo_id = 1224), (SELECT tag_id FROM tags WHERE name = 'green'));
INSERT OR IGNORE INTO tags (name) VALUES ('ferns');
INSERT INTO photo_tags (photo_idx, tag_id) VALUES ((SELECT photo_idx FROM photos WHERE photo_id = 1224), (SELECT tag_id FROM tags WHERE name = 'ferns'));
INSERT OR IGNORE INTO tags (name) VALUES ('moss');
INSERT INTO photo_tags (photo_idx, tag_id) VALUES ((SELECT photo_idx FROM photos WHERE photo_id = 1224), (SELECT tag_id FROM tags WHERE name = 'moss'));
INSERT OR IGNORE INTO tags (name) VALUES ('trees');
INSERT INTO photo_tags (photo_idx, tag_id) VALUES ((SELECT photo_idx FROM photos WHERE photo_id = 1224), (SELECT tag_id FROM tags WHERE name = 'trees'));
INSERT OR IGNORE INTO tags (name) VALUES ('foliage');
INSERT INTO photo_tags (photo_idx, tag_id) VALUES ((SELECT photo_idx FROM photos WHERE photo_id = 1224), (SELECT tag_id FROM tags WHERE name = 'foliage'));
INSERT OR IGNORE INTO tags (name) VALUES ('forest');
INSERT INTO photo_tags (photo_idx, tag_id) VALUES ((SELECT photo_idx FROM photos WHERE photo_id = 1224), (SELECT tag_id FROM tags WHERE name = 'forest'));
INSERT OR IGNORE INTO tags (name) VALUES ('rainforest');
INSERT INTO photo_tags (photo_idx, tag_id) VALUES ((SELECT photo_idx FROM photos WHERE photo_id = 1224), (SELECT tag_id FROM tags WHERE name = 'rainforest'));

INSERT INTO photos (photo_id, photo_title, photo_collection, photo_location, photo_year, camera, film_stock, film_format) VALUES (1225, 'Autumn Colors in Maine', 'New England', 'New England', 1997, 'Hasselblad', 'Fujichrome Velvia', '6 x 6 cm');
INSERT INTO photos_fts (photo_idx, photo_id, photo_title, photo_collection, photo_location, photo_year, camera, film_stock, film_format, tag_names) VALUES ((SELECT photo_idx FROM photos WHERE photo_id = 1225), 1225, 'Autumn Colors in Maine', 'New England', 'New England', 1997, 'Hasselblad', 'Fujichrome Velvia', '6 x 6 cm', 'vertical,autumn,fall,scenic,landscape,color,outdoors,orange,red,yellow,trees,foliage,forest,leaves');
INSERT OR IGNORE INTO tags (name) VALUES ('vertical');
INSERT INTO photo_tags (photo_idx, tag_id) VALUES ((SELECT photo_idx FROM photos WHERE photo_id = 1225), (SELECT tag_id FROM tags WHERE name = 'vertical'));
INSERT OR IGNORE INTO tags (name) VALUES ('autumn');
INSERT INTO photo_tags (photo_idx, tag_id) VALUES ((SELECT photo_idx FROM photos WHERE photo_id = 1225), (SELECT tag_id FROM tags WHERE name = 'autumn'));
INSERT OR IGNORE INTO tags (name) VALUES ('fall');
INSERT INTO photo_tags (photo_idx, tag_id) VALUES ((SELECT photo_idx FROM photos WHERE photo_id = 1225), (SELECT tag_id FROM tags WHERE name = 'fall'));
INSERT OR IGNORE INTO tags (name) VALUES ('scenic');
INSERT INTO photo_tags (photo_idx, tag_id) VALUES ((SELECT photo_idx FROM photos WHERE photo_id = 1225), (SELECT tag_id FROM tags WHERE name = 'scenic'));
INSERT OR IGNORE INTO tags (name) VALUES ('landscape');
INSERT INTO photo_tags (photo_idx, tag_id) VALUES ((SELECT photo_idx FROM photos WHERE photo_id = 1225), (SELECT tag_id FROM tags WHERE name = 'landscape'));
INSERT OR IGNORE INTO tags (name) VALUES ('color');
INSERT INTO photo_tags (photo_idx, tag_id) VALUES ((SELECT photo_idx FROM photos WHERE photo_id = 1225), (SELECT tag_id FROM tags WHERE name = 'color'));
INSERT OR IGNORE INTO tags (name) VALUES ('outdoors');
INSERT INTO photo_tags (photo_idx, tag_id) VALUES ((SELECT photo_idx FROM photos WHERE photo_id = 1225), (SELECT tag_id FROM tags WHERE name = 'outdoors'));
INSERT OR IGNORE INTO tags (name) VALUES ('orange');
INSERT INTO photo_tags (photo_idx, tag_id) VALUES ((SELECT photo_idx FROM photos WHERE photo_id = 1225), (SELECT tag_id FROM tags WHERE name = 'orange'));
INSERT OR IGNORE INTO tags (name) VALUES ('red');
INSERT INTO photo_tags (photo_idx, tag_id) VALUES ((SELECT photo_idx FROM photos WHERE photo_id = 1225), (SELECT tag_id FROM tags WHERE name = 'red'));
INSERT OR IGNORE INTO tags (name) VALUES ('yellow');
INSERT INTO photo_tags (photo_idx, tag_id) VALUES ((SELECT photo_idx FROM photos WHERE photo_id = 1225), (SELECT tag_id FROM tags WHERE name = 'yellow'));
INSERT OR IGNORE INTO tags (name) VALUES ('trees');
INSERT INTO photo_tags (photo_idx, tag_id) VALUES ((SELECT photo_idx FROM photos WHERE photo_id = 1225), (SELECT tag_id FROM tags WHERE name = 'trees'));
INSERT OR IGNORE INTO tags (name) VALUES ('foliage');
INSERT INTO photo_tags (photo_idx, tag_id) VALUES ((SELECT photo_idx FROM photos WHERE photo_id = 1225), (SELECT tag_id FROM tags WHERE name = 'foliage'));
INSERT OR IGNORE INTO tags (name) VALUES ('forest');
INSERT INTO photo_tags (photo_idx, tag_id) VALUES ((SELECT photo_idx FROM photos WHERE photo_id = 1225), (SELECT tag_id FROM tags WHERE name = 'forest'));
INSERT OR IGNORE INTO tags (name) VALUES ('leaves');
INSERT INTO photo_tags (photo_idx, tag_id) VALUES ((SELECT photo_idx FROM photos WHERE photo_id = 1225), (SELECT tag_id FROM tags WHERE name = 'leaves'));

INSERT INTO photos (photo_id, photo_title, photo_collection, photo_location, photo_year, camera, film_stock, film_format) VALUES (1226, 'Painter''s Palette', 'New England', 'New England', 1997, 'Hasselblad', 'Fujichrome Velvia', '6 x 6 cm');
INSERT INTO photos_fts (photo_idx, photo_id, photo_title, photo_collection, photo_location, photo_year, camera, film_stock, film_format, tag_names) VALUES ((SELECT photo_idx FROM photos WHERE photo_id = 1226), 1226, 'Painter''s Palette', 'New England', 'New England', 1997, 'Hasselblad', 'Fujichrome Velvia', '6 x 6 cm', 'horizontal,autumn,fall,popular,scenic,landscape,color,outdoors,orange,red,yellow,trees,foliage,forest,leaves');
INSERT OR IGNORE INTO tags (name) VALUES ('horizontal');
INSERT INTO photo_tags (photo_idx, tag_id) VALUES ((SELECT photo_idx FROM photos WHERE photo_id = 1226), (SELECT tag_id FROM tags WHERE name = 'horizontal'));
INSERT OR IGNORE INTO tags (name) VALUES ('autumn');
INSERT INTO photo_tags (photo_idx, tag_id) VALUES ((SELECT photo_idx FROM photos WHERE photo_id = 1226), (SELECT tag_id FROM tags WHERE name = 'autumn'));
INSERT OR IGNORE INTO tags (name) VALUES ('fall');
INSERT INTO photo_tags (photo_idx, tag_id) VALUES ((SELECT photo_idx FROM photos WHERE photo_id = 1226), (SELECT tag_id FROM tags WHERE name = 'fall'));
INSERT OR IGNORE INTO tags (name) VALUES ('popular');
INSERT INTO photo_tags (photo_idx, tag_id) VALUES ((SELECT photo_idx FROM photos WHERE photo_id = 1226), (SELECT tag_id FROM tags WHERE name = 'popular'));
INSERT OR IGNORE INTO tags (name) VALUES ('scenic');
INSERT INTO photo_tags (photo_idx, tag_id) VALUES ((SELECT photo_idx FROM photos WHERE photo_id = 1226), (SELECT tag_id FROM tags WHERE name = 'scenic'));
INSERT OR IGNORE INTO tags (name) VALUES ('landscape');
INSERT INTO photo_tags (photo_idx, tag_id) VALUES ((SELECT photo_idx FROM photos WHERE photo_id = 1226), (SELECT tag_id FROM tags WHERE name = 'landscape'));
INSERT OR IGNORE INTO tags (name) VALUES ('color');
INSERT INTO photo_tags (photo_idx, tag_id) VALUES ((SELECT photo_idx FROM photos WHERE photo_id = 1226), (SELECT tag_id FROM tags WHERE name = 'color'));
INSERT OR IGNORE INTO tags (name) VALUES ('outdoors');
INSERT INTO photo_tags (photo_idx, tag_id) VALUES ((SELECT photo_idx FROM photos WHERE photo_id = 1226), (SELECT tag_id FROM tags WHERE name = 'outdoors'));
INSERT OR IGNORE INTO tags (name) VALUES ('orange');
INSERT INTO photo_tags (photo_idx, tag_id) VALUES ((SELECT photo_idx FROM photos WHERE photo_id = 1226), (SELECT tag_id FROM tags WHERE name = 'orange'));
INSERT OR IGNORE INTO tags (name) VALUES ('red');
INSERT INTO photo_tags (photo_idx, tag_id) VALUES ((SELECT photo_idx FROM photos WHERE photo_id = 1226), (SELECT tag_id FROM tags WHERE name = 'red'));
INSERT OR IGNORE INTO tags (name) VALUES ('yellow');
INSERT INTO photo_tags (photo_idx, tag_id) VALUES ((SELECT photo_idx FROM photos WHERE photo_id = 1226), (SELECT tag_id FROM tags WHERE name = 'yellow'));
INSERT OR IGNORE INTO tags (name) VALUES ('trees');
INSERT INTO photo_tags (photo_idx, tag_id) VALUES ((SELECT photo_idx FROM photos WHERE photo_id = 1226), (SELECT tag_id FROM tags WHERE name = 'trees'));
INSERT OR IGNORE INTO tags (name) VALUES ('foliage');
INSERT INTO photo_tags (photo_idx, tag_id) VALUES ((SELECT photo_idx FROM photos WHERE photo_id = 1226), (SELECT tag_id FROM tags WHERE name = 'foliage'));
INSERT OR IGNORE INTO tags (name) VALUES ('forest');
INSERT INTO photo_tags (photo_idx, tag_id) VALUES ((SELECT photo_idx FROM photos WHERE photo_id = 1226), (SELECT tag_id FROM tags WHERE name = 'forest'));
INSERT OR IGNORE INTO tags (name) VALUES ('leaves');
INSERT INTO photo_tags (photo_idx, tag_id) VALUES ((SELECT photo_idx FROM photos WHERE photo_id = 1226), (SELECT tag_id FROM tags WHERE name = 'leaves'));

INSERT INTO photos (photo_id, photo_title, photo_collection, photo_location, photo_year, camera, film_stock, film_format) VALUES (1227, 'Red Sugar Maple', 'New England', 'New England', 1997, 'Hasselblad', 'Fujichrome Velvia', '6 x 6 cm');
INSERT INTO photos_fts (photo_idx, photo_id, photo_title, photo_collection, photo_location, photo_year, camera, film_stock, film_format, tag_names) VALUES ((SELECT photo_idx FROM photos WHERE photo_id = 1227), 1227, 'Red Sugar Maple', 'New England', 'New England', 1997, 'Hasselblad', 'Fujichrome Velvia', '6 x 6 cm', 'vertical,autumn,fall,scenic,landscape,color,outdoors,orange,red,trees,foliage,leaves');
INSERT OR IGNORE INTO tags (name) VALUES ('vertical');
INSERT INTO photo_tags (photo_idx, tag_id) VALUES ((SELECT photo_idx FROM photos WHERE photo_id = 1227), (SELECT tag_id FROM tags WHERE name = 'vertical'));
INSERT OR IGNORE INTO tags (name) VALUES ('autumn');
INSERT INTO photo_tags (photo_idx, tag_id) VALUES ((SELECT photo_idx FROM photos WHERE photo_id = 1227), (SELECT tag_id FROM tags WHERE name = 'autumn'));
INSERT OR IGNORE INTO tags (name) VALUES ('fall');
INSERT INTO photo_tags (photo_idx, tag_id) VALUES ((SELECT photo_idx FROM photos WHERE photo_id = 1227), (SELECT tag_id FROM tags WHERE name = 'fall'));
INSERT OR IGNORE INTO tags (name) VALUES ('scenic');
INSERT INTO photo_tags (photo_idx, tag_id) VALUES ((SELECT photo_idx FROM photos WHERE photo_id = 1227), (SELECT tag_id FROM tags WHERE name = 'scenic'));
INSERT OR IGNORE INTO tags (name) VALUES ('landscape');
INSERT INTO photo_tags (photo_idx, tag_id) VALUES ((SELECT photo_idx FROM photos WHERE photo_id = 1227), (SELECT tag_id FROM tags WHERE name = 'landscape'));
INSERT OR IGNORE INTO tags (name) VALUES ('color');
INSERT INTO photo_tags (photo_idx, tag_id) VALUES ((SELECT photo_idx FROM photos WHERE photo_id = 1227), (SELECT tag_id FROM tags WHERE name = 'color'));
INSERT OR IGNORE INTO tags (name) VALUES ('outdoors');
INSERT INTO photo_tags (photo_idx, tag_id) VALUES ((SELECT photo_idx FROM photos WHERE photo_id = 1227), (SELECT tag_id FROM tags WHERE name = 'outdoors'));
INSERT OR IGNORE INTO tags (name) VALUES ('orange');
INSERT INTO photo_tags (photo_idx, tag_id) VALUES ((SELECT photo_idx FROM photos WHERE photo_id = 1227), (SELECT tag_id FROM tags WHERE name = 'orange'));
INSERT OR IGNORE INTO tags (name) VALUES ('red');
INSERT INTO photo_tags (photo_idx, tag_id) VALUES ((SELECT photo_idx FROM photos WHERE photo_id = 1227), (SELECT tag_id FROM tags WHERE name = 'red'));
INSERT OR IGNORE INTO tags (name) VALUES ('trees');
INSERT INTO photo_tags (photo_idx, tag_id) VALUES ((SELECT photo_idx FROM photos WHERE photo_id = 1227), (SELECT tag_id FROM tags WHERE name = 'trees'));
INSERT OR IGNORE INTO tags (name) VALUES ('foliage');
INSERT INTO photo_tags (photo_idx, tag_id) VALUES ((SELECT photo_idx FROM photos WHERE photo_id = 1227), (SELECT tag_id FROM tags WHERE name = 'foliage'));
INSERT OR IGNORE INTO tags (name) VALUES ('leaves');
INSERT INTO photo_tags (photo_idx, tag_id) VALUES ((SELECT photo_idx FROM photos WHERE photo_id = 1227), (SELECT tag_id FROM tags WHERE name = 'leaves'));

INSERT INTO photos (photo_id, photo_title, photo_collection, photo_location, photo_year, camera, film_stock, film_format) VALUES (1228, 'Leaning Trees', 'New England', 'New England', 1997, 'Hasselblad', 'Fujichrome Velvia', '6 x 6 cm');
INSERT INTO photos_fts (photo_idx, photo_id, photo_title, photo_collection, photo_location, photo_year, camera, film_stock, film_format, tag_names) VALUES ((SELECT photo_idx FROM photos WHERE photo_id = 1228), 1228, 'Leaning Trees', 'New England', 'New England', 1997, 'Hasselblad', 'Fujichrome Velvia', '6 x 6 cm', 'vertical,autumn,fall,scenic,landscape,color,outdoors,orange,red,trees,foliage,forest,leaves');
INSERT OR IGNORE INTO tags (name) VALUES ('vertical');
INSERT INTO photo_tags (photo_idx, tag_id) VALUES ((SELECT photo_idx FROM photos WHERE photo_id = 1228), (SELECT tag_id FROM tags WHERE name = 'vertical'));
INSERT OR IGNORE INTO tags (name) VALUES ('autumn');
INSERT INTO photo_tags (photo_idx, tag_id) VALUES ((SELECT photo_idx FROM photos WHERE photo_id = 1228), (SELECT tag_id FROM tags WHERE name = 'autumn'));
INSERT OR IGNORE INTO tags (name) VALUES ('fall');
INSERT INTO photo_tags (photo_idx, tag_id) VALUES ((SELECT photo_idx FROM photos WHERE photo_id = 1228), (SELECT tag_id FROM tags WHERE name = 'fall'));
INSERT OR IGNORE INTO tags (name) VALUES ('scenic');
INSERT INTO photo_tags (photo_idx, tag_id) VALUES ((SELECT photo_idx FROM photos WHERE photo_id = 1228), (SELECT tag_id FROM tags WHERE name = 'scenic'));
INSERT OR IGNORE INTO tags (name) VALUES ('landscape');
INSERT INTO photo_tags (photo_idx, tag_id) VALUES ((SELECT photo_idx FROM photos WHERE photo_id = 1228), (SELECT tag_id FROM tags WHERE name = 'landscape'));
INSERT OR IGNORE INTO tags (name) VALUES ('color');
INSERT INTO photo_tags (photo_idx, tag_id) VALUES ((SELECT photo_idx FROM photos WHERE photo_id = 1228), (SELECT tag_id FROM tags WHERE name = 'color'));
INSERT OR IGNORE INTO tags (name) VALUES ('outdoors');
INSERT INTO photo_tags (photo_idx, tag_id) VALUES ((SELECT photo_idx FROM photos WHERE photo_id = 1228), (SELECT tag_id FROM tags WHERE name = 'outdoors'));
INSERT OR IGNORE INTO tags (name) VALUES ('orange');
INSERT INTO photo_tags (photo_idx, tag_id) VALUES ((SELECT photo_idx FROM photos WHERE photo_id = 1228), (SELECT tag_id FROM tags WHERE name = 'orange'));
INSERT OR IGNORE INTO tags (name) VALUES ('red');
INSERT INTO photo_tags (photo_idx, tag_id) VALUES ((SELECT photo_idx FROM photos WHERE photo_id = 1228), (SELECT tag_id FROM tags WHERE name = 'red'));
INSERT OR IGNORE INTO tags (name) VALUES ('trees');
INSERT INTO photo_tags (photo_idx, tag_id) VALUES ((SELECT photo_idx FROM photos WHERE photo_id = 1228), (SELECT tag_id FROM tags WHERE name = 'trees'));
INSERT OR IGNORE INTO tags (name) VALUES ('foliage');
INSERT INTO photo_tags (photo_idx, tag_id) VALUES ((SELECT photo_idx FROM photos WHERE photo_id = 1228), (SELECT tag_id FROM tags WHERE name = 'foliage'));
INSERT OR IGNORE INTO tags (name) VALUES ('forest');
INSERT INTO photo_tags (photo_idx, tag_id) VALUES ((SELECT photo_idx FROM photos WHERE photo_id = 1228), (SELECT tag_id FROM tags WHERE name = 'forest'));
INSERT OR IGNORE INTO tags (name) VALUES ('leaves');
INSERT INTO photo_tags (photo_idx, tag_id) VALUES ((SELECT photo_idx FROM photos WHERE photo_id = 1228), (SELECT tag_id FROM tags WHERE name = 'leaves'));

INSERT INTO photos (photo_id, photo_title, photo_collection, photo_location, photo_year, camera, film_stock, film_format) VALUES (1229, 'Orange and Red Trees', 'New England', 'New England', 1997, 'Hasselblad', 'Fujichrome Velvia', '6 x 6 cm');
INSERT INTO photos_fts (photo_idx, photo_id, photo_title, photo_collection, photo_location, photo_year, camera, film_stock, film_format, tag_names) VALUES ((SELECT photo_idx FROM photos WHERE photo_id = 1229), 1229, 'Orange and Red Trees', 'New England', 'New England', 1997, 'Hasselblad', 'Fujichrome Velvia', '6 x 6 cm', 'vertical,autumn,fall,scenic,landscape,color,outdoors,orange,red,trees,foliage,forest,leaves');
INSERT OR IGNORE INTO tags (name) VALUES ('vertical');
INSERT INTO photo_tags (photo_idx, tag_id) VALUES ((SELECT photo_idx FROM photos WHERE photo_id = 1229), (SELECT tag_id FROM tags WHERE name = 'vertical'));
INSERT OR IGNORE INTO tags (name) VALUES ('autumn');
INSERT INTO photo_tags (photo_idx, tag_id) VALUES ((SELECT photo_idx FROM photos WHERE photo_id = 1229), (SELECT tag_id FROM tags WHERE name = 'autumn'));
INSERT OR IGNORE INTO tags (name) VALUES ('fall');
INSERT INTO photo_tags (photo_idx, tag_id) VALUES ((SELECT photo_idx FROM photos WHERE photo_id = 1229), (SELECT tag_id FROM tags WHERE name = 'fall'));
INSERT OR IGNORE INTO tags (name) VALUES ('scenic');
INSERT INTO photo_tags (photo_idx, tag_id) VALUES ((SELECT photo_idx FROM photos WHERE photo_id = 1229), (SELECT tag_id FROM tags WHERE name = 'scenic'));
INSERT OR IGNORE INTO tags (name) VALUES ('landscape');
INSERT INTO photo_tags (photo_idx, tag_id) VALUES ((SELECT photo_idx FROM photos WHERE photo_id = 1229), (SELECT tag_id FROM tags WHERE name = 'landscape'));
INSERT OR IGNORE INTO tags (name) VALUES ('color');
INSERT INTO photo_tags (photo_idx, tag_id) VALUES ((SELECT photo_idx FROM photos WHERE photo_id = 1229), (SELECT tag_id FROM tags WHERE name = 'color'));
INSERT OR IGNORE INTO tags (name) VALUES ('outdoors');
INSERT INTO photo_tags (photo_idx, tag_id) VALUES ((SELECT photo_idx FROM photos WHERE photo_id = 1229), (SELECT tag_id FROM tags WHERE name = 'outdoors'));
INSERT OR IGNORE INTO tags (name) VALUES ('orange');
INSERT INTO photo_tags (photo_idx, tag_id) VALUES ((SELECT photo_idx FROM photos WHERE photo_id = 1229), (SELECT tag_id FROM tags WHERE name = 'orange'));
INSERT OR IGNORE INTO tags (name) VALUES ('red');
INSERT INTO photo_tags (photo_idx, tag_id) VALUES ((SELECT photo_idx FROM photos WHERE photo_id = 1229), (SELECT tag_id FROM tags WHERE name = 'red'));
INSERT OR IGNORE INTO tags (name) VALUES ('trees');
INSERT INTO photo_tags (photo_idx, tag_id) VALUES ((SELECT photo_idx FROM photos WHERE photo_id = 1229), (SELECT tag_id FROM tags WHERE name = 'trees'));
INSERT OR IGNORE INTO tags (name) VALUES ('foliage');
INSERT INTO photo_tags (photo_idx, tag_id) VALUES ((SELECT photo_idx FROM photos WHERE photo_id = 1229), (SELECT tag_id FROM tags WHERE name = 'foliage'));
INSERT OR IGNORE INTO tags (name) VALUES ('forest');
INSERT INTO photo_tags (photo_idx, tag_id) VALUES ((SELECT photo_idx FROM photos WHERE photo_id = 1229), (SELECT tag_id FROM tags WHERE name = 'forest'));
INSERT OR IGNORE INTO tags (name) VALUES ('leaves');
INSERT INTO photo_tags (photo_idx, tag_id) VALUES ((SELECT photo_idx FROM photos WHERE photo_id = 1229), (SELECT tag_id FROM tags WHERE name = 'leaves'));

INSERT INTO photos (photo_id, photo_title, photo_collection, photo_location, photo_year, camera, film_stock, film_format) VALUES (1230, 'Colorful Autumn Hills', 'New England', 'New England', 1997, 'Hasselblad', 'Fujichrome Velvia', '6 x 6 cm');
INSERT INTO photos_fts (photo_idx, photo_id, photo_title, photo_collection, photo_location, photo_year, camera, film_stock, film_format, tag_names) VALUES ((SELECT photo_idx FROM photos WHERE photo_id = 1230), 1230, 'Colorful Autumn Hills', 'New England', 'New England', 1997, 'Hasselblad', 'Fujichrome Velvia', '6 x 6 cm', 'horizontal,autumn,fall,scenic,landscape,color,outdoors,blue,orange,red,fog,trees,foliage,forest,mist');
INSERT OR IGNORE INTO tags (name) VALUES ('horizontal');
INSERT INTO photo_tags (photo_idx, tag_id) VALUES ((SELECT photo_idx FROM photos WHERE photo_id = 1230), (SELECT tag_id FROM tags WHERE name = 'horizontal'));
INSERT OR IGNORE INTO tags (name) VALUES ('autumn');
INSERT INTO photo_tags (photo_idx, tag_id) VALUES ((SELECT photo_idx FROM photos WHERE photo_id = 1230), (SELECT tag_id FROM tags WHERE name = 'autumn'));
INSERT OR IGNORE INTO tags (name) VALUES ('fall');
INSERT INTO photo_tags (photo_idx, tag_id) VALUES ((SELECT photo_idx FROM photos WHERE photo_id = 1230), (SELECT tag_id FROM tags WHERE name = 'fall'));
INSERT OR IGNORE INTO tags (name) VALUES ('scenic');
INSERT INTO photo_tags (photo_idx, tag_id) VALUES ((SELECT photo_idx FROM photos WHERE photo_id = 1230), (SELECT tag_id FROM tags WHERE name = 'scenic'));
INSERT OR IGNORE INTO tags (name) VALUES ('landscape');
INSERT INTO photo_tags (photo_idx, tag_id) VALUES ((SELECT photo_idx FROM photos WHERE photo_id = 1230), (SELECT tag_id FROM tags WHERE name = 'landscape'));
INSERT OR IGNORE INTO tags (name) VALUES ('color');
INSERT INTO photo_tags (photo_idx, tag_id) VALUES ((SELECT photo_idx FROM photos WHERE photo_id = 1230), (SELECT tag_id FROM tags WHERE name = 'color'));
INSERT OR IGNORE INTO tags (name) VALUES ('outdoors');
INSERT INTO photo_tags (photo_idx, tag_id) VALUES ((SELECT photo_idx FROM photos WHERE photo_id = 1230), (SELECT tag_id FROM tags WHERE name = 'outdoors'));
INSERT OR IGNORE INTO tags (name) VALUES ('blue');
INSERT INTO photo_tags (photo_idx, tag_id) VALUES ((SELECT photo_idx FROM photos WHERE photo_id = 1230), (SELECT tag_id FROM tags WHERE name = 'blue'));
INSERT OR IGNORE INTO tags (name) VALUES ('orange');
INSERT INTO photo_tags (photo_idx, tag_id) VALUES ((SELECT photo_idx FROM photos WHERE photo_id = 1230), (SELECT tag_id FROM tags WHERE name = 'orange'));
INSERT OR IGNORE INTO tags (name) VALUES ('red');
INSERT INTO photo_tags (photo_idx, tag_id) VALUES ((SELECT photo_idx FROM photos WHERE photo_id = 1230), (SELECT tag_id FROM tags WHERE name = 'red'));
INSERT OR IGNORE INTO tags (name) VALUES ('fog');
INSERT INTO photo_tags (photo_idx, tag_id) VALUES ((SELECT photo_idx FROM photos WHERE photo_id = 1230), (SELECT tag_id FROM tags WHERE name = 'fog'));
INSERT OR IGNORE INTO tags (name) VALUES ('trees');
INSERT INTO photo_tags (photo_idx, tag_id) VALUES ((SELECT photo_idx FROM photos WHERE photo_id = 1230), (SELECT tag_id FROM tags WHERE name = 'trees'));
INSERT OR IGNORE INTO tags (name) VALUES ('foliage');
INSERT INTO photo_tags (photo_idx, tag_id) VALUES ((SELECT photo_idx FROM photos WHERE photo_id = 1230), (SELECT tag_id FROM tags WHERE name = 'foliage'));
INSERT OR IGNORE INTO tags (name) VALUES ('forest');
INSERT INTO photo_tags (photo_idx, tag_id) VALUES ((SELECT photo_idx FROM photos WHERE photo_id = 1230), (SELECT tag_id FROM tags WHERE name = 'forest'));
INSERT OR IGNORE INTO tags (name) VALUES ('mist');
INSERT INTO photo_tags (photo_idx, tag_id) VALUES ((SELECT photo_idx FROM photos WHERE photo_id = 1230), (SELECT tag_id FROM tags WHERE name = 'mist'));

INSERT INTO photos (photo_id, photo_title, photo_collection, photo_location, photo_year, camera, film_stock, film_format) VALUES (1231, 'Red and Yellow and Blue', 'New England', 'New England', 1997, 'Hasselblad', 'Fujichrome Velvia', '6 x 6 cm');
INSERT INTO photos_fts (photo_idx, photo_id, photo_title, photo_collection, photo_location, photo_year, camera, film_stock, film_format, tag_names) VALUES ((SELECT photo_idx FROM photos WHERE photo_id = 1231), 1231, 'Red and Yellow and Blue', 'New England', 'New England', 1997, 'Hasselblad', 'Fujichrome Velvia', '6 x 6 cm', 'horizontal,autumn,fall,scenic,landscape,color,outdoors,blue,orange,red,yellow,sky,trees,foliage,leaves');
INSERT OR IGNORE INTO tags (name) VALUES ('horizontal');
INSERT INTO photo_tags (photo_idx, tag_id) VALUES ((SELECT photo_idx FROM photos WHERE photo_id = 1231), (SELECT tag_id FROM tags WHERE name = 'horizontal'));
INSERT OR IGNORE INTO tags (name) VALUES ('autumn');
INSERT INTO photo_tags (photo_idx, tag_id) VALUES ((SELECT photo_idx FROM photos WHERE photo_id = 1231), (SELECT tag_id FROM tags WHERE name = 'autumn'));
INSERT OR IGNORE INTO tags (name) VALUES ('fall');
INSERT INTO photo_tags (photo_idx, tag_id) VALUES ((SELECT photo_idx FROM photos WHERE photo_id = 1231), (SELECT tag_id FROM tags WHERE name = 'fall'));
INSERT OR IGNORE INTO tags (name) VALUES ('scenic');
INSERT INTO photo_tags (photo_idx, tag_id) VALUES ((SELECT photo_idx FROM photos WHERE photo_id = 1231), (SELECT tag_id FROM tags WHERE name = 'scenic'));
INSERT OR IGNORE INTO tags (name) VALUES ('landscape');
INSERT INTO photo_tags (photo_idx, tag_id) VALUES ((SELECT photo_idx FROM photos WHERE photo_id = 1231), (SELECT tag_id FROM tags WHERE name = 'landscape'));
INSERT OR IGNORE INTO tags (name) VALUES ('color');
INSERT INTO photo_tags (photo_idx, tag_id) VALUES ((SELECT photo_idx FROM photos WHERE photo_id = 1231), (SELECT tag_id FROM tags WHERE name = 'color'));
INSERT OR IGNORE INTO tags (name) VALUES ('outdoors');
INSERT INTO photo_tags (photo_idx, tag_id) VALUES ((SELECT photo_idx FROM photos WHERE photo_id = 1231), (SELECT tag_id FROM tags WHERE name = 'outdoors'));
INSERT OR IGNORE INTO tags (name) VALUES ('blue');
INSERT INTO photo_tags (photo_idx, tag_id) VALUES ((SELECT photo_idx FROM photos WHERE photo_id = 1231), (SELECT tag_id FROM tags WHERE name = 'blue'));
INSERT OR IGNORE INTO tags (name) VALUES ('orange');
INSERT INTO photo_tags (photo_idx, tag_id) VALUES ((SELECT photo_idx FROM photos WHERE photo_id = 1231), (SELECT tag_id FROM tags WHERE name = 'orange'));
INSERT OR IGNORE INTO tags (name) VALUES ('red');
INSERT INTO photo_tags (photo_idx, tag_id) VALUES ((SELECT photo_idx FROM photos WHERE photo_id = 1231), (SELECT tag_id FROM tags WHERE name = 'red'));
INSERT OR IGNORE INTO tags (name) VALUES ('yellow');
INSERT INTO photo_tags (photo_idx, tag_id) VALUES ((SELECT photo_idx FROM photos WHERE photo_id = 1231), (SELECT tag_id FROM tags WHERE name = 'yellow'));
INSERT OR IGNORE INTO tags (name) VALUES ('sky');
INSERT INTO photo_tags (photo_idx, tag_id) VALUES ((SELECT photo_idx FROM photos WHERE photo_id = 1231), (SELECT tag_id FROM tags WHERE name = 'sky'));
INSERT OR IGNORE INTO tags (name) VALUES ('trees');
INSERT INTO photo_tags (photo_idx, tag_id) VALUES ((SELECT photo_idx FROM photos WHERE photo_id = 1231), (SELECT tag_id FROM tags WHERE name = 'trees'));
INSERT OR IGNORE INTO tags (name) VALUES ('foliage');
INSERT INTO photo_tags (photo_idx, tag_id) VALUES ((SELECT photo_idx FROM photos WHERE photo_id = 1231), (SELECT tag_id FROM tags WHERE name = 'foliage'));
INSERT OR IGNORE INTO tags (name) VALUES ('leaves');
INSERT INTO photo_tags (photo_idx, tag_id) VALUES ((SELECT photo_idx FROM photos WHERE photo_id = 1231), (SELECT tag_id FROM tags WHERE name = 'leaves'));

INSERT INTO photos (photo_id, photo_title, photo_collection, photo_location, photo_year, camera, film_stock, film_format) VALUES (1232, 'Powerful Tree', 'New England', 'New England', 1997, 'Hasselblad', 'Fujichrome Velvia', '6 x 6 cm');
INSERT INTO photos_fts (photo_idx, photo_id, photo_title, photo_collection, photo_location, photo_year, camera, film_stock, film_format, tag_names) VALUES ((SELECT photo_idx FROM photos WHERE photo_id = 1232), 1232, 'Powerful Tree', 'New England', 'New England', 1997, 'Hasselblad', 'Fujichrome Velvia', '6 x 6 cm', 'vertical,autumn,fall,scenic,landscape,color,outdoors,black,yellow,trees,foliage,leaves');
INSERT OR IGNORE INTO tags (name) VALUES ('vertical');
INSERT INTO photo_tags (photo_idx, tag_id) VALUES ((SELECT photo_idx FROM photos WHERE photo_id = 1232), (SELECT tag_id FROM tags WHERE name = 'vertical'));
INSERT OR IGNORE INTO tags (name) VALUES ('autumn');
INSERT INTO photo_tags (photo_idx, tag_id) VALUES ((SELECT photo_idx FROM photos WHERE photo_id = 1232), (SELECT tag_id FROM tags WHERE name = 'autumn'));
INSERT OR IGNORE INTO tags (name) VALUES ('fall');
INSERT INTO photo_tags (photo_idx, tag_id) VALUES ((SELECT photo_idx FROM photos WHERE photo_id = 1232), (SELECT tag_id FROM tags WHERE name = 'fall'));
INSERT OR IGNORE INTO tags (name) VALUES ('scenic');
INSERT INTO photo_tags (photo_idx, tag_id) VALUES ((SELECT photo_idx FROM photos WHERE photo_id = 1232), (SELECT tag_id FROM tags WHERE name = 'scenic'));
INSERT OR IGNORE INTO tags (name) VALUES ('landscape');
INSERT INTO photo_tags (photo_idx, tag_id) VALUES ((SELECT photo_idx FROM photos WHERE photo_id = 1232), (SELECT tag_id FROM tags WHERE name = 'landscape'));
INSERT OR IGNORE INTO tags (name) VALUES ('color');
INSERT INTO photo_tags (photo_idx, tag_id) VALUES ((SELECT photo_idx FROM photos WHERE photo_id = 1232), (SELECT tag_id FROM tags WHERE name = 'color'));
INSERT OR IGNORE INTO tags (name) VALUES ('outdoors');
INSERT INTO photo_tags (photo_idx, tag_id) VALUES ((SELECT photo_idx FROM photos WHERE photo_id = 1232), (SELECT tag_id FROM tags WHERE name = 'outdoors'));
INSERT OR IGNORE INTO tags (name) VALUES ('black');
INSERT INTO photo_tags (photo_idx, tag_id) VALUES ((SELECT photo_idx FROM photos WHERE photo_id = 1232), (SELECT tag_id FROM tags WHERE name = 'black'));
INSERT OR IGNORE INTO tags (name) VALUES ('yellow');
INSERT INTO photo_tags (photo_idx, tag_id) VALUES ((SELECT photo_idx FROM photos WHERE photo_id = 1232), (SELECT tag_id FROM tags WHERE name = 'yellow'));
INSERT OR IGNORE INTO tags (name) VALUES ('trees');
INSERT INTO photo_tags (photo_idx, tag_id) VALUES ((SELECT photo_idx FROM photos WHERE photo_id = 1232), (SELECT tag_id FROM tags WHERE name = 'trees'));
INSERT OR IGNORE INTO tags (name) VALUES ('foliage');
INSERT INTO photo_tags (photo_idx, tag_id) VALUES ((SELECT photo_idx FROM photos WHERE photo_id = 1232), (SELECT tag_id FROM tags WHERE name = 'foliage'));
INSERT OR IGNORE INTO tags (name) VALUES ('leaves');
INSERT INTO photo_tags (photo_idx, tag_id) VALUES ((SELECT photo_idx FROM photos WHERE photo_id = 1232), (SELECT tag_id FROM tags WHERE name = 'leaves'));

INSERT INTO photos (photo_id, photo_title, photo_collection, photo_location, photo_year, camera, film_stock, film_format) VALUES (1233, 'Tree Reaching Up', 'New England', 'New England', 1997, 'Hasselblad', 'Fujichrome Velvia', '6 x 6 cm');
INSERT INTO photos_fts (photo_idx, photo_id, photo_title, photo_collection, photo_location, photo_year, camera, film_stock, film_format, tag_names) VALUES ((SELECT photo_idx FROM photos WHERE photo_id = 1233), 1233, 'Tree Reaching Up', 'New England', 'New England', 1997, 'Hasselblad', 'Fujichrome Velvia', '6 x 6 cm', 'vertical,autumn,fall,scenic,landscape,color,outdoors,black,blue,yellow,trees,foliage,leaves');
INSERT OR IGNORE INTO tags (name) VALUES ('vertical');
INSERT INTO photo_tags (photo_idx, tag_id) VALUES ((SELECT photo_idx FROM photos WHERE photo_id = 1233), (SELECT tag_id FROM tags WHERE name = 'vertical'));
INSERT OR IGNORE INTO tags (name) VALUES ('autumn');
INSERT INTO photo_tags (photo_idx, tag_id) VALUES ((SELECT photo_idx FROM photos WHERE photo_id = 1233), (SELECT tag_id FROM tags WHERE name = 'autumn'));
INSERT OR IGNORE INTO tags (name) VALUES ('fall');
INSERT INTO photo_tags (photo_idx, tag_id) VALUES ((SELECT photo_idx FROM photos WHERE photo_id = 1233), (SELECT tag_id FROM tags WHERE name = 'fall'));
INSERT OR IGNORE INTO tags (name) VALUES ('scenic');
INSERT INTO photo_tags (photo_idx, tag_id) VALUES ((SELECT photo_idx FROM photos WHERE photo_id = 1233), (SELECT tag_id FROM tags WHERE name = 'scenic'));
INSERT OR IGNORE INTO tags (name) VALUES ('landscape');
INSERT INTO photo_tags (photo_idx, tag_id) VALUES ((SELECT photo_idx FROM photos WHERE photo_id = 1233), (SELECT tag_id FROM tags WHERE name = 'landscape'));
INSERT OR IGNORE INTO tags (name) VALUES ('color');
INSERT INTO photo_tags (photo_idx, tag_id) VALUES ((SELECT photo_idx FROM photos WHERE photo_id = 1233), (SELECT tag_id FROM tags WHERE name = 'color'));
INSERT OR IGNORE INTO tags (name) VALUES ('outdoors');
INSERT INTO photo_tags (photo_idx, tag_id) VALUES ((SELECT photo_idx FROM photos WHERE photo_id = 1233), (SELECT tag_id FROM tags WHERE name = 'outdoors'));
INSERT OR IGNORE INTO tags (name) VALUES ('black');
INSERT INTO photo_tags (photo_idx, tag_id) VALUES ((SELECT photo_idx FROM photos WHERE photo_id = 1233), (SELECT tag_id FROM tags WHERE name = 'black'));
INSERT OR IGNORE INTO tags (name) VALUES ('blue');
INSERT INTO photo_tags (photo_idx, tag_id) VALUES ((SELECT photo_idx FROM photos WHERE photo_id = 1233), (SELECT tag_id FROM tags WHERE name = 'blue'));
INSERT OR IGNORE INTO tags (name) VALUES ('yellow');
INSERT INTO photo_tags (photo_idx, tag_id) VALUES ((SELECT photo_idx FROM photos WHERE photo_id = 1233), (SELECT tag_id FROM tags WHERE name = 'yellow'));
INSERT OR IGNORE INTO tags (name) VALUES ('trees');
INSERT INTO photo_tags (photo_idx, tag_id) VALUES ((SELECT photo_idx FROM photos WHERE photo_id = 1233), (SELECT tag_id FROM tags WHERE name = 'trees'));
INSERT OR IGNORE INTO tags (name) VALUES ('foliage');
INSERT INTO photo_tags (photo_idx, tag_id) VALUES ((SELECT photo_idx FROM photos WHERE photo_id = 1233), (SELECT tag_id FROM tags WHERE name = 'foliage'));
INSERT OR IGNORE INTO tags (name) VALUES ('leaves');
INSERT INTO photo_tags (photo_idx, tag_id) VALUES ((SELECT photo_idx FROM photos WHERE photo_id = 1233), (SELECT tag_id FROM tags WHERE name = 'leaves'));

INSERT INTO photos (photo_id, photo_title, photo_collection, photo_location, photo_year, camera, film_stock, film_format) VALUES (1234, 'Branching Yellow Tree', 'New England', 'New England', 1997, 'Hasselblad', 'Fujichrome Velvia', '6 x 6 cm');
INSERT INTO photos_fts (photo_idx, photo_id, photo_title, photo_collection, photo_location, photo_year, camera, film_stock, film_format, tag_names) VALUES ((SELECT photo_idx FROM photos WHERE photo_id = 1234), 1234, 'Branching Yellow Tree', 'New England', 'New England', 1997, 'Hasselblad', 'Fujichrome Velvia', '6 x 6 cm', 'horizontal,autumn,fall,popular,scenic,landscape,color,outdoors,black,yellow,trees,foliage,leaves');
INSERT OR IGNORE INTO tags (name) VALUES ('horizontal');
INSERT INTO photo_tags (photo_idx, tag_id) VALUES ((SELECT photo_idx FROM photos WHERE photo_id = 1234), (SELECT tag_id FROM tags WHERE name = 'horizontal'));
INSERT OR IGNORE INTO tags (name) VALUES ('autumn');
INSERT INTO photo_tags (photo_idx, tag_id) VALUES ((SELECT photo_idx FROM photos WHERE photo_id = 1234), (SELECT tag_id FROM tags WHERE name = 'autumn'));
INSERT OR IGNORE INTO tags (name) VALUES ('fall');
INSERT INTO photo_tags (photo_idx, tag_id) VALUES ((SELECT photo_idx FROM photos WHERE photo_id = 1234), (SELECT tag_id FROM tags WHERE name = 'fall'));
INSERT OR IGNORE INTO tags (name) VALUES ('popular');
INSERT INTO photo_tags (photo_idx, tag_id) VALUES ((SELECT photo_idx FROM photos WHERE photo_id = 1234), (SELECT tag_id FROM tags WHERE name = 'popular'));
INSERT OR IGNORE INTO tags (name) VALUES ('scenic');
INSERT INTO photo_tags (photo_idx, tag_id) VALUES ((SELECT photo_idx FROM photos WHERE photo_id = 1234), (SELECT tag_id FROM tags WHERE name = 'scenic'));
INSERT OR IGNORE INTO tags (name) VALUES ('landscape');
INSERT INTO photo_tags (photo_idx, tag_id) VALUES ((SELECT photo_idx FROM photos WHERE photo_id = 1234), (SELECT tag_id FROM tags WHERE name = 'landscape'));
INSERT OR IGNORE INTO tags (name) VALUES ('color');
INSERT INTO photo_tags (photo_idx, tag_id) VALUES ((SELECT photo_idx FROM photos WHERE photo_id = 1234), (SELECT tag_id FROM tags WHERE name = 'color'));
INSERT OR IGNORE INTO tags (name) VALUES ('outdoors');
INSERT INTO photo_tags (photo_idx, tag_id) VALUES ((SELECT photo_idx FROM photos WHERE photo_id = 1234), (SELECT tag_id FROM tags WHERE name = 'outdoors'));
INSERT OR IGNORE INTO tags (name) VALUES ('black');
INSERT INTO photo_tags (photo_idx, tag_id) VALUES ((SELECT photo_idx FROM photos WHERE photo_id = 1234), (SELECT tag_id FROM tags WHERE name = 'black'));
INSERT OR IGNORE INTO tags (name) VALUES ('yellow');
INSERT INTO photo_tags (photo_idx, tag_id) VALUES ((SELECT photo_idx FROM photos WHERE photo_id = 1234), (SELECT tag_id FROM tags WHERE name = 'yellow'));
INSERT OR IGNORE INTO tags (name) VALUES ('trees');
INSERT INTO photo_tags (photo_idx, tag_id) VALUES ((SELECT photo_idx FROM photos WHERE photo_id = 1234), (SELECT tag_id FROM tags WHERE name = 'trees'));
INSERT OR IGNORE INTO tags (name) VALUES ('foliage');
INSERT INTO photo_tags (photo_idx, tag_id) VALUES ((SELECT photo_idx FROM photos WHERE photo_id = 1234), (SELECT tag_id FROM tags WHERE name = 'foliage'));
INSERT OR IGNORE INTO tags (name) VALUES ('leaves');
INSERT INTO photo_tags (photo_idx, tag_id) VALUES ((SELECT photo_idx FROM photos WHERE photo_id = 1234), (SELECT tag_id FROM tags WHERE name = 'leaves'));

INSERT INTO photos (photo_id, photo_title, photo_collection, photo_location, photo_year, camera, film_stock, film_format) VALUES (1235, 'White Trunk and Orange Leaves', 'New England', 'New England', 1997, 'Hasselblad', 'Fujichrome Velvia', '6 x 6 cm');
INSERT INTO photos_fts (photo_idx, photo_id, photo_title, photo_collection, photo_location, photo_year, camera, film_stock, film_format, tag_names) VALUES ((SELECT photo_idx FROM photos WHERE photo_id = 1235), 1235, 'White Trunk and Orange Leaves', 'New England', 'New England', 1997, 'Hasselblad', 'Fujichrome Velvia', '6 x 6 cm', 'vertical,autumn,fall,scenic,landscape,color,outdoors,orange,white,trees,foliage,forest,leaves');
INSERT OR IGNORE INTO tags (name) VALUES ('vertical');
INSERT INTO photo_tags (photo_idx, tag_id) VALUES ((SELECT photo_idx FROM photos WHERE photo_id = 1235), (SELECT tag_id FROM tags WHERE name = 'vertical'));
INSERT OR IGNORE INTO tags (name) VALUES ('autumn');
INSERT INTO photo_tags (photo_idx, tag_id) VALUES ((SELECT photo_idx FROM photos WHERE photo_id = 1235), (SELECT tag_id FROM tags WHERE name = 'autumn'));
INSERT OR IGNORE INTO tags (name) VALUES ('fall');
INSERT INTO photo_tags (photo_idx, tag_id) VALUES ((SELECT photo_idx FROM photos WHERE photo_id = 1235), (SELECT tag_id FROM tags WHERE name = 'fall'));
INSERT OR IGNORE INTO tags (name) VALUES ('scenic');
INSERT INTO photo_tags (photo_idx, tag_id) VALUES ((SELECT photo_idx FROM photos WHERE photo_id = 1235), (SELECT tag_id FROM tags WHERE name = 'scenic'));
INSERT OR IGNORE INTO tags (name) VALUES ('landscape');
INSERT INTO photo_tags (photo_idx, tag_id) VALUES ((SELECT photo_idx FROM photos WHERE photo_id = 1235), (SELECT tag_id FROM tags WHERE name = 'landscape'));
INSERT OR IGNORE INTO tags (name) VALUES ('color');
INSERT INTO photo_tags (photo_idx, tag_id) VALUES ((SELECT photo_idx FROM photos WHERE photo_id = 1235), (SELECT tag_id FROM tags WHERE name = 'color'));
INSERT OR IGNORE INTO tags (name) VALUES ('outdoors');
INSERT INTO photo_tags (photo_idx, tag_id) VALUES ((SELECT photo_idx FROM photos WHERE photo_id = 1235), (SELECT tag_id FROM tags WHERE name = 'outdoors'));
INSERT OR IGNORE INTO tags (name) VALUES ('orange');
INSERT INTO photo_tags (photo_idx, tag_id) VALUES ((SELECT photo_idx FROM photos WHERE photo_id = 1235), (SELECT tag_id FROM tags WHERE name = 'orange'));
INSERT OR IGNORE INTO tags (name) VALUES ('white');
INSERT INTO photo_tags (photo_idx, tag_id) VALUES ((SELECT photo_idx FROM photos WHERE photo_id = 1235), (SELECT tag_id FROM tags WHERE name = 'white'));
INSERT OR IGNORE INTO tags (name) VALUES ('trees');
INSERT INTO photo_tags (photo_idx, tag_id) VALUES ((SELECT photo_idx FROM photos WHERE photo_id = 1235), (SELECT tag_id FROM tags WHERE name = 'trees'));
INSERT OR IGNORE INTO tags (name) VALUES ('foliage');
INSERT INTO photo_tags (photo_idx, tag_id) VALUES ((SELECT photo_idx FROM photos WHERE photo_id = 1235), (SELECT tag_id FROM tags WHERE name = 'foliage'));
INSERT OR IGNORE INTO tags (name) VALUES ('forest');
INSERT INTO photo_tags (photo_idx, tag_id) VALUES ((SELECT photo_idx FROM photos WHERE photo_id = 1235), (SELECT tag_id FROM tags WHERE name = 'forest'));
INSERT OR IGNORE INTO tags (name) VALUES ('leaves');
INSERT INTO photo_tags (photo_idx, tag_id) VALUES ((SELECT photo_idx FROM photos WHERE photo_id = 1235), (SELECT tag_id FROM tags WHERE name = 'leaves'));

INSERT INTO photos (photo_id, photo_title, photo_collection, photo_location, photo_year, camera, film_stock, film_format) VALUES (1237, 'Autumn Leaves', 'New England', 'New England', 1995, 'Hasselblad', 'Kodak Pro 100', '6 x 6 cm');
INSERT INTO photos_fts (photo_idx, photo_id, photo_title, photo_collection, photo_location, photo_year, camera, film_stock, film_format, tag_names) VALUES ((SELECT photo_idx FROM photos WHERE photo_id = 1237), 1237, 'Autumn Leaves', 'New England', 'New England', 1995, 'Hasselblad', 'Kodak Pro 100', '6 x 6 cm', 'horizontal,autumn,fall,popular,closeup,abstract,landscape,color,outdoors,orange,red,tan,yellow,leaf,foliage,leaves');
INSERT OR IGNORE INTO tags (name) VALUES ('horizontal');
INSERT INTO photo_tags (photo_idx, tag_id) VALUES ((SELECT photo_idx FROM photos WHERE photo_id = 1237), (SELECT tag_id FROM tags WHERE name = 'horizontal'));
INSERT OR IGNORE INTO tags (name) VALUES ('autumn');
INSERT INTO photo_tags (photo_idx, tag_id) VALUES ((SELECT photo_idx FROM photos WHERE photo_id = 1237), (SELECT tag_id FROM tags WHERE name = 'autumn'));
INSERT OR IGNORE INTO tags (name) VALUES ('fall');
INSERT INTO photo_tags (photo_idx, tag_id) VALUES ((SELECT photo_idx FROM photos WHERE photo_id = 1237), (SELECT tag_id FROM tags WHERE name = 'fall'));
INSERT OR IGNORE INTO tags (name) VALUES ('popular');
INSERT INTO photo_tags (photo_idx, tag_id) VALUES ((SELECT photo_idx FROM photos WHERE photo_id = 1237), (SELECT tag_id FROM tags WHERE name = 'popular'));
INSERT OR IGNORE INTO tags (name) VALUES ('closeup');
INSERT INTO photo_tags (photo_idx, tag_id) VALUES ((SELECT photo_idx FROM photos WHERE photo_id = 1237), (SELECT tag_id FROM tags WHERE name = 'closeup'));
INSERT OR IGNORE INTO tags (name) VALUES ('abstract');
INSERT INTO photo_tags (photo_idx, tag_id) VALUES ((SELECT photo_idx FROM photos WHERE photo_id = 1237), (SELECT tag_id FROM tags WHERE name = 'abstract'));
INSERT OR IGNORE INTO tags (name) VALUES ('landscape');
INSERT INTO photo_tags (photo_idx, tag_id) VALUES ((SELECT photo_idx FROM photos WHERE photo_id = 1237), (SELECT tag_id FROM tags WHERE name = 'landscape'));
INSERT OR IGNORE INTO tags (name) VALUES ('color');
INSERT INTO photo_tags (photo_idx, tag_id) VALUES ((SELECT photo_idx FROM photos WHERE photo_id = 1237), (SELECT tag_id FROM tags WHERE name = 'color'));
INSERT OR IGNORE INTO tags (name) VALUES ('outdoors');
INSERT INTO photo_tags (photo_idx, tag_id) VALUES ((SELECT photo_idx FROM photos WHERE photo_id = 1237), (SELECT tag_id FROM tags WHERE name = 'outdoors'));
INSERT OR IGNORE INTO tags (name) VALUES ('orange');
INSERT INTO photo_tags (photo_idx, tag_id) VALUES ((SELECT photo_idx FROM photos WHERE photo_id = 1237), (SELECT tag_id FROM tags WHERE name = 'orange'));
INSERT OR IGNORE INTO tags (name) VALUES ('red');
INSERT INTO photo_tags (photo_idx, tag_id) VALUES ((SELECT photo_idx FROM photos WHERE photo_id = 1237), (SELECT tag_id FROM tags WHERE name = 'red'));
INSERT OR IGNORE INTO tags (name) VALUES ('tan');
INSERT INTO photo_tags (photo_idx, tag_id) VALUES ((SELECT photo_idx FROM photos WHERE photo_id = 1237), (SELECT tag_id FROM tags WHERE name = 'tan'));
INSERT OR IGNORE INTO tags (name) VALUES ('yellow');
INSERT INTO photo_tags (photo_idx, tag_id) VALUES ((SELECT photo_idx FROM photos WHERE photo_id = 1237), (SELECT tag_id FROM tags WHERE name = 'yellow'));
INSERT OR IGNORE INTO tags (name) VALUES ('leaf');
INSERT INTO photo_tags (photo_idx, tag_id) VALUES ((SELECT photo_idx FROM photos WHERE photo_id = 1237), (SELECT tag_id FROM tags WHERE name = 'leaf'));
INSERT OR IGNORE INTO tags (name) VALUES ('foliage');
INSERT INTO photo_tags (photo_idx, tag_id) VALUES ((SELECT photo_idx FROM photos WHERE photo_id = 1237), (SELECT tag_id FROM tags WHERE name = 'foliage'));
INSERT OR IGNORE INTO tags (name) VALUES ('leaves');
INSERT INTO photo_tags (photo_idx, tag_id) VALUES ((SELECT photo_idx FROM photos WHERE photo_id = 1237), (SELECT tag_id FROM tags WHERE name = 'leaves'));

INSERT INTO photos (photo_id, photo_title, photo_collection, photo_location, photo_year, camera, film_stock, film_format) VALUES (1238, 'Autumn Blush', 'New England', 'New England', 1995, 'Hasselblad', 'Kodak Pro 100', '6 x 6 cm');
INSERT INTO photos_fts (photo_idx, photo_id, photo_title, photo_collection, photo_location, photo_year, camera, film_stock, film_format, tag_names) VALUES ((SELECT photo_idx FROM photos WHERE photo_id = 1238), 1238, 'Autumn Blush', 'New England', 'New England', 1995, 'Hasselblad', 'Kodak Pro 100', '6 x 6 cm', 'horizontal,autumn,fall,closeup,abstract,landscape,color,outdoors,orange,pink,red,tan,yellow,leaf,foliage,leaves');
INSERT OR IGNORE INTO tags (name) VALUES ('horizontal');
INSERT INTO photo_tags (photo_idx, tag_id) VALUES ((SELECT photo_idx FROM photos WHERE photo_id = 1238), (SELECT tag_id FROM tags WHERE name = 'horizontal'));
INSERT OR IGNORE INTO tags (name) VALUES ('autumn');
INSERT INTO photo_tags (photo_idx, tag_id) VALUES ((SELECT photo_idx FROM photos WHERE photo_id = 1238), (SELECT tag_id FROM tags WHERE name = 'autumn'));
INSERT OR IGNORE INTO tags (name) VALUES ('fall');
INSERT INTO photo_tags (photo_idx, tag_id) VALUES ((SELECT photo_idx FROM photos WHERE photo_id = 1238), (SELECT tag_id FROM tags WHERE name = 'fall'));
INSERT OR IGNORE INTO tags (name) VALUES ('closeup');
INSERT INTO photo_tags (photo_idx, tag_id) VALUES ((SELECT photo_idx FROM photos WHERE photo_id = 1238), (SELECT tag_id FROM tags WHERE name = 'closeup'));
INSERT OR IGNORE INTO tags (name) VALUES ('abstract');
INSERT INTO photo_tags (photo_idx, tag_id) VALUES ((SELECT photo_idx FROM photos WHERE photo_id = 1238), (SELECT tag_id FROM tags WHERE name = 'abstract'));
INSERT OR IGNORE INTO tags (name) VALUES ('landscape');
INSERT INTO photo_tags (photo_idx, tag_id) VALUES ((SELECT photo_idx FROM photos WHERE photo_id = 1238), (SELECT tag_id FROM tags WHERE name = 'landscape'));
INSERT OR IGNORE INTO tags (name) VALUES ('color');
INSERT INTO photo_tags (photo_idx, tag_id) VALUES ((SELECT photo_idx FROM photos WHERE photo_id = 1238), (SELECT tag_id FROM tags WHERE name = 'color'));
INSERT OR IGNORE INTO tags (name) VALUES ('outdoors');
INSERT INTO photo_tags (photo_idx, tag_id) VALUES ((SELECT photo_idx FROM photos WHERE photo_id = 1238), (SELECT tag_id FROM tags WHERE name = 'outdoors'));
INSERT OR IGNORE INTO tags (name) VALUES ('orange');
INSERT INTO photo_tags (photo_idx, tag_id) VALUES ((SELECT photo_idx FROM photos WHERE photo_id = 1238), (SELECT tag_id FROM tags WHERE name = 'orange'));
INSERT OR IGNORE INTO tags (name) VALUES ('pink');
INSERT INTO photo_tags (photo_idx, tag_id) VALUES ((SELECT photo_idx FROM photos WHERE photo_id = 1238), (SELECT tag_id FROM tags WHERE name = 'pink'));
INSERT OR IGNORE INTO tags (name) VALUES ('red');
INSERT INTO photo_tags (photo_idx, tag_id) VALUES ((SELECT photo_idx FROM photos WHERE photo_id = 1238), (SELECT tag_id FROM tags WHERE name = 'red'));
INSERT OR IGNORE INTO tags (name) VALUES ('tan');
INSERT INTO photo_tags (photo_idx, tag_id) VALUES ((SELECT photo_idx FROM photos WHERE photo_id = 1238), (SELECT tag_id FROM tags WHERE name = 'tan'));
INSERT OR IGNORE INTO tags (name) VALUES ('yellow');
INSERT INTO photo_tags (photo_idx, tag_id) VALUES ((SELECT photo_idx FROM photos WHERE photo_id = 1238), (SELECT tag_id FROM tags WHERE name = 'yellow'));
INSERT OR IGNORE INTO tags (name) VALUES ('leaf');
INSERT INTO photo_tags (photo_idx, tag_id) VALUES ((SELECT photo_idx FROM photos WHERE photo_id = 1238), (SELECT tag_id FROM tags WHERE name = 'leaf'));
INSERT OR IGNORE INTO tags (name) VALUES ('foliage');
INSERT INTO photo_tags (photo_idx, tag_id) VALUES ((SELECT photo_idx FROM photos WHERE photo_id = 1238), (SELECT tag_id FROM tags WHERE name = 'foliage'));
INSERT OR IGNORE INTO tags (name) VALUES ('leaves');
INSERT INTO photo_tags (photo_idx, tag_id) VALUES ((SELECT photo_idx FROM photos WHERE photo_id = 1238), (SELECT tag_id FROM tags WHERE name = 'leaves'));

INSERT INTO photos (photo_id, photo_title, photo_collection, photo_location, photo_year, camera, film_stock, film_format) VALUES (1239, 'Natural Christmas Tree', 'New England', 'New England', 1995, 'Hasselblad', 'Kodak Pro 100', '6 x 6 cm');
INSERT INTO photos_fts (photo_idx, photo_id, photo_title, photo_collection, photo_location, photo_year, camera, film_stock, film_format, tag_names) VALUES ((SELECT photo_idx FROM photos WHERE photo_id = 1239), 1239, 'Natural Christmas Tree', 'New England', 'New England', 1995, 'Hasselblad', 'Kodak Pro 100', '6 x 6 cm', 'horizontal,autumn,fall,popular,scenic,landscape,color,outdoors,green,trees,foliage');
INSERT OR IGNORE INTO tags (name) VALUES ('horizontal');
INSERT INTO photo_tags (photo_idx, tag_id) VALUES ((SELECT photo_idx FROM photos WHERE photo_id = 1239), (SELECT tag_id FROM tags WHERE name = 'horizontal'));
INSERT OR IGNORE INTO tags (name) VALUES ('autumn');
INSERT INTO photo_tags (photo_idx, tag_id) VALUES ((SELECT photo_idx FROM photos WHERE photo_id = 1239), (SELECT tag_id FROM tags WHERE name = 'autumn'));
INSERT OR IGNORE INTO tags (name) VALUES ('fall');
INSERT INTO photo_tags (photo_idx, tag_id) VALUES ((SELECT photo_idx FROM photos WHERE photo_id = 1239), (SELECT tag_id FROM tags WHERE name = 'fall'));
INSERT OR IGNORE INTO tags (name) VALUES ('popular');
INSERT INTO photo_tags (photo_idx, tag_id) VALUES ((SELECT photo_idx FROM photos WHERE photo_id = 1239), (SELECT tag_id FROM tags WHERE name = 'popular'));
INSERT OR IGNORE INTO tags (name) VALUES ('scenic');
INSERT INTO photo_tags (photo_idx, tag_id) VALUES ((SELECT photo_idx FROM photos WHERE photo_id = 1239), (SELECT tag_id FROM tags WHERE name = 'scenic'));
INSERT OR IGNORE INTO tags (name) VALUES ('landscape');
INSERT INTO photo_tags (photo_idx, tag_id) VALUES ((SELECT photo_idx FROM photos WHERE photo_id = 1239), (SELECT tag_id FROM tags WHERE name = 'landscape'));
INSERT OR IGNORE INTO tags (name) VALUES ('color');
INSERT INTO photo_tags (photo_idx, tag_id) VALUES ((SELECT photo_idx FROM photos WHERE photo_id = 1239), (SELECT tag_id FROM tags WHERE name = 'color'));
INSERT OR IGNORE INTO tags (name) VALUES ('outdoors');
INSERT INTO photo_tags (photo_idx, tag_id) VALUES ((SELECT photo_idx FROM photos WHERE photo_id = 1239), (SELECT tag_id FROM tags WHERE name = 'outdoors'));
INSERT OR IGNORE INTO tags (name) VALUES ('green');
INSERT INTO photo_tags (photo_idx, tag_id) VALUES ((SELECT photo_idx FROM photos WHERE photo_id = 1239), (SELECT tag_id FROM tags WHERE name = 'green'));
INSERT OR IGNORE INTO tags (name) VALUES ('trees');
INSERT INTO photo_tags (photo_idx, tag_id) VALUES ((SELECT photo_idx FROM photos WHERE photo_id = 1239), (SELECT tag_id FROM tags WHERE name = 'trees'));
INSERT OR IGNORE INTO tags (name) VALUES ('foliage');
INSERT INTO photo_tags (photo_idx, tag_id) VALUES ((SELECT photo_idx FROM photos WHERE photo_id = 1239), (SELECT tag_id FROM tags WHERE name = 'foliage'));

INSERT INTO photos (photo_id, photo_title, photo_collection, photo_location, photo_year, camera, film_stock, film_format) VALUES (1240, 'New England Countryside', 'New England', 'New England', 1995, 'Hasselblad', 'Kodak Pro 100', '6 x 6 cm');
INSERT INTO photos_fts (photo_idx, photo_id, photo_title, photo_collection, photo_location, photo_year, camera, film_stock, film_format, tag_names) VALUES ((SELECT photo_idx FROM photos WHERE photo_id = 1240), 1240, 'New England Countryside', 'New England', 'New England', 1995, 'Hasselblad', 'Kodak Pro 100', '6 x 6 cm', 'horizontal,autumn,fall,scenic,landscape,color,outdoors,blue,yellow,grass,sky,trees,foliage,forest,clouds,leaves');
INSERT OR IGNORE INTO tags (name) VALUES ('horizontal');
INSERT INTO photo_tags (photo_idx, tag_id) VALUES ((SELECT photo_idx FROM photos WHERE photo_id = 1240), (SELECT tag_id FROM tags WHERE name = 'horizontal'));
INSERT OR IGNORE INTO tags (name) VALUES ('autumn');
INSERT INTO photo_tags (photo_idx, tag_id) VALUES ((SELECT photo_idx FROM photos WHERE photo_id = 1240), (SELECT tag_id FROM tags WHERE name = 'autumn'));
INSERT OR IGNORE INTO tags (name) VALUES ('fall');
INSERT INTO photo_tags (photo_idx, tag_id) VALUES ((SELECT photo_idx FROM photos WHERE photo_id = 1240), (SELECT tag_id FROM tags WHERE name = 'fall'));
INSERT OR IGNORE INTO tags (name) VALUES ('scenic');
INSERT INTO photo_tags (photo_idx, tag_id) VALUES ((SELECT photo_idx FROM photos WHERE photo_id = 1240), (SELECT tag_id FROM tags WHERE name = 'scenic'));
INSERT OR IGNORE INTO tags (name) VALUES ('landscape');
INSERT INTO photo_tags (photo_idx, tag_id) VALUES ((SELECT photo_idx FROM photos WHERE photo_id = 1240), (SELECT tag_id FROM tags WHERE name = 'landscape'));
INSERT OR IGNORE INTO tags (name) VALUES ('color');
INSERT INTO photo_tags (photo_idx, tag_id) VALUES ((SELECT photo_idx FROM photos WHERE photo_id = 1240), (SELECT tag_id FROM tags WHERE name = 'color'));
INSERT OR IGNORE INTO tags (name) VALUES ('outdoors');
INSERT INTO photo_tags (photo_idx, tag_id) VALUES ((SELECT photo_idx FROM photos WHERE photo_id = 1240), (SELECT tag_id FROM tags WHERE name = 'outdoors'));
INSERT OR IGNORE INTO tags (name) VALUES ('blue');
INSERT INTO photo_tags (photo_idx, tag_id) VALUES ((SELECT photo_idx FROM photos WHERE photo_id = 1240), (SELECT tag_id FROM tags WHERE name = 'blue'));
INSERT OR IGNORE INTO tags (name) VALUES ('yellow');
INSERT INTO photo_tags (photo_idx, tag_id) VALUES ((SELECT photo_idx FROM photos WHERE photo_id = 1240), (SELECT tag_id FROM tags WHERE name = 'yellow'));
INSERT OR IGNORE INTO tags (name) VALUES ('grass');
INSERT INTO photo_tags (photo_idx, tag_id) VALUES ((SELECT photo_idx FROM photos WHERE photo_id = 1240), (SELECT tag_id FROM tags WHERE name = 'grass'));
INSERT OR IGNORE INTO tags (name) VALUES ('sky');
INSERT INTO photo_tags (photo_idx, tag_id) VALUES ((SELECT photo_idx FROM photos WHERE photo_id = 1240), (SELECT tag_id FROM tags WHERE name = 'sky'));
INSERT OR IGNORE INTO tags (name) VALUES ('trees');
INSERT INTO photo_tags (photo_idx, tag_id) VALUES ((SELECT photo_idx FROM photos WHERE photo_id = 1240), (SELECT tag_id FROM tags WHERE name = 'trees'));
INSERT OR IGNORE INTO tags (name) VALUES ('foliage');
INSERT INTO photo_tags (photo_idx, tag_id) VALUES ((SELECT photo_idx FROM photos WHERE photo_id = 1240), (SELECT tag_id FROM tags WHERE name = 'foliage'));
INSERT OR IGNORE INTO tags (name) VALUES ('forest');
INSERT INTO photo_tags (photo_idx, tag_id) VALUES ((SELECT photo_idx FROM photos WHERE photo_id = 1240), (SELECT tag_id FROM tags WHERE name = 'forest'));
INSERT OR IGNORE INTO tags (name) VALUES ('clouds');
INSERT INTO photo_tags (photo_idx, tag_id) VALUES ((SELECT photo_idx FROM photos WHERE photo_id = 1240), (SELECT tag_id FROM tags WHERE name = 'clouds'));
INSERT OR IGNORE INTO tags (name) VALUES ('leaves');
INSERT INTO photo_tags (photo_idx, tag_id) VALUES ((SELECT photo_idx FROM photos WHERE photo_id = 1240), (SELECT tag_id FROM tags WHERE name = 'leaves'));

INSERT INTO photos (photo_id, photo_title, photo_collection, photo_location, photo_year, camera, film_stock, film_format) VALUES (1241, 'Vermont Arch', 'New England', 'New England', 1995, 'Hasselblad', 'Kodak Pro 100', '6 x 6 cm');
INSERT INTO photos_fts (photo_idx, photo_id, photo_title, photo_collection, photo_location, photo_year, camera, film_stock, film_format, tag_names) VALUES ((SELECT photo_idx FROM photos WHERE photo_id = 1241), 1241, 'Vermont Arch', 'New England', 'New England', 1995, 'Hasselblad', 'Kodak Pro 100', '6 x 6 cm', 'horizontal,autumn,fall,scenic,landscape,color,outdoors,orange,trees,foliage,leaves');
INSERT OR IGNORE INTO tags (name) VALUES ('horizontal');
INSERT INTO photo_tags (photo_idx, tag_id) VALUES ((SELECT photo_idx FROM photos WHERE photo_id = 1241), (SELECT tag_id FROM tags WHERE name = 'horizontal'));
INSERT OR IGNORE INTO tags (name) VALUES ('autumn');
INSERT INTO photo_tags (photo_idx, tag_id) VALUES ((SELECT photo_idx FROM photos WHERE photo_id = 1241), (SELECT tag_id FROM tags WHERE name = 'autumn'));
INSERT OR IGNORE INTO tags (name) VALUES ('fall');
INSERT INTO photo_tags (photo_idx, tag_id) VALUES ((SELECT photo_idx FROM photos WHERE photo_id = 1241), (SELECT tag_id FROM tags WHERE name = 'fall'));
INSERT OR IGNORE INTO tags (name) VALUES ('scenic');
INSERT INTO photo_tags (photo_idx, tag_id) VALUES ((SELECT photo_idx FROM photos WHERE photo_id = 1241), (SELECT tag_id FROM tags WHERE name = 'scenic'));
INSERT OR IGNORE INTO tags (name) VALUES ('landscape');
INSERT INTO photo_tags (photo_idx, tag_id) VALUES ((SELECT photo_idx FROM photos WHERE photo_id = 1241), (SELECT tag_id FROM tags WHERE name = 'landscape'));
INSERT OR IGNORE INTO tags (name) VALUES ('color');
INSERT INTO photo_tags (photo_idx, tag_id) VALUES ((SELECT photo_idx FROM photos WHERE photo_id = 1241), (SELECT tag_id FROM tags WHERE name = 'color'));
INSERT OR IGNORE INTO tags (name) VALUES ('outdoors');
INSERT INTO photo_tags (photo_idx, tag_id) VALUES ((SELECT photo_idx FROM photos WHERE photo_id = 1241), (SELECT tag_id FROM tags WHERE name = 'outdoors'));
INSERT OR IGNORE INTO tags (name) VALUES ('orange');
INSERT INTO photo_tags (photo_idx, tag_id) VALUES ((SELECT photo_idx FROM photos WHERE photo_id = 1241), (SELECT tag_id FROM tags WHERE name = 'orange'));
INSERT OR IGNORE INTO tags (name) VALUES ('trees');
INSERT INTO photo_tags (photo_idx, tag_id) VALUES ((SELECT photo_idx FROM photos WHERE photo_id = 1241), (SELECT tag_id FROM tags WHERE name = 'trees'));
INSERT OR IGNORE INTO tags (name) VALUES ('foliage');
INSERT INTO photo_tags (photo_idx, tag_id) VALUES ((SELECT photo_idx FROM photos WHERE photo_id = 1241), (SELECT tag_id FROM tags WHERE name = 'foliage'));
INSERT OR IGNORE INTO tags (name) VALUES ('leaves');
INSERT INTO photo_tags (photo_idx, tag_id) VALUES ((SELECT photo_idx FROM photos WHERE photo_id = 1241), (SELECT tag_id FROM tags WHERE name = 'leaves'));

INSERT INTO photos (photo_id, photo_title, photo_collection, photo_location, photo_year, camera, film_stock, film_format) VALUES (1242, 'Reaching Branches', 'New England', 'New England', 1995, 'Hasselblad', 'Kodak Pro 100', '6 x 6 cm');
INSERT INTO photos_fts (photo_idx, photo_id, photo_title, photo_collection, photo_location, photo_year, camera, film_stock, film_format, tag_names) VALUES ((SELECT photo_idx FROM photos WHERE photo_id = 1242), 1242, 'Reaching Branches', 'New England', 'New England', 1995, 'Hasselblad', 'Kodak Pro 100', '6 x 6 cm', 'horizontal,autumn,fall,scenic,landscape,color,outdoors,yellow,sky,trees,foliage,leaves');
INSERT OR IGNORE INTO tags (name) VALUES ('horizontal');
INSERT INTO photo_tags (photo_idx, tag_id) VALUES ((SELECT photo_idx FROM photos WHERE photo_id = 1242), (SELECT tag_id FROM tags WHERE name = 'horizontal'));
INSERT OR IGNORE INTO tags (name) VALUES ('autumn');
INSERT INTO photo_tags (photo_idx, tag_id) VALUES ((SELECT photo_idx FROM photos WHERE photo_id = 1242), (SELECT tag_id FROM tags WHERE name = 'autumn'));
INSERT OR IGNORE INTO tags (name) VALUES ('fall');
INSERT INTO photo_tags (photo_idx, tag_id) VALUES ((SELECT photo_idx FROM photos WHERE photo_id = 1242), (SELECT tag_id FROM tags WHERE name = 'fall'));
INSERT OR IGNORE INTO tags (name) VALUES ('scenic');
INSERT INTO photo_tags (photo_idx, tag_id) VALUES ((SELECT photo_idx FROM photos WHERE photo_id = 1242), (SELECT tag_id FROM tags WHERE name = 'scenic'));
INSERT OR IGNORE INTO tags (name) VALUES ('landscape');
INSERT INTO photo_tags (photo_idx, tag_id) VALUES ((SELECT photo_idx FROM photos WHERE photo_id = 1242), (SELECT tag_id FROM tags WHERE name = 'landscape'));
INSERT OR IGNORE INTO tags (name) VALUES ('color');
INSERT INTO photo_tags (photo_idx, tag_id) VALUES ((SELECT photo_idx FROM photos WHERE photo_id = 1242), (SELECT tag_id FROM tags WHERE name = 'color'));
INSERT OR IGNORE INTO tags (name) VALUES ('outdoors');
INSERT INTO photo_tags (photo_idx, tag_id) VALUES ((SELECT photo_idx FROM photos WHERE photo_id = 1242), (SELECT tag_id FROM tags WHERE name = 'outdoors'));
INSERT OR IGNORE INTO tags (name) VALUES ('yellow');
INSERT INTO photo_tags (photo_idx, tag_id) VALUES ((SELECT photo_idx FROM photos WHERE photo_id = 1242), (SELECT tag_id FROM tags WHERE name = 'yellow'));
INSERT OR IGNORE INTO tags (name) VALUES ('sky');
INSERT INTO photo_tags (photo_idx, tag_id) VALUES ((SELECT photo_idx FROM photos WHERE photo_id = 1242), (SELECT tag_id FROM tags WHERE name = 'sky'));
INSERT OR IGNORE INTO tags (name) VALUES ('trees');
INSERT INTO photo_tags (photo_idx, tag_id) VALUES ((SELECT photo_idx FROM photos WHERE photo_id = 1242), (SELECT tag_id FROM tags WHERE name = 'trees'));
INSERT OR IGNORE INTO tags (name) VALUES ('foliage');
INSERT INTO photo_tags (photo_idx, tag_id) VALUES ((SELECT photo_idx FROM photos WHERE photo_id = 1242), (SELECT tag_id FROM tags WHERE name = 'foliage'));
INSERT OR IGNORE INTO tags (name) VALUES ('leaves');
INSERT INTO photo_tags (photo_idx, tag_id) VALUES ((SELECT photo_idx FROM photos WHERE photo_id = 1242), (SELECT tag_id FROM tags WHERE name = 'leaves'));

INSERT INTO photos (photo_id, photo_title, photo_collection, photo_location, photo_year, camera, film_stock, film_format) VALUES (1243, 'Morning Mist and Red Tree', 'New England', 'New England', 1995, 'Hasselblad', 'Kodak Pro 100', '6 x 6 cm');
INSERT INTO photos_fts (photo_idx, photo_id, photo_title, photo_collection, photo_location, photo_year, camera, film_stock, film_format, tag_names) VALUES ((SELECT photo_idx FROM photos WHERE photo_id = 1243), 1243, 'Morning Mist and Red Tree', 'New England', 'New England', 1995, 'Hasselblad', 'Kodak Pro 100', '6 x 6 cm', 'vertical,autumn,fall,scenic,landscape,color,outdoors,red,grass,rock,trees,foliage,leaves');
INSERT OR IGNORE INTO tags (name) VALUES ('vertical');
INSERT INTO photo_tags (photo_idx, tag_id) VALUES ((SELECT photo_idx FROM photos WHERE photo_id = 1243), (SELECT tag_id FROM tags WHERE name = 'vertical'));
INSERT OR IGNORE INTO tags (name) VALUES ('autumn');
INSERT INTO photo_tags (photo_idx, tag_id) VALUES ((SELECT photo_idx FROM photos WHERE photo_id = 1243), (SELECT tag_id FROM tags WHERE name = 'autumn'));
INSERT OR IGNORE INTO tags (name) VALUES ('fall');
INSERT INTO photo_tags (photo_idx, tag_id) VALUES ((SELECT photo_idx FROM photos WHERE photo_id = 1243), (SELECT tag_id FROM tags WHERE name = 'fall'));
INSERT OR IGNORE INTO tags (name) VALUES ('scenic');
INSERT INTO photo_tags (photo_idx, tag_id) VALUES ((SELECT photo_idx FROM photos WHERE photo_id = 1243), (SELECT tag_id FROM tags WHERE name = 'scenic'));
INSERT OR IGNORE INTO tags (name) VALUES ('landscape');
INSERT INTO photo_tags (photo_idx, tag_id) VALUES ((SELECT photo_idx FROM photos WHERE photo_id = 1243), (SELECT tag_id FROM tags WHERE name = 'landscape'));
INSERT OR IGNORE INTO tags (name) VALUES ('color');
INSERT INTO photo_tags (photo_idx, tag_id) VALUES ((SELECT photo_idx FROM photos WHERE photo_id = 1243), (SELECT tag_id FROM tags WHERE name = 'color'));
INSERT OR IGNORE INTO tags (name) VALUES ('outdoors');
INSERT INTO photo_tags (photo_idx, tag_id) VALUES ((SELECT photo_idx FROM photos WHERE photo_id = 1243), (SELECT tag_id FROM tags WHERE name = 'outdoors'));
INSERT OR IGNORE INTO tags (name) VALUES ('red');
INSERT INTO photo_tags (photo_idx, tag_id) VALUES ((SELECT photo_idx FROM photos WHERE photo_id = 1243), (SELECT tag_id FROM tags WHERE name = 'red'));
INSERT OR IGNORE INTO tags (name) VALUES ('grass');
INSERT INTO photo_tags (photo_idx, tag_id) VALUES ((SELECT photo_idx FROM photos WHERE photo_id = 1243), (SELECT tag_id FROM tags WHERE name = 'grass'));
INSERT OR IGNORE INTO tags (name) VALUES ('rock');
INSERT INTO photo_tags (photo_idx, tag_id) VALUES ((SELECT photo_idx FROM photos WHERE photo_id = 1243), (SELECT tag_id FROM tags WHERE name = 'rock'));
INSERT OR IGNORE INTO tags (name) VALUES ('trees');
INSERT INTO photo_tags (photo_idx, tag_id) VALUES ((SELECT photo_idx FROM photos WHERE photo_id = 1243), (SELECT tag_id FROM tags WHERE name = 'trees'));
INSERT OR IGNORE INTO tags (name) VALUES ('foliage');
INSERT INTO photo_tags (photo_idx, tag_id) VALUES ((SELECT photo_idx FROM photos WHERE photo_id = 1243), (SELECT tag_id FROM tags WHERE name = 'foliage'));
INSERT OR IGNORE INTO tags (name) VALUES ('leaves');
INSERT INTO photo_tags (photo_idx, tag_id) VALUES ((SELECT photo_idx FROM photos WHERE photo_id = 1243), (SELECT tag_id FROM tags WHERE name = 'leaves'));

INSERT INTO photos (photo_id, photo_title, photo_collection, photo_location, photo_year, camera, film_stock, film_format) VALUES (1244, 'Yellow Branches on Blue Sky', 'New England', 'New England', 1995, 'Hasselblad', 'Kodak Pro 100', '6 x 6 cm');
INSERT INTO photos_fts (photo_idx, photo_id, photo_title, photo_collection, photo_location, photo_year, camera, film_stock, film_format, tag_names) VALUES ((SELECT photo_idx FROM photos WHERE photo_id = 1244), 1244, 'Yellow Branches on Blue Sky', 'New England', 'New England', 1995, 'Hasselblad', 'Kodak Pro 100', '6 x 6 cm', 'horizontal,autumn,fall,scenic,landscape,color,outdoors,blue,yellow,sky,trees,foliage,leaves');
INSERT OR IGNORE INTO tags (name) VALUES ('horizontal');
INSERT INTO photo_tags (photo_idx, tag_id) VALUES ((SELECT photo_idx FROM photos WHERE photo_id = 1244), (SELECT tag_id FROM tags WHERE name = 'horizontal'));
INSERT OR IGNORE INTO tags (name) VALUES ('autumn');
INSERT INTO photo_tags (photo_idx, tag_id) VALUES ((SELECT photo_idx FROM photos WHERE photo_id = 1244), (SELECT tag_id FROM tags WHERE name = 'autumn'));
INSERT OR IGNORE INTO tags (name) VALUES ('fall');
INSERT INTO photo_tags (photo_idx, tag_id) VALUES ((SELECT photo_idx FROM photos WHERE photo_id = 1244), (SELECT tag_id FROM tags WHERE name = 'fall'));
INSERT OR IGNORE INTO tags (name) VALUES ('scenic');
INSERT INTO photo_tags (photo_idx, tag_id) VALUES ((SELECT photo_idx FROM photos WHERE photo_id = 1244), (SELECT tag_id FROM tags WHERE name = 'scenic'));
INSERT OR IGNORE INTO tags (name) VALUES ('landscape');
INSERT INTO photo_tags (photo_idx, tag_id) VALUES ((SELECT photo_idx FROM photos WHERE photo_id = 1244), (SELECT tag_id FROM tags WHERE name = 'landscape'));
INSERT OR IGNORE INTO tags (name) VALUES ('color');
INSERT INTO photo_tags (photo_idx, tag_id) VALUES ((SELECT photo_idx FROM photos WHERE photo_id = 1244), (SELECT tag_id FROM tags WHERE name = 'color'));
INSERT OR IGNORE INTO tags (name) VALUES ('outdoors');
INSERT INTO photo_tags (photo_idx, tag_id) VALUES ((SELECT photo_idx FROM photos WHERE photo_id = 1244), (SELECT tag_id FROM tags WHERE name = 'outdoors'));
INSERT OR IGNORE INTO tags (name) VALUES ('blue');
INSERT INTO photo_tags (photo_idx, tag_id) VALUES ((SELECT photo_idx FROM photos WHERE photo_id = 1244), (SELECT tag_id FROM tags WHERE name = 'blue'));
INSERT OR IGNORE INTO tags (name) VALUES ('yellow');
INSERT INTO photo_tags (photo_idx, tag_id) VALUES ((SELECT photo_idx FROM photos WHERE photo_id = 1244), (SELECT tag_id FROM tags WHERE name = 'yellow'));
INSERT OR IGNORE INTO tags (name) VALUES ('sky');
INSERT INTO photo_tags (photo_idx, tag_id) VALUES ((SELECT photo_idx FROM photos WHERE photo_id = 1244), (SELECT tag_id FROM tags WHERE name = 'sky'));
INSERT OR IGNORE INTO tags (name) VALUES ('trees');
INSERT INTO photo_tags (photo_idx, tag_id) VALUES ((SELECT photo_idx FROM photos WHERE photo_id = 1244), (SELECT tag_id FROM tags WHERE name = 'trees'));
INSERT OR IGNORE INTO tags (name) VALUES ('foliage');
INSERT INTO photo_tags (photo_idx, tag_id) VALUES ((SELECT photo_idx FROM photos WHERE photo_id = 1244), (SELECT tag_id FROM tags WHERE name = 'foliage'));
INSERT OR IGNORE INTO tags (name) VALUES ('leaves');
INSERT INTO photo_tags (photo_idx, tag_id) VALUES ((SELECT photo_idx FROM photos WHERE photo_id = 1244), (SELECT tag_id FROM tags WHERE name = 'leaves'));

INSERT INTO photos (photo_id, photo_title, photo_collection, photo_location, photo_year, camera, film_stock, film_format) VALUES (1245, 'Afternoon Leaves', 'New England', 'New England', 1995, 'Hasselblad', 'Kodak Pro 100', '6 x 6 cm');
INSERT INTO photos_fts (photo_idx, photo_id, photo_title, photo_collection, photo_location, photo_year, camera, film_stock, film_format, tag_names) VALUES ((SELECT photo_idx FROM photos WHERE photo_id = 1245), 1245, 'Afternoon Leaves', 'New England', 'New England', 1995, 'Hasselblad', 'Kodak Pro 100', '6 x 6 cm', 'horizontal,autumn,fall,closeup,abstract,landscape,color,outdoors,brown,orange,leaf,foliage,leaves');
INSERT OR IGNORE INTO tags (name) VALUES ('horizontal');
INSERT INTO photo_tags (photo_idx, tag_id) VALUES ((SELECT photo_idx FROM photos WHERE photo_id = 1245), (SELECT tag_id FROM tags WHERE name = 'horizontal'));
INSERT OR IGNORE INTO tags (name) VALUES ('autumn');
INSERT INTO photo_tags (photo_idx, tag_id) VALUES ((SELECT photo_idx FROM photos WHERE photo_id = 1245), (SELECT tag_id FROM tags WHERE name = 'autumn'));
INSERT OR IGNORE INTO tags (name) VALUES ('fall');
INSERT INTO photo_tags (photo_idx, tag_id) VALUES ((SELECT photo_idx FROM photos WHERE photo_id = 1245), (SELECT tag_id FROM tags WHERE name = 'fall'));
INSERT OR IGNORE INTO tags (name) VALUES ('closeup');
INSERT INTO photo_tags (photo_idx, tag_id) VALUES ((SELECT photo_idx FROM photos WHERE photo_id = 1245), (SELECT tag_id FROM tags WHERE name = 'closeup'));
INSERT OR IGNORE INTO tags (name) VALUES ('abstract');
INSERT INTO photo_tags (photo_idx, tag_id) VALUES ((SELECT photo_idx FROM photos WHERE photo_id = 1245), (SELECT tag_id FROM tags WHERE name = 'abstract'));
INSERT OR IGNORE INTO tags (name) VALUES ('landscape');
INSERT INTO photo_tags (photo_idx, tag_id) VALUES ((SELECT photo_idx FROM photos WHERE photo_id = 1245), (SELECT tag_id FROM tags WHERE name = 'landscape'));
INSERT OR IGNORE INTO tags (name) VALUES ('color');
INSERT INTO photo_tags (photo_idx, tag_id) VALUES ((SELECT photo_idx FROM photos WHERE photo_id = 1245), (SELECT tag_id FROM tags WHERE name = 'color'));
INSERT OR IGNORE INTO tags (name) VALUES ('outdoors');
INSERT INTO photo_tags (photo_idx, tag_id) VALUES ((SELECT photo_idx FROM photos WHERE photo_id = 1245), (SELECT tag_id FROM tags WHERE name = 'outdoors'));
INSERT OR IGNORE INTO tags (name) VALUES ('brown');
INSERT INTO photo_tags (photo_idx, tag_id) VALUES ((SELECT photo_idx FROM photos WHERE photo_id = 1245), (SELECT tag_id FROM tags WHERE name = 'brown'));
INSERT OR IGNORE INTO tags (name) VALUES ('orange');
INSERT INTO photo_tags (photo_idx, tag_id) VALUES ((SELECT photo_idx FROM photos WHERE photo_id = 1245), (SELECT tag_id FROM tags WHERE name = 'orange'));
INSERT OR IGNORE INTO tags (name) VALUES ('leaf');
INSERT INTO photo_tags (photo_idx, tag_id) VALUES ((SELECT photo_idx FROM photos WHERE photo_id = 1245), (SELECT tag_id FROM tags WHERE name = 'leaf'));
INSERT OR IGNORE INTO tags (name) VALUES ('foliage');
INSERT INTO photo_tags (photo_idx, tag_id) VALUES ((SELECT photo_idx FROM photos WHERE photo_id = 1245), (SELECT tag_id FROM tags WHERE name = 'foliage'));
INSERT OR IGNORE INTO tags (name) VALUES ('leaves');
INSERT INTO photo_tags (photo_idx, tag_id) VALUES ((SELECT photo_idx FROM photos WHERE photo_id = 1245), (SELECT tag_id FROM tags WHERE name = 'leaves'));

INSERT INTO photos (photo_id, photo_title, photo_collection, photo_location, photo_year, camera, film_stock, film_format) VALUES (1246, 'Afternoon Bed of Leaves', 'New England', 'New England', 1995, 'Hasselblad', 'Kodak Pro 100', '6 x 6 cm');
INSERT INTO photos_fts (photo_idx, photo_id, photo_title, photo_collection, photo_location, photo_year, camera, film_stock, film_format, tag_names) VALUES ((SELECT photo_idx FROM photos WHERE photo_id = 1246), 1246, 'Afternoon Bed of Leaves', 'New England', 'New England', 1995, 'Hasselblad', 'Kodak Pro 100', '6 x 6 cm', 'vertical,autumn,fall,popular,scenic,abstract,landscape,color,outdoors,brown,tan,leaf,foliage,leaves');
INSERT OR IGNORE INTO tags (name) VALUES ('vertical');
INSERT INTO photo_tags (photo_idx, tag_id) VALUES ((SELECT photo_idx FROM photos WHERE photo_id = 1246), (SELECT tag_id FROM tags WHERE name = 'vertical'));
INSERT OR IGNORE INTO tags (name) VALUES ('autumn');
INSERT INTO photo_tags (photo_idx, tag_id) VALUES ((SELECT photo_idx FROM photos WHERE photo_id = 1246), (SELECT tag_id FROM tags WHERE name = 'autumn'));
INSERT OR IGNORE INTO tags (name) VALUES ('fall');
INSERT INTO photo_tags (photo_idx, tag_id) VALUES ((SELECT photo_idx FROM photos WHERE photo_id = 1246), (SELECT tag_id FROM tags WHERE name = 'fall'));
INSERT OR IGNORE INTO tags (name) VALUES ('popular');
INSERT INTO photo_tags (photo_idx, tag_id) VALUES ((SELECT photo_idx FROM photos WHERE photo_id = 1246), (SELECT tag_id FROM tags WHERE name = 'popular'));
INSERT OR IGNORE INTO tags (name) VALUES ('scenic');
INSERT INTO photo_tags (photo_idx, tag_id) VALUES ((SELECT photo_idx FROM photos WHERE photo_id = 1246), (SELECT tag_id FROM tags WHERE name = 'scenic'));
INSERT OR IGNORE INTO tags (name) VALUES ('abstract');
INSERT INTO photo_tags (photo_idx, tag_id) VALUES ((SELECT photo_idx FROM photos WHERE photo_id = 1246), (SELECT tag_id FROM tags WHERE name = 'abstract'));
INSERT OR IGNORE INTO tags (name) VALUES ('landscape');
INSERT INTO photo_tags (photo_idx, tag_id) VALUES ((SELECT photo_idx FROM photos WHERE photo_id = 1246), (SELECT tag_id FROM tags WHERE name = 'landscape'));
INSERT OR IGNORE INTO tags (name) VALUES ('color');
INSERT INTO photo_tags (photo_idx, tag_id) VALUES ((SELECT photo_idx FROM photos WHERE photo_id = 1246), (SELECT tag_id FROM tags WHERE name = 'color'));
INSERT OR IGNORE INTO tags (name) VALUES ('outdoors');
INSERT INTO photo_tags (photo_idx, tag_id) VALUES ((SELECT photo_idx FROM photos WHERE photo_id = 1246), (SELECT tag_id FROM tags WHERE name = 'outdoors'));
INSERT OR IGNORE INTO tags (name) VALUES ('brown');
INSERT INTO photo_tags (photo_idx, tag_id) VALUES ((SELECT photo_idx FROM photos WHERE photo_id = 1246), (SELECT tag_id FROM tags WHERE name = 'brown'));
INSERT OR IGNORE INTO tags (name) VALUES ('tan');
INSERT INTO photo_tags (photo_idx, tag_id) VALUES ((SELECT photo_idx FROM photos WHERE photo_id = 1246), (SELECT tag_id FROM tags WHERE name = 'tan'));
INSERT OR IGNORE INTO tags (name) VALUES ('leaf');
INSERT INTO photo_tags (photo_idx, tag_id) VALUES ((SELECT photo_idx FROM photos WHERE photo_id = 1246), (SELECT tag_id FROM tags WHERE name = 'leaf'));
INSERT OR IGNORE INTO tags (name) VALUES ('foliage');
INSERT INTO photo_tags (photo_idx, tag_id) VALUES ((SELECT photo_idx FROM photos WHERE photo_id = 1246), (SELECT tag_id FROM tags WHERE name = 'foliage'));
INSERT OR IGNORE INTO tags (name) VALUES ('leaves');
INSERT INTO photo_tags (photo_idx, tag_id) VALUES ((SELECT photo_idx FROM photos WHERE photo_id = 1246), (SELECT tag_id FROM tags WHERE name = 'leaves'));

INSERT INTO photos (photo_id, photo_title, photo_collection, photo_location, photo_year, camera, film_stock, film_format) VALUES (1247, 'Yellow Leaves and Branches', 'New England', 'New England', 1995, 'Hasselblad', 'Kodak Pro 100', '6 x 6 cm');
INSERT INTO photos_fts (photo_idx, photo_id, photo_title, photo_collection, photo_location, photo_year, camera, film_stock, film_format, tag_names) VALUES ((SELECT photo_idx FROM photos WHERE photo_id = 1247), 1247, 'Yellow Leaves and Branches', 'New England', 'New England', 1995, 'Hasselblad', 'Kodak Pro 100', '6 x 6 cm', 'vertical,autumn,fall,popular,scenic,landscape,color,outdoors,yellow,trees,foliage,leaves');
INSERT OR IGNORE INTO tags (name) VALUES ('vertical');
INSERT INTO photo_tags (photo_idx, tag_id) VALUES ((SELECT photo_idx FROM photos WHERE photo_id = 1247), (SELECT tag_id FROM tags WHERE name = 'vertical'));
INSERT OR IGNORE INTO tags (name) VALUES ('autumn');
INSERT INTO photo_tags (photo_idx, tag_id) VALUES ((SELECT photo_idx FROM photos WHERE photo_id = 1247), (SELECT tag_id FROM tags WHERE name = 'autumn'));
INSERT OR IGNORE INTO tags (name) VALUES ('fall');
INSERT INTO photo_tags (photo_idx, tag_id) VALUES ((SELECT photo_idx FROM photos WHERE photo_id = 1247), (SELECT tag_id FROM tags WHERE name = 'fall'));
INSERT OR IGNORE INTO tags (name) VALUES ('popular');
INSERT INTO photo_tags (photo_idx, tag_id) VALUES ((SELECT photo_idx FROM photos WHERE photo_id = 1247), (SELECT tag_id FROM tags WHERE name = 'popular'));
INSERT OR IGNORE INTO tags (name) VALUES ('scenic');
INSERT INTO photo_tags (photo_idx, tag_id) VALUES ((SELECT photo_idx FROM photos WHERE photo_id = 1247), (SELECT tag_id FROM tags WHERE name = 'scenic'));
INSERT OR IGNORE INTO tags (name) VALUES ('landscape');
INSERT INTO photo_tags (photo_idx, tag_id) VALUES ((SELECT photo_idx FROM photos WHERE photo_id = 1247), (SELECT tag_id FROM tags WHERE name = 'landscape'));
INSERT OR IGNORE INTO tags (name) VALUES ('color');
INSERT INTO photo_tags (photo_idx, tag_id) VALUES ((SELECT photo_idx FROM photos WHERE photo_id = 1247), (SELECT tag_id FROM tags WHERE name = 'color'));
INSERT OR IGNORE INTO tags (name) VALUES ('outdoors');
INSERT INTO photo_tags (photo_idx, tag_id) VALUES ((SELECT photo_idx FROM photos WHERE photo_id = 1247), (SELECT tag_id FROM tags WHERE name = 'outdoors'));
INSERT OR IGNORE INTO tags (name) VALUES ('yellow');
INSERT INTO photo_tags (photo_idx, tag_id) VALUES ((SELECT photo_idx FROM photos WHERE photo_id = 1247), (SELECT tag_id FROM tags WHERE name = 'yellow'));
INSERT OR IGNORE INTO tags (name) VALUES ('trees');
INSERT INTO photo_tags (photo_idx, tag_id) VALUES ((SELECT photo_idx FROM photos WHERE photo_id = 1247), (SELECT tag_id FROM tags WHERE name = 'trees'));
INSERT OR IGNORE INTO tags (name) VALUES ('foliage');
INSERT INTO photo_tags (photo_idx, tag_id) VALUES ((SELECT photo_idx FROM photos WHERE photo_id = 1247), (SELECT tag_id FROM tags WHERE name = 'foliage'));
INSERT OR IGNORE INTO tags (name) VALUES ('leaves');
INSERT INTO photo_tags (photo_idx, tag_id) VALUES ((SELECT photo_idx FROM photos WHERE photo_id = 1247), (SELECT tag_id FROM tags WHERE name = 'leaves'));

INSERT INTO photos (photo_id, photo_title, photo_collection, photo_location, photo_year, camera, film_stock, film_format) VALUES (1249, 'Diagonal Yellow Tree', 'New England', 'New England', 1995, 'Hasselblad', 'Kodak Pro 100', '6 x 6 cm');
INSERT INTO photos_fts (photo_idx, photo_id, photo_title, photo_collection, photo_location, photo_year, camera, film_stock, film_format, tag_names) VALUES ((SELECT photo_idx FROM photos WHERE photo_id = 1249), 1249, 'Diagonal Yellow Tree', 'New England', 'New England', 1995, 'Hasselblad', 'Kodak Pro 100', '6 x 6 cm', 'vertical,autumn,fall,scenic,landscape,color,outdoors,yellow,trees,foliage,leaves');
INSERT OR IGNORE INTO tags (name) VALUES ('vertical');
INSERT INTO photo_tags (photo_idx, tag_id) VALUES ((SELECT photo_idx FROM photos WHERE photo_id = 1249), (SELECT tag_id FROM tags WHERE name = 'vertical'));
INSERT OR IGNORE INTO tags (name) VALUES ('autumn');
INSERT INTO photo_tags (photo_idx, tag_id) VALUES ((SELECT photo_idx FROM photos WHERE photo_id = 1249), (SELECT tag_id FROM tags WHERE name = 'autumn'));
INSERT OR IGNORE INTO tags (name) VALUES ('fall');
INSERT INTO photo_tags (photo_idx, tag_id) VALUES ((SELECT photo_idx FROM photos WHERE photo_id = 1249), (SELECT tag_id FROM tags WHERE name = 'fall'));
INSERT OR IGNORE INTO tags (name) VALUES ('scenic');
INSERT INTO photo_tags (photo_idx, tag_id) VALUES ((SELECT photo_idx FROM photos WHERE photo_id = 1249), (SELECT tag_id FROM tags WHERE name = 'scenic'));
INSERT OR IGNORE INTO tags (name) VALUES ('landscape');
INSERT INTO photo_tags (photo_idx, tag_id) VALUES ((SELECT photo_idx FROM photos WHERE photo_id = 1249), (SELECT tag_id FROM tags WHERE name = 'landscape'));
INSERT OR IGNORE INTO tags (name) VALUES ('color');
INSERT INTO photo_tags (photo_idx, tag_id) VALUES ((SELECT photo_idx FROM photos WHERE photo_id = 1249), (SELECT tag_id FROM tags WHERE name = 'color'));
INSERT OR IGNORE INTO tags (name) VALUES ('outdoors');
INSERT INTO photo_tags (photo_idx, tag_id) VALUES ((SELECT photo_idx FROM photos WHERE photo_id = 1249), (SELECT tag_id FROM tags WHERE name = 'outdoors'));
INSERT OR IGNORE INTO tags (name) VALUES ('yellow');
INSERT INTO photo_tags (photo_idx, tag_id) VALUES ((SELECT photo_idx FROM photos WHERE photo_id = 1249), (SELECT tag_id FROM tags WHERE name = 'yellow'));
INSERT OR IGNORE INTO tags (name) VALUES ('trees');
INSERT INTO photo_tags (photo_idx, tag_id) VALUES ((SELECT photo_idx FROM photos WHERE photo_id = 1249), (SELECT tag_id FROM tags WHERE name = 'trees'));
INSERT OR IGNORE INTO tags (name) VALUES ('foliage');
INSERT INTO photo_tags (photo_idx, tag_id) VALUES ((SELECT photo_idx FROM photos WHERE photo_id = 1249), (SELECT tag_id FROM tags WHERE name = 'foliage'));
INSERT OR IGNORE INTO tags (name) VALUES ('leaves');
INSERT INTO photo_tags (photo_idx, tag_id) VALUES ((SELECT photo_idx FROM photos WHERE photo_id = 1249), (SELECT tag_id FROM tags WHERE name = 'leaves'));

INSERT INTO photos (photo_id, photo_title, photo_collection, photo_location, photo_year, camera, film_stock, film_format) VALUES (1250, 'Striking Autumn Contrasts', 'New England', 'New England', 1995, 'Hasselblad', 'Kodak Pro 100', '6 x 6 cm');
INSERT INTO photos_fts (photo_idx, photo_id, photo_title, photo_collection, photo_location, photo_year, camera, film_stock, film_format, tag_names) VALUES ((SELECT photo_idx FROM photos WHERE photo_id = 1250), 1250, 'Striking Autumn Contrasts', 'New England', 'New England', 1995, 'Hasselblad', 'Kodak Pro 100', '6 x 6 cm', 'horizontal,autumn,fall,scenic,landscape,color,outdoors,blue,orange,white,sky,trees,foliage,forest,clouds,leaves');
INSERT OR IGNORE INTO tags (name) VALUES ('horizontal');
INSERT INTO photo_tags (photo_idx, tag_id) VALUES ((SELECT photo_idx FROM photos WHERE photo_id = 1250), (SELECT tag_id FROM tags WHERE name = 'horizontal'));
INSERT OR IGNORE INTO tags (name) VALUES ('autumn');
INSERT INTO photo_tags (photo_idx, tag_id) VALUES ((SELECT photo_idx FROM photos WHERE photo_id = 1250), (SELECT tag_id FROM tags WHERE name = 'autumn'));
INSERT OR IGNORE INTO tags (name) VALUES ('fall');
INSERT INTO photo_tags (photo_idx, tag_id) VALUES ((SELECT photo_idx FROM photos WHERE photo_id = 1250), (SELECT tag_id FROM tags WHERE name = 'fall'));
INSERT OR IGNORE INTO tags (name) VALUES ('scenic');
INSERT INTO photo_tags (photo_idx, tag_id) VALUES ((SELECT photo_idx FROM photos WHERE photo_id = 1250), (SELECT tag_id FROM tags WHERE name = 'scenic'));
INSERT OR IGNORE INTO tags (name) VALUES ('landscape');
INSERT INTO photo_tags (photo_idx, tag_id) VALUES ((SELECT photo_idx FROM photos WHERE photo_id = 1250), (SELECT tag_id FROM tags WHERE name = 'landscape'));
INSERT OR IGNORE INTO tags (name) VALUES ('color');
INSERT INTO photo_tags (photo_idx, tag_id) VALUES ((SELECT photo_idx FROM photos WHERE photo_id = 1250), (SELECT tag_id FROM tags WHERE name = 'color'));
INSERT OR IGNORE INTO tags (name) VALUES ('outdoors');
INSERT INTO photo_tags (photo_idx, tag_id) VALUES ((SELECT photo_idx FROM photos WHERE photo_id = 1250), (SELECT tag_id FROM tags WHERE name = 'outdoors'));
INSERT OR IGNORE INTO tags (name) VALUES ('blue');
INSERT INTO photo_tags (photo_idx, tag_id) VALUES ((SELECT photo_idx FROM photos WHERE photo_id = 1250), (SELECT tag_id FROM tags WHERE name = 'blue'));
INSERT OR IGNORE INTO tags (name) VALUES ('orange');
INSERT INTO photo_tags (photo_idx, tag_id) VALUES ((SELECT photo_idx FROM photos WHERE photo_id = 1250), (SELECT tag_id FROM tags WHERE name = 'orange'));
INSERT OR IGNORE INTO tags (name) VALUES ('white');
INSERT INTO photo_tags (photo_idx, tag_id) VALUES ((SELECT photo_idx FROM photos WHERE photo_id = 1250), (SELECT tag_id FROM tags WHERE name = 'white'));
INSERT OR IGNORE INTO tags (name) VALUES ('sky');
INSERT INTO photo_tags (photo_idx, tag_id) VALUES ((SELECT photo_idx FROM photos WHERE photo_id = 1250), (SELECT tag_id FROM tags WHERE name = 'sky'));
INSERT OR IGNORE INTO tags (name) VALUES ('trees');
INSERT INTO photo_tags (photo_idx, tag_id) VALUES ((SELECT photo_idx FROM photos WHERE photo_id = 1250), (SELECT tag_id FROM tags WHERE name = 'trees'));
INSERT OR IGNORE INTO tags (name) VALUES ('foliage');
INSERT INTO photo_tags (photo_idx, tag_id) VALUES ((SELECT photo_idx FROM photos WHERE photo_id = 1250), (SELECT tag_id FROM tags WHERE name = 'foliage'));
INSERT OR IGNORE INTO tags (name) VALUES ('forest');
INSERT INTO photo_tags (photo_idx, tag_id) VALUES ((SELECT photo_idx FROM photos WHERE photo_id = 1250), (SELECT tag_id FROM tags WHERE name = 'forest'));
INSERT OR IGNORE INTO tags (name) VALUES ('clouds');
INSERT INTO photo_tags (photo_idx, tag_id) VALUES ((SELECT photo_idx FROM photos WHERE photo_id = 1250), (SELECT tag_id FROM tags WHERE name = 'clouds'));
INSERT OR IGNORE INTO tags (name) VALUES ('leaves');
INSERT INTO photo_tags (photo_idx, tag_id) VALUES ((SELECT photo_idx FROM photos WHERE photo_id = 1250), (SELECT tag_id FROM tags WHERE name = 'leaves'));

INSERT INTO photos (photo_id, photo_title, photo_collection, photo_location, photo_year, camera, film_stock, film_format) VALUES (1251, 'Blue and Gold', 'New England', 'New England', 1995, 'Hasselblad', 'Kodak Pro 100', '6 x 6 cm');
INSERT INTO photos_fts (photo_idx, photo_id, photo_title, photo_collection, photo_location, photo_year, camera, film_stock, film_format, tag_names) VALUES ((SELECT photo_idx FROM photos WHERE photo_id = 1251), 1251, 'Blue and Gold', 'New England', 'New England', 1995, 'Hasselblad', 'Kodak Pro 100', '6 x 6 cm', 'horizontal,autumn,fall,scenic,landscape,color,outdoors,blue,yellow,sky,trees,foliage,leaves');
INSERT OR IGNORE INTO tags (name) VALUES ('horizontal');
INSERT INTO photo_tags (photo_idx, tag_id) VALUES ((SELECT photo_idx FROM photos WHERE photo_id = 1251), (SELECT tag_id FROM tags WHERE name = 'horizontal'));
INSERT OR IGNORE INTO tags (name) VALUES ('autumn');
INSERT INTO photo_tags (photo_idx, tag_id) VALUES ((SELECT photo_idx FROM photos WHERE photo_id = 1251), (SELECT tag_id FROM tags WHERE name = 'autumn'));
INSERT OR IGNORE INTO tags (name) VALUES ('fall');
INSERT INTO photo_tags (photo_idx, tag_id) VALUES ((SELECT photo_idx FROM photos WHERE photo_id = 1251), (SELECT tag_id FROM tags WHERE name = 'fall'));
INSERT OR IGNORE INTO tags (name) VALUES ('scenic');
INSERT INTO photo_tags (photo_idx, tag_id) VALUES ((SELECT photo_idx FROM photos WHERE photo_id = 1251), (SELECT tag_id FROM tags WHERE name = 'scenic'));
INSERT OR IGNORE INTO tags (name) VALUES ('landscape');
INSERT INTO photo_tags (photo_idx, tag_id) VALUES ((SELECT photo_idx FROM photos WHERE photo_id = 1251), (SELECT tag_id FROM tags WHERE name = 'landscape'));
INSERT OR IGNORE INTO tags (name) VALUES ('color');
INSERT INTO photo_tags (photo_idx, tag_id) VALUES ((SELECT photo_idx FROM photos WHERE photo_id = 1251), (SELECT tag_id FROM tags WHERE name = 'color'));
INSERT OR IGNORE INTO tags (name) VALUES ('outdoors');
INSERT INTO photo_tags (photo_idx, tag_id) VALUES ((SELECT photo_idx FROM photos WHERE photo_id = 1251), (SELECT tag_id FROM tags WHERE name = 'outdoors'));
INSERT OR IGNORE INTO tags (name) VALUES ('blue');
INSERT INTO photo_tags (photo_idx, tag_id) VALUES ((SELECT photo_idx FROM photos WHERE photo_id = 1251), (SELECT tag_id FROM tags WHERE name = 'blue'));
INSERT OR IGNORE INTO tags (name) VALUES ('yellow');
INSERT INTO photo_tags (photo_idx, tag_id) VALUES ((SELECT photo_idx FROM photos WHERE photo_id = 1251), (SELECT tag_id FROM tags WHERE name = 'yellow'));
INSERT OR IGNORE INTO tags (name) VALUES ('sky');
INSERT INTO photo_tags (photo_idx, tag_id) VALUES ((SELECT photo_idx FROM photos WHERE photo_id = 1251), (SELECT tag_id FROM tags WHERE name = 'sky'));
INSERT OR IGNORE INTO tags (name) VALUES ('trees');
INSERT INTO photo_tags (photo_idx, tag_id) VALUES ((SELECT photo_idx FROM photos WHERE photo_id = 1251), (SELECT tag_id FROM tags WHERE name = 'trees'));
INSERT OR IGNORE INTO tags (name) VALUES ('foliage');
INSERT INTO photo_tags (photo_idx, tag_id) VALUES ((SELECT photo_idx FROM photos WHERE photo_id = 1251), (SELECT tag_id FROM tags WHERE name = 'foliage'));
INSERT OR IGNORE INTO tags (name) VALUES ('leaves');
INSERT INTO photo_tags (photo_idx, tag_id) VALUES ((SELECT photo_idx FROM photos WHERE photo_id = 1251), (SELECT tag_id FROM tags WHERE name = 'leaves'));

INSERT INTO photos (photo_id, photo_title, photo_collection, photo_location, photo_year, camera, film_stock, film_format) VALUES (1252, 'Autumn by the River', 'New England', 'New England', 1995, 'Hasselblad', 'Kodak Pro 100', '6 x 6 cm');
INSERT INTO photos_fts (photo_idx, photo_id, photo_title, photo_collection, photo_location, photo_year, camera, film_stock, film_format, tag_names) VALUES ((SELECT photo_idx FROM photos WHERE photo_id = 1252), 1252, 'Autumn by the River', 'New England', 'New England', 1995, 'Hasselblad', 'Kodak Pro 100', '6 x 6 cm', 'horizontal,autumn,fall,scenic,landscape,color,outdoors,blue,brown,orange,yellow,grass,trees,water,foliage,river,leaves,stream');
INSERT OR IGNORE INTO tags (name) VALUES ('horizontal');
INSERT INTO photo_tags (photo_idx, tag_id) VALUES ((SELECT photo_idx FROM photos WHERE photo_id = 1252), (SELECT tag_id FROM tags WHERE name = 'horizontal'));
INSERT OR IGNORE INTO tags (name) VALUES ('autumn');
INSERT INTO photo_tags (photo_idx, tag_id) VALUES ((SELECT photo_idx FROM photos WHERE photo_id = 1252), (SELECT tag_id FROM tags WHERE name = 'autumn'));
INSERT OR IGNORE INTO tags (name) VALUES ('fall');
INSERT INTO photo_tags (photo_idx, tag_id) VALUES ((SELECT photo_idx FROM photos WHERE photo_id = 1252), (SELECT tag_id FROM tags WHERE name = 'fall'));
INSERT OR IGNORE INTO tags (name) VALUES ('scenic');
INSERT INTO photo_tags (photo_idx, tag_id) VALUES ((SELECT photo_idx FROM photos WHERE photo_id = 1252), (SELECT tag_id FROM tags WHERE name = 'scenic'));
INSERT OR IGNORE INTO tags (name) VALUES ('landscape');
INSERT INTO photo_tags (photo_idx, tag_id) VALUES ((SELECT photo_idx FROM photos WHERE photo_id = 1252), (SELECT tag_id FROM tags WHERE name = 'landscape'));
INSERT OR IGNORE INTO tags (name) VALUES ('color');
INSERT INTO photo_tags (photo_idx, tag_id) VALUES ((SELECT photo_idx FROM photos WHERE photo_id = 1252), (SELECT tag_id FROM tags WHERE name = 'color'));
INSERT OR IGNORE INTO tags (name) VALUES ('outdoors');
INSERT INTO photo_tags (photo_idx, tag_id) VALUES ((SELECT photo_idx FROM photos WHERE photo_id = 1252), (SELECT tag_id FROM tags WHERE name = 'outdoors'));
INSERT OR IGNORE INTO tags (name) VALUES ('blue');
INSERT INTO photo_tags (photo_idx, tag_id) VALUES ((SELECT photo_idx FROM photos WHERE photo_id = 1252), (SELECT tag_id FROM tags WHERE name = 'blue'));
INSERT OR IGNORE INTO tags (name) VALUES ('brown');
INSERT INTO photo_tags (photo_idx, tag_id) VALUES ((SELECT photo_idx FROM photos WHERE photo_id = 1252), (SELECT tag_id FROM tags WHERE name = 'brown'));
INSERT OR IGNORE INTO tags (name) VALUES ('orange');
INSERT INTO photo_tags (photo_idx, tag_id) VALUES ((SELECT photo_idx FROM photos WHERE photo_id = 1252), (SELECT tag_id FROM tags WHERE name = 'orange'));
INSERT OR IGNORE INTO tags (name) VALUES ('yellow');
INSERT INTO photo_tags (photo_idx, tag_id) VALUES ((SELECT photo_idx FROM photos WHERE photo_id = 1252), (SELECT tag_id FROM tags WHERE name = 'yellow'));
INSERT OR IGNORE INTO tags (name) VALUES ('grass');
INSERT INTO photo_tags (photo_idx, tag_id) VALUES ((SELECT photo_idx FROM photos WHERE photo_id = 1252), (SELECT tag_id FROM tags WHERE name = 'grass'));
INSERT OR IGNORE INTO tags (name) VALUES ('trees');
INSERT INTO photo_tags (photo_idx, tag_id) VALUES ((SELECT photo_idx FROM photos WHERE photo_id = 1252), (SELECT tag_id FROM tags WHERE name = 'trees'));
INSERT OR IGNORE INTO tags (name) VALUES ('water');
INSERT INTO photo_tags (photo_idx, tag_id) VALUES ((SELECT photo_idx FROM photos WHERE photo_id = 1252), (SELECT tag_id FROM tags WHERE name = 'water'));
INSERT OR IGNORE INTO tags (name) VALUES ('foliage');
INSERT INTO photo_tags (photo_idx, tag_id) VALUES ((SELECT photo_idx FROM photos WHERE photo_id = 1252), (SELECT tag_id FROM tags WHERE name = 'foliage'));
INSERT OR IGNORE INTO tags (name) VALUES ('river');
INSERT INTO photo_tags (photo_idx, tag_id) VALUES ((SELECT photo_idx FROM photos WHERE photo_id = 1252), (SELECT tag_id FROM tags WHERE name = 'river'));
INSERT OR IGNORE INTO tags (name) VALUES ('leaves');
INSERT INTO photo_tags (photo_idx, tag_id) VALUES ((SELECT photo_idx FROM photos WHERE photo_id = 1252), (SELECT tag_id FROM tags WHERE name = 'leaves'));
INSERT OR IGNORE INTO tags (name) VALUES ('stream');
INSERT INTO photo_tags (photo_idx, tag_id) VALUES ((SELECT photo_idx FROM photos WHERE photo_id = 1252), (SELECT tag_id FROM tags WHERE name = 'stream'));

INSERT INTO photos (photo_id, photo_title, photo_collection, photo_location, photo_year, camera, film_stock, film_format) VALUES (1253, 'New England Afternoon', 'New England', 'New England', 1995, 'Hasselblad', 'Kodak Pro 100', '6 x 6 cm');
INSERT INTO photos_fts (photo_idx, photo_id, photo_title, photo_collection, photo_location, photo_year, camera, film_stock, film_format, tag_names) VALUES ((SELECT photo_idx FROM photos WHERE photo_id = 1253), 1253, 'New England Afternoon', 'New England', 'New England', 1995, 'Hasselblad', 'Kodak Pro 100', '6 x 6 cm', 'horizontal,autumn,fall,scenic,landscape,color,outdoors,black,brown,green,yellow,grass,trees,foliage,leaves');
INSERT OR IGNORE INTO tags (name) VALUES ('horizontal');
INSERT INTO photo_tags (photo_idx, tag_id) VALUES ((SELECT photo_idx FROM photos WHERE photo_id = 1253), (SELECT tag_id FROM tags WHERE name = 'horizontal'));
INSERT OR IGNORE INTO tags (name) VALUES ('autumn');
INSERT INTO photo_tags (photo_idx, tag_id) VALUES ((SELECT photo_idx FROM photos WHERE photo_id = 1253), (SELECT tag_id FROM tags WHERE name = 'autumn'));
INSERT OR IGNORE INTO tags (name) VALUES ('fall');
INSERT INTO photo_tags (photo_idx, tag_id) VALUES ((SELECT photo_idx FROM photos WHERE photo_id = 1253), (SELECT tag_id FROM tags WHERE name = 'fall'));
INSERT OR IGNORE INTO tags (name) VALUES ('scenic');
INSERT INTO photo_tags (photo_idx, tag_id) VALUES ((SELECT photo_idx FROM photos WHERE photo_id = 1253), (SELECT tag_id FROM tags WHERE name = 'scenic'));
INSERT OR IGNORE INTO tags (name) VALUES ('landscape');
INSERT INTO photo_tags (photo_idx, tag_id) VALUES ((SELECT photo_idx FROM photos WHERE photo_id = 1253), (SELECT tag_id FROM tags WHERE name = 'landscape'));
INSERT OR IGNORE INTO tags (name) VALUES ('color');
INSERT INTO photo_tags (photo_idx, tag_id) VALUES ((SELECT photo_idx FROM photos WHERE photo_id = 1253), (SELECT tag_id FROM tags WHERE name = 'color'));
INSERT OR IGNORE INTO tags (name) VALUES ('outdoors');
INSERT INTO photo_tags (photo_idx, tag_id) VALUES ((SELECT photo_idx FROM photos WHERE photo_id = 1253), (SELECT tag_id FROM tags WHERE name = 'outdoors'));
INSERT OR IGNORE INTO tags (name) VALUES ('black');
INSERT INTO photo_tags (photo_idx, tag_id) VALUES ((SELECT photo_idx FROM photos WHERE photo_id = 1253), (SELECT tag_id FROM tags WHERE name = 'black'));
INSERT OR IGNORE INTO tags (name) VALUES ('brown');
INSERT INTO photo_tags (photo_idx, tag_id) VALUES ((SELECT photo_idx FROM photos WHERE photo_id = 1253), (SELECT tag_id FROM tags WHERE name = 'brown'));
INSERT OR IGNORE INTO tags (name) VALUES ('green');
INSERT INTO photo_tags (photo_idx, tag_id) VALUES ((SELECT photo_idx FROM photos WHERE photo_id = 1253), (SELECT tag_id FROM tags WHERE name = 'green'));
INSERT OR IGNORE INTO tags (name) VALUES ('yellow');
INSERT INTO photo_tags (photo_idx, tag_id) VALUES ((SELECT photo_idx FROM photos WHERE photo_id = 1253), (SELECT tag_id FROM tags WHERE name = 'yellow'));
INSERT OR IGNORE INTO tags (name) VALUES ('grass');
INSERT INTO photo_tags (photo_idx, tag_id) VALUES ((SELECT photo_idx FROM photos WHERE photo_id = 1253), (SELECT tag_id FROM tags WHERE name = 'grass'));
INSERT OR IGNORE INTO tags (name) VALUES ('trees');
INSERT INTO photo_tags (photo_idx, tag_id) VALUES ((SELECT photo_idx FROM photos WHERE photo_id = 1253), (SELECT tag_id FROM tags WHERE name = 'trees'));
INSERT OR IGNORE INTO tags (name) VALUES ('foliage');
INSERT INTO photo_tags (photo_idx, tag_id) VALUES ((SELECT photo_idx FROM photos WHERE photo_id = 1253), (SELECT tag_id FROM tags WHERE name = 'foliage'));
INSERT OR IGNORE INTO tags (name) VALUES ('leaves');
INSERT INTO photo_tags (photo_idx, tag_id) VALUES ((SELECT photo_idx FROM photos WHERE photo_id = 1253), (SELECT tag_id FROM tags WHERE name = 'leaves'));

INSERT INTO photos (photo_id, photo_title, photo_collection, photo_location, photo_year, camera, film_stock, film_format) VALUES (1254, 'Flowing Leaves', 'New England', 'New England', 1995, 'Hasselblad', 'Kodak Pro 100', '6 x 6 cm');
INSERT INTO photos_fts (photo_idx, photo_id, photo_title, photo_collection, photo_location, photo_year, camera, film_stock, film_format, tag_names) VALUES ((SELECT photo_idx FROM photos WHERE photo_id = 1254), 1254, 'Flowing Leaves', 'New England', 'New England', 1995, 'Hasselblad', 'Kodak Pro 100', '6 x 6 cm', 'vertical,autumn,fall,closeup,landscape,color,outdoors,brown,leaf,rock,leaves');
INSERT OR IGNORE INTO tags (name) VALUES ('vertical');
INSERT INTO photo_tags (photo_idx, tag_id) VALUES ((SELECT photo_idx FROM photos WHERE photo_id = 1254), (SELECT tag_id FROM tags WHERE name = 'vertical'));
INSERT OR IGNORE INTO tags (name) VALUES ('autumn');
INSERT INTO photo_tags (photo_idx, tag_id) VALUES ((SELECT photo_idx FROM photos WHERE photo_id = 1254), (SELECT tag_id FROM tags WHERE name = 'autumn'));
INSERT OR IGNORE INTO tags (name) VALUES ('fall');
INSERT INTO photo_tags (photo_idx, tag_id) VALUES ((SELECT photo_idx FROM photos WHERE photo_id = 1254), (SELECT tag_id FROM tags WHERE name = 'fall'));
INSERT OR IGNORE INTO tags (name) VALUES ('closeup');
INSERT INTO photo_tags (photo_idx, tag_id) VALUES ((SELECT photo_idx FROM photos WHERE photo_id = 1254), (SELECT tag_id FROM tags WHERE name = 'closeup'));
INSERT OR IGNORE INTO tags (name) VALUES ('landscape');
INSERT INTO photo_tags (photo_idx, tag_id) VALUES ((SELECT photo_idx FROM photos WHERE photo_id = 1254), (SELECT tag_id FROM tags WHERE name = 'landscape'));
INSERT OR IGNORE INTO tags (name) VALUES ('color');
INSERT INTO photo_tags (photo_idx, tag_id) VALUES ((SELECT photo_idx FROM photos WHERE photo_id = 1254), (SELECT tag_id FROM tags WHERE name = 'color'));
INSERT OR IGNORE INTO tags (name) VALUES ('outdoors');
INSERT INTO photo_tags (photo_idx, tag_id) VALUES ((SELECT photo_idx FROM photos WHERE photo_id = 1254), (SELECT tag_id FROM tags WHERE name = 'outdoors'));
INSERT OR IGNORE INTO tags (name) VALUES ('brown');
INSERT INTO photo_tags (photo_idx, tag_id) VALUES ((SELECT photo_idx FROM photos WHERE photo_id = 1254), (SELECT tag_id FROM tags WHERE name = 'brown'));
INSERT OR IGNORE INTO tags (name) VALUES ('leaf');
INSERT INTO photo_tags (photo_idx, tag_id) VALUES ((SELECT photo_idx FROM photos WHERE photo_id = 1254), (SELECT tag_id FROM tags WHERE name = 'leaf'));
INSERT OR IGNORE INTO tags (name) VALUES ('rock');
INSERT INTO photo_tags (photo_idx, tag_id) VALUES ((SELECT photo_idx FROM photos WHERE photo_id = 1254), (SELECT tag_id FROM tags WHERE name = 'rock'));
INSERT OR IGNORE INTO tags (name) VALUES ('leaves');
INSERT INTO photo_tags (photo_idx, tag_id) VALUES ((SELECT photo_idx FROM photos WHERE photo_id = 1254), (SELECT tag_id FROM tags WHERE name = 'leaves'));

INSERT INTO photos (photo_id, photo_title, photo_collection, photo_location, photo_year, camera, film_stock, film_format) VALUES (1255, 'Fallen Leaves', 'New England', 'New England', 1995, 'Hasselblad', 'Kodak Pro 100', '6 x 6 cm');
INSERT INTO photos_fts (photo_idx, photo_id, photo_title, photo_collection, photo_location, photo_year, camera, film_stock, film_format, tag_names) VALUES ((SELECT photo_idx FROM photos WHERE photo_id = 1255), 1255, 'Fallen Leaves', 'New England', 'New England', 1995, 'Hasselblad', 'Kodak Pro 100', '6 x 6 cm', 'vertical,autumn,fall,closeup,abstract,landscape,color,outdoors,brown,orange,red,yellow,leaf,foliage,leaves');
INSERT OR IGNORE INTO tags (name) VALUES ('vertical');
INSERT INTO photo_tags (photo_idx, tag_id) VALUES ((SELECT photo_idx FROM photos WHERE photo_id = 1255), (SELECT tag_id FROM tags WHERE name = 'vertical'));
INSERT OR IGNORE INTO tags (name) VALUES ('autumn');
INSERT INTO photo_tags (photo_idx, tag_id) VALUES ((SELECT photo_idx FROM photos WHERE photo_id = 1255), (SELECT tag_id FROM tags WHERE name = 'autumn'));
INSERT OR IGNORE INTO tags (name) VALUES ('fall');
INSERT INTO photo_tags (photo_idx, tag_id) VALUES ((SELECT photo_idx FROM photos WHERE photo_id = 1255), (SELECT tag_id FROM tags WHERE name = 'fall'));
INSERT OR IGNORE INTO tags (name) VALUES ('closeup');
INSERT INTO photo_tags (photo_idx, tag_id) VALUES ((SELECT photo_idx FROM photos WHERE photo_id = 1255), (SELECT tag_id FROM tags WHERE name = 'closeup'));
INSERT OR IGNORE INTO tags (name) VALUES ('abstract');
INSERT INTO photo_tags (photo_idx, tag_id) VALUES ((SELECT photo_idx FROM photos WHERE photo_id = 1255), (SELECT tag_id FROM tags WHERE name = 'abstract'));
INSERT OR IGNORE INTO tags (name) VALUES ('landscape');
INSERT INTO photo_tags (photo_idx, tag_id) VALUES ((SELECT photo_idx FROM photos WHERE photo_id = 1255), (SELECT tag_id FROM tags WHERE name = 'landscape'));
INSERT OR IGNORE INTO tags (name) VALUES ('color');
INSERT INTO photo_tags (photo_idx, tag_id) VALUES ((SELECT photo_idx FROM photos WHERE photo_id = 1255), (SELECT tag_id FROM tags WHERE name = 'color'));
INSERT OR IGNORE INTO tags (name) VALUES ('outdoors');
INSERT INTO photo_tags (photo_idx, tag_id) VALUES ((SELECT photo_idx FROM photos WHERE photo_id = 1255), (SELECT tag_id FROM tags WHERE name = 'outdoors'));
INSERT OR IGNORE INTO tags (name) VALUES ('brown');
INSERT INTO photo_tags (photo_idx, tag_id) VALUES ((SELECT photo_idx FROM photos WHERE photo_id = 1255), (SELECT tag_id FROM tags WHERE name = 'brown'));
INSERT OR IGNORE INTO tags (name) VALUES ('orange');
INSERT INTO photo_tags (photo_idx, tag_id) VALUES ((SELECT photo_idx FROM photos WHERE photo_id = 1255), (SELECT tag_id FROM tags WHERE name = 'orange'));
INSERT OR IGNORE INTO tags (name) VALUES ('red');
INSERT INTO photo_tags (photo_idx, tag_id) VALUES ((SELECT photo_idx FROM photos WHERE photo_id = 1255), (SELECT tag_id FROM tags WHERE name = 'red'));
INSERT OR IGNORE INTO tags (name) VALUES ('yellow');
INSERT INTO photo_tags (photo_idx, tag_id) VALUES ((SELECT photo_idx FROM photos WHERE photo_id = 1255), (SELECT tag_id FROM tags WHERE name = 'yellow'));
INSERT OR IGNORE INTO tags (name) VALUES ('leaf');
INSERT INTO photo_tags (photo_idx, tag_id) VALUES ((SELECT photo_idx FROM photos WHERE photo_id = 1255), (SELECT tag_id FROM tags WHERE name = 'leaf'));
INSERT OR IGNORE INTO tags (name) VALUES ('foliage');
INSERT INTO photo_tags (photo_idx, tag_id) VALUES ((SELECT photo_idx FROM photos WHERE photo_id = 1255), (SELECT tag_id FROM tags WHERE name = 'foliage'));
INSERT OR IGNORE INTO tags (name) VALUES ('leaves');
INSERT INTO photo_tags (photo_idx, tag_id) VALUES ((SELECT photo_idx FROM photos WHERE photo_id = 1255), (SELECT tag_id FROM tags WHERE name = 'leaves'));

INSERT INTO photos (photo_id, photo_title, photo_collection, photo_location, photo_year, camera, film_stock, film_format) VALUES (1256, 'Autumn Branches', 'New England', 'New England', 1995, 'Hasselblad', 'Kodak Pro 100', '6 x 6 cm');
INSERT INTO photos_fts (photo_idx, photo_id, photo_title, photo_collection, photo_location, photo_year, camera, film_stock, film_format, tag_names) VALUES ((SELECT photo_idx FROM photos WHERE photo_id = 1256), 1256, 'Autumn Branches', 'New England', 'New England', 1995, 'Hasselblad', 'Kodak Pro 100', '6 x 6 cm', 'horizontal,autumn,fall,scenic,landscape,color,outdoors,black,yellow,trees,foliage,leaves');
INSERT OR IGNORE INTO tags (name) VALUES ('horizontal');
INSERT INTO photo_tags (photo_idx, tag_id) VALUES ((SELECT photo_idx FROM photos WHERE photo_id = 1256), (SELECT tag_id FROM tags WHERE name = 'horizontal'));
INSERT OR IGNORE INTO tags (name) VALUES ('autumn');
INSERT INTO photo_tags (photo_idx, tag_id) VALUES ((SELECT photo_idx FROM photos WHERE photo_id = 1256), (SELECT tag_id FROM tags WHERE name = 'autumn'));
INSERT OR IGNORE INTO tags (name) VALUES ('fall');
INSERT INTO photo_tags (photo_idx, tag_id) VALUES ((SELECT photo_idx FROM photos WHERE photo_id = 1256), (SELECT tag_id FROM tags WHERE name = 'fall'));
INSERT OR IGNORE INTO tags (name) VALUES ('scenic');
INSERT INTO photo_tags (photo_idx, tag_id) VALUES ((SELECT photo_idx FROM photos WHERE photo_id = 1256), (SELECT tag_id FROM tags WHERE name = 'scenic'));
INSERT OR IGNORE INTO tags (name) VALUES ('landscape');
INSERT INTO photo_tags (photo_idx, tag_id) VALUES ((SELECT photo_idx FROM photos WHERE photo_id = 1256), (SELECT tag_id FROM tags WHERE name = 'landscape'));
INSERT OR IGNORE INTO tags (name) VALUES ('color');
INSERT INTO photo_tags (photo_idx, tag_id) VALUES ((SELECT photo_idx FROM photos WHERE photo_id = 1256), (SELECT tag_id FROM tags WHERE name = 'color'));
INSERT OR IGNORE INTO tags (name) VALUES ('outdoors');
INSERT INTO photo_tags (photo_idx, tag_id) VALUES ((SELECT photo_idx FROM photos WHERE photo_id = 1256), (SELECT tag_id FROM tags WHERE name = 'outdoors'));
INSERT OR IGNORE INTO tags (name) VALUES ('black');
INSERT INTO photo_tags (photo_idx, tag_id) VALUES ((SELECT photo_idx FROM photos WHERE photo_id = 1256), (SELECT tag_id FROM tags WHERE name = 'black'));
INSERT OR IGNORE INTO tags (name) VALUES ('yellow');
INSERT INTO photo_tags (photo_idx, tag_id) VALUES ((SELECT photo_idx FROM photos WHERE photo_id = 1256), (SELECT tag_id FROM tags WHERE name = 'yellow'));
INSERT OR IGNORE INTO tags (name) VALUES ('trees');
INSERT INTO photo_tags (photo_idx, tag_id) VALUES ((SELECT photo_idx FROM photos WHERE photo_id = 1256), (SELECT tag_id FROM tags WHERE name = 'trees'));
INSERT OR IGNORE INTO tags (name) VALUES ('foliage');
INSERT INTO photo_tags (photo_idx, tag_id) VALUES ((SELECT photo_idx FROM photos WHERE photo_id = 1256), (SELECT tag_id FROM tags WHERE name = 'foliage'));
INSERT OR IGNORE INTO tags (name) VALUES ('leaves');
INSERT INTO photo_tags (photo_idx, tag_id) VALUES ((SELECT photo_idx FROM photos WHERE photo_id = 1256), (SELECT tag_id FROM tags WHERE name = 'leaves'));

INSERT INTO photos (photo_id, photo_title, photo_collection, photo_location, photo_year, camera, film_stock, film_format) VALUES (1257, 'Azurite and Malachite', 'Rocks', 'Katanga Copper Belt, Democratic Republic of the Congo', 1998, 'Hasselblad', 'Fujichrome Velvia', '6 x 6 cm');
INSERT INTO photos_fts (photo_idx, photo_id, photo_title, photo_collection, photo_location, photo_year, camera, film_stock, film_format, tag_names) VALUES ((SELECT photo_idx FROM photos WHERE photo_id = 1257), 1257, 'Azurite and Malachite', 'Rocks', 'Katanga Copper Belt, Democratic Republic of the Congo', 1998, 'Hasselblad', 'Fujichrome Velvia', '6 x 6 cm', 'horizontal,closeup,abstract,color,studio,blue,green,rock');
INSERT OR IGNORE INTO tags (name) VALUES ('horizontal');
INSERT INTO photo_tags (photo_idx, tag_id) VALUES ((SELECT photo_idx FROM photos WHERE photo_id = 1257), (SELECT tag_id FROM tags WHERE name = 'horizontal'));
INSERT OR IGNORE INTO tags (name) VALUES ('closeup');
INSERT INTO photo_tags (photo_idx, tag_id) VALUES ((SELECT photo_idx FROM photos WHERE photo_id = 1257), (SELECT tag_id FROM tags WHERE name = 'closeup'));
INSERT OR IGNORE INTO tags (name) VALUES ('abstract');
INSERT INTO photo_tags (photo_idx, tag_id) VALUES ((SELECT photo_idx FROM photos WHERE photo_id = 1257), (SELECT tag_id FROM tags WHERE name = 'abstract'));
INSERT OR IGNORE INTO tags (name) VALUES ('color');
INSERT INTO photo_tags (photo_idx, tag_id) VALUES ((SELECT photo_idx FROM photos WHERE photo_id = 1257), (SELECT tag_id FROM tags WHERE name = 'color'));
INSERT OR IGNORE INTO tags (name) VALUES ('studio');
INSERT INTO photo_tags (photo_idx, tag_id) VALUES ((SELECT photo_idx FROM photos WHERE photo_id = 1257), (SELECT tag_id FROM tags WHERE name = 'studio'));
INSERT OR IGNORE INTO tags (name) VALUES ('blue');
INSERT INTO photo_tags (photo_idx, tag_id) VALUES ((SELECT photo_idx FROM photos WHERE photo_id = 1257), (SELECT tag_id FROM tags WHERE name = 'blue'));
INSERT OR IGNORE INTO tags (name) VALUES ('green');
INSERT INTO photo_tags (photo_idx, tag_id) VALUES ((SELECT photo_idx FROM photos WHERE photo_id = 1257), (SELECT tag_id FROM tags WHERE name = 'green'));
INSERT OR IGNORE INTO tags (name) VALUES ('rock');
INSERT INTO photo_tags (photo_idx, tag_id) VALUES ((SELECT photo_idx FROM photos WHERE photo_id = 1257), (SELECT tag_id FROM tags WHERE name = 'rock'));

INSERT INTO photos (photo_id, photo_title, photo_collection, photo_location, photo_year, camera, film_stock, film_format) VALUES (1259, 'Pink and Yellow Orchid', 'Flower Portraits', 'Half Moon Bay, California', 1998, 'Hasselblad', 'Fujichrome Velvia', '6 x 6 cm');
INSERT INTO photos_fts (photo_idx, photo_id, photo_title, photo_collection, photo_location, photo_year, camera, film_stock, film_format, tag_names) VALUES ((SELECT photo_idx FROM photos WHERE photo_id = 1259), 1259, 'Pink and Yellow Orchid', 'Flower Portraits', 'Half Moon Bay, California', 1998, 'Hasselblad', 'Fujichrome Velvia', '6 x 6 cm', 'horizontal,popular,closeup,color,studio,black,pink,yellow,flowers,orchid');
INSERT OR IGNORE INTO tags (name) VALUES ('horizontal');
INSERT INTO photo_tags (photo_idx, tag_id) VALUES ((SELECT photo_idx FROM photos WHERE photo_id = 1259), (SELECT tag_id FROM tags WHERE name = 'horizontal'));
INSERT OR IGNORE INTO tags (name) VALUES ('popular');
INSERT INTO photo_tags (photo_idx, tag_id) VALUES ((SELECT photo_idx FROM photos WHERE photo_id = 1259), (SELECT tag_id FROM tags WHERE name = 'popular'));
INSERT OR IGNORE INTO tags (name) VALUES ('closeup');
INSERT INTO photo_tags (photo_idx, tag_id) VALUES ((SELECT photo_idx FROM photos WHERE photo_id = 1259), (SELECT tag_id FROM tags WHERE name = 'closeup'));
INSERT OR IGNORE INTO tags (name) VALUES ('color');
INSERT INTO photo_tags (photo_idx, tag_id) VALUES ((SELECT photo_idx FROM photos WHERE photo_id = 1259), (SELECT tag_id FROM tags WHERE name = 'color'));
INSERT OR IGNORE INTO tags (name) VALUES ('studio');
INSERT INTO photo_tags (photo_idx, tag_id) VALUES ((SELECT photo_idx FROM photos WHERE photo_id = 1259), (SELECT tag_id FROM tags WHERE name = 'studio'));
INSERT OR IGNORE INTO tags (name) VALUES ('black');
INSERT INTO photo_tags (photo_idx, tag_id) VALUES ((SELECT photo_idx FROM photos WHERE photo_id = 1259), (SELECT tag_id FROM tags WHERE name = 'black'));
INSERT OR IGNORE INTO tags (name) VALUES ('pink');
INSERT INTO photo_tags (photo_idx, tag_id) VALUES ((SELECT photo_idx FROM photos WHERE photo_id = 1259), (SELECT tag_id FROM tags WHERE name = 'pink'));
INSERT OR IGNORE INTO tags (name) VALUES ('yellow');
INSERT INTO photo_tags (photo_idx, tag_id) VALUES ((SELECT photo_idx FROM photos WHERE photo_id = 1259), (SELECT tag_id FROM tags WHERE name = 'yellow'));
INSERT OR IGNORE INTO tags (name) VALUES ('flowers');
INSERT INTO photo_tags (photo_idx, tag_id) VALUES ((SELECT photo_idx FROM photos WHERE photo_id = 1259), (SELECT tag_id FROM tags WHERE name = 'flowers'));
INSERT OR IGNORE INTO tags (name) VALUES ('orchid');
INSERT INTO photo_tags (photo_idx, tag_id) VALUES ((SELECT photo_idx FROM photos WHERE photo_id = 1259), (SELECT tag_id FROM tags WHERE name = 'orchid'));

INSERT INTO photos (photo_id, photo_title, photo_collection, photo_location, photo_year, camera, film_stock, film_format) VALUES (1260, 'Intimate Orchid', 'Flower Portraits', 'Half Moon Bay, California', 1998, 'Hasselblad', 'Fujichrome Velvia', '6 x 6 cm');
INSERT INTO photos_fts (photo_idx, photo_id, photo_title, photo_collection, photo_location, photo_year, camera, film_stock, film_format, tag_names) VALUES ((SELECT photo_idx FROM photos WHERE photo_id = 1260), 1260, 'Intimate Orchid', 'Flower Portraits', 'Half Moon Bay, California', 1998, 'Hasselblad', 'Fujichrome Velvia', '6 x 6 cm', 'horizontal,popular,closeup,color,studio,pink,yellow,flowers,orchid');
INSERT OR IGNORE INTO tags (name) VALUES ('horizontal');
INSERT INTO photo_tags (photo_idx, tag_id) VALUES ((SELECT photo_idx FROM photos WHERE photo_id = 1260), (SELECT tag_id FROM tags WHERE name = 'horizontal'));
INSERT OR IGNORE INTO tags (name) VALUES ('popular');
INSERT INTO photo_tags (photo_idx, tag_id) VALUES ((SELECT photo_idx FROM photos WHERE photo_id = 1260), (SELECT tag_id FROM tags WHERE name = 'popular'));
INSERT OR IGNORE INTO tags (name) VALUES ('closeup');
INSERT INTO photo_tags (photo_idx, tag_id) VALUES ((SELECT photo_idx FROM photos WHERE photo_id = 1260), (SELECT tag_id FROM tags WHERE name = 'closeup'));
INSERT OR IGNORE INTO tags (name) VALUES ('color');
INSERT INTO photo_tags (photo_idx, tag_id) VALUES ((SELECT photo_idx FROM photos WHERE photo_id = 1260), (SELECT tag_id FROM tags WHERE name = 'color'));
INSERT OR IGNORE INTO tags (name) VALUES ('studio');
INSERT INTO photo_tags (photo_idx, tag_id) VALUES ((SELECT photo_idx FROM photos WHERE photo_id = 1260), (SELECT tag_id FROM tags WHERE name = 'studio'));
INSERT OR IGNORE INTO tags (name) VALUES ('pink');
INSERT INTO photo_tags (photo_idx, tag_id) VALUES ((SELECT photo_idx FROM photos WHERE photo_id = 1260), (SELECT tag_id FROM tags WHERE name = 'pink'));
INSERT OR IGNORE INTO tags (name) VALUES ('yellow');
INSERT INTO photo_tags (photo_idx, tag_id) VALUES ((SELECT photo_idx FROM photos WHERE photo_id = 1260), (SELECT tag_id FROM tags WHERE name = 'yellow'));
INSERT OR IGNORE INTO tags (name) VALUES ('flowers');
INSERT INTO photo_tags (photo_idx, tag_id) VALUES ((SELECT photo_idx FROM photos WHERE photo_id = 1260), (SELECT tag_id FROM tags WHERE name = 'flowers'));
INSERT OR IGNORE INTO tags (name) VALUES ('orchid');
INSERT INTO photo_tags (photo_idx, tag_id) VALUES ((SELECT photo_idx FROM photos WHERE photo_id = 1260), (SELECT tag_id FROM tags WHERE name = 'orchid'));

INSERT INTO photos (photo_id, photo_title, photo_collection, photo_location, photo_year, camera, film_stock, film_format) VALUES (1261, 'Orchid Ruffle', 'Flower Portraits', 'Half Moon Bay, California', 1998, 'Hasselblad', 'Fujichrome Velvia', '6 x 6 cm');
INSERT INTO photos_fts (photo_idx, photo_id, photo_title, photo_collection, photo_location, photo_year, camera, film_stock, film_format, tag_names) VALUES ((SELECT photo_idx FROM photos WHERE photo_id = 1261), 1261, 'Orchid Ruffle', 'Flower Portraits', 'Half Moon Bay, California', 1998, 'Hasselblad', 'Fujichrome Velvia', '6 x 6 cm', 'horizontal,closeup,color,studio,pink,yellow,flowers,orchid');
INSERT OR IGNORE INTO tags (name) VALUES ('horizontal');
INSERT INTO photo_tags (photo_idx, tag_id) VALUES ((SELECT photo_idx FROM photos WHERE photo_id = 1261), (SELECT tag_id FROM tags WHERE name = 'horizontal'));
INSERT OR IGNORE INTO tags (name) VALUES ('closeup');
INSERT INTO photo_tags (photo_idx, tag_id) VALUES ((SELECT photo_idx FROM photos WHERE photo_id = 1261), (SELECT tag_id FROM tags WHERE name = 'closeup'));
INSERT OR IGNORE INTO tags (name) VALUES ('color');
INSERT INTO photo_tags (photo_idx, tag_id) VALUES ((SELECT photo_idx FROM photos WHERE photo_id = 1261), (SELECT tag_id FROM tags WHERE name = 'color'));
INSERT OR IGNORE INTO tags (name) VALUES ('studio');
INSERT INTO photo_tags (photo_idx, tag_id) VALUES ((SELECT photo_idx FROM photos WHERE photo_id = 1261), (SELECT tag_id FROM tags WHERE name = 'studio'));
INSERT OR IGNORE INTO tags (name) VALUES ('pink');
INSERT INTO photo_tags (photo_idx, tag_id) VALUES ((SELECT photo_idx FROM photos WHERE photo_id = 1261), (SELECT tag_id FROM tags WHERE name = 'pink'));
INSERT OR IGNORE INTO tags (name) VALUES ('yellow');
INSERT INTO photo_tags (photo_idx, tag_id) VALUES ((SELECT photo_idx FROM photos WHERE photo_id = 1261), (SELECT tag_id FROM tags WHERE name = 'yellow'));
INSERT OR IGNORE INTO tags (name) VALUES ('flowers');
INSERT INTO photo_tags (photo_idx, tag_id) VALUES ((SELECT photo_idx FROM photos WHERE photo_id = 1261), (SELECT tag_id FROM tags WHERE name = 'flowers'));
INSERT OR IGNORE INTO tags (name) VALUES ('orchid');
INSERT INTO photo_tags (photo_idx, tag_id) VALUES ((SELECT photo_idx FROM photos WHERE photo_id = 1261), (SELECT tag_id FROM tags WHERE name = 'orchid'));

INSERT INTO photos (photo_id, photo_title, photo_collection, photo_location, photo_year, camera, film_stock, film_format) VALUES (1262, 'Miltonopsis Rain', 'Flower Portraits', 'Half Moon Bay, California', 1998, 'Hasselblad', 'Fujichrome Velvia', '6 x 6 cm');
INSERT INTO photos_fts (photo_idx, photo_id, photo_title, photo_collection, photo_location, photo_year, camera, film_stock, film_format, tag_names) VALUES ((SELECT photo_idx FROM photos WHERE photo_id = 1262), 1262, 'Miltonopsis Rain', 'Flower Portraits', 'Half Moon Bay, California', 1998, 'Hasselblad', 'Fujichrome Velvia', '6 x 6 cm', 'vertical,closeup,color,studio,red,white,yellow,flowers,orchid');
INSERT OR IGNORE INTO tags (name) VALUES ('vertical');
INSERT INTO photo_tags (photo_idx, tag_id) VALUES ((SELECT photo_idx FROM photos WHERE photo_id = 1262), (SELECT tag_id FROM tags WHERE name = 'vertical'));
INSERT OR IGNORE INTO tags (name) VALUES ('closeup');
INSERT INTO photo_tags (photo_idx, tag_id) VALUES ((SELECT photo_idx FROM photos WHERE photo_id = 1262), (SELECT tag_id FROM tags WHERE name = 'closeup'));
INSERT OR IGNORE INTO tags (name) VALUES ('color');
INSERT INTO photo_tags (photo_idx, tag_id) VALUES ((SELECT photo_idx FROM photos WHERE photo_id = 1262), (SELECT tag_id FROM tags WHERE name = 'color'));
INSERT OR IGNORE INTO tags (name) VALUES ('studio');
INSERT INTO photo_tags (photo_idx, tag_id) VALUES ((SELECT photo_idx FROM photos WHERE photo_id = 1262), (SELECT tag_id FROM tags WHERE name = 'studio'));
INSERT OR IGNORE INTO tags (name) VALUES ('red');
INSERT INTO photo_tags (photo_idx, tag_id) VALUES ((SELECT photo_idx FROM photos WHERE photo_id = 1262), (SELECT tag_id FROM tags WHERE name = 'red'));
INSERT OR IGNORE INTO tags (name) VALUES ('white');
INSERT INTO photo_tags (photo_idx, tag_id) VALUES ((SELECT photo_idx FROM photos WHERE photo_id = 1262), (SELECT tag_id FROM tags WHERE name = 'white'));
INSERT OR IGNORE INTO tags (name) VALUES ('yellow');
INSERT INTO photo_tags (photo_idx, tag_id) VALUES ((SELECT photo_idx FROM photos WHERE photo_id = 1262), (SELECT tag_id FROM tags WHERE name = 'yellow'));
INSERT OR IGNORE INTO tags (name) VALUES ('flowers');
INSERT INTO photo_tags (photo_idx, tag_id) VALUES ((SELECT photo_idx FROM photos WHERE photo_id = 1262), (SELECT tag_id FROM tags WHERE name = 'flowers'));
INSERT OR IGNORE INTO tags (name) VALUES ('orchid');
INSERT INTO photo_tags (photo_idx, tag_id) VALUES ((SELECT photo_idx FROM photos WHERE photo_id = 1262), (SELECT tag_id FROM tags WHERE name = 'orchid'));

INSERT INTO photos (photo_id, photo_title, photo_collection, photo_location, photo_year, camera, film_stock, film_format) VALUES (1263, 'Red and White Miltonopsis Mask', 'Flower Portraits', 'Half Moon Bay, California', 1998, 'Hasselblad', 'Fujichrome Velvia', '6 x 6 cm');
INSERT INTO photos_fts (photo_idx, photo_id, photo_title, photo_collection, photo_location, photo_year, camera, film_stock, film_format, tag_names) VALUES ((SELECT photo_idx FROM photos WHERE photo_id = 1263), 1263, 'Red and White Miltonopsis Mask', 'Flower Portraits', 'Half Moon Bay, California', 1998, 'Hasselblad', 'Fujichrome Velvia', '6 x 6 cm', 'horizontal,closeup,color,studio,red,white,yellow,flowers,orchid');
INSERT OR IGNORE INTO tags (name) VALUES ('horizontal');
INSERT INTO photo_tags (photo_idx, tag_id) VALUES ((SELECT photo_idx FROM photos WHERE photo_id = 1263), (SELECT tag_id FROM tags WHERE name = 'horizontal'));
INSERT OR IGNORE INTO tags (name) VALUES ('closeup');
INSERT INTO photo_tags (photo_idx, tag_id) VALUES ((SELECT photo_idx FROM photos WHERE photo_id = 1263), (SELECT tag_id FROM tags WHERE name = 'closeup'));
INSERT OR IGNORE INTO tags (name) VALUES ('color');
INSERT INTO photo_tags (photo_idx, tag_id) VALUES ((SELECT photo_idx FROM photos WHERE photo_id = 1263), (SELECT tag_id FROM tags WHERE name = 'color'));
INSERT OR IGNORE INTO tags (name) VALUES ('studio');
INSERT INTO photo_tags (photo_idx, tag_id) VALUES ((SELECT photo_idx FROM photos WHERE photo_id = 1263), (SELECT tag_id FROM tags WHERE name = 'studio'));
INSERT OR IGNORE INTO tags (name) VALUES ('red');
INSERT INTO photo_tags (photo_idx, tag_id) VALUES ((SELECT photo_idx FROM photos WHERE photo_id = 1263), (SELECT tag_id FROM tags WHERE name = 'red'));
INSERT OR IGNORE INTO tags (name) VALUES ('white');
INSERT INTO photo_tags (photo_idx, tag_id) VALUES ((SELECT photo_idx FROM photos WHERE photo_id = 1263), (SELECT tag_id FROM tags WHERE name = 'white'));
INSERT OR IGNORE INTO tags (name) VALUES ('yellow');
INSERT INTO photo_tags (photo_idx, tag_id) VALUES ((SELECT photo_idx FROM photos WHERE photo_id = 1263), (SELECT tag_id FROM tags WHERE name = 'yellow'));
INSERT OR IGNORE INTO tags (name) VALUES ('flowers');
INSERT INTO photo_tags (photo_idx, tag_id) VALUES ((SELECT photo_idx FROM photos WHERE photo_id = 1263), (SELECT tag_id FROM tags WHERE name = 'flowers'));
INSERT OR IGNORE INTO tags (name) VALUES ('orchid');
INSERT INTO photo_tags (photo_idx, tag_id) VALUES ((SELECT photo_idx FROM photos WHERE photo_id = 1263), (SELECT tag_id FROM tags WHERE name = 'orchid'));

INSERT INTO photos (photo_id, photo_title, photo_collection, photo_location, photo_year, camera, film_stock, film_format) VALUES (1264, 'Red and White Cymbidium', 'Flower Portraits', 'Half Moon Bay, California', 1998, 'Hasselblad', 'Fujichrome Velvia', '6 x 6 cm');
INSERT INTO photos_fts (photo_idx, photo_id, photo_title, photo_collection, photo_location, photo_year, camera, film_stock, film_format, tag_names) VALUES ((SELECT photo_idx FROM photos WHERE photo_id = 1264), 1264, 'Red and White Cymbidium', 'Flower Portraits', 'Half Moon Bay, California', 1998, 'Hasselblad', 'Fujichrome Velvia', '6 x 6 cm', 'vertical,closeup,color,studio,pink,red,white,yellow,flowers,orchid');
INSERT OR IGNORE INTO tags (name) VALUES ('vertical');
INSERT INTO photo_tags (photo_idx, tag_id) VALUES ((SELECT photo_idx FROM photos WHERE photo_id = 1264), (SELECT tag_id FROM tags WHERE name = 'vertical'));
INSERT OR IGNORE INTO tags (name) VALUES ('closeup');
INSERT INTO photo_tags (photo_idx, tag_id) VALUES ((SELECT photo_idx FROM photos WHERE photo_id = 1264), (SELECT tag_id FROM tags WHERE name = 'closeup'));
INSERT OR IGNORE INTO tags (name) VALUES ('color');
INSERT INTO photo_tags (photo_idx, tag_id) VALUES ((SELECT photo_idx FROM photos WHERE photo_id = 1264), (SELECT tag_id FROM tags WHERE name = 'color'));
INSERT OR IGNORE INTO tags (name) VALUES ('studio');
INSERT INTO photo_tags (photo_idx, tag_id) VALUES ((SELECT photo_idx FROM photos WHERE photo_id = 1264), (SELECT tag_id FROM tags WHERE name = 'studio'));
INSERT OR IGNORE INTO tags (name) VALUES ('pink');
INSERT INTO photo_tags (photo_idx, tag_id) VALUES ((SELECT photo_idx FROM photos WHERE photo_id = 1264), (SELECT tag_id FROM tags WHERE name = 'pink'));
INSERT OR IGNORE INTO tags (name) VALUES ('red');
INSERT INTO photo_tags (photo_idx, tag_id) VALUES ((SELECT photo_idx FROM photos WHERE photo_id = 1264), (SELECT tag_id FROM tags WHERE name = 'red'));
INSERT OR IGNORE INTO tags (name) VALUES ('white');
INSERT INTO photo_tags (photo_idx, tag_id) VALUES ((SELECT photo_idx FROM photos WHERE photo_id = 1264), (SELECT tag_id FROM tags WHERE name = 'white'));
INSERT OR IGNORE INTO tags (name) VALUES ('yellow');
INSERT INTO photo_tags (photo_idx, tag_id) VALUES ((SELECT photo_idx FROM photos WHERE photo_id = 1264), (SELECT tag_id FROM tags WHERE name = 'yellow'));
INSERT OR IGNORE INTO tags (name) VALUES ('flowers');
INSERT INTO photo_tags (photo_idx, tag_id) VALUES ((SELECT photo_idx FROM photos WHERE photo_id = 1264), (SELECT tag_id FROM tags WHERE name = 'flowers'));
INSERT OR IGNORE INTO tags (name) VALUES ('orchid');
INSERT INTO photo_tags (photo_idx, tag_id) VALUES ((SELECT photo_idx FROM photos WHERE photo_id = 1264), (SELECT tag_id FROM tags WHERE name = 'orchid'));

INSERT INTO photos (photo_id, photo_title, photo_collection, photo_location, photo_year, camera, film_stock, film_format) VALUES (1265, 'Spiral Calla Lily', 'Flower Portraits', 'Half Moon Bay, California', 1998, 'Hasselblad', 'Fujichrome Velvia', '6 x 6 cm');
INSERT INTO photos_fts (photo_idx, photo_id, photo_title, photo_collection, photo_location, photo_year, camera, film_stock, film_format, tag_names) VALUES ((SELECT photo_idx FROM photos WHERE photo_id = 1265), 1265, 'Spiral Calla Lily', 'Flower Portraits', 'Half Moon Bay, California', 1998, 'Hasselblad', 'Fujichrome Velvia', '6 x 6 cm', 'horizontal,closeup,color,studio,black,white,yellow,flowers,lily');
INSERT OR IGNORE INTO tags (name) VALUES ('horizontal');
INSERT INTO photo_tags (photo_idx, tag_id) VALUES ((SELECT photo_idx FROM photos WHERE photo_id = 1265), (SELECT tag_id FROM tags WHERE name = 'horizontal'));
INSERT OR IGNORE INTO tags (name) VALUES ('closeup');
INSERT INTO photo_tags (photo_idx, tag_id) VALUES ((SELECT photo_idx FROM photos WHERE photo_id = 1265), (SELECT tag_id FROM tags WHERE name = 'closeup'));
INSERT OR IGNORE INTO tags (name) VALUES ('color');
INSERT INTO photo_tags (photo_idx, tag_id) VALUES ((SELECT photo_idx FROM photos WHERE photo_id = 1265), (SELECT tag_id FROM tags WHERE name = 'color'));
INSERT OR IGNORE INTO tags (name) VALUES ('studio');
INSERT INTO photo_tags (photo_idx, tag_id) VALUES ((SELECT photo_idx FROM photos WHERE photo_id = 1265), (SELECT tag_id FROM tags WHERE name = 'studio'));
INSERT OR IGNORE INTO tags (name) VALUES ('black');
INSERT INTO photo_tags (photo_idx, tag_id) VALUES ((SELECT photo_idx FROM photos WHERE photo_id = 1265), (SELECT tag_id FROM tags WHERE name = 'black'));
INSERT OR IGNORE INTO tags (name) VALUES ('white');
INSERT INTO photo_tags (photo_idx, tag_id) VALUES ((SELECT photo_idx FROM photos WHERE photo_id = 1265), (SELECT tag_id FROM tags WHERE name = 'white'));
INSERT OR IGNORE INTO tags (name) VALUES ('yellow');
INSERT INTO photo_tags (photo_idx, tag_id) VALUES ((SELECT photo_idx FROM photos WHERE photo_id = 1265), (SELECT tag_id FROM tags WHERE name = 'yellow'));
INSERT OR IGNORE INTO tags (name) VALUES ('flowers');
INSERT INTO photo_tags (photo_idx, tag_id) VALUES ((SELECT photo_idx FROM photos WHERE photo_id = 1265), (SELECT tag_id FROM tags WHERE name = 'flowers'));
INSERT OR IGNORE INTO tags (name) VALUES ('lily');
INSERT INTO photo_tags (photo_idx, tag_id) VALUES ((SELECT photo_idx FROM photos WHERE photo_id = 1265), (SELECT tag_id FROM tags WHERE name = 'lily'));

INSERT INTO photos (photo_id, photo_title, photo_collection, photo_location, photo_year, camera, film_stock, film_format) VALUES (1266, 'Pink Phalaenopsis Detail', 'Flower Portraits', 'Half Moon Bay, California', 1998, 'Hasselblad', 'Fujichrome Velvia', '6 x 6 cm');
INSERT INTO photos_fts (photo_idx, photo_id, photo_title, photo_collection, photo_location, photo_year, camera, film_stock, film_format, tag_names) VALUES ((SELECT photo_idx FROM photos WHERE photo_id = 1266), 1266, 'Pink Phalaenopsis Detail', 'Flower Portraits', 'Half Moon Bay, California', 1998, 'Hasselblad', 'Fujichrome Velvia', '6 x 6 cm', 'horizontal,closeup,color,studio,green,pink,flowers,orchid');
INSERT OR IGNORE INTO tags (name) VALUES ('horizontal');
INSERT INTO photo_tags (photo_idx, tag_id) VALUES ((SELECT photo_idx FROM photos WHERE photo_id = 1266), (SELECT tag_id FROM tags WHERE name = 'horizontal'));
INSERT OR IGNORE INTO tags (name) VALUES ('closeup');
INSERT INTO photo_tags (photo_idx, tag_id) VALUES ((SELECT photo_idx FROM photos WHERE photo_id = 1266), (SELECT tag_id FROM tags WHERE name = 'closeup'));
INSERT OR IGNORE INTO tags (name) VALUES ('color');
INSERT INTO photo_tags (photo_idx, tag_id) VALUES ((SELECT photo_idx FROM photos WHERE photo_id = 1266), (SELECT tag_id FROM tags WHERE name = 'color'));
INSERT OR IGNORE INTO tags (name) VALUES ('studio');
INSERT INTO photo_tags (photo_idx, tag_id) VALUES ((SELECT photo_idx FROM photos WHERE photo_id = 1266), (SELECT tag_id FROM tags WHERE name = 'studio'));
INSERT OR IGNORE INTO tags (name) VALUES ('green');
INSERT INTO photo_tags (photo_idx, tag_id) VALUES ((SELECT photo_idx FROM photos WHERE photo_id = 1266), (SELECT tag_id FROM tags WHERE name = 'green'));
INSERT OR IGNORE INTO tags (name) VALUES ('pink');
INSERT INTO photo_tags (photo_idx, tag_id) VALUES ((SELECT photo_idx FROM photos WHERE photo_id = 1266), (SELECT tag_id FROM tags WHERE name = 'pink'));
INSERT OR IGNORE INTO tags (name) VALUES ('flowers');
INSERT INTO photo_tags (photo_idx, tag_id) VALUES ((SELECT photo_idx FROM photos WHERE photo_id = 1266), (SELECT tag_id FROM tags WHERE name = 'flowers'));
INSERT OR IGNORE INTO tags (name) VALUES ('orchid');
INSERT INTO photo_tags (photo_idx, tag_id) VALUES ((SELECT photo_idx FROM photos WHERE photo_id = 1266), (SELECT tag_id FROM tags WHERE name = 'orchid'));

INSERT INTO photos (photo_id, photo_title, photo_collection, photo_location, photo_year, camera, film_stock, film_format) VALUES (1267, 'Enter the Orchid', 'Flower Portraits', 'Half Moon Bay, California', 1998, 'Hasselblad', 'Fujichrome Velvia', '6 x 6 cm');
INSERT INTO photos_fts (photo_idx, photo_id, photo_title, photo_collection, photo_location, photo_year, camera, film_stock, film_format, tag_names) VALUES ((SELECT photo_idx FROM photos WHERE photo_id = 1267), 1267, 'Enter the Orchid', 'Flower Portraits', 'Half Moon Bay, California', 1998, 'Hasselblad', 'Fujichrome Velvia', '6 x 6 cm', 'vertical,popular,closeup,color,studio,red,white,yellow,flowers,orchid');
INSERT OR IGNORE INTO tags (name) VALUES ('vertical');
INSERT INTO photo_tags (photo_idx, tag_id) VALUES ((SELECT photo_idx FROM photos WHERE photo_id = 1267), (SELECT tag_id FROM tags WHERE name = 'vertical'));
INSERT OR IGNORE INTO tags (name) VALUES ('popular');
INSERT INTO photo_tags (photo_idx, tag_id) VALUES ((SELECT photo_idx FROM photos WHERE photo_id = 1267), (SELECT tag_id FROM tags WHERE name = 'popular'));
INSERT OR IGNORE INTO tags (name) VALUES ('closeup');
INSERT INTO photo_tags (photo_idx, tag_id) VALUES ((SELECT photo_idx FROM photos WHERE photo_id = 1267), (SELECT tag_id FROM tags WHERE name = 'closeup'));
INSERT OR IGNORE INTO tags (name) VALUES ('color');
INSERT INTO photo_tags (photo_idx, tag_id) VALUES ((SELECT photo_idx FROM photos WHERE photo_id = 1267), (SELECT tag_id FROM tags WHERE name = 'color'));
INSERT OR IGNORE INTO tags (name) VALUES ('studio');
INSERT INTO photo_tags (photo_idx, tag_id) VALUES ((SELECT photo_idx FROM photos WHERE photo_id = 1267), (SELECT tag_id FROM tags WHERE name = 'studio'));
INSERT OR IGNORE INTO tags (name) VALUES ('red');
INSERT INTO photo_tags (photo_idx, tag_id) VALUES ((SELECT photo_idx FROM photos WHERE photo_id = 1267), (SELECT tag_id FROM tags WHERE name = 'red'));
INSERT OR IGNORE INTO tags (name) VALUES ('white');
INSERT INTO photo_tags (photo_idx, tag_id) VALUES ((SELECT photo_idx FROM photos WHERE photo_id = 1267), (SELECT tag_id FROM tags WHERE name = 'white'));
INSERT OR IGNORE INTO tags (name) VALUES ('yellow');
INSERT INTO photo_tags (photo_idx, tag_id) VALUES ((SELECT photo_idx FROM photos WHERE photo_id = 1267), (SELECT tag_id FROM tags WHERE name = 'yellow'));
INSERT OR IGNORE INTO tags (name) VALUES ('flowers');
INSERT INTO photo_tags (photo_idx, tag_id) VALUES ((SELECT photo_idx FROM photos WHERE photo_id = 1267), (SELECT tag_id FROM tags WHERE name = 'flowers'));
INSERT OR IGNORE INTO tags (name) VALUES ('orchid');
INSERT INTO photo_tags (photo_idx, tag_id) VALUES ((SELECT photo_idx FROM photos WHERE photo_id = 1267), (SELECT tag_id FROM tags WHERE name = 'orchid'));

INSERT INTO photos (photo_id, photo_title, photo_collection, photo_location, photo_year, camera, film_stock, film_format) VALUES (1268, 'Red and White Miltonopsis', 'Flower Portraits', 'Half Moon Bay, California', 1998, 'Hasselblad', 'Fujichrome Velvia', '6 x 6 cm');
INSERT INTO photos_fts (photo_idx, photo_id, photo_title, photo_collection, photo_location, photo_year, camera, film_stock, film_format, tag_names) VALUES ((SELECT photo_idx FROM photos WHERE photo_id = 1268), 1268, 'Red and White Miltonopsis', 'Flower Portraits', 'Half Moon Bay, California', 1998, 'Hasselblad', 'Fujichrome Velvia', '6 x 6 cm', 'vertical,closeup,color,studio,pink,red,white,yellow,flowers,orchid');
INSERT OR IGNORE INTO tags (name) VALUES ('vertical');
INSERT INTO photo_tags (photo_idx, tag_id) VALUES ((SELECT photo_idx FROM photos WHERE photo_id = 1268), (SELECT tag_id FROM tags WHERE name = 'vertical'));
INSERT OR IGNORE INTO tags (name) VALUES ('closeup');
INSERT INTO photo_tags (photo_idx, tag_id) VALUES ((SELECT photo_idx FROM photos WHERE photo_id = 1268), (SELECT tag_id FROM tags WHERE name = 'closeup'));
INSERT OR IGNORE INTO tags (name) VALUES ('color');
INSERT INTO photo_tags (photo_idx, tag_id) VALUES ((SELECT photo_idx FROM photos WHERE photo_id = 1268), (SELECT tag_id FROM tags WHERE name = 'color'));
INSERT OR IGNORE INTO tags (name) VALUES ('studio');
INSERT INTO photo_tags (photo_idx, tag_id) VALUES ((SELECT photo_idx FROM photos WHERE photo_id = 1268), (SELECT tag_id FROM tags WHERE name = 'studio'));
INSERT OR IGNORE INTO tags (name) VALUES ('pink');
INSERT INTO photo_tags (photo_idx, tag_id) VALUES ((SELECT photo_idx FROM photos WHERE photo_id = 1268), (SELECT tag_id FROM tags WHERE name = 'pink'));
INSERT OR IGNORE INTO tags (name) VALUES ('red');
INSERT INTO photo_tags (photo_idx, tag_id) VALUES ((SELECT photo_idx FROM photos WHERE photo_id = 1268), (SELECT tag_id FROM tags WHERE name = 'red'));
INSERT OR IGNORE INTO tags (name) VALUES ('white');
INSERT INTO photo_tags (photo_idx, tag_id) VALUES ((SELECT photo_idx FROM photos WHERE photo_id = 1268), (SELECT tag_id FROM tags WHERE name = 'white'));
INSERT OR IGNORE INTO tags (name) VALUES ('yellow');
INSERT INTO photo_tags (photo_idx, tag_id) VALUES ((SELECT photo_idx FROM photos WHERE photo_id = 1268), (SELECT tag_id FROM tags WHERE name = 'yellow'));
INSERT OR IGNORE INTO tags (name) VALUES ('flowers');
INSERT INTO photo_tags (photo_idx, tag_id) VALUES ((SELECT photo_idx FROM photos WHERE photo_id = 1268), (SELECT tag_id FROM tags WHERE name = 'flowers'));
INSERT OR IGNORE INTO tags (name) VALUES ('orchid');
INSERT INTO photo_tags (photo_idx, tag_id) VALUES ((SELECT photo_idx FROM photos WHERE photo_id = 1268), (SELECT tag_id FROM tags WHERE name = 'orchid'));

INSERT INTO photos (photo_id, photo_title, photo_collection, photo_location, photo_year, camera, film_stock, film_format) VALUES (1270, 'Standing Calla Lily', 'Flower Portraits', 'Half Moon Bay, California', 1998, 'Hasselblad', 'Fujichrome Velvia', '6 x 6 cm');
INSERT INTO photos_fts (photo_idx, photo_id, photo_title, photo_collection, photo_location, photo_year, camera, film_stock, film_format, tag_names) VALUES ((SELECT photo_idx FROM photos WHERE photo_id = 1270), 1270, 'Standing Calla Lily', 'Flower Portraits', 'Half Moon Bay, California', 1998, 'Hasselblad', 'Fujichrome Velvia', '6 x 6 cm', 'vertical,closeup,color,studio,black,white,yellow,flowers,lily');
INSERT OR IGNORE INTO tags (name) VALUES ('vertical');
INSERT INTO photo_tags (photo_idx, tag_id) VALUES ((SELECT photo_idx FROM photos WHERE photo_id = 1270), (SELECT tag_id FROM tags WHERE name = 'vertical'));
INSERT OR IGNORE INTO tags (name) VALUES ('closeup');
INSERT INTO photo_tags (photo_idx, tag_id) VALUES ((SELECT photo_idx FROM photos WHERE photo_id = 1270), (SELECT tag_id FROM tags WHERE name = 'closeup'));
INSERT OR IGNORE INTO tags (name) VALUES ('color');
INSERT INTO photo_tags (photo_idx, tag_id) VALUES ((SELECT photo_idx FROM photos WHERE photo_id = 1270), (SELECT tag_id FROM tags WHERE name = 'color'));
INSERT OR IGNORE INTO tags (name) VALUES ('studio');
INSERT INTO photo_tags (photo_idx, tag_id) VALUES ((SELECT photo_idx FROM photos WHERE photo_id = 1270), (SELECT tag_id FROM tags WHERE name = 'studio'));
INSERT OR IGNORE INTO tags (name) VALUES ('black');
INSERT INTO photo_tags (photo_idx, tag_id) VALUES ((SELECT photo_idx FROM photos WHERE photo_id = 1270), (SELECT tag_id FROM tags WHERE name = 'black'));
INSERT OR IGNORE INTO tags (name) VALUES ('white');
INSERT INTO photo_tags (photo_idx, tag_id) VALUES ((SELECT photo_idx FROM photos WHERE photo_id = 1270), (SELECT tag_id FROM tags WHERE name = 'white'));
INSERT OR IGNORE INTO tags (name) VALUES ('yellow');
INSERT INTO photo_tags (photo_idx, tag_id) VALUES ((SELECT photo_idx FROM photos WHERE photo_id = 1270), (SELECT tag_id FROM tags WHERE name = 'yellow'));
INSERT OR IGNORE INTO tags (name) VALUES ('flowers');
INSERT INTO photo_tags (photo_idx, tag_id) VALUES ((SELECT photo_idx FROM photos WHERE photo_id = 1270), (SELECT tag_id FROM tags WHERE name = 'flowers'));
INSERT OR IGNORE INTO tags (name) VALUES ('lily');
INSERT INTO photo_tags (photo_idx, tag_id) VALUES ((SELECT photo_idx FROM photos WHERE photo_id = 1270), (SELECT tag_id FROM tags WHERE name = 'lily'));

INSERT INTO photos (photo_id, photo_title, photo_collection, photo_location, photo_year, camera, film_stock, film_format) VALUES (1271, 'Gentle Orchid', 'Flower Portraits', 'Half Moon Bay, California', 1998, 'Hasselblad', 'Fujichrome Velvia', '6 x 6 cm');
INSERT INTO photos_fts (photo_idx, photo_id, photo_title, photo_collection, photo_location, photo_year, camera, film_stock, film_format, tag_names) VALUES ((SELECT photo_idx FROM photos WHERE photo_id = 1271), 1271, 'Gentle Orchid', 'Flower Portraits', 'Half Moon Bay, California', 1998, 'Hasselblad', 'Fujichrome Velvia', '6 x 6 cm', 'horizontal,closeup,color,studio,pink,yellow,flowers,orchid');
INSERT OR IGNORE INTO tags (name) VALUES ('horizontal');
INSERT INTO photo_tags (photo_idx, tag_id) VALUES ((SELECT photo_idx FROM photos WHERE photo_id = 1271), (SELECT tag_id FROM tags WHERE name = 'horizontal'));
INSERT OR IGNORE INTO tags (name) VALUES ('closeup');
INSERT INTO photo_tags (photo_idx, tag_id) VALUES ((SELECT photo_idx FROM photos WHERE photo_id = 1271), (SELECT tag_id FROM tags WHERE name = 'closeup'));
INSERT OR IGNORE INTO tags (name) VALUES ('color');
INSERT INTO photo_tags (photo_idx, tag_id) VALUES ((SELECT photo_idx FROM photos WHERE photo_id = 1271), (SELECT tag_id FROM tags WHERE name = 'color'));
INSERT OR IGNORE INTO tags (name) VALUES ('studio');
INSERT INTO photo_tags (photo_idx, tag_id) VALUES ((SELECT photo_idx FROM photos WHERE photo_id = 1271), (SELECT tag_id FROM tags WHERE name = 'studio'));
INSERT OR IGNORE INTO tags (name) VALUES ('pink');
INSERT INTO photo_tags (photo_idx, tag_id) VALUES ((SELECT photo_idx FROM photos WHERE photo_id = 1271), (SELECT tag_id FROM tags WHERE name = 'pink'));
INSERT OR IGNORE INTO tags (name) VALUES ('yellow');
INSERT INTO photo_tags (photo_idx, tag_id) VALUES ((SELECT photo_idx FROM photos WHERE photo_id = 1271), (SELECT tag_id FROM tags WHERE name = 'yellow'));
INSERT OR IGNORE INTO tags (name) VALUES ('flowers');
INSERT INTO photo_tags (photo_idx, tag_id) VALUES ((SELECT photo_idx FROM photos WHERE photo_id = 1271), (SELECT tag_id FROM tags WHERE name = 'flowers'));
INSERT OR IGNORE INTO tags (name) VALUES ('orchid');
INSERT INTO photo_tags (photo_idx, tag_id) VALUES ((SELECT photo_idx FROM photos WHERE photo_id = 1271), (SELECT tag_id FROM tags WHERE name = 'orchid'));

INSERT INTO photos (photo_id, photo_title, photo_collection, photo_location, photo_year, camera, film_stock, film_format) VALUES (1272, 'Pink Miltonopsis Mask', 'Flower Portraits', 'Half Moon Bay, California', 1998, 'Hasselblad', 'Fujichrome Velvia', '6 x 6 cm');
INSERT INTO photos_fts (photo_idx, photo_id, photo_title, photo_collection, photo_location, photo_year, camera, film_stock, film_format, tag_names) VALUES ((SELECT photo_idx FROM photos WHERE photo_id = 1272), 1272, 'Pink Miltonopsis Mask', 'Flower Portraits', 'Half Moon Bay, California', 1998, 'Hasselblad', 'Fujichrome Velvia', '6 x 6 cm', 'horizontal,closeup,color,studio,pink,red,white,flowers,orchid');
INSERT OR IGNORE INTO tags (name) VALUES ('horizontal');
INSERT INTO photo_tags (photo_idx, tag_id) VALUES ((SELECT photo_idx FROM photos WHERE photo_id = 1272), (SELECT tag_id FROM tags WHERE name = 'horizontal'));
INSERT OR IGNORE INTO tags (name) VALUES ('closeup');
INSERT INTO photo_tags (photo_idx, tag_id) VALUES ((SELECT photo_idx FROM photos WHERE photo_id = 1272), (SELECT tag_id FROM tags WHERE name = 'closeup'));
INSERT OR IGNORE INTO tags (name) VALUES ('color');
INSERT INTO photo_tags (photo_idx, tag_id) VALUES ((SELECT photo_idx FROM photos WHERE photo_id = 1272), (SELECT tag_id FROM tags WHERE name = 'color'));
INSERT OR IGNORE INTO tags (name) VALUES ('studio');
INSERT INTO photo_tags (photo_idx, tag_id) VALUES ((SELECT photo_idx FROM photos WHERE photo_id = 1272), (SELECT tag_id FROM tags WHERE name = 'studio'));
INSERT OR IGNORE INTO tags (name) VALUES ('pink');
INSERT INTO photo_tags (photo_idx, tag_id) VALUES ((SELECT photo_idx FROM photos WHERE photo_id = 1272), (SELECT tag_id FROM tags WHERE name = 'pink'));
INSERT OR IGNORE INTO tags (name) VALUES ('red');
INSERT INTO photo_tags (photo_idx, tag_id) VALUES ((SELECT photo_idx FROM photos WHERE photo_id = 1272), (SELECT tag_id FROM tags WHERE name = 'red'));
INSERT OR IGNORE INTO tags (name) VALUES ('white');
INSERT INTO photo_tags (photo_idx, tag_id) VALUES ((SELECT photo_idx FROM photos WHERE photo_id = 1272), (SELECT tag_id FROM tags WHERE name = 'white'));
INSERT OR IGNORE INTO tags (name) VALUES ('flowers');
INSERT INTO photo_tags (photo_idx, tag_id) VALUES ((SELECT photo_idx FROM photos WHERE photo_id = 1272), (SELECT tag_id FROM tags WHERE name = 'flowers'));
INSERT OR IGNORE INTO tags (name) VALUES ('orchid');
INSERT INTO photo_tags (photo_idx, tag_id) VALUES ((SELECT photo_idx FROM photos WHERE photo_id = 1272), (SELECT tag_id FROM tags WHERE name = 'orchid'));

INSERT INTO photos (photo_id, photo_title, photo_collection, photo_location, photo_year, camera, film_stock, film_format) VALUES (1274, 'Yellow Cymbidium', 'Flower Portraits', 'Half Moon Bay, California', 1998, 'Hasselblad', 'Fujichrome Velvia', '6 x 6 cm');
INSERT INTO photos_fts (photo_idx, photo_id, photo_title, photo_collection, photo_location, photo_year, camera, film_stock, film_format, tag_names) VALUES ((SELECT photo_idx FROM photos WHERE photo_id = 1274), 1274, 'Yellow Cymbidium', 'Flower Portraits', 'Half Moon Bay, California', 1998, 'Hasselblad', 'Fujichrome Velvia', '6 x 6 cm', 'vertical,closeup,color,studio,red,white,yellow,flowers,orchid');
INSERT OR IGNORE INTO tags (name) VALUES ('vertical');
INSERT INTO photo_tags (photo_idx, tag_id) VALUES ((SELECT photo_idx FROM photos WHERE photo_id = 1274), (SELECT tag_id FROM tags WHERE name = 'vertical'));
INSERT OR IGNORE INTO tags (name) VALUES ('closeup');
INSERT INTO photo_tags (photo_idx, tag_id) VALUES ((SELECT photo_idx FROM photos WHERE photo_id = 1274), (SELECT tag_id FROM tags WHERE name = 'closeup'));
INSERT OR IGNORE INTO tags (name) VALUES ('color');
INSERT INTO photo_tags (photo_idx, tag_id) VALUES ((SELECT photo_idx FROM photos WHERE photo_id = 1274), (SELECT tag_id FROM tags WHERE name = 'color'));
INSERT OR IGNORE INTO tags (name) VALUES ('studio');
INSERT INTO photo_tags (photo_idx, tag_id) VALUES ((SELECT photo_idx FROM photos WHERE photo_id = 1274), (SELECT tag_id FROM tags WHERE name = 'studio'));
INSERT OR IGNORE INTO tags (name) VALUES ('red');
INSERT INTO photo_tags (photo_idx, tag_id) VALUES ((SELECT photo_idx FROM photos WHERE photo_id = 1274), (SELECT tag_id FROM tags WHERE name = 'red'));
INSERT OR IGNORE INTO tags (name) VALUES ('white');
INSERT INTO photo_tags (photo_idx, tag_id) VALUES ((SELECT photo_idx FROM photos WHERE photo_id = 1274), (SELECT tag_id FROM tags WHERE name = 'white'));
INSERT OR IGNORE INTO tags (name) VALUES ('yellow');
INSERT INTO photo_tags (photo_idx, tag_id) VALUES ((SELECT photo_idx FROM photos WHERE photo_id = 1274), (SELECT tag_id FROM tags WHERE name = 'yellow'));
INSERT OR IGNORE INTO tags (name) VALUES ('flowers');
INSERT INTO photo_tags (photo_idx, tag_id) VALUES ((SELECT photo_idx FROM photos WHERE photo_id = 1274), (SELECT tag_id FROM tags WHERE name = 'flowers'));
INSERT OR IGNORE INTO tags (name) VALUES ('orchid');
INSERT INTO photo_tags (photo_idx, tag_id) VALUES ((SELECT photo_idx FROM photos WHERE photo_id = 1274), (SELECT tag_id FROM tags WHERE name = 'orchid'));

INSERT INTO photos (photo_id, photo_title, photo_collection, photo_location, photo_year, camera, film_stock, film_format) VALUES (1275, 'Yellow Daffodil', 'Flower Portraits', 'Half Moon Bay, California', 1998, 'Hasselblad', 'Fujichrome Velvia', '6 x 6 cm');
INSERT INTO photos_fts (photo_idx, photo_id, photo_title, photo_collection, photo_location, photo_year, camera, film_stock, film_format, tag_names) VALUES ((SELECT photo_idx FROM photos WHERE photo_id = 1275), 1275, 'Yellow Daffodil', 'Flower Portraits', 'Half Moon Bay, California', 1998, 'Hasselblad', 'Fujichrome Velvia', '6 x 6 cm', 'horizontal,spring,closeup,color,studio,green,yellow,flowers,blossoms,wildflowers');
INSERT OR IGNORE INTO tags (name) VALUES ('horizontal');
INSERT INTO photo_tags (photo_idx, tag_id) VALUES ((SELECT photo_idx FROM photos WHERE photo_id = 1275), (SELECT tag_id FROM tags WHERE name = 'horizontal'));
INSERT OR IGNORE INTO tags (name) VALUES ('spring');
INSERT INTO photo_tags (photo_idx, tag_id) VALUES ((SELECT photo_idx FROM photos WHERE photo_id = 1275), (SELECT tag_id FROM tags WHERE name = 'spring'));
INSERT OR IGNORE INTO tags (name) VALUES ('closeup');
INSERT INTO photo_tags (photo_idx, tag_id) VALUES ((SELECT photo_idx FROM photos WHERE photo_id = 1275), (SELECT tag_id FROM tags WHERE name = 'closeup'));
INSERT OR IGNORE INTO tags (name) VALUES ('color');
INSERT INTO photo_tags (photo_idx, tag_id) VALUES ((SELECT photo_idx FROM photos WHERE photo_id = 1275), (SELECT tag_id FROM tags WHERE name = 'color'));
INSERT OR IGNORE INTO tags (name) VALUES ('studio');
INSERT INTO photo_tags (photo_idx, tag_id) VALUES ((SELECT photo_idx FROM photos WHERE photo_id = 1275), (SELECT tag_id FROM tags WHERE name = 'studio'));
INSERT OR IGNORE INTO tags (name) VALUES ('green');
INSERT INTO photo_tags (photo_idx, tag_id) VALUES ((SELECT photo_idx FROM photos WHERE photo_id = 1275), (SELECT tag_id FROM tags WHERE name = 'green'));
INSERT OR IGNORE INTO tags (name) VALUES ('yellow');
INSERT INTO photo_tags (photo_idx, tag_id) VALUES ((SELECT photo_idx FROM photos WHERE photo_id = 1275), (SELECT tag_id FROM tags WHERE name = 'yellow'));
INSERT OR IGNORE INTO tags (name) VALUES ('flowers');
INSERT INTO photo_tags (photo_idx, tag_id) VALUES ((SELECT photo_idx FROM photos WHERE photo_id = 1275), (SELECT tag_id FROM tags WHERE name = 'flowers'));
INSERT OR IGNORE INTO tags (name) VALUES ('blossoms');
INSERT INTO photo_tags (photo_idx, tag_id) VALUES ((SELECT photo_idx FROM photos WHERE photo_id = 1275), (SELECT tag_id FROM tags WHERE name = 'blossoms'));
INSERT OR IGNORE INTO tags (name) VALUES ('wildflowers');
INSERT INTO photo_tags (photo_idx, tag_id) VALUES ((SELECT photo_idx FROM photos WHERE photo_id = 1275), (SELECT tag_id FROM tags WHERE name = 'wildflowers'));

INSERT INTO photos (photo_id, photo_title, photo_collection, photo_location, photo_year, camera, film_stock, film_format) VALUES (1279, 'Folds of Snow', 'New England', 'New England', 1998, 'Hasselblad', 'Fujichrome Velvia', '6 x 6 cm');
INSERT INTO photos_fts (photo_idx, photo_id, photo_title, photo_collection, photo_location, photo_year, camera, film_stock, film_format, tag_names) VALUES ((SELECT photo_idx FROM photos WHERE photo_id = 1279), 1279, 'Folds of Snow', 'New England', 'New England', 1998, 'Hasselblad', 'Fujichrome Velvia', '6 x 6 cm', 'horizontal,winter,closeup,abstract,color,outdoors,landscape,white,snow');
INSERT OR IGNORE INTO tags (name) VALUES ('horizontal');
INSERT INTO photo_tags (photo_idx, tag_id) VALUES ((SELECT photo_idx FROM photos WHERE photo_id = 1279), (SELECT tag_id FROM tags WHERE name = 'horizontal'));
INSERT OR IGNORE INTO tags (name) VALUES ('winter');
INSERT INTO photo_tags (photo_idx, tag_id) VALUES ((SELECT photo_idx FROM photos WHERE photo_id = 1279), (SELECT tag_id FROM tags WHERE name = 'winter'));
INSERT OR IGNORE INTO tags (name) VALUES ('closeup');
INSERT INTO photo_tags (photo_idx, tag_id) VALUES ((SELECT photo_idx FROM photos WHERE photo_id = 1279), (SELECT tag_id FROM tags WHERE name = 'closeup'));
INSERT OR IGNORE INTO tags (name) VALUES ('abstract');
INSERT INTO photo_tags (photo_idx, tag_id) VALUES ((SELECT photo_idx FROM photos WHERE photo_id = 1279), (SELECT tag_id FROM tags WHERE name = 'abstract'));
INSERT OR IGNORE INTO tags (name) VALUES ('color');
INSERT INTO photo_tags (photo_idx, tag_id) VALUES ((SELECT photo_idx FROM photos WHERE photo_id = 1279), (SELECT tag_id FROM tags WHERE name = 'color'));
INSERT OR IGNORE INTO tags (name) VALUES ('outdoors');
INSERT INTO photo_tags (photo_idx, tag_id) VALUES ((SELECT photo_idx FROM photos WHERE photo_id = 1279), (SELECT tag_id FROM tags WHERE name = 'outdoors'));
INSERT OR IGNORE INTO tags (name) VALUES ('landscape');
INSERT INTO photo_tags (photo_idx, tag_id) VALUES ((SELECT photo_idx FROM photos WHERE photo_id = 1279), (SELECT tag_id FROM tags WHERE name = 'landscape'));
INSERT OR IGNORE INTO tags (name) VALUES ('white');
INSERT INTO photo_tags (photo_idx, tag_id) VALUES ((SELECT photo_idx FROM photos WHERE photo_id = 1279), (SELECT tag_id FROM tags WHERE name = 'white'));
INSERT OR IGNORE INTO tags (name) VALUES ('snow');
INSERT INTO photo_tags (photo_idx, tag_id) VALUES ((SELECT photo_idx FROM photos WHERE photo_id = 1279), (SELECT tag_id FROM tags WHERE name = 'snow'));

INSERT INTO photos (photo_id, photo_title, photo_collection, photo_location, photo_year, camera, film_stock, film_format) VALUES (1280, 'Tafoni at Bean Hollow', 'California', 'Pescadero, California', 1998, 'Hasselblad', 'Fujichrome Velvia', '6 x 6 cm');
INSERT INTO photos_fts (photo_idx, photo_id, photo_title, photo_collection, photo_location, photo_year, camera, film_stock, film_format, tag_names) VALUES ((SELECT photo_idx FROM photos WHERE photo_id = 1280), 1280, 'Tafoni at Bean Hollow', 'California', 'Pescadero, California', 1998, 'Hasselblad', 'Fujichrome Velvia', '6 x 6 cm', 'horizontal,popular,closeup,landscape,color,outdoors,brown,gray,rock,sandstone,beach,coast');
INSERT OR IGNORE INTO tags (name) VALUES ('horizontal');
INSERT INTO photo_tags (photo_idx, tag_id) VALUES ((SELECT photo_idx FROM photos WHERE photo_id = 1280), (SELECT tag_id FROM tags WHERE name = 'horizontal'));
INSERT OR IGNORE INTO tags (name) VALUES ('popular');
INSERT INTO photo_tags (photo_idx, tag_id) VALUES ((SELECT photo_idx FROM photos WHERE photo_id = 1280), (SELECT tag_id FROM tags WHERE name = 'popular'));
INSERT OR IGNORE INTO tags (name) VALUES ('closeup');
INSERT INTO photo_tags (photo_idx, tag_id) VALUES ((SELECT photo_idx FROM photos WHERE photo_id = 1280), (SELECT tag_id FROM tags WHERE name = 'closeup'));
INSERT OR IGNORE INTO tags (name) VALUES ('landscape');
INSERT INTO photo_tags (photo_idx, tag_id) VALUES ((SELECT photo_idx FROM photos WHERE photo_id = 1280), (SELECT tag_id FROM tags WHERE name = 'landscape'));
INSERT OR IGNORE INTO tags (name) VALUES ('color');
INSERT INTO photo_tags (photo_idx, tag_id) VALUES ((SELECT photo_idx FROM photos WHERE photo_id = 1280), (SELECT tag_id FROM tags WHERE name = 'color'));
INSERT OR IGNORE INTO tags (name) VALUES ('outdoors');
INSERT INTO photo_tags (photo_idx, tag_id) VALUES ((SELECT photo_idx FROM photos WHERE photo_id = 1280), (SELECT tag_id FROM tags WHERE name = 'outdoors'));
INSERT OR IGNORE INTO tags (name) VALUES ('brown');
INSERT INTO photo_tags (photo_idx, tag_id) VALUES ((SELECT photo_idx FROM photos WHERE photo_id = 1280), (SELECT tag_id FROM tags WHERE name = 'brown'));
INSERT OR IGNORE INTO tags (name) VALUES ('gray');
INSERT INTO photo_tags (photo_idx, tag_id) VALUES ((SELECT photo_idx FROM photos WHERE photo_id = 1280), (SELECT tag_id FROM tags WHERE name = 'gray'));
INSERT OR IGNORE INTO tags (name) VALUES ('rock');
INSERT INTO photo_tags (photo_idx, tag_id) VALUES ((SELECT photo_idx FROM photos WHERE photo_id = 1280), (SELECT tag_id FROM tags WHERE name = 'rock'));
INSERT OR IGNORE INTO tags (name) VALUES ('sandstone');
INSERT INTO photo_tags (photo_idx, tag_id) VALUES ((SELECT photo_idx FROM photos WHERE photo_id = 1280), (SELECT tag_id FROM tags WHERE name = 'sandstone'));
INSERT OR IGNORE INTO tags (name) VALUES ('beach');
INSERT INTO photo_tags (photo_idx, tag_id) VALUES ((SELECT photo_idx FROM photos WHERE photo_id = 1280), (SELECT tag_id FROM tags WHERE name = 'beach'));
INSERT OR IGNORE INTO tags (name) VALUES ('coast');
INSERT INTO photo_tags (photo_idx, tag_id) VALUES ((SELECT photo_idx FROM photos WHERE photo_id = 1280), (SELECT tag_id FROM tags WHERE name = 'coast'));

INSERT INTO photos (photo_id, photo_title, photo_collection, photo_location, photo_year, camera, film_stock, film_format) VALUES (1283, 'Sunset at Whalehead Beach', 'Pacific Northwest', 'Oregon Coast', 1997, 'Hasselblad', 'Fujichrome Velvia', '6 x 6 cm');
INSERT INTO photos_fts (photo_idx, photo_id, photo_title, photo_collection, photo_location, photo_year, camera, film_stock, film_format, tag_names) VALUES ((SELECT photo_idx FROM photos WHERE photo_id = 1283), 1283, 'Sunset at Whalehead Beach', 'Pacific Northwest', 'Oregon Coast', 1997, 'Hasselblad', 'Fujichrome Velvia', '6 x 6 cm', 'vertical,popular,scenic,landscape,color,outdoors,black,orange,red,rock,sand,sky,sunset,water,ocean,river,clouds,beach,coast,sea stack');
INSERT OR IGNORE INTO tags (name) VALUES ('vertical');
INSERT INTO photo_tags (photo_idx, tag_id) VALUES ((SELECT photo_idx FROM photos WHERE photo_id = 1283), (SELECT tag_id FROM tags WHERE name = 'vertical'));
INSERT OR IGNORE INTO tags (name) VALUES ('popular');
INSERT INTO photo_tags (photo_idx, tag_id) VALUES ((SELECT photo_idx FROM photos WHERE photo_id = 1283), (SELECT tag_id FROM tags WHERE name = 'popular'));
INSERT OR IGNORE INTO tags (name) VALUES ('scenic');
INSERT INTO photo_tags (photo_idx, tag_id) VALUES ((SELECT photo_idx FROM photos WHERE photo_id = 1283), (SELECT tag_id FROM tags WHERE name = 'scenic'));
INSERT OR IGNORE INTO tags (name) VALUES ('landscape');
INSERT INTO photo_tags (photo_idx, tag_id) VALUES ((SELECT photo_idx FROM photos WHERE photo_id = 1283), (SELECT tag_id FROM tags WHERE name = 'landscape'));
INSERT OR IGNORE INTO tags (name) VALUES ('color');
INSERT INTO photo_tags (photo_idx, tag_id) VALUES ((SELECT photo_idx FROM photos WHERE photo_id = 1283), (SELECT tag_id FROM tags WHERE name = 'color'));
INSERT OR IGNORE INTO tags (name) VALUES ('outdoors');
INSERT INTO photo_tags (photo_idx, tag_id) VALUES ((SELECT photo_idx FROM photos WHERE photo_id = 1283), (SELECT tag_id FROM tags WHERE name = 'outdoors'));
INSERT OR IGNORE INTO tags (name) VALUES ('black');
INSERT INTO photo_tags (photo_idx, tag_id) VALUES ((SELECT photo_idx FROM photos WHERE photo_id = 1283), (SELECT tag_id FROM tags WHERE name = 'black'));
INSERT OR IGNORE INTO tags (name) VALUES ('orange');
INSERT INTO photo_tags (photo_idx, tag_id) VALUES ((SELECT photo_idx FROM photos WHERE photo_id = 1283), (SELECT tag_id FROM tags WHERE name = 'orange'));
INSERT OR IGNORE INTO tags (name) VALUES ('red');
INSERT INTO photo_tags (photo_idx, tag_id) VALUES ((SELECT photo_idx FROM photos WHERE photo_id = 1283), (SELECT tag_id FROM tags WHERE name = 'red'));
INSERT OR IGNORE INTO tags (name) VALUES ('rock');
INSERT INTO photo_tags (photo_idx, tag_id) VALUES ((SELECT photo_idx FROM photos WHERE photo_id = 1283), (SELECT tag_id FROM tags WHERE name = 'rock'));
INSERT OR IGNORE INTO tags (name) VALUES ('sand');
INSERT INTO photo_tags (photo_idx, tag_id) VALUES ((SELECT photo_idx FROM photos WHERE photo_id = 1283), (SELECT tag_id FROM tags WHERE name = 'sand'));
INSERT OR IGNORE INTO tags (name) VALUES ('sky');
INSERT INTO photo_tags (photo_idx, tag_id) VALUES ((SELECT photo_idx FROM photos WHERE photo_id = 1283), (SELECT tag_id FROM tags WHERE name = 'sky'));
INSERT OR IGNORE INTO tags (name) VALUES ('sunset');
INSERT INTO photo_tags (photo_idx, tag_id) VALUES ((SELECT photo_idx FROM photos WHERE photo_id = 1283), (SELECT tag_id FROM tags WHERE name = 'sunset'));
INSERT OR IGNORE INTO tags (name) VALUES ('water');
INSERT INTO photo_tags (photo_idx, tag_id) VALUES ((SELECT photo_idx FROM photos WHERE photo_id = 1283), (SELECT tag_id FROM tags WHERE name = 'water'));
INSERT OR IGNORE INTO tags (name) VALUES ('ocean');
INSERT INTO photo_tags (photo_idx, tag_id) VALUES ((SELECT photo_idx FROM photos WHERE photo_id = 1283), (SELECT tag_id FROM tags WHERE name = 'ocean'));
INSERT OR IGNORE INTO tags (name) VALUES ('river');
INSERT INTO photo_tags (photo_idx, tag_id) VALUES ((SELECT photo_idx FROM photos WHERE photo_id = 1283), (SELECT tag_id FROM tags WHERE name = 'river'));
INSERT OR IGNORE INTO tags (name) VALUES ('clouds');
INSERT INTO photo_tags (photo_idx, tag_id) VALUES ((SELECT photo_idx FROM photos WHERE photo_id = 1283), (SELECT tag_id FROM tags WHERE name = 'clouds'));
INSERT OR IGNORE INTO tags (name) VALUES ('beach');
INSERT INTO photo_tags (photo_idx, tag_id) VALUES ((SELECT photo_idx FROM photos WHERE photo_id = 1283), (SELECT tag_id FROM tags WHERE name = 'beach'));
INSERT OR IGNORE INTO tags (name) VALUES ('coast');
INSERT INTO photo_tags (photo_idx, tag_id) VALUES ((SELECT photo_idx FROM photos WHERE photo_id = 1283), (SELECT tag_id FROM tags WHERE name = 'coast'));
INSERT OR IGNORE INTO tags (name) VALUES ('sea stack');
INSERT INTO photo_tags (photo_idx, tag_id) VALUES ((SELECT photo_idx FROM photos WHERE photo_id = 1283), (SELECT tag_id FROM tags WHERE name = 'sea stack'));

INSERT INTO photos (photo_id, photo_title, photo_collection, photo_location, photo_year, camera, film_stock, film_format) VALUES (1284, 'Light and Shadow', 'Southwest', 'Antelope Canyon, Arizona', 1998, 'Hasselblad', 'Fujichrome Velvia', '6 x 6 cm');
INSERT INTO photos_fts (photo_idx, photo_id, photo_title, photo_collection, photo_location, photo_year, camera, film_stock, film_format, tag_names) VALUES ((SELECT photo_idx FROM photos WHERE photo_id = 1284), 1284, 'Light and Shadow', 'Southwest', 'Antelope Canyon, Arizona', 1998, 'Hasselblad', 'Fujichrome Velvia', '6 x 6 cm', 'vertical,popular,scenic,abstract,landscape,color,outdoors,black,orange,tan,rock,sandstone,canyon,slot canyon');
INSERT OR IGNORE INTO tags (name) VALUES ('vertical');
INSERT INTO photo_tags (photo_idx, tag_id) VALUES ((SELECT photo_idx FROM photos WHERE photo_id = 1284), (SELECT tag_id FROM tags WHERE name = 'vertical'));
INSERT OR IGNORE INTO tags (name) VALUES ('popular');
INSERT INTO photo_tags (photo_idx, tag_id) VALUES ((SELECT photo_idx FROM photos WHERE photo_id = 1284), (SELECT tag_id FROM tags WHERE name = 'popular'));
INSERT OR IGNORE INTO tags (name) VALUES ('scenic');
INSERT INTO photo_tags (photo_idx, tag_id) VALUES ((SELECT photo_idx FROM photos WHERE photo_id = 1284), (SELECT tag_id FROM tags WHERE name = 'scenic'));
INSERT OR IGNORE INTO tags (name) VALUES ('abstract');
INSERT INTO photo_tags (photo_idx, tag_id) VALUES ((SELECT photo_idx FROM photos WHERE photo_id = 1284), (SELECT tag_id FROM tags WHERE name = 'abstract'));
INSERT OR IGNORE INTO tags (name) VALUES ('landscape');
INSERT INTO photo_tags (photo_idx, tag_id) VALUES ((SELECT photo_idx FROM photos WHERE photo_id = 1284), (SELECT tag_id FROM tags WHERE name = 'landscape'));
INSERT OR IGNORE INTO tags (name) VALUES ('color');
INSERT INTO photo_tags (photo_idx, tag_id) VALUES ((SELECT photo_idx FROM photos WHERE photo_id = 1284), (SELECT tag_id FROM tags WHERE name = 'color'));
INSERT OR IGNORE INTO tags (name) VALUES ('outdoors');
INSERT INTO photo_tags (photo_idx, tag_id) VALUES ((SELECT photo_idx FROM photos WHERE photo_id = 1284), (SELECT tag_id FROM tags WHERE name = 'outdoors'));
INSERT OR IGNORE INTO tags (name) VALUES ('black');
INSERT INTO photo_tags (photo_idx, tag_id) VALUES ((SELECT photo_idx FROM photos WHERE photo_id = 1284), (SELECT tag_id FROM tags WHERE name = 'black'));
INSERT OR IGNORE INTO tags (name) VALUES ('orange');
INSERT INTO photo_tags (photo_idx, tag_id) VALUES ((SELECT photo_idx FROM photos WHERE photo_id = 1284), (SELECT tag_id FROM tags WHERE name = 'orange'));
INSERT OR IGNORE INTO tags (name) VALUES ('tan');
INSERT INTO photo_tags (photo_idx, tag_id) VALUES ((SELECT photo_idx FROM photos WHERE photo_id = 1284), (SELECT tag_id FROM tags WHERE name = 'tan'));
INSERT OR IGNORE INTO tags (name) VALUES ('rock');
INSERT INTO photo_tags (photo_idx, tag_id) VALUES ((SELECT photo_idx FROM photos WHERE photo_id = 1284), (SELECT tag_id FROM tags WHERE name = 'rock'));
INSERT OR IGNORE INTO tags (name) VALUES ('sandstone');
INSERT INTO photo_tags (photo_idx, tag_id) VALUES ((SELECT photo_idx FROM photos WHERE photo_id = 1284), (SELECT tag_id FROM tags WHERE name = 'sandstone'));
INSERT OR IGNORE INTO tags (name) VALUES ('canyon');
INSERT INTO photo_tags (photo_idx, tag_id) VALUES ((SELECT photo_idx FROM photos WHERE photo_id = 1284), (SELECT tag_id FROM tags WHERE name = 'canyon'));
INSERT OR IGNORE INTO tags (name) VALUES ('slot canyon');
INSERT INTO photo_tags (photo_idx, tag_id) VALUES ((SELECT photo_idx FROM photos WHERE photo_id = 1284), (SELECT tag_id FROM tags WHERE name = 'slot canyon'));

INSERT INTO photos (photo_id, photo_title, photo_collection, photo_location, photo_year, camera, film_stock, film_format) VALUES (1285, 'Sandstone Steps', 'Southwest', 'Paria Wilderness, Arizona', 1998, 'Hasselblad', 'Fujichrome Velvia', '6 x 6 cm');
INSERT INTO photos_fts (photo_idx, photo_id, photo_title, photo_collection, photo_location, photo_year, camera, film_stock, film_format, tag_names) VALUES ((SELECT photo_idx FROM photos WHERE photo_id = 1285), 1285, 'Sandstone Steps', 'Southwest', 'Paria Wilderness, Arizona', 1998, 'Hasselblad', 'Fujichrome Velvia', '6 x 6 cm', 'horizontal,scenic,landscape,color,outdoors,orange,tan,rock,sandstone');
INSERT OR IGNORE INTO tags (name) VALUES ('horizontal');
INSERT INTO photo_tags (photo_idx, tag_id) VALUES ((SELECT photo_idx FROM photos WHERE photo_id = 1285), (SELECT tag_id FROM tags WHERE name = 'horizontal'));
INSERT OR IGNORE INTO tags (name) VALUES ('scenic');
INSERT INTO photo_tags (photo_idx, tag_id) VALUES ((SELECT photo_idx FROM photos WHERE photo_id = 1285), (SELECT tag_id FROM tags WHERE name = 'scenic'));
INSERT OR IGNORE INTO tags (name) VALUES ('landscape');
INSERT INTO photo_tags (photo_idx, tag_id) VALUES ((SELECT photo_idx FROM photos WHERE photo_id = 1285), (SELECT tag_id FROM tags WHERE name = 'landscape'));
INSERT OR IGNORE INTO tags (name) VALUES ('color');
INSERT INTO photo_tags (photo_idx, tag_id) VALUES ((SELECT photo_idx FROM photos WHERE photo_id = 1285), (SELECT tag_id FROM tags WHERE name = 'color'));
INSERT OR IGNORE INTO tags (name) VALUES ('outdoors');
INSERT INTO photo_tags (photo_idx, tag_id) VALUES ((SELECT photo_idx FROM photos WHERE photo_id = 1285), (SELECT tag_id FROM tags WHERE name = 'outdoors'));
INSERT OR IGNORE INTO tags (name) VALUES ('orange');
INSERT INTO photo_tags (photo_idx, tag_id) VALUES ((SELECT photo_idx FROM photos WHERE photo_id = 1285), (SELECT tag_id FROM tags WHERE name = 'orange'));
INSERT OR IGNORE INTO tags (name) VALUES ('tan');
INSERT INTO photo_tags (photo_idx, tag_id) VALUES ((SELECT photo_idx FROM photos WHERE photo_id = 1285), (SELECT tag_id FROM tags WHERE name = 'tan'));
INSERT OR IGNORE INTO tags (name) VALUES ('rock');
INSERT INTO photo_tags (photo_idx, tag_id) VALUES ((SELECT photo_idx FROM photos WHERE photo_id = 1285), (SELECT tag_id FROM tags WHERE name = 'rock'));
INSERT OR IGNORE INTO tags (name) VALUES ('sandstone');
INSERT INTO photo_tags (photo_idx, tag_id) VALUES ((SELECT photo_idx FROM photos WHERE photo_id = 1285), (SELECT tag_id FROM tags WHERE name = 'sandstone'));

INSERT INTO photos (photo_id, photo_title, photo_collection, photo_location, photo_year, camera, film_stock, film_format) VALUES (1286, 'Sandstone Formation', 'Southwest', 'Paria Wilderness, Arizona', 1998, 'Hasselblad', 'Fujichrome Velvia', '6 x 6 cm');
INSERT INTO photos_fts (photo_idx, photo_id, photo_title, photo_collection, photo_location, photo_year, camera, film_stock, film_format, tag_names) VALUES ((SELECT photo_idx FROM photos WHERE photo_id = 1286), 1286, 'Sandstone Formation', 'Southwest', 'Paria Wilderness, Arizona', 1998, 'Hasselblad', 'Fujichrome Velvia', '6 x 6 cm', 'horizontal,scenic,landscape,color,outdoors,orange,tan,rock,sandstone');
INSERT OR IGNORE INTO tags (name) VALUES ('horizontal');
INSERT INTO photo_tags (photo_idx, tag_id) VALUES ((SELECT photo_idx FROM photos WHERE photo_id = 1286), (SELECT tag_id FROM tags WHERE name = 'horizontal'));
INSERT OR IGNORE INTO tags (name) VALUES ('scenic');
INSERT INTO photo_tags (photo_idx, tag_id) VALUES ((SELECT photo_idx FROM photos WHERE photo_id = 1286), (SELECT tag_id FROM tags WHERE name = 'scenic'));
INSERT OR IGNORE INTO tags (name) VALUES ('landscape');
INSERT INTO photo_tags (photo_idx, tag_id) VALUES ((SELECT photo_idx FROM photos WHERE photo_id = 1286), (SELECT tag_id FROM tags WHERE name = 'landscape'));
INSERT OR IGNORE INTO tags (name) VALUES ('color');
INSERT INTO photo_tags (photo_idx, tag_id) VALUES ((SELECT photo_idx FROM photos WHERE photo_id = 1286), (SELECT tag_id FROM tags WHERE name = 'color'));
INSERT OR IGNORE INTO tags (name) VALUES ('outdoors');
INSERT INTO photo_tags (photo_idx, tag_id) VALUES ((SELECT photo_idx FROM photos WHERE photo_id = 1286), (SELECT tag_id FROM tags WHERE name = 'outdoors'));
INSERT OR IGNORE INTO tags (name) VALUES ('orange');
INSERT INTO photo_tags (photo_idx, tag_id) VALUES ((SELECT photo_idx FROM photos WHERE photo_id = 1286), (SELECT tag_id FROM tags WHERE name = 'orange'));
INSERT OR IGNORE INTO tags (name) VALUES ('tan');
INSERT INTO photo_tags (photo_idx, tag_id) VALUES ((SELECT photo_idx FROM photos WHERE photo_id = 1286), (SELECT tag_id FROM tags WHERE name = 'tan'));
INSERT OR IGNORE INTO tags (name) VALUES ('rock');
INSERT INTO photo_tags (photo_idx, tag_id) VALUES ((SELECT photo_idx FROM photos WHERE photo_id = 1286), (SELECT tag_id FROM tags WHERE name = 'rock'));
INSERT OR IGNORE INTO tags (name) VALUES ('sandstone');
INSERT INTO photo_tags (photo_idx, tag_id) VALUES ((SELECT photo_idx FROM photos WHERE photo_id = 1286), (SELECT tag_id FROM tags WHERE name = 'sandstone'));

INSERT INTO photos (photo_id, photo_title, photo_collection, photo_location, photo_year, camera, film_stock, film_format) VALUES (1287, 'Curved Sandstone Detail', 'Southwest', 'Paria Wilderness, Arizona', 1998, 'Hasselblad', 'Fujichrome Velvia', '6 x 6 cm');
INSERT INTO photos_fts (photo_idx, photo_id, photo_title, photo_collection, photo_location, photo_year, camera, film_stock, film_format, tag_names) VALUES ((SELECT photo_idx FROM photos WHERE photo_id = 1287), 1287, 'Curved Sandstone Detail', 'Southwest', 'Paria Wilderness, Arizona', 1998, 'Hasselblad', 'Fujichrome Velvia', '6 x 6 cm', 'vertical,scenic,landscape,color,outdoors,orange,tan,rock,sandstone');
INSERT OR IGNORE INTO tags (name) VALUES ('vertical');
INSERT INTO photo_tags (photo_idx, tag_id) VALUES ((SELECT photo_idx FROM photos WHERE photo_id = 1287), (SELECT tag_id FROM tags WHERE name = 'vertical'));
INSERT OR IGNORE INTO tags (name) VALUES ('scenic');
INSERT INTO photo_tags (photo_idx, tag_id) VALUES ((SELECT photo_idx FROM photos WHERE photo_id = 1287), (SELECT tag_id FROM tags WHERE name = 'scenic'));
INSERT OR IGNORE INTO tags (name) VALUES ('landscape');
INSERT INTO photo_tags (photo_idx, tag_id) VALUES ((SELECT photo_idx FROM photos WHERE photo_id = 1287), (SELECT tag_id FROM tags WHERE name = 'landscape'));
INSERT OR IGNORE INTO tags (name) VALUES ('color');
INSERT INTO photo_tags (photo_idx, tag_id) VALUES ((SELECT photo_idx FROM photos WHERE photo_id = 1287), (SELECT tag_id FROM tags WHERE name = 'color'));
INSERT OR IGNORE INTO tags (name) VALUES ('outdoors');
INSERT INTO photo_tags (photo_idx, tag_id) VALUES ((SELECT photo_idx FROM photos WHERE photo_id = 1287), (SELECT tag_id FROM tags WHERE name = 'outdoors'));
INSERT OR IGNORE INTO tags (name) VALUES ('orange');
INSERT INTO photo_tags (photo_idx, tag_id) VALUES ((SELECT photo_idx FROM photos WHERE photo_id = 1287), (SELECT tag_id FROM tags WHERE name = 'orange'));
INSERT OR IGNORE INTO tags (name) VALUES ('tan');
INSERT INTO photo_tags (photo_idx, tag_id) VALUES ((SELECT photo_idx FROM photos WHERE photo_id = 1287), (SELECT tag_id FROM tags WHERE name = 'tan'));
INSERT OR IGNORE INTO tags (name) VALUES ('rock');
INSERT INTO photo_tags (photo_idx, tag_id) VALUES ((SELECT photo_idx FROM photos WHERE photo_id = 1287), (SELECT tag_id FROM tags WHERE name = 'rock'));
INSERT OR IGNORE INTO tags (name) VALUES ('sandstone');
INSERT INTO photo_tags (photo_idx, tag_id) VALUES ((SELECT photo_idx FROM photos WHERE photo_id = 1287), (SELECT tag_id FROM tags WHERE name = 'sandstone'));

INSERT INTO photos (photo_id, photo_title, photo_collection, photo_location, photo_year, camera, film_stock, film_format) VALUES (1288, 'Curved Sandstone Wall', 'Southwest', 'Paria Wilderness, Arizona', 1998, 'Hasselblad', 'Fujichrome Velvia', '6 x 6 cm');
INSERT INTO photos_fts (photo_idx, photo_id, photo_title, photo_collection, photo_location, photo_year, camera, film_stock, film_format, tag_names) VALUES ((SELECT photo_idx FROM photos WHERE photo_id = 1288), 1288, 'Curved Sandstone Wall', 'Southwest', 'Paria Wilderness, Arizona', 1998, 'Hasselblad', 'Fujichrome Velvia', '6 x 6 cm', 'vertical,scenic,landscape,color,outdoors,orange,tan,rock,sandstone');
INSERT OR IGNORE INTO tags (name) VALUES ('vertical');
INSERT INTO photo_tags (photo_idx, tag_id) VALUES ((SELECT photo_idx FROM photos WHERE photo_id = 1288), (SELECT tag_id FROM tags WHERE name = 'vertical'));
INSERT OR IGNORE INTO tags (name) VALUES ('scenic');
INSERT INTO photo_tags (photo_idx, tag_id) VALUES ((SELECT photo_idx FROM photos WHERE photo_id = 1288), (SELECT tag_id FROM tags WHERE name = 'scenic'));
INSERT OR IGNORE INTO tags (name) VALUES ('landscape');
INSERT INTO photo_tags (photo_idx, tag_id) VALUES ((SELECT photo_idx FROM photos WHERE photo_id = 1288), (SELECT tag_id FROM tags WHERE name = 'landscape'));
INSERT OR IGNORE INTO tags (name) VALUES ('color');
INSERT INTO photo_tags (photo_idx, tag_id) VALUES ((SELECT photo_idx FROM photos WHERE photo_id = 1288), (SELECT tag_id FROM tags WHERE name = 'color'));
INSERT OR IGNORE INTO tags (name) VALUES ('outdoors');
INSERT INTO photo_tags (photo_idx, tag_id) VALUES ((SELECT photo_idx FROM photos WHERE photo_id = 1288), (SELECT tag_id FROM tags WHERE name = 'outdoors'));
INSERT OR IGNORE INTO tags (name) VALUES ('orange');
INSERT INTO photo_tags (photo_idx, tag_id) VALUES ((SELECT photo_idx FROM photos WHERE photo_id = 1288), (SELECT tag_id FROM tags WHERE name = 'orange'));
INSERT OR IGNORE INTO tags (name) VALUES ('tan');
INSERT INTO photo_tags (photo_idx, tag_id) VALUES ((SELECT photo_idx FROM photos WHERE photo_id = 1288), (SELECT tag_id FROM tags WHERE name = 'tan'));
INSERT OR IGNORE INTO tags (name) VALUES ('rock');
INSERT INTO photo_tags (photo_idx, tag_id) VALUES ((SELECT photo_idx FROM photos WHERE photo_id = 1288), (SELECT tag_id FROM tags WHERE name = 'rock'));
INSERT OR IGNORE INTO tags (name) VALUES ('sandstone');
INSERT INTO photo_tags (photo_idx, tag_id) VALUES ((SELECT photo_idx FROM photos WHERE photo_id = 1288), (SELECT tag_id FROM tags WHERE name = 'sandstone'));

INSERT INTO photos (photo_id, photo_title, photo_collection, photo_location, photo_year, camera, film_stock, film_format) VALUES (1289, 'Wind Sculpture', 'Southwest', 'Paria Wilderness, Arizona', 1998, 'Hasselblad', 'Fujichrome Velvia', '6 x 6 cm');
INSERT INTO photos_fts (photo_idx, photo_id, photo_title, photo_collection, photo_location, photo_year, camera, film_stock, film_format, tag_names) VALUES ((SELECT photo_idx FROM photos WHERE photo_id = 1289), 1289, 'Wind Sculpture', 'Southwest', 'Paria Wilderness, Arizona', 1998, 'Hasselblad', 'Fujichrome Velvia', '6 x 6 cm', 'vertical,popular,scenic,landscape,color,outdoors,orange,tan,rock,sandstone');
INSERT OR IGNORE INTO tags (name) VALUES ('vertical');
INSERT INTO photo_tags (photo_idx, tag_id) VALUES ((SELECT photo_idx FROM photos WHERE photo_id = 1289), (SELECT tag_id FROM tags WHERE name = 'vertical'));
INSERT OR IGNORE INTO tags (name) VALUES ('popular');
INSERT INTO photo_tags (photo_idx, tag_id) VALUES ((SELECT photo_idx FROM photos WHERE photo_id = 1289), (SELECT tag_id FROM tags WHERE name = 'popular'));
INSERT OR IGNORE INTO tags (name) VALUES ('scenic');
INSERT INTO photo_tags (photo_idx, tag_id) VALUES ((SELECT photo_idx FROM photos WHERE photo_id = 1289), (SELECT tag_id FROM tags WHERE name = 'scenic'));
INSERT OR IGNORE INTO tags (name) VALUES ('landscape');
INSERT INTO photo_tags (photo_idx, tag_id) VALUES ((SELECT photo_idx FROM photos WHERE photo_id = 1289), (SELECT tag_id FROM tags WHERE name = 'landscape'));
INSERT OR IGNORE INTO tags (name) VALUES ('color');
INSERT INTO photo_tags (photo_idx, tag_id) VALUES ((SELECT photo_idx FROM photos WHERE photo_id = 1289), (SELECT tag_id FROM tags WHERE name = 'color'));
INSERT OR IGNORE INTO tags (name) VALUES ('outdoors');
INSERT INTO photo_tags (photo_idx, tag_id) VALUES ((SELECT photo_idx FROM photos WHERE photo_id = 1289), (SELECT tag_id FROM tags WHERE name = 'outdoors'));
INSERT OR IGNORE INTO tags (name) VALUES ('orange');
INSERT INTO photo_tags (photo_idx, tag_id) VALUES ((SELECT photo_idx FROM photos WHERE photo_id = 1289), (SELECT tag_id FROM tags WHERE name = 'orange'));
INSERT OR IGNORE INTO tags (name) VALUES ('tan');
INSERT INTO photo_tags (photo_idx, tag_id) VALUES ((SELECT photo_idx FROM photos WHERE photo_id = 1289), (SELECT tag_id FROM tags WHERE name = 'tan'));
INSERT OR IGNORE INTO tags (name) VALUES ('rock');
INSERT INTO photo_tags (photo_idx, tag_id) VALUES ((SELECT photo_idx FROM photos WHERE photo_id = 1289), (SELECT tag_id FROM tags WHERE name = 'rock'));
INSERT OR IGNORE INTO tags (name) VALUES ('sandstone');
INSERT INTO photo_tags (photo_idx, tag_id) VALUES ((SELECT photo_idx FROM photos WHERE photo_id = 1289), (SELECT tag_id FROM tags WHERE name = 'sandstone'));

INSERT INTO photos (photo_id, photo_title, photo_collection, photo_location, photo_year, camera, film_stock, film_format) VALUES (1291, 'River of Gold', 'Southwest', 'Davis Gulch, Utah', 1998, 'Hasselblad', 'Fujichrome Velvia', '6 x 6 cm');
INSERT INTO photos_fts (photo_idx, photo_id, photo_title, photo_collection, photo_location, photo_year, camera, film_stock, film_format, tag_names) VALUES ((SELECT photo_idx FROM photos WHERE photo_id = 1291), 1291, 'River of Gold', 'Southwest', 'Davis Gulch, Utah', 1998, 'Hasselblad', 'Fujichrome Velvia', '6 x 6 cm', 'vertical,popular,closeup,abstract,landscape,color,outdoors,blue,purple,sand,water,river,mud,stream');
INSERT OR IGNORE INTO tags (name) VALUES ('vertical');
INSERT INTO photo_tags (photo_idx, tag_id) VALUES ((SELECT photo_idx FROM photos WHERE photo_id = 1291), (SELECT tag_id FROM tags WHERE name = 'vertical'));
INSERT OR IGNORE INTO tags (name) VALUES ('popular');
INSERT INTO photo_tags (photo_idx, tag_id) VALUES ((SELECT photo_idx FROM photos WHERE photo_id = 1291), (SELECT tag_id FROM tags WHERE name = 'popular'));
INSERT OR IGNORE INTO tags (name) VALUES ('closeup');
INSERT INTO photo_tags (photo_idx, tag_id) VALUES ((SELECT photo_idx FROM photos WHERE photo_id = 1291), (SELECT tag_id FROM tags WHERE name = 'closeup'));
INSERT OR IGNORE INTO tags (name) VALUES ('abstract');
INSERT INTO photo_tags (photo_idx, tag_id) VALUES ((SELECT photo_idx FROM photos WHERE photo_id = 1291), (SELECT tag_id FROM tags WHERE name = 'abstract'));
INSERT OR IGNORE INTO tags (name) VALUES ('landscape');
INSERT INTO photo_tags (photo_idx, tag_id) VALUES ((SELECT photo_idx FROM photos WHERE photo_id = 1291), (SELECT tag_id FROM tags WHERE name = 'landscape'));
INSERT OR IGNORE INTO tags (name) VALUES ('color');
INSERT INTO photo_tags (photo_idx, tag_id) VALUES ((SELECT photo_idx FROM photos WHERE photo_id = 1291), (SELECT tag_id FROM tags WHERE name = 'color'));
INSERT OR IGNORE INTO tags (name) VALUES ('outdoors');
INSERT INTO photo_tags (photo_idx, tag_id) VALUES ((SELECT photo_idx FROM photos WHERE photo_id = 1291), (SELECT tag_id FROM tags WHERE name = 'outdoors'));
INSERT OR IGNORE INTO tags (name) VALUES ('blue');
INSERT INTO photo_tags (photo_idx, tag_id) VALUES ((SELECT photo_idx FROM photos WHERE photo_id = 1291), (SELECT tag_id FROM tags WHERE name = 'blue'));
INSERT OR IGNORE INTO tags (name) VALUES ('purple');
INSERT INTO photo_tags (photo_idx, tag_id) VALUES ((SELECT photo_idx FROM photos WHERE photo_id = 1291), (SELECT tag_id FROM tags WHERE name = 'purple'));
INSERT OR IGNORE INTO tags (name) VALUES ('sand');
INSERT INTO photo_tags (photo_idx, tag_id) VALUES ((SELECT photo_idx FROM photos WHERE photo_id = 1291), (SELECT tag_id FROM tags WHERE name = 'sand'));
INSERT OR IGNORE INTO tags (name) VALUES ('water');
INSERT INTO photo_tags (photo_idx, tag_id) VALUES ((SELECT photo_idx FROM photos WHERE photo_id = 1291), (SELECT tag_id FROM tags WHERE name = 'water'));
INSERT OR IGNORE INTO tags (name) VALUES ('river');
INSERT INTO photo_tags (photo_idx, tag_id) VALUES ((SELECT photo_idx FROM photos WHERE photo_id = 1291), (SELECT tag_id FROM tags WHERE name = 'river'));
INSERT OR IGNORE INTO tags (name) VALUES ('mud');
INSERT INTO photo_tags (photo_idx, tag_id) VALUES ((SELECT photo_idx FROM photos WHERE photo_id = 1291), (SELECT tag_id FROM tags WHERE name = 'mud'));
INSERT OR IGNORE INTO tags (name) VALUES ('stream');
INSERT INTO photo_tags (photo_idx, tag_id) VALUES ((SELECT photo_idx FROM photos WHERE photo_id = 1291), (SELECT tag_id FROM tags WHERE name = 'stream'));

INSERT INTO photos (photo_id, photo_title, photo_collection, photo_location, photo_year, camera, film_stock, film_format) VALUES (1292, 'Softly Curved Sandstone', 'Southwest', 'Davis Gulch, Utah', 1998, 'Hasselblad', 'Fujichrome Velvia', '6 x 6 cm');
INSERT INTO photos_fts (photo_idx, photo_id, photo_title, photo_collection, photo_location, photo_year, camera, film_stock, film_format, tag_names) VALUES ((SELECT photo_idx FROM photos WHERE photo_id = 1292), 1292, 'Softly Curved Sandstone', 'Southwest', 'Davis Gulch, Utah', 1998, 'Hasselblad', 'Fujichrome Velvia', '6 x 6 cm', 'vertical,scenic,landscape,color,outdoors,orange,tan,rock,sandstone');
INSERT OR IGNORE INTO tags (name) VALUES ('vertical');
INSERT INTO photo_tags (photo_idx, tag_id) VALUES ((SELECT photo_idx FROM photos WHERE photo_id = 1292), (SELECT tag_id FROM tags WHERE name = 'vertical'));
INSERT OR IGNORE INTO tags (name) VALUES ('scenic');
INSERT INTO photo_tags (photo_idx, tag_id) VALUES ((SELECT photo_idx FROM photos WHERE photo_id = 1292), (SELECT tag_id FROM tags WHERE name = 'scenic'));
INSERT OR IGNORE INTO tags (name) VALUES ('landscape');
INSERT INTO photo_tags (photo_idx, tag_id) VALUES ((SELECT photo_idx FROM photos WHERE photo_id = 1292), (SELECT tag_id FROM tags WHERE name = 'landscape'));
INSERT OR IGNORE INTO tags (name) VALUES ('color');
INSERT INTO photo_tags (photo_idx, tag_id) VALUES ((SELECT photo_idx FROM photos WHERE photo_id = 1292), (SELECT tag_id FROM tags WHERE name = 'color'));
INSERT OR IGNORE INTO tags (name) VALUES ('outdoors');
INSERT INTO photo_tags (photo_idx, tag_id) VALUES ((SELECT photo_idx FROM photos WHERE photo_id = 1292), (SELECT tag_id FROM tags WHERE name = 'outdoors'));
INSERT OR IGNORE INTO tags (name) VALUES ('orange');
INSERT INTO photo_tags (photo_idx, tag_id) VALUES ((SELECT photo_idx FROM photos WHERE photo_id = 1292), (SELECT tag_id FROM tags WHERE name = 'orange'));
INSERT OR IGNORE INTO tags (name) VALUES ('tan');
INSERT INTO photo_tags (photo_idx, tag_id) VALUES ((SELECT photo_idx FROM photos WHERE photo_id = 1292), (SELECT tag_id FROM tags WHERE name = 'tan'));
INSERT OR IGNORE INTO tags (name) VALUES ('rock');
INSERT INTO photo_tags (photo_idx, tag_id) VALUES ((SELECT photo_idx FROM photos WHERE photo_id = 1292), (SELECT tag_id FROM tags WHERE name = 'rock'));
INSERT OR IGNORE INTO tags (name) VALUES ('sandstone');
INSERT INTO photo_tags (photo_idx, tag_id) VALUES ((SELECT photo_idx FROM photos WHERE photo_id = 1292), (SELECT tag_id FROM tags WHERE name = 'sandstone'));

INSERT INTO photos (photo_id, photo_title, photo_collection, photo_location, photo_year, camera, film_stock, film_format) VALUES (1293, 'Red Wall and Boulders', 'Southwest', 'Cow Canyon, Utah', 1998, 'Hasselblad', 'Fujichrome Velvia', '6 x 6 cm');
INSERT INTO photos_fts (photo_idx, photo_id, photo_title, photo_collection, photo_location, photo_year, camera, film_stock, film_format, tag_names) VALUES ((SELECT photo_idx FROM photos WHERE photo_id = 1293), 1293, 'Red Wall and Boulders', 'Southwest', 'Cow Canyon, Utah', 1998, 'Hasselblad', 'Fujichrome Velvia', '6 x 6 cm', 'horizontal,popular,scenic,landscape,color,outdoors,pink,red,rock,sandstone');
INSERT OR IGNORE INTO tags (name) VALUES ('horizontal');
INSERT INTO photo_tags (photo_idx, tag_id) VALUES ((SELECT photo_idx FROM photos WHERE photo_id = 1293), (SELECT tag_id FROM tags WHERE name = 'horizontal'));
INSERT OR IGNORE INTO tags (name) VALUES ('popular');
INSERT INTO photo_tags (photo_idx, tag_id) VALUES ((SELECT photo_idx FROM photos WHERE photo_id = 1293), (SELECT tag_id FROM tags WHERE name = 'popular'));
INSERT OR IGNORE INTO tags (name) VALUES ('scenic');
INSERT INTO photo_tags (photo_idx, tag_id) VALUES ((SELECT photo_idx FROM photos WHERE photo_id = 1293), (SELECT tag_id FROM tags WHERE name = 'scenic'));
INSERT OR IGNORE INTO tags (name) VALUES ('landscape');
INSERT INTO photo_tags (photo_idx, tag_id) VALUES ((SELECT photo_idx FROM photos WHERE photo_id = 1293), (SELECT tag_id FROM tags WHERE name = 'landscape'));
INSERT OR IGNORE INTO tags (name) VALUES ('color');
INSERT INTO photo_tags (photo_idx, tag_id) VALUES ((SELECT photo_idx FROM photos WHERE photo_id = 1293), (SELECT tag_id FROM tags WHERE name = 'color'));
INSERT OR IGNORE INTO tags (name) VALUES ('outdoors');
INSERT INTO photo_tags (photo_idx, tag_id) VALUES ((SELECT photo_idx FROM photos WHERE photo_id = 1293), (SELECT tag_id FROM tags WHERE name = 'outdoors'));
INSERT OR IGNORE INTO tags (name) VALUES ('pink');
INSERT INTO photo_tags (photo_idx, tag_id) VALUES ((SELECT photo_idx FROM photos WHERE photo_id = 1293), (SELECT tag_id FROM tags WHERE name = 'pink'));
INSERT OR IGNORE INTO tags (name) VALUES ('red');
INSERT INTO photo_tags (photo_idx, tag_id) VALUES ((SELECT photo_idx FROM photos WHERE photo_id = 1293), (SELECT tag_id FROM tags WHERE name = 'red'));
INSERT OR IGNORE INTO tags (name) VALUES ('rock');
INSERT INTO photo_tags (photo_idx, tag_id) VALUES ((SELECT photo_idx FROM photos WHERE photo_id = 1293), (SELECT tag_id FROM tags WHERE name = 'rock'));
INSERT OR IGNORE INTO tags (name) VALUES ('sandstone');
INSERT INTO photo_tags (photo_idx, tag_id) VALUES ((SELECT photo_idx FROM photos WHERE photo_id = 1293), (SELECT tag_id FROM tags WHERE name = 'sandstone'));

INSERT INTO photos (photo_id, photo_title, photo_collection, photo_location, photo_year, camera, film_stock, film_format) VALUES (1294, 'Sandstone Tree', 'Southwest', 'Paria Wilderness, Arizona', 1998, 'Hasselblad', 'Fujichrome Velvia', '6 x 6 cm');
INSERT INTO photos_fts (photo_idx, photo_id, photo_title, photo_collection, photo_location, photo_year, camera, film_stock, film_format, tag_names) VALUES ((SELECT photo_idx FROM photos WHERE photo_id = 1294), 1294, 'Sandstone Tree', 'Southwest', 'Paria Wilderness, Arizona', 1998, 'Hasselblad', 'Fujichrome Velvia', '6 x 6 cm', 'vertical,scenic,landscape,color,outdoors,orange,tan,rock,sandstone');
INSERT OR IGNORE INTO tags (name) VALUES ('vertical');
INSERT INTO photo_tags (photo_idx, tag_id) VALUES ((SELECT photo_idx FROM photos WHERE photo_id = 1294), (SELECT tag_id FROM tags WHERE name = 'vertical'));
INSERT OR IGNORE INTO tags (name) VALUES ('scenic');
INSERT INTO photo_tags (photo_idx, tag_id) VALUES ((SELECT photo_idx FROM photos WHERE photo_id = 1294), (SELECT tag_id FROM tags WHERE name = 'scenic'));
INSERT OR IGNORE INTO tags (name) VALUES ('landscape');
INSERT INTO photo_tags (photo_idx, tag_id) VALUES ((SELECT photo_idx FROM photos WHERE photo_id = 1294), (SELECT tag_id FROM tags WHERE name = 'landscape'));
INSERT OR IGNORE INTO tags (name) VALUES ('color');
INSERT INTO photo_tags (photo_idx, tag_id) VALUES ((SELECT photo_idx FROM photos WHERE photo_id = 1294), (SELECT tag_id FROM tags WHERE name = 'color'));
INSERT OR IGNORE INTO tags (name) VALUES ('outdoors');
INSERT INTO photo_tags (photo_idx, tag_id) VALUES ((SELECT photo_idx FROM photos WHERE photo_id = 1294), (SELECT tag_id FROM tags WHERE name = 'outdoors'));
INSERT OR IGNORE INTO tags (name) VALUES ('orange');
INSERT INTO photo_tags (photo_idx, tag_id) VALUES ((SELECT photo_idx FROM photos WHERE photo_id = 1294), (SELECT tag_id FROM tags WHERE name = 'orange'));
INSERT OR IGNORE INTO tags (name) VALUES ('tan');
INSERT INTO photo_tags (photo_idx, tag_id) VALUES ((SELECT photo_idx FROM photos WHERE photo_id = 1294), (SELECT tag_id FROM tags WHERE name = 'tan'));
INSERT OR IGNORE INTO tags (name) VALUES ('rock');
INSERT INTO photo_tags (photo_idx, tag_id) VALUES ((SELECT photo_idx FROM photos WHERE photo_id = 1294), (SELECT tag_id FROM tags WHERE name = 'rock'));
INSERT OR IGNORE INTO tags (name) VALUES ('sandstone');
INSERT INTO photo_tags (photo_idx, tag_id) VALUES ((SELECT photo_idx FROM photos WHERE photo_id = 1294), (SELECT tag_id FROM tags WHERE name = 'sandstone'));

INSERT INTO photos (photo_id, photo_title, photo_collection, photo_location, photo_year, camera, film_stock, film_format) VALUES (1295, 'Wind Carved Ridges', 'Southwest', 'Paria Wilderness, Arizona', 1998, 'Hasselblad', 'Fujichrome Velvia', '6 x 6 cm');
INSERT INTO photos_fts (photo_idx, photo_id, photo_title, photo_collection, photo_location, photo_year, camera, film_stock, film_format, tag_names) VALUES ((SELECT photo_idx FROM photos WHERE photo_id = 1295), 1295, 'Wind Carved Ridges', 'Southwest', 'Paria Wilderness, Arizona', 1998, 'Hasselblad', 'Fujichrome Velvia', '6 x 6 cm', 'vertical,scenic,landscape,color,outdoors,orange,tan,rock,sandstone');
INSERT OR IGNORE INTO tags (name) VALUES ('vertical');
INSERT INTO photo_tags (photo_idx, tag_id) VALUES ((SELECT photo_idx FROM photos WHERE photo_id = 1295), (SELECT tag_id FROM tags WHERE name = 'vertical'));
INSERT OR IGNORE INTO tags (name) VALUES ('scenic');
INSERT INTO photo_tags (photo_idx, tag_id) VALUES ((SELECT photo_idx FROM photos WHERE photo_id = 1295), (SELECT tag_id FROM tags WHERE name = 'scenic'));
INSERT OR IGNORE INTO tags (name) VALUES ('landscape');
INSERT INTO photo_tags (photo_idx, tag_id) VALUES ((SELECT photo_idx FROM photos WHERE photo_id = 1295), (SELECT tag_id FROM tags WHERE name = 'landscape'));
INSERT OR IGNORE INTO tags (name) VALUES ('color');
INSERT INTO photo_tags (photo_idx, tag_id) VALUES ((SELECT photo_idx FROM photos WHERE photo_id = 1295), (SELECT tag_id FROM tags WHERE name = 'color'));
INSERT OR IGNORE INTO tags (name) VALUES ('outdoors');
INSERT INTO photo_tags (photo_idx, tag_id) VALUES ((SELECT photo_idx FROM photos WHERE photo_id = 1295), (SELECT tag_id FROM tags WHERE name = 'outdoors'));
INSERT OR IGNORE INTO tags (name) VALUES ('orange');
INSERT INTO photo_tags (photo_idx, tag_id) VALUES ((SELECT photo_idx FROM photos WHERE photo_id = 1295), (SELECT tag_id FROM tags WHERE name = 'orange'));
INSERT OR IGNORE INTO tags (name) VALUES ('tan');
INSERT INTO photo_tags (photo_idx, tag_id) VALUES ((SELECT photo_idx FROM photos WHERE photo_id = 1295), (SELECT tag_id FROM tags WHERE name = 'tan'));
INSERT OR IGNORE INTO tags (name) VALUES ('rock');
INSERT INTO photo_tags (photo_idx, tag_id) VALUES ((SELECT photo_idx FROM photos WHERE photo_id = 1295), (SELECT tag_id FROM tags WHERE name = 'rock'));
INSERT OR IGNORE INTO tags (name) VALUES ('sandstone');
INSERT INTO photo_tags (photo_idx, tag_id) VALUES ((SELECT photo_idx FROM photos WHERE photo_id = 1295), (SELECT tag_id FROM tags WHERE name = 'sandstone'));

INSERT INTO photos (photo_id, photo_title, photo_collection, photo_location, photo_year, camera, film_stock, film_format) VALUES (1296, 'Teardrop Window', 'Southwest', 'Monument Valley, Arizona', 1998, 'Hasselblad', 'Fujichrome Velvia', '6 x 6 cm');
INSERT INTO photos_fts (photo_idx, photo_id, photo_title, photo_collection, photo_location, photo_year, camera, film_stock, film_format, tag_names) VALUES ((SELECT photo_idx FROM photos WHERE photo_id = 1296), 1296, 'Teardrop Window', 'Southwest', 'Monument Valley, Arizona', 1998, 'Hasselblad', 'Fujichrome Velvia', '6 x 6 cm', 'vertical,scenic,landscape,color,outdoors,blue,orange,tan,rock,sandstone,sky,clouds');
INSERT OR IGNORE INTO tags (name) VALUES ('vertical');
INSERT INTO photo_tags (photo_idx, tag_id) VALUES ((SELECT photo_idx FROM photos WHERE photo_id = 1296), (SELECT tag_id FROM tags WHERE name = 'vertical'));
INSERT OR IGNORE INTO tags (name) VALUES ('scenic');
INSERT INTO photo_tags (photo_idx, tag_id) VALUES ((SELECT photo_idx FROM photos WHERE photo_id = 1296), (SELECT tag_id FROM tags WHERE name = 'scenic'));
INSERT OR IGNORE INTO tags (name) VALUES ('landscape');
INSERT INTO photo_tags (photo_idx, tag_id) VALUES ((SELECT photo_idx FROM photos WHERE photo_id = 1296), (SELECT tag_id FROM tags WHERE name = 'landscape'));
INSERT OR IGNORE INTO tags (name) VALUES ('color');
INSERT INTO photo_tags (photo_idx, tag_id) VALUES ((SELECT photo_idx FROM photos WHERE photo_id = 1296), (SELECT tag_id FROM tags WHERE name = 'color'));
INSERT OR IGNORE INTO tags (name) VALUES ('outdoors');
INSERT INTO photo_tags (photo_idx, tag_id) VALUES ((SELECT photo_idx FROM photos WHERE photo_id = 1296), (SELECT tag_id FROM tags WHERE name = 'outdoors'));
INSERT OR IGNORE INTO tags (name) VALUES ('blue');
INSERT INTO photo_tags (photo_idx, tag_id) VALUES ((SELECT photo_idx FROM photos WHERE photo_id = 1296), (SELECT tag_id FROM tags WHERE name = 'blue'));
INSERT OR IGNORE INTO tags (name) VALUES ('orange');
INSERT INTO photo_tags (photo_idx, tag_id) VALUES ((SELECT photo_idx FROM photos WHERE photo_id = 1296), (SELECT tag_id FROM tags WHERE name = 'orange'));
INSERT OR IGNORE INTO tags (name) VALUES ('tan');
INSERT INTO photo_tags (photo_idx, tag_id) VALUES ((SELECT photo_idx FROM photos WHERE photo_id = 1296), (SELECT tag_id FROM tags WHERE name = 'tan'));
INSERT OR IGNORE INTO tags (name) VALUES ('rock');
INSERT INTO photo_tags (photo_idx, tag_id) VALUES ((SELECT photo_idx FROM photos WHERE photo_id = 1296), (SELECT tag_id FROM tags WHERE name = 'rock'));
INSERT OR IGNORE INTO tags (name) VALUES ('sandstone');
INSERT INTO photo_tags (photo_idx, tag_id) VALUES ((SELECT photo_idx FROM photos WHERE photo_id = 1296), (SELECT tag_id FROM tags WHERE name = 'sandstone'));
INSERT OR IGNORE INTO tags (name) VALUES ('sky');
INSERT INTO photo_tags (photo_idx, tag_id) VALUES ((SELECT photo_idx FROM photos WHERE photo_id = 1296), (SELECT tag_id FROM tags WHERE name = 'sky'));
INSERT OR IGNORE INTO tags (name) VALUES ('clouds');
INSERT INTO photo_tags (photo_idx, tag_id) VALUES ((SELECT photo_idx FROM photos WHERE photo_id = 1296), (SELECT tag_id FROM tags WHERE name = 'clouds'));

INSERT INTO photos (photo_id, photo_title, photo_collection, photo_location, photo_year, camera, film_stock, film_format) VALUES (1299, 'River Bed Reflections', 'Southwest', 'Davis Gulch, Utah', 1998, 'Hasselblad', 'Fujichrome Velvia', '6 x 6 cm');
INSERT INTO photos_fts (photo_idx, photo_id, photo_title, photo_collection, photo_location, photo_year, camera, film_stock, film_format, tag_names) VALUES ((SELECT photo_idx FROM photos WHERE photo_id = 1299), 1299, 'River Bed Reflections', 'Southwest', 'Davis Gulch, Utah', 1998, 'Hasselblad', 'Fujichrome Velvia', '6 x 6 cm', 'horizontal,closeup,abstract,landscape,color,outdoors,purple,sand,water,river,mud,stream');
INSERT OR IGNORE INTO tags (name) VALUES ('horizontal');
INSERT INTO photo_tags (photo_idx, tag_id) VALUES ((SELECT photo_idx FROM photos WHERE photo_id = 1299), (SELECT tag_id FROM tags WHERE name = 'horizontal'));
INSERT OR IGNORE INTO tags (name) VALUES ('closeup');
INSERT INTO photo_tags (photo_idx, tag_id) VALUES ((SELECT photo_idx FROM photos WHERE photo_id = 1299), (SELECT tag_id FROM tags WHERE name = 'closeup'));
INSERT OR IGNORE INTO tags (name) VALUES ('abstract');
INSERT INTO photo_tags (photo_idx, tag_id) VALUES ((SELECT photo_idx FROM photos WHERE photo_id = 1299), (SELECT tag_id FROM tags WHERE name = 'abstract'));
INSERT OR IGNORE INTO tags (name) VALUES ('landscape');
INSERT INTO photo_tags (photo_idx, tag_id) VALUES ((SELECT photo_idx FROM photos WHERE photo_id = 1299), (SELECT tag_id FROM tags WHERE name = 'landscape'));
INSERT OR IGNORE INTO tags (name) VALUES ('color');
INSERT INTO photo_tags (photo_idx, tag_id) VALUES ((SELECT photo_idx FROM photos WHERE photo_id = 1299), (SELECT tag_id FROM tags WHERE name = 'color'));
INSERT OR IGNORE INTO tags (name) VALUES ('outdoors');
INSERT INTO photo_tags (photo_idx, tag_id) VALUES ((SELECT photo_idx FROM photos WHERE photo_id = 1299), (SELECT tag_id FROM tags WHERE name = 'outdoors'));
INSERT OR IGNORE INTO tags (name) VALUES ('purple');
INSERT INTO photo_tags (photo_idx, tag_id) VALUES ((SELECT photo_idx FROM photos WHERE photo_id = 1299), (SELECT tag_id FROM tags WHERE name = 'purple'));
INSERT OR IGNORE INTO tags (name) VALUES ('sand');
INSERT INTO photo_tags (photo_idx, tag_id) VALUES ((SELECT photo_idx FROM photos WHERE photo_id = 1299), (SELECT tag_id FROM tags WHERE name = 'sand'));
INSERT OR IGNORE INTO tags (name) VALUES ('water');
INSERT INTO photo_tags (photo_idx, tag_id) VALUES ((SELECT photo_idx FROM photos WHERE photo_id = 1299), (SELECT tag_id FROM tags WHERE name = 'water'));
INSERT OR IGNORE INTO tags (name) VALUES ('river');
INSERT INTO photo_tags (photo_idx, tag_id) VALUES ((SELECT photo_idx FROM photos WHERE photo_id = 1299), (SELECT tag_id FROM tags WHERE name = 'river'));
INSERT OR IGNORE INTO tags (name) VALUES ('mud');
INSERT INTO photo_tags (photo_idx, tag_id) VALUES ((SELECT photo_idx FROM photos WHERE photo_id = 1299), (SELECT tag_id FROM tags WHERE name = 'mud'));
INSERT OR IGNORE INTO tags (name) VALUES ('stream');
INSERT INTO photo_tags (photo_idx, tag_id) VALUES ((SELECT photo_idx FROM photos WHERE photo_id = 1299), (SELECT tag_id FROM tags WHERE name = 'stream'));

INSERT INTO photos (photo_id, photo_title, photo_collection, photo_location, photo_year, camera, film_stock, film_format) VALUES (1300, 'Rivulets in River Bed', 'Southwest', 'Davis Gulch, Utah', 1998, 'Hasselblad', 'Fujichrome Velvia', '6 x 6 cm');
INSERT INTO photos_fts (photo_idx, photo_id, photo_title, photo_collection, photo_location, photo_year, camera, film_stock, film_format, tag_names) VALUES ((SELECT photo_idx FROM photos WHERE photo_id = 1300), 1300, 'Rivulets in River Bed', 'Southwest', 'Davis Gulch, Utah', 1998, 'Hasselblad', 'Fujichrome Velvia', '6 x 6 cm', 'horizontal,closeup,color,outdoors,landscape,brown,tan,sand');
INSERT OR IGNORE INTO tags (name) VALUES ('horizontal');
INSERT INTO photo_tags (photo_idx, tag_id) VALUES ((SELECT photo_idx FROM photos WHERE photo_id = 1300), (SELECT tag_id FROM tags WHERE name = 'horizontal'));
INSERT OR IGNORE INTO tags (name) VALUES ('closeup');
INSERT INTO photo_tags (photo_idx, tag_id) VALUES ((SELECT photo_idx FROM photos WHERE photo_id = 1300), (SELECT tag_id FROM tags WHERE name = 'closeup'));
INSERT OR IGNORE INTO tags (name) VALUES ('color');
INSERT INTO photo_tags (photo_idx, tag_id) VALUES ((SELECT photo_idx FROM photos WHERE photo_id = 1300), (SELECT tag_id FROM tags WHERE name = 'color'));
INSERT OR IGNORE INTO tags (name) VALUES ('outdoors');
INSERT INTO photo_tags (photo_idx, tag_id) VALUES ((SELECT photo_idx FROM photos WHERE photo_id = 1300), (SELECT tag_id FROM tags WHERE name = 'outdoors'));
INSERT OR IGNORE INTO tags (name) VALUES ('landscape');
INSERT INTO photo_tags (photo_idx, tag_id) VALUES ((SELECT photo_idx FROM photos WHERE photo_id = 1300), (SELECT tag_id FROM tags WHERE name = 'landscape'));
INSERT OR IGNORE INTO tags (name) VALUES ('brown');
INSERT INTO photo_tags (photo_idx, tag_id) VALUES ((SELECT photo_idx FROM photos WHERE photo_id = 1300), (SELECT tag_id FROM tags WHERE name = 'brown'));
INSERT OR IGNORE INTO tags (name) VALUES ('tan');
INSERT INTO photo_tags (photo_idx, tag_id) VALUES ((SELECT photo_idx FROM photos WHERE photo_id = 1300), (SELECT tag_id FROM tags WHERE name = 'tan'));
INSERT OR IGNORE INTO tags (name) VALUES ('sand');
INSERT INTO photo_tags (photo_idx, tag_id) VALUES ((SELECT photo_idx FROM photos WHERE photo_id = 1300), (SELECT tag_id FROM tags WHERE name = 'sand'));

INSERT INTO photos (photo_id, photo_title, photo_collection, photo_location, photo_year, camera, film_stock, film_format) VALUES (1301, 'Brown Canyon Wall', 'Southwest', 'Cow Canyon, Utah', 1998, 'Hasselblad', 'Fujichrome Velvia', '6 x 6 cm');
INSERT INTO photos_fts (photo_idx, photo_id, photo_title, photo_collection, photo_location, photo_year, camera, film_stock, film_format, tag_names) VALUES ((SELECT photo_idx FROM photos WHERE photo_id = 1301), 1301, 'Brown Canyon Wall', 'Southwest', 'Cow Canyon, Utah', 1998, 'Hasselblad', 'Fujichrome Velvia', '6 x 6 cm', 'vertical,popular,scenic,landscape,color,outdoors,brown,tan,rock,sandstone');
INSERT OR IGNORE INTO tags (name) VALUES ('vertical');
INSERT INTO photo_tags (photo_idx, tag_id) VALUES ((SELECT photo_idx FROM photos WHERE photo_id = 1301), (SELECT tag_id FROM tags WHERE name = 'vertical'));
INSERT OR IGNORE INTO tags (name) VALUES ('popular');
INSERT INTO photo_tags (photo_idx, tag_id) VALUES ((SELECT photo_idx FROM photos WHERE photo_id = 1301), (SELECT tag_id FROM tags WHERE name = 'popular'));
INSERT OR IGNORE INTO tags (name) VALUES ('scenic');
INSERT INTO photo_tags (photo_idx, tag_id) VALUES ((SELECT photo_idx FROM photos WHERE photo_id = 1301), (SELECT tag_id FROM tags WHERE name = 'scenic'));
INSERT OR IGNORE INTO tags (name) VALUES ('landscape');
INSERT INTO photo_tags (photo_idx, tag_id) VALUES ((SELECT photo_idx FROM photos WHERE photo_id = 1301), (SELECT tag_id FROM tags WHERE name = 'landscape'));
INSERT OR IGNORE INTO tags (name) VALUES ('color');
INSERT INTO photo_tags (photo_idx, tag_id) VALUES ((SELECT photo_idx FROM photos WHERE photo_id = 1301), (SELECT tag_id FROM tags WHERE name = 'color'));
INSERT OR IGNORE INTO tags (name) VALUES ('outdoors');
INSERT INTO photo_tags (photo_idx, tag_id) VALUES ((SELECT photo_idx FROM photos WHERE photo_id = 1301), (SELECT tag_id FROM tags WHERE name = 'outdoors'));
INSERT OR IGNORE INTO tags (name) VALUES ('brown');
INSERT INTO photo_tags (photo_idx, tag_id) VALUES ((SELECT photo_idx FROM photos WHERE photo_id = 1301), (SELECT tag_id FROM tags WHERE name = 'brown'));
INSERT OR IGNORE INTO tags (name) VALUES ('tan');
INSERT INTO photo_tags (photo_idx, tag_id) VALUES ((SELECT photo_idx FROM photos WHERE photo_id = 1301), (SELECT tag_id FROM tags WHERE name = 'tan'));
INSERT OR IGNORE INTO tags (name) VALUES ('rock');
INSERT INTO photo_tags (photo_idx, tag_id) VALUES ((SELECT photo_idx FROM photos WHERE photo_id = 1301), (SELECT tag_id FROM tags WHERE name = 'rock'));
INSERT OR IGNORE INTO tags (name) VALUES ('sandstone');
INSERT INTO photo_tags (photo_idx, tag_id) VALUES ((SELECT photo_idx FROM photos WHERE photo_id = 1301), (SELECT tag_id FROM tags WHERE name = 'sandstone'));

INSERT INTO photos (photo_id, photo_title, photo_collection, photo_location, photo_year, camera, film_stock, film_format) VALUES (1302, 'Red Wall with Streaks', 'Southwest', 'Cow Canyon, Utah', 1998, 'Hasselblad', 'Fujichrome Velvia', '6 x 6 cm');
INSERT INTO photos_fts (photo_idx, photo_id, photo_title, photo_collection, photo_location, photo_year, camera, film_stock, film_format, tag_names) VALUES ((SELECT photo_idx FROM photos WHERE photo_id = 1302), 1302, 'Red Wall with Streaks', 'Southwest', 'Cow Canyon, Utah', 1998, 'Hasselblad', 'Fujichrome Velvia', '6 x 6 cm', 'vertical,scenic,abstract,landscape,color,outdoors,pink,rock,sandstone');
INSERT OR IGNORE INTO tags (name) VALUES ('vertical');
INSERT INTO photo_tags (photo_idx, tag_id) VALUES ((SELECT photo_idx FROM photos WHERE photo_id = 1302), (SELECT tag_id FROM tags WHERE name = 'vertical'));
INSERT OR IGNORE INTO tags (name) VALUES ('scenic');
INSERT INTO photo_tags (photo_idx, tag_id) VALUES ((SELECT photo_idx FROM photos WHERE photo_id = 1302), (SELECT tag_id FROM tags WHERE name = 'scenic'));
INSERT OR IGNORE INTO tags (name) VALUES ('abstract');
INSERT INTO photo_tags (photo_idx, tag_id) VALUES ((SELECT photo_idx FROM photos WHERE photo_id = 1302), (SELECT tag_id FROM tags WHERE name = 'abstract'));
INSERT OR IGNORE INTO tags (name) VALUES ('landscape');
INSERT INTO photo_tags (photo_idx, tag_id) VALUES ((SELECT photo_idx FROM photos WHERE photo_id = 1302), (SELECT tag_id FROM tags WHERE name = 'landscape'));
INSERT OR IGNORE INTO tags (name) VALUES ('color');
INSERT INTO photo_tags (photo_idx, tag_id) VALUES ((SELECT photo_idx FROM photos WHERE photo_id = 1302), (SELECT tag_id FROM tags WHERE name = 'color'));
INSERT OR IGNORE INTO tags (name) VALUES ('outdoors');
INSERT INTO photo_tags (photo_idx, tag_id) VALUES ((SELECT photo_idx FROM photos WHERE photo_id = 1302), (SELECT tag_id FROM tags WHERE name = 'outdoors'));
INSERT OR IGNORE INTO tags (name) VALUES ('pink');
INSERT INTO photo_tags (photo_idx, tag_id) VALUES ((SELECT photo_idx FROM photos WHERE photo_id = 1302), (SELECT tag_id FROM tags WHERE name = 'pink'));
INSERT OR IGNORE INTO tags (name) VALUES ('rock');
INSERT INTO photo_tags (photo_idx, tag_id) VALUES ((SELECT photo_idx FROM photos WHERE photo_id = 1302), (SELECT tag_id FROM tags WHERE name = 'rock'));
INSERT OR IGNORE INTO tags (name) VALUES ('sandstone');
INSERT INTO photo_tags (photo_idx, tag_id) VALUES ((SELECT photo_idx FROM photos WHERE photo_id = 1302), (SELECT tag_id FROM tags WHERE name = 'sandstone'));

INSERT INTO photos (photo_id, photo_title, photo_collection, photo_location, photo_year, camera, film_stock, film_format) VALUES (1303, 'Red Wall and Desert Varnish', 'Southwest', 'Cow Canyon, Utah', 1998, 'Hasselblad', 'Fujichrome Velvia', '6 x 6 cm');
INSERT INTO photos_fts (photo_idx, photo_id, photo_title, photo_collection, photo_location, photo_year, camera, film_stock, film_format, tag_names) VALUES ((SELECT photo_idx FROM photos WHERE photo_id = 1303), 1303, 'Red Wall and Desert Varnish', 'Southwest', 'Cow Canyon, Utah', 1998, 'Hasselblad', 'Fujichrome Velvia', '6 x 6 cm', 'vertical,scenic,landscape,color,outdoors,red,rock,sandstone');
INSERT OR IGNORE INTO tags (name) VALUES ('vertical');
INSERT INTO photo_tags (photo_idx, tag_id) VALUES ((SELECT photo_idx FROM photos WHERE photo_id = 1303), (SELECT tag_id FROM tags WHERE name = 'vertical'));
INSERT OR IGNORE INTO tags (name) VALUES ('scenic');
INSERT INTO photo_tags (photo_idx, tag_id) VALUES ((SELECT photo_idx FROM photos WHERE photo_id = 1303), (SELECT tag_id FROM tags WHERE name = 'scenic'));
INSERT OR IGNORE INTO tags (name) VALUES ('landscape');
INSERT INTO photo_tags (photo_idx, tag_id) VALUES ((SELECT photo_idx FROM photos WHERE photo_id = 1303), (SELECT tag_id FROM tags WHERE name = 'landscape'));
INSERT OR IGNORE INTO tags (name) VALUES ('color');
INSERT INTO photo_tags (photo_idx, tag_id) VALUES ((SELECT photo_idx FROM photos WHERE photo_id = 1303), (SELECT tag_id FROM tags WHERE name = 'color'));
INSERT OR IGNORE INTO tags (name) VALUES ('outdoors');
INSERT INTO photo_tags (photo_idx, tag_id) VALUES ((SELECT photo_idx FROM photos WHERE photo_id = 1303), (SELECT tag_id FROM tags WHERE name = 'outdoors'));
INSERT OR IGNORE INTO tags (name) VALUES ('red');
INSERT INTO photo_tags (photo_idx, tag_id) VALUES ((SELECT photo_idx FROM photos WHERE photo_id = 1303), (SELECT tag_id FROM tags WHERE name = 'red'));
INSERT OR IGNORE INTO tags (name) VALUES ('rock');
INSERT INTO photo_tags (photo_idx, tag_id) VALUES ((SELECT photo_idx FROM photos WHERE photo_id = 1303), (SELECT tag_id FROM tags WHERE name = 'rock'));
INSERT OR IGNORE INTO tags (name) VALUES ('sandstone');
INSERT INTO photo_tags (photo_idx, tag_id) VALUES ((SELECT photo_idx FROM photos WHERE photo_id = 1303), (SELECT tag_id FROM tags WHERE name = 'sandstone'));

INSERT INTO photos (photo_id, photo_title, photo_collection, photo_location, photo_year, camera, film_stock, film_format) VALUES (1304, 'Red Sandstone Detail', 'Southwest', 'Paria Wilderness, Arizona', 1998, 'Hasselblad', 'Fujichrome Velvia', '6 x 6 cm');
INSERT INTO photos_fts (photo_idx, photo_id, photo_title, photo_collection, photo_location, photo_year, camera, film_stock, film_format, tag_names) VALUES ((SELECT photo_idx FROM photos WHERE photo_id = 1304), 1304, 'Red Sandstone Detail', 'Southwest', 'Paria Wilderness, Arizona', 1998, 'Hasselblad', 'Fujichrome Velvia', '6 x 6 cm', 'horizontal,closeup,landscape,color,outdoors,pink,red,rock,sandstone');
INSERT OR IGNORE INTO tags (name) VALUES ('horizontal');
INSERT INTO photo_tags (photo_idx, tag_id) VALUES ((SELECT photo_idx FROM photos WHERE photo_id = 1304), (SELECT tag_id FROM tags WHERE name = 'horizontal'));
INSERT OR IGNORE INTO tags (name) VALUES ('closeup');
INSERT INTO photo_tags (photo_idx, tag_id) VALUES ((SELECT photo_idx FROM photos WHERE photo_id = 1304), (SELECT tag_id FROM tags WHERE name = 'closeup'));
INSERT OR IGNORE INTO tags (name) VALUES ('landscape');
INSERT INTO photo_tags (photo_idx, tag_id) VALUES ((SELECT photo_idx FROM photos WHERE photo_id = 1304), (SELECT tag_id FROM tags WHERE name = 'landscape'));
INSERT OR IGNORE INTO tags (name) VALUES ('color');
INSERT INTO photo_tags (photo_idx, tag_id) VALUES ((SELECT photo_idx FROM photos WHERE photo_id = 1304), (SELECT tag_id FROM tags WHERE name = 'color'));
INSERT OR IGNORE INTO tags (name) VALUES ('outdoors');
INSERT INTO photo_tags (photo_idx, tag_id) VALUES ((SELECT photo_idx FROM photos WHERE photo_id = 1304), (SELECT tag_id FROM tags WHERE name = 'outdoors'));
INSERT OR IGNORE INTO tags (name) VALUES ('pink');
INSERT INTO photo_tags (photo_idx, tag_id) VALUES ((SELECT photo_idx FROM photos WHERE photo_id = 1304), (SELECT tag_id FROM tags WHERE name = 'pink'));
INSERT OR IGNORE INTO tags (name) VALUES ('red');
INSERT INTO photo_tags (photo_idx, tag_id) VALUES ((SELECT photo_idx FROM photos WHERE photo_id = 1304), (SELECT tag_id FROM tags WHERE name = 'red'));
INSERT OR IGNORE INTO tags (name) VALUES ('rock');
INSERT INTO photo_tags (photo_idx, tag_id) VALUES ((SELECT photo_idx FROM photos WHERE photo_id = 1304), (SELECT tag_id FROM tags WHERE name = 'rock'));
INSERT OR IGNORE INTO tags (name) VALUES ('sandstone');
INSERT INTO photo_tags (photo_idx, tag_id) VALUES ((SELECT photo_idx FROM photos WHERE photo_id = 1304), (SELECT tag_id FROM tags WHERE name = 'sandstone'));

INSERT INTO photos (photo_id, photo_title, photo_collection, photo_location, photo_year, camera, film_stock, film_format) VALUES (1305, 'Red Canyon Wall', 'Southwest', 'Grand Staircase, Utah', 1998, 'Hasselblad', 'Fujichrome Velvia', '6 x 6 cm');
INSERT INTO photos_fts (photo_idx, photo_id, photo_title, photo_collection, photo_location, photo_year, camera, film_stock, film_format, tag_names) VALUES ((SELECT photo_idx FROM photos WHERE photo_id = 1305), 1305, 'Red Canyon Wall', 'Southwest', 'Grand Staircase, Utah', 1998, 'Hasselblad', 'Fujichrome Velvia', '6 x 6 cm', 'vertical,scenic,landscape,color,outdoors,orange,pink,red,rock,sandstone');
INSERT OR IGNORE INTO tags (name) VALUES ('vertical');
INSERT INTO photo_tags (photo_idx, tag_id) VALUES ((SELECT photo_idx FROM photos WHERE photo_id = 1305), (SELECT tag_id FROM tags WHERE name = 'vertical'));
INSERT OR IGNORE INTO tags (name) VALUES ('scenic');
INSERT INTO photo_tags (photo_idx, tag_id) VALUES ((SELECT photo_idx FROM photos WHERE photo_id = 1305), (SELECT tag_id FROM tags WHERE name = 'scenic'));
INSERT OR IGNORE INTO tags (name) VALUES ('landscape');
INSERT INTO photo_tags (photo_idx, tag_id) VALUES ((SELECT photo_idx FROM photos WHERE photo_id = 1305), (SELECT tag_id FROM tags WHERE name = 'landscape'));
INSERT OR IGNORE INTO tags (name) VALUES ('color');
INSERT INTO photo_tags (photo_idx, tag_id) VALUES ((SELECT photo_idx FROM photos WHERE photo_id = 1305), (SELECT tag_id FROM tags WHERE name = 'color'));
INSERT OR IGNORE INTO tags (name) VALUES ('outdoors');
INSERT INTO photo_tags (photo_idx, tag_id) VALUES ((SELECT photo_idx FROM photos WHERE photo_id = 1305), (SELECT tag_id FROM tags WHERE name = 'outdoors'));
INSERT OR IGNORE INTO tags (name) VALUES ('orange');
INSERT INTO photo_tags (photo_idx, tag_id) VALUES ((SELECT photo_idx FROM photos WHERE photo_id = 1305), (SELECT tag_id FROM tags WHERE name = 'orange'));
INSERT OR IGNORE INTO tags (name) VALUES ('pink');
INSERT INTO photo_tags (photo_idx, tag_id) VALUES ((SELECT photo_idx FROM photos WHERE photo_id = 1305), (SELECT tag_id FROM tags WHERE name = 'pink'));
INSERT OR IGNORE INTO tags (name) VALUES ('red');
INSERT INTO photo_tags (photo_idx, tag_id) VALUES ((SELECT photo_idx FROM photos WHERE photo_id = 1305), (SELECT tag_id FROM tags WHERE name = 'red'));
INSERT OR IGNORE INTO tags (name) VALUES ('rock');
INSERT INTO photo_tags (photo_idx, tag_id) VALUES ((SELECT photo_idx FROM photos WHERE photo_id = 1305), (SELECT tag_id FROM tags WHERE name = 'rock'));
INSERT OR IGNORE INTO tags (name) VALUES ('sandstone');
INSERT INTO photo_tags (photo_idx, tag_id) VALUES ((SELECT photo_idx FROM photos WHERE photo_id = 1305), (SELECT tag_id FROM tags WHERE name = 'sandstone'));

INSERT INTO photos (photo_id, photo_title, photo_collection, photo_location, photo_year, camera, film_stock, film_format) VALUES (1306, 'Red Rock Colors', 'Southwest', 'Grand Staircase, Utah', 1998, 'Hasselblad', 'Fujichrome Velvia', '6 x 6 cm');
INSERT INTO photos_fts (photo_idx, photo_id, photo_title, photo_collection, photo_location, photo_year, camera, film_stock, film_format, tag_names) VALUES ((SELECT photo_idx FROM photos WHERE photo_id = 1306), 1306, 'Red Rock Colors', 'Southwest', 'Grand Staircase, Utah', 1998, 'Hasselblad', 'Fujichrome Velvia', '6 x 6 cm', 'vertical,closeup,abstract,landscape,color,outdoors,red,rock,sandstone');
INSERT OR IGNORE INTO tags (name) VALUES ('vertical');
INSERT INTO photo_tags (photo_idx, tag_id) VALUES ((SELECT photo_idx FROM photos WHERE photo_id = 1306), (SELECT tag_id FROM tags WHERE name = 'vertical'));
INSERT OR IGNORE INTO tags (name) VALUES ('closeup');
INSERT INTO photo_tags (photo_idx, tag_id) VALUES ((SELECT photo_idx FROM photos WHERE photo_id = 1306), (SELECT tag_id FROM tags WHERE name = 'closeup'));
INSERT OR IGNORE INTO tags (name) VALUES ('abstract');
INSERT INTO photo_tags (photo_idx, tag_id) VALUES ((SELECT photo_idx FROM photos WHERE photo_id = 1306), (SELECT tag_id FROM tags WHERE name = 'abstract'));
INSERT OR IGNORE INTO tags (name) VALUES ('landscape');
INSERT INTO photo_tags (photo_idx, tag_id) VALUES ((SELECT photo_idx FROM photos WHERE photo_id = 1306), (SELECT tag_id FROM tags WHERE name = 'landscape'));
INSERT OR IGNORE INTO tags (name) VALUES ('color');
INSERT INTO photo_tags (photo_idx, tag_id) VALUES ((SELECT photo_idx FROM photos WHERE photo_id = 1306), (SELECT tag_id FROM tags WHERE name = 'color'));
INSERT OR IGNORE INTO tags (name) VALUES ('outdoors');
INSERT INTO photo_tags (photo_idx, tag_id) VALUES ((SELECT photo_idx FROM photos WHERE photo_id = 1306), (SELECT tag_id FROM tags WHERE name = 'outdoors'));
INSERT OR IGNORE INTO tags (name) VALUES ('red');
INSERT INTO photo_tags (photo_idx, tag_id) VALUES ((SELECT photo_idx FROM photos WHERE photo_id = 1306), (SELECT tag_id FROM tags WHERE name = 'red'));
INSERT OR IGNORE INTO tags (name) VALUES ('rock');
INSERT INTO photo_tags (photo_idx, tag_id) VALUES ((SELECT photo_idx FROM photos WHERE photo_id = 1306), (SELECT tag_id FROM tags WHERE name = 'rock'));
INSERT OR IGNORE INTO tags (name) VALUES ('sandstone');
INSERT INTO photo_tags (photo_idx, tag_id) VALUES ((SELECT photo_idx FROM photos WHERE photo_id = 1306), (SELECT tag_id FROM tags WHERE name = 'sandstone'));

INSERT INTO photos (photo_id, photo_title, photo_collection, photo_location, photo_year, camera, film_stock, film_format) VALUES (1307, 'Red Rock Detail', 'Southwest', 'Grand Staircase, Utah', 1998, 'Hasselblad', 'Fujichrome Velvia', '6 x 6 cm');
INSERT INTO photos_fts (photo_idx, photo_id, photo_title, photo_collection, photo_location, photo_year, camera, film_stock, film_format, tag_names) VALUES ((SELECT photo_idx FROM photos WHERE photo_id = 1307), 1307, 'Red Rock Detail', 'Southwest', 'Grand Staircase, Utah', 1998, 'Hasselblad', 'Fujichrome Velvia', '6 x 6 cm', 'vertical,closeup,abstract,landscape,color,outdoors,brown,red,rock,sandstone');
INSERT OR IGNORE INTO tags (name) VALUES ('vertical');
INSERT INTO photo_tags (photo_idx, tag_id) VALUES ((SELECT photo_idx FROM photos WHERE photo_id = 1307), (SELECT tag_id FROM tags WHERE name = 'vertical'));
INSERT OR IGNORE INTO tags (name) VALUES ('closeup');
INSERT INTO photo_tags (photo_idx, tag_id) VALUES ((SELECT photo_idx FROM photos WHERE photo_id = 1307), (SELECT tag_id FROM tags WHERE name = 'closeup'));
INSERT OR IGNORE INTO tags (name) VALUES ('abstract');
INSERT INTO photo_tags (photo_idx, tag_id) VALUES ((SELECT photo_idx FROM photos WHERE photo_id = 1307), (SELECT tag_id FROM tags WHERE name = 'abstract'));
INSERT OR IGNORE INTO tags (name) VALUES ('landscape');
INSERT INTO photo_tags (photo_idx, tag_id) VALUES ((SELECT photo_idx FROM photos WHERE photo_id = 1307), (SELECT tag_id FROM tags WHERE name = 'landscape'));
INSERT OR IGNORE INTO tags (name) VALUES ('color');
INSERT INTO photo_tags (photo_idx, tag_id) VALUES ((SELECT photo_idx FROM photos WHERE photo_id = 1307), (SELECT tag_id FROM tags WHERE name = 'color'));
INSERT OR IGNORE INTO tags (name) VALUES ('outdoors');
INSERT INTO photo_tags (photo_idx, tag_id) VALUES ((SELECT photo_idx FROM photos WHERE photo_id = 1307), (SELECT tag_id FROM tags WHERE name = 'outdoors'));
INSERT OR IGNORE INTO tags (name) VALUES ('brown');
INSERT INTO photo_tags (photo_idx, tag_id) VALUES ((SELECT photo_idx FROM photos WHERE photo_id = 1307), (SELECT tag_id FROM tags WHERE name = 'brown'));
INSERT OR IGNORE INTO tags (name) VALUES ('red');
INSERT INTO photo_tags (photo_idx, tag_id) VALUES ((SELECT photo_idx FROM photos WHERE photo_id = 1307), (SELECT tag_id FROM tags WHERE name = 'red'));
INSERT OR IGNORE INTO tags (name) VALUES ('rock');
INSERT INTO photo_tags (photo_idx, tag_id) VALUES ((SELECT photo_idx FROM photos WHERE photo_id = 1307), (SELECT tag_id FROM tags WHERE name = 'rock'));
INSERT OR IGNORE INTO tags (name) VALUES ('sandstone');
INSERT INTO photo_tags (photo_idx, tag_id) VALUES ((SELECT photo_idx FROM photos WHERE photo_id = 1307), (SELECT tag_id FROM tags WHERE name = 'sandstone'));

INSERT INTO photos (photo_id, photo_title, photo_collection, photo_location, photo_year, camera, film_stock, film_format) VALUES (1308, 'Inner Light', 'Southwest', 'Antelope Canyon, Arizona', 1998, 'Hasselblad', 'Fujichrome Velvia', '6 x 6 cm');
INSERT INTO photos_fts (photo_idx, photo_id, photo_title, photo_collection, photo_location, photo_year, camera, film_stock, film_format, tag_names) VALUES ((SELECT photo_idx FROM photos WHERE photo_id = 1308), 1308, 'Inner Light', 'Southwest', 'Antelope Canyon, Arizona', 1998, 'Hasselblad', 'Fujichrome Velvia', '6 x 6 cm', 'vertical,scenic,abstract,landscape,color,outdoors,black,orange,tan,rock,sandstone,canyon,slot canyon');
INSERT OR IGNORE INTO tags (name) VALUES ('vertical');
INSERT INTO photo_tags (photo_idx, tag_id) VALUES ((SELECT photo_idx FROM photos WHERE photo_id = 1308), (SELECT tag_id FROM tags WHERE name = 'vertical'));
INSERT OR IGNORE INTO tags (name) VALUES ('scenic');
INSERT INTO photo_tags (photo_idx, tag_id) VALUES ((SELECT photo_idx FROM photos WHERE photo_id = 1308), (SELECT tag_id FROM tags WHERE name = 'scenic'));
INSERT OR IGNORE INTO tags (name) VALUES ('abstract');
INSERT INTO photo_tags (photo_idx, tag_id) VALUES ((SELECT photo_idx FROM photos WHERE photo_id = 1308), (SELECT tag_id FROM tags WHERE name = 'abstract'));
INSERT OR IGNORE INTO tags (name) VALUES ('landscape');
INSERT INTO photo_tags (photo_idx, tag_id) VALUES ((SELECT photo_idx FROM photos WHERE photo_id = 1308), (SELECT tag_id FROM tags WHERE name = 'landscape'));
INSERT OR IGNORE INTO tags (name) VALUES ('color');
INSERT INTO photo_tags (photo_idx, tag_id) VALUES ((SELECT photo_idx FROM photos WHERE photo_id = 1308), (SELECT tag_id FROM tags WHERE name = 'color'));
INSERT OR IGNORE INTO tags (name) VALUES ('outdoors');
INSERT INTO photo_tags (photo_idx, tag_id) VALUES ((SELECT photo_idx FROM photos WHERE photo_id = 1308), (SELECT tag_id FROM tags WHERE name = 'outdoors'));
INSERT OR IGNORE INTO tags (name) VALUES ('black');
INSERT INTO photo_tags (photo_idx, tag_id) VALUES ((SELECT photo_idx FROM photos WHERE photo_id = 1308), (SELECT tag_id FROM tags WHERE name = 'black'));
INSERT OR IGNORE INTO tags (name) VALUES ('orange');
INSERT INTO photo_tags (photo_idx, tag_id) VALUES ((SELECT photo_idx FROM photos WHERE photo_id = 1308), (SELECT tag_id FROM tags WHERE name = 'orange'));
INSERT OR IGNORE INTO tags (name) VALUES ('tan');
INSERT INTO photo_tags (photo_idx, tag_id) VALUES ((SELECT photo_idx FROM photos WHERE photo_id = 1308), (SELECT tag_id FROM tags WHERE name = 'tan'));
INSERT OR IGNORE INTO tags (name) VALUES ('rock');
INSERT INTO photo_tags (photo_idx, tag_id) VALUES ((SELECT photo_idx FROM photos WHERE photo_id = 1308), (SELECT tag_id FROM tags WHERE name = 'rock'));
INSERT OR IGNORE INTO tags (name) VALUES ('sandstone');
INSERT INTO photo_tags (photo_idx, tag_id) VALUES ((SELECT photo_idx FROM photos WHERE photo_id = 1308), (SELECT tag_id FROM tags WHERE name = 'sandstone'));
INSERT OR IGNORE INTO tags (name) VALUES ('canyon');
INSERT INTO photo_tags (photo_idx, tag_id) VALUES ((SELECT photo_idx FROM photos WHERE photo_id = 1308), (SELECT tag_id FROM tags WHERE name = 'canyon'));
INSERT OR IGNORE INTO tags (name) VALUES ('slot canyon');
INSERT INTO photo_tags (photo_idx, tag_id) VALUES ((SELECT photo_idx FROM photos WHERE photo_id = 1308), (SELECT tag_id FROM tags WHERE name = 'slot canyon'));

INSERT INTO photos (photo_id, photo_title, photo_collection, photo_location, photo_year, camera, film_stock, film_format) VALUES (1311, 'Curved Sandstone Ridges', 'Southwest', 'Paria Wilderness, Arizona', 1998, 'Hasselblad', 'Fujichrome Velvia', '6 x 6 cm');
INSERT INTO photos_fts (photo_idx, photo_id, photo_title, photo_collection, photo_location, photo_year, camera, film_stock, film_format, tag_names) VALUES ((SELECT photo_idx FROM photos WHERE photo_id = 1311), 1311, 'Curved Sandstone Ridges', 'Southwest', 'Paria Wilderness, Arizona', 1998, 'Hasselblad', 'Fujichrome Velvia', '6 x 6 cm', 'vertical,scenic,landscape,color,outdoors,orange,tan,rock,sandstone');
INSERT OR IGNORE INTO tags (name) VALUES ('vertical');
INSERT INTO photo_tags (photo_idx, tag_id) VALUES ((SELECT photo_idx FROM photos WHERE photo_id = 1311), (SELECT tag_id FROM tags WHERE name = 'vertical'));
INSERT OR IGNORE INTO tags (name) VALUES ('scenic');
INSERT INTO photo_tags (photo_idx, tag_id) VALUES ((SELECT photo_idx FROM photos WHERE photo_id = 1311), (SELECT tag_id FROM tags WHERE name = 'scenic'));
INSERT OR IGNORE INTO tags (name) VALUES ('landscape');
INSERT INTO photo_tags (photo_idx, tag_id) VALUES ((SELECT photo_idx FROM photos WHERE photo_id = 1311), (SELECT tag_id FROM tags WHERE name = 'landscape'));
INSERT OR IGNORE INTO tags (name) VALUES ('color');
INSERT INTO photo_tags (photo_idx, tag_id) VALUES ((SELECT photo_idx FROM photos WHERE photo_id = 1311), (SELECT tag_id FROM tags WHERE name = 'color'));
INSERT OR IGNORE INTO tags (name) VALUES ('outdoors');
INSERT INTO photo_tags (photo_idx, tag_id) VALUES ((SELECT photo_idx FROM photos WHERE photo_id = 1311), (SELECT tag_id FROM tags WHERE name = 'outdoors'));
INSERT OR IGNORE INTO tags (name) VALUES ('orange');
INSERT INTO photo_tags (photo_idx, tag_id) VALUES ((SELECT photo_idx FROM photos WHERE photo_id = 1311), (SELECT tag_id FROM tags WHERE name = 'orange'));
INSERT OR IGNORE INTO tags (name) VALUES ('tan');
INSERT INTO photo_tags (photo_idx, tag_id) VALUES ((SELECT photo_idx FROM photos WHERE photo_id = 1311), (SELECT tag_id FROM tags WHERE name = 'tan'));
INSERT OR IGNORE INTO tags (name) VALUES ('rock');
INSERT INTO photo_tags (photo_idx, tag_id) VALUES ((SELECT photo_idx FROM photos WHERE photo_id = 1311), (SELECT tag_id FROM tags WHERE name = 'rock'));
INSERT OR IGNORE INTO tags (name) VALUES ('sandstone');
INSERT INTO photo_tags (photo_idx, tag_id) VALUES ((SELECT photo_idx FROM photos WHERE photo_id = 1311), (SELECT tag_id FROM tags WHERE name = 'sandstone'));

INSERT INTO photos (photo_id, photo_title, photo_collection, photo_location, photo_year, camera, film_stock, film_format) VALUES (1314, 'Gentle Sandstone Design', 'Southwest', 'Buckskin Gulch, Utah', 1998, 'Hasselblad', 'Fujichrome Velvia', '6 x 6 cm');
INSERT INTO photos_fts (photo_idx, photo_id, photo_title, photo_collection, photo_location, photo_year, camera, film_stock, film_format, tag_names) VALUES ((SELECT photo_idx FROM photos WHERE photo_id = 1314), 1314, 'Gentle Sandstone Design', 'Southwest', 'Buckskin Gulch, Utah', 1998, 'Hasselblad', 'Fujichrome Velvia', '6 x 6 cm', 'horizontal,closeup,abstract,landscape,color,outdoors,brown,orange,tan,rock,sandstone');
INSERT OR IGNORE INTO tags (name) VALUES ('horizontal');
INSERT INTO photo_tags (photo_idx, tag_id) VALUES ((SELECT photo_idx FROM photos WHERE photo_id = 1314), (SELECT tag_id FROM tags WHERE name = 'horizontal'));
INSERT OR IGNORE INTO tags (name) VALUES ('closeup');
INSERT INTO photo_tags (photo_idx, tag_id) VALUES ((SELECT photo_idx FROM photos WHERE photo_id = 1314), (SELECT tag_id FROM tags WHERE name = 'closeup'));
INSERT OR IGNORE INTO tags (name) VALUES ('abstract');
INSERT INTO photo_tags (photo_idx, tag_id) VALUES ((SELECT photo_idx FROM photos WHERE photo_id = 1314), (SELECT tag_id FROM tags WHERE name = 'abstract'));
INSERT OR IGNORE INTO tags (name) VALUES ('landscape');
INSERT INTO photo_tags (photo_idx, tag_id) VALUES ((SELECT photo_idx FROM photos WHERE photo_id = 1314), (SELECT tag_id FROM tags WHERE name = 'landscape'));
INSERT OR IGNORE INTO tags (name) VALUES ('color');
INSERT INTO photo_tags (photo_idx, tag_id) VALUES ((SELECT photo_idx FROM photos WHERE photo_id = 1314), (SELECT tag_id FROM tags WHERE name = 'color'));
INSERT OR IGNORE INTO tags (name) VALUES ('outdoors');
INSERT INTO photo_tags (photo_idx, tag_id) VALUES ((SELECT photo_idx FROM photos WHERE photo_id = 1314), (SELECT tag_id FROM tags WHERE name = 'outdoors'));
INSERT OR IGNORE INTO tags (name) VALUES ('brown');
INSERT INTO photo_tags (photo_idx, tag_id) VALUES ((SELECT photo_idx FROM photos WHERE photo_id = 1314), (SELECT tag_id FROM tags WHERE name = 'brown'));
INSERT OR IGNORE INTO tags (name) VALUES ('orange');
INSERT INTO photo_tags (photo_idx, tag_id) VALUES ((SELECT photo_idx FROM photos WHERE photo_id = 1314), (SELECT tag_id FROM tags WHERE name = 'orange'));
INSERT OR IGNORE INTO tags (name) VALUES ('tan');
INSERT INTO photo_tags (photo_idx, tag_id) VALUES ((SELECT photo_idx FROM photos WHERE photo_id = 1314), (SELECT tag_id FROM tags WHERE name = 'tan'));
INSERT OR IGNORE INTO tags (name) VALUES ('rock');
INSERT INTO photo_tags (photo_idx, tag_id) VALUES ((SELECT photo_idx FROM photos WHERE photo_id = 1314), (SELECT tag_id FROM tags WHERE name = 'rock'));
INSERT OR IGNORE INTO tags (name) VALUES ('sandstone');
INSERT INTO photo_tags (photo_idx, tag_id) VALUES ((SELECT photo_idx FROM photos WHERE photo_id = 1314), (SELECT tag_id FROM tags WHERE name = 'sandstone'));

INSERT INTO photos (photo_id, photo_title, photo_collection, photo_location, photo_year, camera, film_stock, film_format) VALUES (1318, 'Diagonal Sandstone Ridges', 'Southwest', 'Paria Wilderness, Arizona', 1998, 'Hasselblad', 'Fujichrome Velvia', '6 x 6 cm');
INSERT INTO photos_fts (photo_idx, photo_id, photo_title, photo_collection, photo_location, photo_year, camera, film_stock, film_format, tag_names) VALUES ((SELECT photo_idx FROM photos WHERE photo_id = 1318), 1318, 'Diagonal Sandstone Ridges', 'Southwest', 'Paria Wilderness, Arizona', 1998, 'Hasselblad', 'Fujichrome Velvia', '6 x 6 cm', 'vertical,scenic,landscape,color,outdoors,orange,tan,rock,sandstone');
INSERT OR IGNORE INTO tags (name) VALUES ('vertical');
INSERT INTO photo_tags (photo_idx, tag_id) VALUES ((SELECT photo_idx FROM photos WHERE photo_id = 1318), (SELECT tag_id FROM tags WHERE name = 'vertical'));
INSERT OR IGNORE INTO tags (name) VALUES ('scenic');
INSERT INTO photo_tags (photo_idx, tag_id) VALUES ((SELECT photo_idx FROM photos WHERE photo_id = 1318), (SELECT tag_id FROM tags WHERE name = 'scenic'));
INSERT OR IGNORE INTO tags (name) VALUES ('landscape');
INSERT INTO photo_tags (photo_idx, tag_id) VALUES ((SELECT photo_idx FROM photos WHERE photo_id = 1318), (SELECT tag_id FROM tags WHERE name = 'landscape'));
INSERT OR IGNORE INTO tags (name) VALUES ('color');
INSERT INTO photo_tags (photo_idx, tag_id) VALUES ((SELECT photo_idx FROM photos WHERE photo_id = 1318), (SELECT tag_id FROM tags WHERE name = 'color'));
INSERT OR IGNORE INTO tags (name) VALUES ('outdoors');
INSERT INTO photo_tags (photo_idx, tag_id) VALUES ((SELECT photo_idx FROM photos WHERE photo_id = 1318), (SELECT tag_id FROM tags WHERE name = 'outdoors'));
INSERT OR IGNORE INTO tags (name) VALUES ('orange');
INSERT INTO photo_tags (photo_idx, tag_id) VALUES ((SELECT photo_idx FROM photos WHERE photo_id = 1318), (SELECT tag_id FROM tags WHERE name = 'orange'));
INSERT OR IGNORE INTO tags (name) VALUES ('tan');
INSERT INTO photo_tags (photo_idx, tag_id) VALUES ((SELECT photo_idx FROM photos WHERE photo_id = 1318), (SELECT tag_id FROM tags WHERE name = 'tan'));
INSERT OR IGNORE INTO tags (name) VALUES ('rock');
INSERT INTO photo_tags (photo_idx, tag_id) VALUES ((SELECT photo_idx FROM photos WHERE photo_id = 1318), (SELECT tag_id FROM tags WHERE name = 'rock'));
INSERT OR IGNORE INTO tags (name) VALUES ('sandstone');
INSERT INTO photo_tags (photo_idx, tag_id) VALUES ((SELECT photo_idx FROM photos WHERE photo_id = 1318), (SELECT tag_id FROM tags WHERE name = 'sandstone'));

INSERT INTO photos (photo_id, photo_title, photo_collection, photo_location, photo_year, camera, film_stock, film_format) VALUES (1331, 'Gaia''s Epiphyllum', 'Flower Portraits', 'San Jose, California', 1998, 'Hasselblad', 'Fujichrome Velvia', '6 x 6 cm');
INSERT INTO photos_fts (photo_idx, photo_id, photo_title, photo_collection, photo_location, photo_year, camera, film_stock, film_format, tag_names) VALUES ((SELECT photo_idx FROM photos WHERE photo_id = 1331), 1331, 'Gaia''s Epiphyllum', 'Flower Portraits', 'San Jose, California', 1998, 'Hasselblad', 'Fujichrome Velvia', '6 x 6 cm', 'horizontal,closeup,color,studio,pink,red,white,flowers');
INSERT OR IGNORE INTO tags (name) VALUES ('horizontal');
INSERT INTO photo_tags (photo_idx, tag_id) VALUES ((SELECT photo_idx FROM photos WHERE photo_id = 1331), (SELECT tag_id FROM tags WHERE name = 'horizontal'));
INSERT OR IGNORE INTO tags (name) VALUES ('closeup');
INSERT INTO photo_tags (photo_idx, tag_id) VALUES ((SELECT photo_idx FROM photos WHERE photo_id = 1331), (SELECT tag_id FROM tags WHERE name = 'closeup'));
INSERT OR IGNORE INTO tags (name) VALUES ('color');
INSERT INTO photo_tags (photo_idx, tag_id) VALUES ((SELECT photo_idx FROM photos WHERE photo_id = 1331), (SELECT tag_id FROM tags WHERE name = 'color'));
INSERT OR IGNORE INTO tags (name) VALUES ('studio');
INSERT INTO photo_tags (photo_idx, tag_id) VALUES ((SELECT photo_idx FROM photos WHERE photo_id = 1331), (SELECT tag_id FROM tags WHERE name = 'studio'));
INSERT OR IGNORE INTO tags (name) VALUES ('pink');
INSERT INTO photo_tags (photo_idx, tag_id) VALUES ((SELECT photo_idx FROM photos WHERE photo_id = 1331), (SELECT tag_id FROM tags WHERE name = 'pink'));
INSERT OR IGNORE INTO tags (name) VALUES ('red');
INSERT INTO photo_tags (photo_idx, tag_id) VALUES ((SELECT photo_idx FROM photos WHERE photo_id = 1331), (SELECT tag_id FROM tags WHERE name = 'red'));
INSERT OR IGNORE INTO tags (name) VALUES ('white');
INSERT INTO photo_tags (photo_idx, tag_id) VALUES ((SELECT photo_idx FROM photos WHERE photo_id = 1331), (SELECT tag_id FROM tags WHERE name = 'white'));
INSERT OR IGNORE INTO tags (name) VALUES ('flowers');
INSERT INTO photo_tags (photo_idx, tag_id) VALUES ((SELECT photo_idx FROM photos WHERE photo_id = 1331), (SELECT tag_id FROM tags WHERE name = 'flowers'));

INSERT INTO photos (photo_id, photo_title, photo_collection, photo_location, photo_year, camera, film_stock, film_format) VALUES (1332, 'Epiphyllum Detail', 'Flower Portraits', 'San Jose, California', 1998, 'Hasselblad', 'Fujichrome Velvia', '6 x 6 cm');
INSERT INTO photos_fts (photo_idx, photo_id, photo_title, photo_collection, photo_location, photo_year, camera, film_stock, film_format, tag_names) VALUES ((SELECT photo_idx FROM photos WHERE photo_id = 1332), 1332, 'Epiphyllum Detail', 'Flower Portraits', 'San Jose, California', 1998, 'Hasselblad', 'Fujichrome Velvia', '6 x 6 cm', 'horizontal,popular,closeup,color,studio,pink,red,white,flowers');
INSERT OR IGNORE INTO tags (name) VALUES ('horizontal');
INSERT INTO photo_tags (photo_idx, tag_id) VALUES ((SELECT photo_idx FROM photos WHERE photo_id = 1332), (SELECT tag_id FROM tags WHERE name = 'horizontal'));
INSERT OR IGNORE INTO tags (name) VALUES ('popular');
INSERT INTO photo_tags (photo_idx, tag_id) VALUES ((SELECT photo_idx FROM photos WHERE photo_id = 1332), (SELECT tag_id FROM tags WHERE name = 'popular'));
INSERT OR IGNORE INTO tags (name) VALUES ('closeup');
INSERT INTO photo_tags (photo_idx, tag_id) VALUES ((SELECT photo_idx FROM photos WHERE photo_id = 1332), (SELECT tag_id FROM tags WHERE name = 'closeup'));
INSERT OR IGNORE INTO tags (name) VALUES ('color');
INSERT INTO photo_tags (photo_idx, tag_id) VALUES ((SELECT photo_idx FROM photos WHERE photo_id = 1332), (SELECT tag_id FROM tags WHERE name = 'color'));
INSERT OR IGNORE INTO tags (name) VALUES ('studio');
INSERT INTO photo_tags (photo_idx, tag_id) VALUES ((SELECT photo_idx FROM photos WHERE photo_id = 1332), (SELECT tag_id FROM tags WHERE name = 'studio'));
INSERT OR IGNORE INTO tags (name) VALUES ('pink');
INSERT INTO photo_tags (photo_idx, tag_id) VALUES ((SELECT photo_idx FROM photos WHERE photo_id = 1332), (SELECT tag_id FROM tags WHERE name = 'pink'));
INSERT OR IGNORE INTO tags (name) VALUES ('red');
INSERT INTO photo_tags (photo_idx, tag_id) VALUES ((SELECT photo_idx FROM photos WHERE photo_id = 1332), (SELECT tag_id FROM tags WHERE name = 'red'));
INSERT OR IGNORE INTO tags (name) VALUES ('white');
INSERT INTO photo_tags (photo_idx, tag_id) VALUES ((SELECT photo_idx FROM photos WHERE photo_id = 1332), (SELECT tag_id FROM tags WHERE name = 'white'));
INSERT OR IGNORE INTO tags (name) VALUES ('flowers');
INSERT INTO photo_tags (photo_idx, tag_id) VALUES ((SELECT photo_idx FROM photos WHERE photo_id = 1332), (SELECT tag_id FROM tags WHERE name = 'flowers'));