INSERT INTO photos (photo_id, photo_title, photo_collection, photo_location, photo_year, camera, film_stock, film_format) VALUES (1336, 'October Sunflower', 'Flower Portraits', 'Half Moon Bay, California', 1998, 'Hasselblad', 'Fujichrome Velvia', '6 x 6 cm');
INSERT INTO photos_fts (photo_idx, photo_id, photo_title, photo_collection, photo_location, photo_year, camera, film_stock, film_format, tag_names) VALUES ((SELECT photo_idx FROM photos WHERE photo_id = 1336), 1336, 'October Sunflower', 'Flower Portraits', 'Half Moon Bay, California', 1998, 'Hasselblad', 'Fujichrome Velvia', '6 x 6 cm', 'horizontal,popular,closeup,color,studio,black,green,yellow,flowers');
INSERT OR IGNORE INTO tags (name) VALUES ('horizontal');
INSERT INTO photo_tags (photo_idx, tag_id) VALUES ((SELECT photo_idx FROM photos WHERE photo_id = 1336), (SELECT tag_id FROM tags WHERE name = 'horizontal'));
INSERT OR IGNORE INTO tags (name) VALUES ('popular');
INSERT INTO photo_tags (photo_idx, tag_id) VALUES ((SELECT photo_idx FROM photos WHERE photo_id = 1336), (SELECT tag_id FROM tags WHERE name = 'popular'));
INSERT OR IGNORE INTO tags (name) VALUES ('closeup');
INSERT INTO photo_tags (photo_idx, tag_id) VALUES ((SELECT photo_idx FROM photos WHERE photo_id = 1336), (SELECT tag_id FROM tags WHERE name = 'closeup'));
INSERT OR IGNORE INTO tags (name) VALUES ('color');
INSERT INTO photo_tags (photo_idx, tag_id) VALUES ((SELECT photo_idx FROM photos WHERE photo_id = 1336), (SELECT tag_id FROM tags WHERE name = 'color'));
INSERT OR IGNORE INTO tags (name) VALUES ('studio');
INSERT INTO photo_tags (photo_idx, tag_id) VALUES ((SELECT photo_idx FROM photos WHERE photo_id = 1336), (SELECT tag_id FROM tags WHERE name = 'studio'));
INSERT OR IGNORE INTO tags (name) VALUES ('black');
INSERT INTO photo_tags (photo_idx, tag_id) VALUES ((SELECT photo_idx FROM photos WHERE photo_id = 1336), (SELECT tag_id FROM tags WHERE name = 'black'));
INSERT OR IGNORE INTO tags (name) VALUES ('green');
INSERT INTO photo_tags (photo_idx, tag_id) VALUES ((SELECT photo_idx FROM photos WHERE photo_id = 1336), (SELECT tag_id FROM tags WHERE name = 'green'));
INSERT OR IGNORE INTO tags (name) VALUES ('yellow');
INSERT INTO photo_tags (photo_idx, tag_id) VALUES ((SELECT photo_idx FROM photos WHERE photo_id = 1336), (SELECT tag_id FROM tags WHERE name = 'yellow'));
INSERT OR IGNORE INTO tags (name) VALUES ('flowers');
INSERT INTO photo_tags (photo_idx, tag_id) VALUES ((SELECT photo_idx FROM photos WHERE photo_id = 1336), (SELECT tag_id FROM tags WHERE name = 'flowers'));

INSERT INTO photos (photo_id, photo_title, photo_collection, photo_location, photo_year, camera, film_stock, film_format) VALUES (1338, 'Round Cactus', 'Flower Portraits', 'Half Moon Bay, California', 1998, 'Hasselblad', 'Fujichrome Velvia', '6 x 6 cm');
INSERT INTO photos_fts (photo_idx, photo_id, photo_title, photo_collection, photo_location, photo_year, camera, film_stock, film_format, tag_names) VALUES ((SELECT photo_idx FROM photos WHERE photo_id = 1338), 1338, 'Round Cactus', 'Flower Portraits', 'Half Moon Bay, California', 1998, 'Hasselblad', 'Fujichrome Velvia', '6 x 6 cm', 'horizontal,closeup,color,studio,black,green,white,flowers');
INSERT OR IGNORE INTO tags (name) VALUES ('horizontal');
INSERT INTO photo_tags (photo_idx, tag_id) VALUES ((SELECT photo_idx FROM photos WHERE photo_id = 1338), (SELECT tag_id FROM tags WHERE name = 'horizontal'));
INSERT OR IGNORE INTO tags (name) VALUES ('closeup');
INSERT INTO photo_tags (photo_idx, tag_id) VALUES ((SELECT photo_idx FROM photos WHERE photo_id = 1338), (SELECT tag_id FROM tags WHERE name = 'closeup'));
INSERT OR IGNORE INTO tags (name) VALUES ('color');
INSERT INTO photo_tags (photo_idx, tag_id) VALUES ((SELECT photo_idx FROM photos WHERE photo_id = 1338), (SELECT tag_id FROM tags WHERE name = 'color'));
INSERT OR IGNORE INTO tags (name) VALUES ('studio');
INSERT INTO photo_tags (photo_idx, tag_id) VALUES ((SELECT photo_idx FROM photos WHERE photo_id = 1338), (SELECT tag_id FROM tags WHERE name = 'studio'));
INSERT OR IGNORE INTO tags (name) VALUES ('black');
INSERT INTO photo_tags (photo_idx, tag_id) VALUES ((SELECT photo_idx FROM photos WHERE photo_id = 1338), (SELECT tag_id FROM tags WHERE name = 'black'));
INSERT OR IGNORE INTO tags (name) VALUES ('green');
INSERT INTO photo_tags (photo_idx, tag_id) VALUES ((SELECT photo_idx FROM photos WHERE photo_id = 1338), (SELECT tag_id FROM tags WHERE name = 'green'));
INSERT OR IGNORE INTO tags (name) VALUES ('white');
INSERT INTO photo_tags (photo_idx, tag_id) VALUES ((SELECT photo_idx FROM photos WHERE photo_id = 1338), (SELECT tag_id FROM tags WHERE name = 'white'));
INSERT OR IGNORE INTO tags (name) VALUES ('flowers');
INSERT INTO photo_tags (photo_idx, tag_id) VALUES ((SELECT photo_idx FROM photos WHERE photo_id = 1338), (SELECT tag_id FROM tags WHERE name = 'flowers'));

INSERT INTO photos (photo_id, photo_title, photo_collection, photo_location, photo_year, camera, film_stock, film_format) VALUES (1339, 'Oriental Lily', 'Flower Portraits', 'Half Moon Bay, California', 1998, 'Hasselblad', 'Fujichrome Velvia', '6 x 6 cm');
INSERT INTO photos_fts (photo_idx, photo_id, photo_title, photo_collection, photo_location, photo_year, camera, film_stock, film_format, tag_names) VALUES ((SELECT photo_idx FROM photos WHERE photo_id = 1339), 1339, 'Oriental Lily', 'Flower Portraits', 'Half Moon Bay, California', 1998, 'Hasselblad', 'Fujichrome Velvia', '6 x 6 cm', 'vertical,closeup,color,studio,black,pink,red,flowers,lily');
INSERT OR IGNORE INTO tags (name) VALUES ('vertical');
INSERT INTO photo_tags (photo_idx, tag_id) VALUES ((SELECT photo_idx FROM photos WHERE photo_id = 1339), (SELECT tag_id FROM tags WHERE name = 'vertical'));
INSERT OR IGNORE INTO tags (name) VALUES ('closeup');
INSERT INTO photo_tags (photo_idx, tag_id) VALUES ((SELECT photo_idx FROM photos WHERE photo_id = 1339), (SELECT tag_id FROM tags WHERE name = 'closeup'));
INSERT OR IGNORE INTO tags (name) VALUES ('color');
INSERT INTO photo_tags (photo_idx, tag_id) VALUES ((SELECT photo_idx FROM photos WHERE photo_id = 1339), (SELECT tag_id FROM tags WHERE name = 'color'));
INSERT OR IGNORE INTO tags (name) VALUES ('studio');
INSERT INTO photo_tags (photo_idx, tag_id) VALUES ((SELECT photo_idx FROM photos WHERE photo_id = 1339), (SELECT tag_id FROM tags WHERE name = 'studio'));
INSERT OR IGNORE INTO tags (name) VALUES ('black');
INSERT INTO photo_tags (photo_idx, tag_id) VALUES ((SELECT photo_idx FROM photos WHERE photo_id = 1339), (SELECT tag_id FROM tags WHERE name = 'black'));
INSERT OR IGNORE INTO tags (name) VALUES ('pink');
INSERT INTO photo_tags (photo_idx, tag_id) VALUES ((SELECT photo_idx FROM photos WHERE photo_id = 1339), (SELECT tag_id FROM tags WHERE name = 'pink'));
INSERT OR IGNORE INTO tags (name) VALUES ('red');
INSERT INTO photo_tags (photo_idx, tag_id) VALUES ((SELECT photo_idx FROM photos WHERE photo_id = 1339), (SELECT tag_id FROM tags WHERE name = 'red'));
INSERT OR IGNORE INTO tags (name) VALUES ('flowers');
INSERT INTO photo_tags (photo_idx, tag_id) VALUES ((SELECT photo_idx FROM photos WHERE photo_id = 1339), (SELECT tag_id FROM tags WHERE name = 'flowers'));
INSERT OR IGNORE INTO tags (name) VALUES ('lily');
INSERT INTO photo_tags (photo_idx, tag_id) VALUES ((SELECT photo_idx FROM photos WHERE photo_id = 1339), (SELECT tag_id FROM tags WHERE name = 'lily'));

INSERT INTO photos (photo_id, photo_title, photo_collection, photo_location, photo_year, camera, film_stock, film_format) VALUES (1340, 'Oriental Lily Detail', 'Flower Portraits', 'Half Moon Bay, California', 1998, 'Hasselblad', 'Fujichrome Velvia', '6 x 6 cm');
INSERT INTO photos_fts (photo_idx, photo_id, photo_title, photo_collection, photo_location, photo_year, camera, film_stock, film_format, tag_names) VALUES ((SELECT photo_idx FROM photos WHERE photo_id = 1340), 1340, 'Oriental Lily Detail', 'Flower Portraits', 'Half Moon Bay, California', 1998, 'Hasselblad', 'Fujichrome Velvia', '6 x 6 cm', 'vertical,closeup,color,studio,pink,red,flowers,lily');
INSERT OR IGNORE INTO tags (name) VALUES ('vertical');
INSERT INTO photo_tags (photo_idx, tag_id) VALUES ((SELECT photo_idx FROM photos WHERE photo_id = 1340), (SELECT tag_id FROM tags WHERE name = 'vertical'));
INSERT OR IGNORE INTO tags (name) VALUES ('closeup');
INSERT INTO photo_tags (photo_idx, tag_id) VALUES ((SELECT photo_idx FROM photos WHERE photo_id = 1340), (SELECT tag_id FROM tags WHERE name = 'closeup'));
INSERT OR IGNORE INTO tags (name) VALUES ('color');
INSERT INTO photo_tags (photo_idx, tag_id) VALUES ((SELECT photo_idx FROM photos WHERE photo_id = 1340), (SELECT tag_id FROM tags WHERE name = 'color'));
INSERT OR IGNORE INTO tags (name) VALUES ('studio');
INSERT INTO photo_tags (photo_idx, tag_id) VALUES ((SELECT photo_idx FROM photos WHERE photo_id = 1340), (SELECT tag_id FROM tags WHERE name = 'studio'));
INSERT OR IGNORE INTO tags (name) VALUES ('pink');
INSERT INTO photo_tags (photo_idx, tag_id) VALUES ((SELECT photo_idx FROM photos WHERE photo_id = 1340), (SELECT tag_id FROM tags WHERE name = 'pink'));
INSERT OR IGNORE INTO tags (name) VALUES ('red');
INSERT INTO photo_tags (photo_idx, tag_id) VALUES ((SELECT photo_idx FROM photos WHERE photo_id = 1340), (SELECT tag_id FROM tags WHERE name = 'red'));
INSERT OR IGNORE INTO tags (name) VALUES ('flowers');
INSERT INTO photo_tags (photo_idx, tag_id) VALUES ((SELECT photo_idx FROM photos WHERE photo_id = 1340), (SELECT tag_id FROM tags WHERE name = 'flowers'));
INSERT OR IGNORE INTO tags (name) VALUES ('lily');
INSERT INTO photo_tags (photo_idx, tag_id) VALUES ((SELECT photo_idx FROM photos WHERE photo_id = 1340), (SELECT tag_id FROM tags WHERE name = 'lily'));

INSERT INTO photos (photo_id, photo_title, photo_collection, photo_location, photo_year, camera, film_stock, film_format) VALUES (1341, 'Heather', 'Flower Portraits', 'Half Moon Bay, California', 1998, 'Hasselblad', 'Fujichrome Velvia', '6 x 6 cm');
INSERT INTO photos_fts (photo_idx, photo_id, photo_title, photo_collection, photo_location, photo_year, camera, film_stock, film_format, tag_names) VALUES ((SELECT photo_idx FROM photos WHERE photo_id = 1341), 1341, 'Heather', 'Flower Portraits', 'Half Moon Bay, California', 1998, 'Hasselblad', 'Fujichrome Velvia', '6 x 6 cm', 'vertical,closeup,color,studio,green,pink,flowers,blossoms,wildflowers');
INSERT OR IGNORE INTO tags (name) VALUES ('vertical');
INSERT INTO photo_tags (photo_idx, tag_id) VALUES ((SELECT photo_idx FROM photos WHERE photo_id = 1341), (SELECT tag_id FROM tags WHERE name = 'vertical'));
INSERT OR IGNORE INTO tags (name) VALUES ('closeup');
INSERT INTO photo_tags (photo_idx, tag_id) VALUES ((SELECT photo_idx FROM photos WHERE photo_id = 1341), (SELECT tag_id FROM tags WHERE name = 'closeup'));
INSERT OR IGNORE INTO tags (name) VALUES ('color');
INSERT INTO photo_tags (photo_idx, tag_id) VALUES ((SELECT photo_idx FROM photos WHERE photo_id = 1341), (SELECT tag_id FROM tags WHERE name = 'color'));
INSERT OR IGNORE INTO tags (name) VALUES ('studio');
INSERT INTO photo_tags (photo_idx, tag_id) VALUES ((SELECT photo_idx FROM photos WHERE photo_id = 1341), (SELECT tag_id FROM tags WHERE name = 'studio'));
INSERT OR IGNORE INTO tags (name) VALUES ('green');
INSERT INTO photo_tags (photo_idx, tag_id) VALUES ((SELECT photo_idx FROM photos WHERE photo_id = 1341), (SELECT tag_id FROM tags WHERE name = 'green'));
INSERT OR IGNORE INTO tags (name) VALUES ('pink');
INSERT INTO photo_tags (photo_idx, tag_id) VALUES ((SELECT photo_idx FROM photos WHERE photo_id = 1341), (SELECT tag_id FROM tags WHERE name = 'pink'));
INSERT OR IGNORE INTO tags (name) VALUES ('flowers');
INSERT INTO photo_tags (photo_idx, tag_id) VALUES ((SELECT photo_idx FROM photos WHERE photo_id = 1341), (SELECT tag_id FROM tags WHERE name = 'flowers'));
INSERT OR IGNORE INTO tags (name) VALUES ('blossoms');
INSERT INTO photo_tags (photo_idx, tag_id) VALUES ((SELECT photo_idx FROM photos WHERE photo_id = 1341), (SELECT tag_id FROM tags WHERE name = 'blossoms'));
INSERT OR IGNORE INTO tags (name) VALUES ('wildflowers');
INSERT INTO photo_tags (photo_idx, tag_id) VALUES ((SELECT photo_idx FROM photos WHERE photo_id = 1341), (SELECT tag_id FROM tags WHERE name = 'wildflowers'));

INSERT INTO photos (photo_id, photo_title, photo_collection, photo_location, photo_year, camera, film_stock, film_format) VALUES (1343, 'Los Trancos Arch', 'California', 'Portola Valley, California', 1998, 'Hasselblad', 'Fujichrome Velvia', '6 x 6 cm');
INSERT INTO photos_fts (photo_idx, photo_id, photo_title, photo_collection, photo_location, photo_year, camera, film_stock, film_format, tag_names) VALUES ((SELECT photo_idx FROM photos WHERE photo_id = 1343), 1343, 'Los Trancos Arch', 'California', 'Portola Valley, California', 1998, 'Hasselblad', 'Fujichrome Velvia', '6 x 6 cm', 'horizontal,scenic,landscape,color,outdoors,green,trees,foliage,forest');
INSERT OR IGNORE INTO tags (name) VALUES ('horizontal');
INSERT INTO photo_tags (photo_idx, tag_id) VALUES ((SELECT photo_idx FROM photos WHERE photo_id = 1343), (SELECT tag_id FROM tags WHERE name = 'horizontal'));
INSERT OR IGNORE INTO tags (name) VALUES ('scenic');
INSERT INTO photo_tags (photo_idx, tag_id) VALUES ((SELECT photo_idx FROM photos WHERE photo_id = 1343), (SELECT tag_id FROM tags WHERE name = 'scenic'));
INSERT OR IGNORE INTO tags (name) VALUES ('landscape');
INSERT INTO photo_tags (photo_idx, tag_id) VALUES ((SELECT photo_idx FROM photos WHERE photo_id = 1343), (SELECT tag_id FROM tags WHERE name = 'landscape'));
INSERT OR IGNORE INTO tags (name) VALUES ('color');
INSERT INTO photo_tags (photo_idx, tag_id) VALUES ((SELECT photo_idx FROM photos WHERE photo_id = 1343), (SELECT tag_id FROM tags WHERE name = 'color'));
INSERT OR IGNORE INTO tags (name) VALUES ('outdoors');
INSERT INTO photo_tags (photo_idx, tag_id) VALUES ((SELECT photo_idx FROM photos WHERE photo_id = 1343), (SELECT tag_id FROM tags WHERE name = 'outdoors'));
INSERT OR IGNORE INTO tags (name) VALUES ('green');
INSERT INTO photo_tags (photo_idx, tag_id) VALUES ((SELECT photo_idx FROM photos WHERE photo_id = 1343), (SELECT tag_id FROM tags WHERE name = 'green'));
INSERT OR IGNORE INTO tags (name) VALUES ('trees');
INSERT INTO photo_tags (photo_idx, tag_id) VALUES ((SELECT photo_idx FROM photos WHERE photo_id = 1343), (SELECT tag_id FROM tags WHERE name = 'trees'));
INSERT OR IGNORE INTO tags (name) VALUES ('foliage');
INSERT INTO photo_tags (photo_idx, tag_id) VALUES ((SELECT photo_idx FROM photos WHERE photo_id = 1343), (SELECT tag_id FROM tags WHERE name = 'foliage'));
INSERT OR IGNORE INTO tags (name) VALUES ('forest');
INSERT INTO photo_tags (photo_idx, tag_id) VALUES ((SELECT photo_idx FROM photos WHERE photo_id = 1343), (SELECT tag_id FROM tags WHERE name = 'forest'));

INSERT INTO photos (photo_id, photo_title, photo_collection, photo_location, photo_year, camera, film_stock, film_format) VALUES (1344, 'Los Trancos Greens', 'California', 'Portola Valley, California', 1998, 'Hasselblad', 'Fujichrome Velvia', '6 x 6 cm');
INSERT INTO photos_fts (photo_idx, photo_id, photo_title, photo_collection, photo_location, photo_year, camera, film_stock, film_format, tag_names) VALUES ((SELECT photo_idx FROM photos WHERE photo_id = 1344), 1344, 'Los Trancos Greens', 'California', 'Portola Valley, California', 1998, 'Hasselblad', 'Fujichrome Velvia', '6 x 6 cm', 'horizontal,scenic,landscape,color,outdoors,green,trees,foliage,forest');
INSERT OR IGNORE INTO tags (name) VALUES ('horizontal');
INSERT INTO photo_tags (photo_idx, tag_id) VALUES ((SELECT photo_idx FROM photos WHERE photo_id = 1344), (SELECT tag_id FROM tags WHERE name = 'horizontal'));
INSERT OR IGNORE INTO tags (name) VALUES ('scenic');
INSERT INTO photo_tags (photo_idx, tag_id) VALUES ((SELECT photo_idx FROM photos WHERE photo_id = 1344), (SELECT tag_id FROM tags WHERE name = 'scenic'));
INSERT OR IGNORE INTO tags (name) VALUES ('landscape');
INSERT INTO photo_tags (photo_idx, tag_id) VALUES ((SELECT photo_idx FROM photos WHERE photo_id = 1344), (SELECT tag_id FROM tags WHERE name = 'landscape'));
INSERT OR IGNORE INTO tags (name) VALUES ('color');
INSERT INTO photo_tags (photo_idx, tag_id) VALUES ((SELECT photo_idx FROM photos WHERE photo_id = 1344), (SELECT tag_id FROM tags WHERE name = 'color'));
INSERT OR IGNORE INTO tags (name) VALUES ('outdoors');
INSERT INTO photo_tags (photo_idx, tag_id) VALUES ((SELECT photo_idx FROM photos WHERE photo_id = 1344), (SELECT tag_id FROM tags WHERE name = 'outdoors'));
INSERT OR IGNORE INTO tags (name) VALUES ('green');
INSERT INTO photo_tags (photo_idx, tag_id) VALUES ((SELECT photo_idx FROM photos WHERE photo_id = 1344), (SELECT tag_id FROM tags WHERE name = 'green'));
INSERT OR IGNORE INTO tags (name) VALUES ('trees');
INSERT INTO photo_tags (photo_idx, tag_id) VALUES ((SELECT photo_idx FROM photos WHERE photo_id = 1344), (SELECT tag_id FROM tags WHERE name = 'trees'));
INSERT OR IGNORE INTO tags (name) VALUES ('foliage');
INSERT INTO photo_tags (photo_idx, tag_id) VALUES ((SELECT photo_idx FROM photos WHERE photo_id = 1344), (SELECT tag_id FROM tags WHERE name = 'foliage'));
INSERT OR IGNORE INTO tags (name) VALUES ('forest');
INSERT INTO photo_tags (photo_idx, tag_id) VALUES ((SELECT photo_idx FROM photos WHERE photo_id = 1344), (SELECT tag_id FROM tags WHERE name = 'forest'));

INSERT INTO photos (photo_id, photo_title, photo_collection, photo_location, photo_year, camera, film_stock, film_format) VALUES (1347, 'Tafoni with Pink', 'California', 'Pescadero, California', 1998, 'Hasselblad', 'Fujichrome Velvia', '6 x 6 cm');
INSERT INTO photos_fts (photo_idx, photo_id, photo_title, photo_collection, photo_location, photo_year, camera, film_stock, film_format, tag_names) VALUES ((SELECT photo_idx FROM photos WHERE photo_id = 1347), 1347, 'Tafoni with Pink', 'California', 'Pescadero, California', 1998, 'Hasselblad', 'Fujichrome Velvia', '6 x 6 cm', 'horizontal,closeup,landscape,color,outdoors,gray,rock,sandstone,beach,coast');
INSERT OR IGNORE INTO tags (name) VALUES ('horizontal');
INSERT INTO photo_tags (photo_idx, tag_id) VALUES ((SELECT photo_idx FROM photos WHERE photo_id = 1347), (SELECT tag_id FROM tags WHERE name = 'horizontal'));
INSERT OR IGNORE INTO tags (name) VALUES ('closeup');
INSERT INTO photo_tags (photo_idx, tag_id) VALUES ((SELECT photo_idx FROM photos WHERE photo_id = 1347), (SELECT tag_id FROM tags WHERE name = 'closeup'));
INSERT OR IGNORE INTO tags (name) VALUES ('landscape');
INSERT INTO photo_tags (photo_idx, tag_id) VALUES ((SELECT photo_idx FROM photos WHERE photo_id = 1347), (SELECT tag_id FROM tags WHERE name = 'landscape'));
INSERT OR IGNORE INTO tags (name) VALUES ('color');
INSERT INTO photo_tags (photo_idx, tag_id) VALUES ((SELECT photo_idx FROM photos WHERE photo_id = 1347), (SELECT tag_id FROM tags WHERE name = 'color'));
INSERT OR IGNORE INTO tags (name) VALUES ('outdoors');
INSERT INTO photo_tags (photo_idx, tag_id) VALUES ((SELECT photo_idx FROM photos WHERE photo_id = 1347), (SELECT tag_id FROM tags WHERE name = 'outdoors'));
INSERT OR IGNORE INTO tags (name) VALUES ('gray');
INSERT INTO photo_tags (photo_idx, tag_id) VALUES ((SELECT photo_idx FROM photos WHERE photo_id = 1347), (SELECT tag_id FROM tags WHERE name = 'gray'));
INSERT OR IGNORE INTO tags (name) VALUES ('rock');
INSERT INTO photo_tags (photo_idx, tag_id) VALUES ((SELECT photo_idx FROM photos WHERE photo_id = 1347), (SELECT tag_id FROM tags WHERE name = 'rock'));
INSERT OR IGNORE INTO tags (name) VALUES ('sandstone');
INSERT INTO photo_tags (photo_idx, tag_id) VALUES ((SELECT photo_idx FROM photos WHERE photo_id = 1347), (SELECT tag_id FROM tags WHERE name = 'sandstone'));
INSERT OR IGNORE INTO tags (name) VALUES ('beach');
INSERT INTO photo_tags (photo_idx, tag_id) VALUES ((SELECT photo_idx FROM photos WHERE photo_id = 1347), (SELECT tag_id FROM tags WHERE name = 'beach'));
INSERT OR IGNORE INTO tags (name) VALUES ('coast');
INSERT INTO photo_tags (photo_idx, tag_id) VALUES ((SELECT photo_idx FROM photos WHERE photo_id = 1347), (SELECT tag_id FROM tags WHERE name = 'coast'));

INSERT INTO photos (photo_id, photo_title, photo_collection, photo_location, photo_year, camera, film_stock, film_format) VALUES (1349, 'Agave at Dawn', 'California', 'Napa Valley, California', 1998, 'Hasselblad', 'Fujichrome Velvia', '6 x 6 cm');
INSERT INTO photos_fts (photo_idx, photo_id, photo_title, photo_collection, photo_location, photo_year, camera, film_stock, film_format, tag_names) VALUES ((SELECT photo_idx FROM photos WHERE photo_id = 1349), 1349, 'Agave at Dawn', 'California', 'Napa Valley, California', 1998, 'Hasselblad', 'Fujichrome Velvia', '6 x 6 cm', 'horizontal,popular,closeup,abstract,color,outdoors,gray,leaf');
INSERT OR IGNORE INTO tags (name) VALUES ('horizontal');
INSERT INTO photo_tags (photo_idx, tag_id) VALUES ((SELECT photo_idx FROM photos WHERE photo_id = 1349), (SELECT tag_id FROM tags WHERE name = 'horizontal'));
INSERT OR IGNORE INTO tags (name) VALUES ('popular');
INSERT INTO photo_tags (photo_idx, tag_id) VALUES ((SELECT photo_idx FROM photos WHERE photo_id = 1349), (SELECT tag_id FROM tags WHERE name = 'popular'));
INSERT OR IGNORE INTO tags (name) VALUES ('closeup');
INSERT INTO photo_tags (photo_idx, tag_id) VALUES ((SELECT photo_idx FROM photos WHERE photo_id = 1349), (SELECT tag_id FROM tags WHERE name = 'closeup'));
INSERT OR IGNORE INTO tags (name) VALUES ('abstract');
INSERT INTO photo_tags (photo_idx, tag_id) VALUES ((SELECT photo_idx FROM photos WHERE photo_id = 1349), (SELECT tag_id FROM tags WHERE name = 'abstract'));
INSERT OR IGNORE INTO tags (name) VALUES ('color');
INSERT INTO photo_tags (photo_idx, tag_id) VALUES ((SELECT photo_idx FROM photos WHERE photo_id = 1349), (SELECT tag_id FROM tags WHERE name = 'color'));
INSERT OR IGNORE INTO tags (name) VALUES ('outdoors');
INSERT INTO photo_tags (photo_idx, tag_id) VALUES ((SELECT photo_idx FROM photos WHERE photo_id = 1349), (SELECT tag_id FROM tags WHERE name = 'outdoors'));
INSERT OR IGNORE INTO tags (name) VALUES ('gray');
INSERT INTO photo_tags (photo_idx, tag_id) VALUES ((SELECT photo_idx FROM photos WHERE photo_id = 1349), (SELECT tag_id FROM tags WHERE name = 'gray'));
INSERT OR IGNORE INTO tags (name) VALUES ('leaf');
INSERT INTO photo_tags (photo_idx, tag_id) VALUES ((SELECT photo_idx FROM photos WHERE photo_id = 1349), (SELECT tag_id FROM tags WHERE name = 'leaf'));

INSERT INTO photos (photo_id, photo_title, photo_collection, photo_location, photo_year, camera, film_stock, film_format) VALUES (1350, 'Chardonnay Grapes', 'California', 'Napa Valley, California', 1998, 'Hasselblad', 'Fujichrome Velvia', '6 x 6 cm');
INSERT INTO photos_fts (photo_idx, photo_id, photo_title, photo_collection, photo_location, photo_year, camera, film_stock, film_format, tag_names) VALUES ((SELECT photo_idx FROM photos WHERE photo_id = 1350), 1350, 'Chardonnay Grapes', 'California', 'Napa Valley, California', 1998, 'Hasselblad', 'Fujichrome Velvia', '6 x 6 cm', 'horizontal,autumn,fall,closeup,color,outdoors,green,leaf,grapes');
INSERT OR IGNORE INTO tags (name) VALUES ('horizontal');
INSERT INTO photo_tags (photo_idx, tag_id) VALUES ((SELECT photo_idx FROM photos WHERE photo_id = 1350), (SELECT tag_id FROM tags WHERE name = 'horizontal'));
INSERT OR IGNORE INTO tags (name) VALUES ('autumn');
INSERT INTO photo_tags (photo_idx, tag_id) VALUES ((SELECT photo_idx FROM photos WHERE photo_id = 1350), (SELECT tag_id FROM tags WHERE name = 'autumn'));
INSERT OR IGNORE INTO tags (name) VALUES ('fall');
INSERT INTO photo_tags (photo_idx, tag_id) VALUES ((SELECT photo_idx FROM photos WHERE photo_id = 1350), (SELECT tag_id FROM tags WHERE name = 'fall'));
INSERT OR IGNORE INTO tags (name) VALUES ('closeup');
INSERT INTO photo_tags (photo_idx, tag_id) VALUES ((SELECT photo_idx FROM photos WHERE photo_id = 1350), (SELECT tag_id FROM tags WHERE name = 'closeup'));
INSERT OR IGNORE INTO tags (name) VALUES ('color');
INSERT INTO photo_tags (photo_idx, tag_id) VALUES ((SELECT photo_idx FROM photos WHERE photo_id = 1350), (SELECT tag_id FROM tags WHERE name = 'color'));
INSERT OR IGNORE INTO tags (name) VALUES ('outdoors');
INSERT INTO photo_tags (photo_idx, tag_id) VALUES ((SELECT photo_idx FROM photos WHERE photo_id = 1350), (SELECT tag_id FROM tags WHERE name = 'outdoors'));
INSERT OR IGNORE INTO tags (name) VALUES ('green');
INSERT INTO photo_tags (photo_idx, tag_id) VALUES ((SELECT photo_idx FROM photos WHERE photo_id = 1350), (SELECT tag_id FROM tags WHERE name = 'green'));
INSERT OR IGNORE INTO tags (name) VALUES ('leaf');
INSERT INTO photo_tags (photo_idx, tag_id) VALUES ((SELECT photo_idx FROM photos WHERE photo_id = 1350), (SELECT tag_id FROM tags WHERE name = 'leaf'));
INSERT OR IGNORE INTO tags (name) VALUES ('grapes');
INSERT INTO photo_tags (photo_idx, tag_id) VALUES ((SELECT photo_idx FROM photos WHERE photo_id = 1350), (SELECT tag_id FROM tags WHERE name = 'grapes'));

INSERT INTO photos (photo_id, photo_title, photo_collection, photo_location, photo_year, camera, film_stock, film_format) VALUES (1352, 'Tafoni Head', 'California', 'Salt Point, California', 1998, 'Hasselblad', 'Fujichrome Velvia', '6 x 6 cm');
INSERT INTO photos_fts (photo_idx, photo_id, photo_title, photo_collection, photo_location, photo_year, camera, film_stock, film_format, tag_names) VALUES ((SELECT photo_idx FROM photos WHERE photo_id = 1352), 1352, 'Tafoni Head', 'California', 'Salt Point, California', 1998, 'Hasselblad', 'Fujichrome Velvia', '6 x 6 cm', 'horizontal,closeup,landscape,color,outdoors,black,gray,tan,rock,sandstone,beach,coast');
INSERT OR IGNORE INTO tags (name) VALUES ('horizontal');
INSERT INTO photo_tags (photo_idx, tag_id) VALUES ((SELECT photo_idx FROM photos WHERE photo_id = 1352), (SELECT tag_id FROM tags WHERE name = 'horizontal'));
INSERT OR IGNORE INTO tags (name) VALUES ('closeup');
INSERT INTO photo_tags (photo_idx, tag_id) VALUES ((SELECT photo_idx FROM photos WHERE photo_id = 1352), (SELECT tag_id FROM tags WHERE name = 'closeup'));
INSERT OR IGNORE INTO tags (name) VALUES ('landscape');
INSERT INTO photo_tags (photo_idx, tag_id) VALUES ((SELECT photo_idx FROM photos WHERE photo_id = 1352), (SELECT tag_id FROM tags WHERE name = 'landscape'));
INSERT OR IGNORE INTO tags (name) VALUES ('color');
INSERT INTO photo_tags (photo_idx, tag_id) VALUES ((SELECT photo_idx FROM photos WHERE photo_id = 1352), (SELECT tag_id FROM tags WHERE name = 'color'));
INSERT OR IGNORE INTO tags (name) VALUES ('outdoors');
INSERT INTO photo_tags (photo_idx, tag_id) VALUES ((SELECT photo_idx FROM photos WHERE photo_id = 1352), (SELECT tag_id FROM tags WHERE name = 'outdoors'));
INSERT OR IGNORE INTO tags (name) VALUES ('black');
INSERT INTO photo_tags (photo_idx, tag_id) VALUES ((SELECT photo_idx FROM photos WHERE photo_id = 1352), (SELECT tag_id FROM tags WHERE name = 'black'));
INSERT OR IGNORE INTO tags (name) VALUES ('gray');
INSERT INTO photo_tags (photo_idx, tag_id) VALUES ((SELECT photo_idx FROM photos WHERE photo_id = 1352), (SELECT tag_id FROM tags WHERE name = 'gray'));
INSERT OR IGNORE INTO tags (name) VALUES ('tan');
INSERT INTO photo_tags (photo_idx, tag_id) VALUES ((SELECT photo_idx FROM photos WHERE photo_id = 1352), (SELECT tag_id FROM tags WHERE name = 'tan'));
INSERT OR IGNORE INTO tags (name) VALUES ('rock');
INSERT INTO photo_tags (photo_idx, tag_id) VALUES ((SELECT photo_idx FROM photos WHERE photo_id = 1352), (SELECT tag_id FROM tags WHERE name = 'rock'));
INSERT OR IGNORE INTO tags (name) VALUES ('sandstone');
INSERT INTO photo_tags (photo_idx, tag_id) VALUES ((SELECT photo_idx FROM photos WHERE photo_id = 1352), (SELECT tag_id FROM tags WHERE name = 'sandstone'));
INSERT OR IGNORE INTO tags (name) VALUES ('beach');
INSERT INTO photo_tags (photo_idx, tag_id) VALUES ((SELECT photo_idx FROM photos WHERE photo_id = 1352), (SELECT tag_id FROM tags WHERE name = 'beach'));
INSERT OR IGNORE INTO tags (name) VALUES ('coast');
INSERT INTO photo_tags (photo_idx, tag_id) VALUES ((SELECT photo_idx FROM photos WHERE photo_id = 1352), (SELECT tag_id FROM tags WHERE name = 'coast'));

INSERT INTO photos (photo_id, photo_title, photo_collection, photo_location, photo_year, camera, film_stock, film_format) VALUES (1354, 'Blue and Tan Tafoni', 'California', 'Salt Point, California', 1998, 'Hasselblad', 'Fujichrome Velvia', '6 x 6 cm');
INSERT INTO photos_fts (photo_idx, photo_id, photo_title, photo_collection, photo_location, photo_year, camera, film_stock, film_format, tag_names) VALUES ((SELECT photo_idx FROM photos WHERE photo_id = 1354), 1354, 'Blue and Tan Tafoni', 'California', 'Salt Point, California', 1998, 'Hasselblad', 'Fujichrome Velvia', '6 x 6 cm', 'vertical,closeup,landscape,color,outdoors,blue,brown,gray,rock,sandstone,beach,coast');
INSERT OR IGNORE INTO tags (name) VALUES ('vertical');
INSERT INTO photo_tags (photo_idx, tag_id) VALUES ((SELECT photo_idx FROM photos WHERE photo_id = 1354), (SELECT tag_id FROM tags WHERE name = 'vertical'));
INSERT OR IGNORE INTO tags (name) VALUES ('closeup');
INSERT INTO photo_tags (photo_idx, tag_id) VALUES ((SELECT photo_idx FROM photos WHERE photo_id = 1354), (SELECT tag_id FROM tags WHERE name = 'closeup'));
INSERT OR IGNORE INTO tags (name) VALUES ('landscape');
INSERT INTO photo_tags (photo_idx, tag_id) VALUES ((SELECT photo_idx FROM photos WHERE photo_id = 1354), (SELECT tag_id FROM tags WHERE name = 'landscape'));
INSERT OR IGNORE INTO tags (name) VALUES ('color');
INSERT INTO photo_tags (photo_idx, tag_id) VALUES ((SELECT photo_idx FROM photos WHERE photo_id = 1354), (SELECT tag_id FROM tags WHERE name = 'color'));
INSERT OR IGNORE INTO tags (name) VALUES ('outdoors');
INSERT INTO photo_tags (photo_idx, tag_id) VALUES ((SELECT photo_idx FROM photos WHERE photo_id = 1354), (SELECT tag_id FROM tags WHERE name = 'outdoors'));
INSERT OR IGNORE INTO tags (name) VALUES ('blue');
INSERT INTO photo_tags (photo_idx, tag_id) VALUES ((SELECT photo_idx FROM photos WHERE photo_id = 1354), (SELECT tag_id FROM tags WHERE name = 'blue'));
INSERT OR IGNORE INTO tags (name) VALUES ('brown');
INSERT INTO photo_tags (photo_idx, tag_id) VALUES ((SELECT photo_idx FROM photos WHERE photo_id = 1354), (SELECT tag_id FROM tags WHERE name = 'brown'));
INSERT OR IGNORE INTO tags (name) VALUES ('gray');
INSERT INTO photo_tags (photo_idx, tag_id) VALUES ((SELECT photo_idx FROM photos WHERE photo_id = 1354), (SELECT tag_id FROM tags WHERE name = 'gray'));
INSERT OR IGNORE INTO tags (name) VALUES ('rock');
INSERT INTO photo_tags (photo_idx, tag_id) VALUES ((SELECT photo_idx FROM photos WHERE photo_id = 1354), (SELECT tag_id FROM tags WHERE name = 'rock'));
INSERT OR IGNORE INTO tags (name) VALUES ('sandstone');
INSERT INTO photo_tags (photo_idx, tag_id) VALUES ((SELECT photo_idx FROM photos WHERE photo_id = 1354), (SELECT tag_id FROM tags WHERE name = 'sandstone'));
INSERT OR IGNORE INTO tags (name) VALUES ('beach');
INSERT INTO photo_tags (photo_idx, tag_id) VALUES ((SELECT photo_idx FROM photos WHERE photo_id = 1354), (SELECT tag_id FROM tags WHERE name = 'beach'));
INSERT OR IGNORE INTO tags (name) VALUES ('coast');
INSERT INTO photo_tags (photo_idx, tag_id) VALUES ((SELECT photo_idx FROM photos WHERE photo_id = 1354), (SELECT tag_id FROM tags WHERE name = 'coast'));

INSERT INTO photos (photo_id, photo_title, photo_collection, photo_location, photo_year, camera, film_stock, film_format) VALUES (1356, 'Blue and Yellow Aspen', 'Colorado', 'Telluride, Colorado', 1998, 'Hasselblad', 'Fujichrome Velvia', '6 x 6 cm');
INSERT INTO photos_fts (photo_idx, photo_id, photo_title, photo_collection, photo_location, photo_year, camera, film_stock, film_format, tag_names) VALUES ((SELECT photo_idx FROM photos WHERE photo_id = 1356), 1356, 'Blue and Yellow Aspen', 'Colorado', 'Telluride, Colorado', 1998, 'Hasselblad', 'Fujichrome Velvia', '6 x 6 cm', 'horizontal,autumn,fall,popular,scenic,landscape,color,outdoors,blue,green,white,yellow,trees,foliage,forest,aspen');
INSERT OR IGNORE INTO tags (name) VALUES ('horizontal');
INSERT INTO photo_tags (photo_idx, tag_id) VALUES ((SELECT photo_idx FROM photos WHERE photo_id = 1356), (SELECT tag_id FROM tags WHERE name = 'horizontal'));
INSERT OR IGNORE INTO tags (name) VALUES ('autumn');
INSERT INTO photo_tags (photo_idx, tag_id) VALUES ((SELECT photo_idx FROM photos WHERE photo_id = 1356), (SELECT tag_id FROM tags WHERE name = 'autumn'));
INSERT OR IGNORE INTO tags (name) VALUES ('fall');
INSERT INTO photo_tags (photo_idx, tag_id) VALUES ((SELECT photo_idx FROM photos WHERE photo_id = 1356), (SELECT tag_id FROM tags WHERE name = 'fall'));
INSERT OR IGNORE INTO tags (name) VALUES ('popular');
INSERT INTO photo_tags (photo_idx, tag_id) VALUES ((SELECT photo_idx FROM photos WHERE photo_id = 1356), (SELECT tag_id FROM tags WHERE name = 'popular'));
INSERT OR IGNORE INTO tags (name) VALUES ('scenic');
INSERT INTO photo_tags (photo_idx, tag_id) VALUES ((SELECT photo_idx FROM photos WHERE photo_id = 1356), (SELECT tag_id FROM tags WHERE name = 'scenic'));
INSERT OR IGNORE INTO tags (name) VALUES ('landscape');
INSERT INTO photo_tags (photo_idx, tag_id) VALUES ((SELECT photo_idx FROM photos WHERE photo_id = 1356), (SELECT tag_id FROM tags WHERE name = 'landscape'));
INSERT OR IGNORE INTO tags (name) VALUES ('color');
INSERT INTO photo_tags (photo_idx, tag_id) VALUES ((SELECT photo_idx FROM photos WHERE photo_id = 1356), (SELECT tag_id FROM tags WHERE name = 'color'));
INSERT OR IGNORE INTO tags (name) VALUES ('outdoors');
INSERT INTO photo_tags (photo_idx, tag_id) VALUES ((SELECT photo_idx FROM photos WHERE photo_id = 1356), (SELECT tag_id FROM tags WHERE name = 'outdoors'));
INSERT OR IGNORE INTO tags (name) VALUES ('blue');
INSERT INTO photo_tags (photo_idx, tag_id) VALUES ((SELECT photo_idx FROM photos WHERE photo_id = 1356), (SELECT tag_id FROM tags WHERE name = 'blue'));
INSERT OR IGNORE INTO tags (name) VALUES ('green');
INSERT INTO photo_tags (photo_idx, tag_id) VALUES ((SELECT photo_idx FROM photos WHERE photo_id = 1356), (SELECT tag_id FROM tags WHERE name = 'green'));
INSERT OR IGNORE INTO tags (name) VALUES ('white');
INSERT INTO photo_tags (photo_idx, tag_id) VALUES ((SELECT photo_idx FROM photos WHERE photo_id = 1356), (SELECT tag_id FROM tags WHERE name = 'white'));
INSERT OR IGNORE INTO tags (name) VALUES ('yellow');
INSERT INTO photo_tags (photo_idx, tag_id) VALUES ((SELECT photo_idx FROM photos WHERE photo_id = 1356), (SELECT tag_id FROM tags WHERE name = 'yellow'));
INSERT OR IGNORE INTO tags (name) VALUES ('trees');
INSERT INTO photo_tags (photo_idx, tag_id) VALUES ((SELECT photo_idx FROM photos WHERE photo_id = 1356), (SELECT tag_id FROM tags WHERE name = 'trees'));
INSERT OR IGNORE INTO tags (name) VALUES ('foliage');
INSERT INTO photo_tags (photo_idx, tag_id) VALUES ((SELECT photo_idx FROM photos WHERE photo_id = 1356), (SELECT tag_id FROM tags WHERE name = 'foliage'));
INSERT OR IGNORE INTO tags (name) VALUES ('forest');
INSERT INTO photo_tags (photo_idx, tag_id) VALUES ((SELECT photo_idx FROM photos WHERE photo_id = 1356), (SELECT tag_id FROM tags WHERE name = 'forest'));
INSERT OR IGNORE INTO tags (name) VALUES ('aspen');
INSERT INTO photo_tags (photo_idx, tag_id) VALUES ((SELECT photo_idx FROM photos WHERE photo_id = 1356), (SELECT tag_id FROM tags WHERE name = 'aspen'));

INSERT INTO photos (photo_id, photo_title, photo_collection, photo_location, photo_year, camera, film_stock, film_format) VALUES (1358, 'Gentle Aspen Hillside', 'Colorado', 'Telluride, Colorado', 1998, 'Hasselblad', 'Fujichrome Velvia', '6 x 6 cm');
INSERT INTO photos_fts (photo_idx, photo_id, photo_title, photo_collection, photo_location, photo_year, camera, film_stock, film_format, tag_names) VALUES ((SELECT photo_idx FROM photos WHERE photo_id = 1358), 1358, 'Gentle Aspen Hillside', 'Colorado', 'Telluride, Colorado', 1998, 'Hasselblad', 'Fujichrome Velvia', '6 x 6 cm', 'horizontal,autumn,fall,popular,scenic,landscape,color,outdoors,white,yellow,grass,trees,foliage,forest,aspen');
INSERT OR IGNORE INTO tags (name) VALUES ('horizontal');
INSERT INTO photo_tags (photo_idx, tag_id) VALUES ((SELECT photo_idx FROM photos WHERE photo_id = 1358), (SELECT tag_id FROM tags WHERE name = 'horizontal'));
INSERT OR IGNORE INTO tags (name) VALUES ('autumn');
INSERT INTO photo_tags (photo_idx, tag_id) VALUES ((SELECT photo_idx FROM photos WHERE photo_id = 1358), (SELECT tag_id FROM tags WHERE name = 'autumn'));
INSERT OR IGNORE INTO tags (name) VALUES ('fall');
INSERT INTO photo_tags (photo_idx, tag_id) VALUES ((SELECT photo_idx FROM photos WHERE photo_id = 1358), (SELECT tag_id FROM tags WHERE name = 'fall'));
INSERT OR IGNORE INTO tags (name) VALUES ('popular');
INSERT INTO photo_tags (photo_idx, tag_id) VALUES ((SELECT photo_idx FROM photos WHERE photo_id = 1358), (SELECT tag_id FROM tags WHERE name = 'popular'));
INSERT OR IGNORE INTO tags (name) VALUES ('scenic');
INSERT INTO photo_tags (photo_idx, tag_id) VALUES ((SELECT photo_idx FROM photos WHERE photo_id = 1358), (SELECT tag_id FROM tags WHERE name = 'scenic'));
INSERT OR IGNORE INTO tags (name) VALUES ('landscape');
INSERT INTO photo_tags (photo_idx, tag_id) VALUES ((SELECT photo_idx FROM photos WHERE photo_id = 1358), (SELECT tag_id FROM tags WHERE name = 'landscape'));
INSERT OR IGNORE INTO tags (name) VALUES ('color');
INSERT INTO photo_tags (photo_idx, tag_id) VALUES ((SELECT photo_idx FROM photos WHERE photo_id = 1358), (SELECT tag_id FROM tags WHERE name = 'color'));
INSERT OR IGNORE INTO tags (name) VALUES ('outdoors');
INSERT INTO photo_tags (photo_idx, tag_id) VALUES ((SELECT photo_idx FROM photos WHERE photo_id = 1358), (SELECT tag_id FROM tags WHERE name = 'outdoors'));
INSERT OR IGNORE INTO tags (name) VALUES ('white');
INSERT INTO photo_tags (photo_idx, tag_id) VALUES ((SELECT photo_idx FROM photos WHERE photo_id = 1358), (SELECT tag_id FROM tags WHERE name = 'white'));
INSERT OR IGNORE INTO tags (name) VALUES ('yellow');
INSERT INTO photo_tags (photo_idx, tag_id) VALUES ((SELECT photo_idx FROM photos WHERE photo_id = 1358), (SELECT tag_id FROM tags WHERE name = 'yellow'));
INSERT OR IGNORE INTO tags (name) VALUES ('grass');
INSERT INTO photo_tags (photo_idx, tag_id) VALUES ((SELECT photo_idx FROM photos WHERE photo_id = 1358), (SELECT tag_id FROM tags WHERE name = 'grass'));
INSERT OR IGNORE INTO tags (name) VALUES ('trees');
INSERT INTO photo_tags (photo_idx, tag_id) VALUES ((SELECT photo_idx FROM photos WHERE photo_id = 1358), (SELECT tag_id FROM tags WHERE name = 'trees'));
INSERT OR IGNORE INTO tags (name) VALUES ('foliage');
INSERT INTO photo_tags (photo_idx, tag_id) VALUES ((SELECT photo_idx FROM photos WHERE photo_id = 1358), (SELECT tag_id FROM tags WHERE name = 'foliage'));
INSERT OR IGNORE INTO tags (name) VALUES ('forest');
INSERT INTO photo_tags (photo_idx, tag_id) VALUES ((SELECT photo_idx FROM photos WHERE photo_id = 1358), (SELECT tag_id FROM tags WHERE name = 'forest'));
INSERT OR IGNORE INTO tags (name) VALUES ('aspen');
INSERT INTO photo_tags (photo_idx, tag_id) VALUES ((SELECT photo_idx FROM photos WHERE photo_id = 1358), (SELECT tag_id FROM tags WHERE name = 'aspen'));

INSERT INTO photos (photo_id, photo_title, photo_collection, photo_location, photo_year, camera, film_stock, film_format) VALUES (1359, 'Orange Flow and Leaves', 'Colorado', 'San Juan Mountains, Colorado', 1998, 'Hasselblad', 'Fujichrome Velvia', '6 x 6 cm');
INSERT INTO photos_fts (photo_idx, photo_id, photo_title, photo_collection, photo_location, photo_year, camera, film_stock, film_format, tag_names) VALUES ((SELECT photo_idx FROM photos WHERE photo_id = 1359), 1359, 'Orange Flow and Leaves', 'Colorado', 'San Juan Mountains, Colorado', 1998, 'Hasselblad', 'Fujichrome Velvia', '6 x 6 cm', 'vertical,autumn,fall,closeup,abstract,landscape,color,outdoors,orange,yellow,leaf,water');
INSERT OR IGNORE INTO tags (name) VALUES ('vertical');
INSERT INTO photo_tags (photo_idx, tag_id) VALUES ((SELECT photo_idx FROM photos WHERE photo_id = 1359), (SELECT tag_id FROM tags WHERE name = 'vertical'));
INSERT OR IGNORE INTO tags (name) VALUES ('autumn');
INSERT INTO photo_tags (photo_idx, tag_id) VALUES ((SELECT photo_idx FROM photos WHERE photo_id = 1359), (SELECT tag_id FROM tags WHERE name = 'autumn'));
INSERT OR IGNORE INTO tags (name) VALUES ('fall');
INSERT INTO photo_tags (photo_idx, tag_id) VALUES ((SELECT photo_idx FROM photos WHERE photo_id = 1359), (SELECT tag_id FROM tags WHERE name = 'fall'));
INSERT OR IGNORE INTO tags (name) VALUES ('closeup');
INSERT INTO photo_tags (photo_idx, tag_id) VALUES ((SELECT photo_idx FROM photos WHERE photo_id = 1359), (SELECT tag_id FROM tags WHERE name = 'closeup'));
INSERT OR IGNORE INTO tags (name) VALUES ('abstract');
INSERT INTO photo_tags (photo_idx, tag_id) VALUES ((SELECT photo_idx FROM photos WHERE photo_id = 1359), (SELECT tag_id FROM tags WHERE name = 'abstract'));
INSERT OR IGNORE INTO tags (name) VALUES ('landscape');
INSERT INTO photo_tags (photo_idx, tag_id) VALUES ((SELECT photo_idx FROM photos WHERE photo_id = 1359), (SELECT tag_id FROM tags WHERE name = 'landscape'));
INSERT OR IGNORE INTO tags (name) VALUES ('color');
INSERT INTO photo_tags (photo_idx, tag_id) VALUES ((SELECT photo_idx FROM photos WHERE photo_id = 1359), (SELECT tag_id FROM tags WHERE name = 'color'));
INSERT OR IGNORE INTO tags (name) VALUES ('outdoors');
INSERT INTO photo_tags (photo_idx, tag_id) VALUES ((SELECT photo_idx FROM photos WHERE photo_id = 1359), (SELECT tag_id FROM tags WHERE name = 'outdoors'));
INSERT OR IGNORE INTO tags (name) VALUES ('orange');
INSERT INTO photo_tags (photo_idx, tag_id) VALUES ((SELECT photo_idx FROM photos WHERE photo_id = 1359), (SELECT tag_id FROM tags WHERE name = 'orange'));
INSERT OR IGNORE INTO tags (name) VALUES ('yellow');
INSERT INTO photo_tags (photo_idx, tag_id) VALUES ((SELECT photo_idx FROM photos WHERE photo_id = 1359), (SELECT tag_id FROM tags WHERE name = 'yellow'));
INSERT OR IGNORE INTO tags (name) VALUES ('leaf');
INSERT INTO photo_tags (photo_idx, tag_id) VALUES ((SELECT photo_idx FROM photos WHERE photo_id = 1359), (SELECT tag_id FROM tags WHERE name = 'leaf'));
INSERT OR IGNORE INTO tags (name) VALUES ('water');
INSERT INTO photo_tags (photo_idx, tag_id) VALUES ((SELECT photo_idx FROM photos WHERE photo_id = 1359), (SELECT tag_id FROM tags WHERE name = 'water'));

INSERT INTO photos (photo_id, photo_title, photo_collection, photo_location, photo_year, camera, film_stock, film_format) VALUES (1361, 'Aspen on the Slope', 'Colorado', 'Telluride, Colorado', 1998, 'Hasselblad', 'Fujichrome Velvia', '6 x 6 cm');
INSERT INTO photos_fts (photo_idx, photo_id, photo_title, photo_collection, photo_location, photo_year, camera, film_stock, film_format, tag_names) VALUES ((SELECT photo_idx FROM photos WHERE photo_id = 1361), 1361, 'Aspen on the Slope', 'Colorado', 'Telluride, Colorado', 1998, 'Hasselblad', 'Fujichrome Velvia', '6 x 6 cm', 'horizontal,autumn,fall,scenic,landscape,color,outdoors,white,yellow,trees,foliage,forest,aspen');
INSERT OR IGNORE INTO tags (name) VALUES ('horizontal');
INSERT INTO photo_tags (photo_idx, tag_id) VALUES ((SELECT photo_idx FROM photos WHERE photo_id = 1361), (SELECT tag_id FROM tags WHERE name = 'horizontal'));
INSERT OR IGNORE INTO tags (name) VALUES ('autumn');
INSERT INTO photo_tags (photo_idx, tag_id) VALUES ((SELECT photo_idx FROM photos WHERE photo_id = 1361), (SELECT tag_id FROM tags WHERE name = 'autumn'));
INSERT OR IGNORE INTO tags (name) VALUES ('fall');
INSERT INTO photo_tags (photo_idx, tag_id) VALUES ((SELECT photo_idx FROM photos WHERE photo_id = 1361), (SELECT tag_id FROM tags WHERE name = 'fall'));
INSERT OR IGNORE INTO tags (name) VALUES ('scenic');
INSERT INTO photo_tags (photo_idx, tag_id) VALUES ((SELECT photo_idx FROM photos WHERE photo_id = 1361), (SELECT tag_id FROM tags WHERE name = 'scenic'));
INSERT OR IGNORE INTO tags (name) VALUES ('landscape');
INSERT INTO photo_tags (photo_idx, tag_id) VALUES ((SELECT photo_idx FROM photos WHERE photo_id = 1361), (SELECT tag_id FROM tags WHERE name = 'landscape'));
INSERT OR IGNORE INTO tags (name) VALUES ('color');
INSERT INTO photo_tags (photo_idx, tag_id) VALUES ((SELECT photo_idx FROM photos WHERE photo_id = 1361), (SELECT tag_id FROM tags WHERE name = 'color'));
INSERT OR IGNORE INTO tags (name) VALUES ('outdoors');
INSERT INTO photo_tags (photo_idx, tag_id) VALUES ((SELECT photo_idx FROM photos WHERE photo_id = 1361), (SELECT tag_id FROM tags WHERE name = 'outdoors'));
INSERT OR IGNORE INTO tags (name) VALUES ('white');
INSERT INTO photo_tags (photo_idx, tag_id) VALUES ((SELECT photo_idx FROM photos WHERE photo_id = 1361), (SELECT tag_id FROM tags WHERE name = 'white'));
INSERT OR IGNORE INTO tags (name) VALUES ('yellow');
INSERT INTO photo_tags (photo_idx, tag_id) VALUES ((SELECT photo_idx FROM photos WHERE photo_id = 1361), (SELECT tag_id FROM tags WHERE name = 'yellow'));
INSERT OR IGNORE INTO tags (name) VALUES ('trees');
INSERT INTO photo_tags (photo_idx, tag_id) VALUES ((SELECT photo_idx FROM photos WHERE photo_id = 1361), (SELECT tag_id FROM tags WHERE name = 'trees'));
INSERT OR IGNORE INTO tags (name) VALUES ('foliage');
INSERT INTO photo_tags (photo_idx, tag_id) VALUES ((SELECT photo_idx FROM photos WHERE photo_id = 1361), (SELECT tag_id FROM tags WHERE name = 'foliage'));
INSERT OR IGNORE INTO tags (name) VALUES ('forest');
INSERT INTO photo_tags (photo_idx, tag_id) VALUES ((SELECT photo_idx FROM photos WHERE photo_id = 1361), (SELECT tag_id FROM tags WHERE name = 'forest'));
INSERT OR IGNORE INTO tags (name) VALUES ('aspen');
INSERT INTO photo_tags (photo_idx, tag_id) VALUES ((SELECT photo_idx FROM photos WHERE photo_id = 1361), (SELECT tag_id FROM tags WHERE name = 'aspen'));

INSERT INTO photos (photo_id, photo_title, photo_collection, photo_location, photo_year, camera, film_stock, film_format) VALUES (1363, 'Early Morning Aspen', 'Colorado', 'Near Telluride, Colorado', 1998, 'Hasselblad', 'Fujichrome Velvia', '6 x 6 cm');
INSERT INTO photos_fts (photo_idx, photo_id, photo_title, photo_collection, photo_location, photo_year, camera, film_stock, film_format, tag_names) VALUES ((SELECT photo_idx FROM photos WHERE photo_id = 1363), 1363, 'Early Morning Aspen', 'Colorado', 'Near Telluride, Colorado', 1998, 'Hasselblad', 'Fujichrome Velvia', '6 x 6 cm', 'vertical,autumn,fall,popular,scenic,landscape,color,outdoors,white,yellow,trees,foliage,forest,aspen');
INSERT OR IGNORE INTO tags (name) VALUES ('vertical');
INSERT INTO photo_tags (photo_idx, tag_id) VALUES ((SELECT photo_idx FROM photos WHERE photo_id = 1363), (SELECT tag_id FROM tags WHERE name = 'vertical'));
INSERT OR IGNORE INTO tags (name) VALUES ('autumn');
INSERT INTO photo_tags (photo_idx, tag_id) VALUES ((SELECT photo_idx FROM photos WHERE photo_id = 1363), (SELECT tag_id FROM tags WHERE name = 'autumn'));
INSERT OR IGNORE INTO tags (name) VALUES ('fall');
INSERT INTO photo_tags (photo_idx, tag_id) VALUES ((SELECT photo_idx FROM photos WHERE photo_id = 1363), (SELECT tag_id FROM tags WHERE name = 'fall'));
INSERT OR IGNORE INTO tags (name) VALUES ('popular');
INSERT INTO photo_tags (photo_idx, tag_id) VALUES ((SELECT photo_idx FROM photos WHERE photo_id = 1363), (SELECT tag_id FROM tags WHERE name = 'popular'));
INSERT OR IGNORE INTO tags (name) VALUES ('scenic');
INSERT INTO photo_tags (photo_idx, tag_id) VALUES ((SELECT photo_idx FROM photos WHERE photo_id = 1363), (SELECT tag_id FROM tags WHERE name = 'scenic'));
INSERT OR IGNORE INTO tags (name) VALUES ('landscape');
INSERT INTO photo_tags (photo_idx, tag_id) VALUES ((SELECT photo_idx FROM photos WHERE photo_id = 1363), (SELECT tag_id FROM tags WHERE name = 'landscape'));
INSERT OR IGNORE INTO tags (name) VALUES ('color');
INSERT INTO photo_tags (photo_idx, tag_id) VALUES ((SELECT photo_idx FROM photos WHERE photo_id = 1363), (SELECT tag_id FROM tags WHERE name = 'color'));
INSERT OR IGNORE INTO tags (name) VALUES ('outdoors');
INSERT INTO photo_tags (photo_idx, tag_id) VALUES ((SELECT photo_idx FROM photos WHERE photo_id = 1363), (SELECT tag_id FROM tags WHERE name = 'outdoors'));
INSERT OR IGNORE INTO tags (name) VALUES ('white');
INSERT INTO photo_tags (photo_idx, tag_id) VALUES ((SELECT photo_idx FROM photos WHERE photo_id = 1363), (SELECT tag_id FROM tags WHERE name = 'white'));
INSERT OR IGNORE INTO tags (name) VALUES ('yellow');
INSERT INTO photo_tags (photo_idx, tag_id) VALUES ((SELECT photo_idx FROM photos WHERE photo_id = 1363), (SELECT tag_id FROM tags WHERE name = 'yellow'));
INSERT OR IGNORE INTO tags (name) VALUES ('trees');
INSERT INTO photo_tags (photo_idx, tag_id) VALUES ((SELECT photo_idx FROM photos WHERE photo_id = 1363), (SELECT tag_id FROM tags WHERE name = 'trees'));
INSERT OR IGNORE INTO tags (name) VALUES ('foliage');
INSERT INTO photo_tags (photo_idx, tag_id) VALUES ((SELECT photo_idx FROM photos WHERE photo_id = 1363), (SELECT tag_id FROM tags WHERE name = 'foliage'));
INSERT OR IGNORE INTO tags (name) VALUES ('forest');
INSERT INTO photo_tags (photo_idx, tag_id) VALUES ((SELECT photo_idx FROM photos WHERE photo_id = 1363), (SELECT tag_id FROM tags WHERE name = 'forest'));
INSERT OR IGNORE INTO tags (name) VALUES ('aspen');
INSERT INTO photo_tags (photo_idx, tag_id) VALUES ((SELECT photo_idx FROM photos WHERE photo_id = 1363), (SELECT tag_id FROM tags WHERE name = 'aspen'));

INSERT INTO photos (photo_id, photo_title, photo_collection, photo_location, photo_year, camera, film_stock, film_format) VALUES (1364, 'Afternoon Aspen', 'Colorado', 'Near Telluride, Colorado', 1998, 'Hasselblad', 'Fujichrome Velvia', '6 x 6 cm');
INSERT INTO photos_fts (photo_idx, photo_id, photo_title, photo_collection, photo_location, photo_year, camera, film_stock, film_format, tag_names) VALUES ((SELECT photo_idx FROM photos WHERE photo_id = 1364), 1364, 'Afternoon Aspen', 'Colorado', 'Near Telluride, Colorado', 1998, 'Hasselblad', 'Fujichrome Velvia', '6 x 6 cm', 'vertical,autumn,fall,popular,scenic,landscape,color,outdoors,white,yellow,trees,foliage,forest,aspen');
INSERT OR IGNORE INTO tags (name) VALUES ('vertical');
INSERT INTO photo_tags (photo_idx, tag_id) VALUES ((SELECT photo_idx FROM photos WHERE photo_id = 1364), (SELECT tag_id FROM tags WHERE name = 'vertical'));
INSERT OR IGNORE INTO tags (name) VALUES ('autumn');
INSERT INTO photo_tags (photo_idx, tag_id) VALUES ((SELECT photo_idx FROM photos WHERE photo_id = 1364), (SELECT tag_id FROM tags WHERE name = 'autumn'));
INSERT OR IGNORE INTO tags (name) VALUES ('fall');
INSERT INTO photo_tags (photo_idx, tag_id) VALUES ((SELECT photo_idx FROM photos WHERE photo_id = 1364), (SELECT tag_id FROM tags WHERE name = 'fall'));
INSERT OR IGNORE INTO tags (name) VALUES ('popular');
INSERT INTO photo_tags (photo_idx, tag_id) VALUES ((SELECT photo_idx FROM photos WHERE photo_id = 1364), (SELECT tag_id FROM tags WHERE name = 'popular'));
INSERT OR IGNORE INTO tags (name) VALUES ('scenic');
INSERT INTO photo_tags (photo_idx, tag_id) VALUES ((SELECT photo_idx FROM photos WHERE photo_id = 1364), (SELECT tag_id FROM tags WHERE name = 'scenic'));
INSERT OR IGNORE INTO tags (name) VALUES ('landscape');
INSERT INTO photo_tags (photo_idx, tag_id) VALUES ((SELECT photo_idx FROM photos WHERE photo_id = 1364), (SELECT tag_id FROM tags WHERE name = 'landscape'));
INSERT OR IGNORE INTO tags (name) VALUES ('color');
INSERT INTO photo_tags (photo_idx, tag_id) VALUES ((SELECT photo_idx FROM photos WHERE photo_id = 1364), (SELECT tag_id FROM tags WHERE name = 'color'));
INSERT OR IGNORE INTO tags (name) VALUES ('outdoors');
INSERT INTO photo_tags (photo_idx, tag_id) VALUES ((SELECT photo_idx FROM photos WHERE photo_id = 1364), (SELECT tag_id FROM tags WHERE name = 'outdoors'));
INSERT OR IGNORE INTO tags (name) VALUES ('white');
INSERT INTO photo_tags (photo_idx, tag_id) VALUES ((SELECT photo_idx FROM photos WHERE photo_id = 1364), (SELECT tag_id FROM tags WHERE name = 'white'));
INSERT OR IGNORE INTO tags (name) VALUES ('yellow');
INSERT INTO photo_tags (photo_idx, tag_id) VALUES ((SELECT photo_idx FROM photos WHERE photo_id = 1364), (SELECT tag_id FROM tags WHERE name = 'yellow'));
INSERT OR IGNORE INTO tags (name) VALUES ('trees');
INSERT INTO photo_tags (photo_idx, tag_id) VALUES ((SELECT photo_idx FROM photos WHERE photo_id = 1364), (SELECT tag_id FROM tags WHERE name = 'trees'));
INSERT OR IGNORE INTO tags (name) VALUES ('foliage');
INSERT INTO photo_tags (photo_idx, tag_id) VALUES ((SELECT photo_idx FROM photos WHERE photo_id = 1364), (SELECT tag_id FROM tags WHERE name = 'foliage'));
INSERT OR IGNORE INTO tags (name) VALUES ('forest');
INSERT INTO photo_tags (photo_idx, tag_id) VALUES ((SELECT photo_idx FROM photos WHERE photo_id = 1364), (SELECT tag_id FROM tags WHERE name = 'forest'));
INSERT OR IGNORE INTO tags (name) VALUES ('aspen');
INSERT INTO photo_tags (photo_idx, tag_id) VALUES ((SELECT photo_idx FROM photos WHERE photo_id = 1364), (SELECT tag_id FROM tags WHERE name = 'aspen'));

INSERT INTO photos (photo_id, photo_title, photo_collection, photo_location, photo_year, camera, film_stock, film_format) VALUES (1365, 'Magnificent Aspen', 'Colorado', 'Near Telluride, Colorado', 1998, 'Hasselblad', 'Fujichrome Velvia', '6 x 6 cm');
INSERT INTO photos_fts (photo_idx, photo_id, photo_title, photo_collection, photo_location, photo_year, camera, film_stock, film_format, tag_names) VALUES ((SELECT photo_idx FROM photos WHERE photo_id = 1365), 1365, 'Magnificent Aspen', 'Colorado', 'Near Telluride, Colorado', 1998, 'Hasselblad', 'Fujichrome Velvia', '6 x 6 cm', 'horizontal,autumn,fall,popular,scenic,landscape,color,outdoors,white,yellow,trees,foliage,forest,aspen');
INSERT OR IGNORE INTO tags (name) VALUES ('horizontal');
INSERT INTO photo_tags (photo_idx, tag_id) VALUES ((SELECT photo_idx FROM photos WHERE photo_id = 1365), (SELECT tag_id FROM tags WHERE name = 'horizontal'));
INSERT OR IGNORE INTO tags (name) VALUES ('autumn');
INSERT INTO photo_tags (photo_idx, tag_id) VALUES ((SELECT photo_idx FROM photos WHERE photo_id = 1365), (SELECT tag_id FROM tags WHERE name = 'autumn'));
INSERT OR IGNORE INTO tags (name) VALUES ('fall');
INSERT INTO photo_tags (photo_idx, tag_id) VALUES ((SELECT photo_idx FROM photos WHERE photo_id = 1365), (SELECT tag_id FROM tags WHERE name = 'fall'));
INSERT OR IGNORE INTO tags (name) VALUES ('popular');
INSERT INTO photo_tags (photo_idx, tag_id) VALUES ((SELECT photo_idx FROM photos WHERE photo_id = 1365), (SELECT tag_id FROM tags WHERE name = 'popular'));
INSERT OR IGNORE INTO tags (name) VALUES ('scenic');
INSERT INTO photo_tags (photo_idx, tag_id) VALUES ((SELECT photo_idx FROM photos WHERE photo_id = 1365), (SELECT tag_id FROM tags WHERE name = 'scenic'));
INSERT OR IGNORE INTO tags (name) VALUES ('landscape');
INSERT INTO photo_tags (photo_idx, tag_id) VALUES ((SELECT photo_idx FROM photos WHERE photo_id = 1365), (SELECT tag_id FROM tags WHERE name = 'landscape'));
INSERT OR IGNORE INTO tags (name) VALUES ('color');
INSERT INTO photo_tags (photo_idx, tag_id) VALUES ((SELECT photo_idx FROM photos WHERE photo_id = 1365), (SELECT tag_id FROM tags WHERE name = 'color'));
INSERT OR IGNORE INTO tags (name) VALUES ('outdoors');
INSERT INTO photo_tags (photo_idx, tag_id) VALUES ((SELECT photo_idx FROM photos WHERE photo_id = 1365), (SELECT tag_id FROM tags WHERE name = 'outdoors'));
INSERT OR IGNORE INTO tags (name) VALUES ('white');
INSERT INTO photo_tags (photo_idx, tag_id) VALUES ((SELECT photo_idx FROM photos WHERE photo_id = 1365), (SELECT tag_id FROM tags WHERE name = 'white'));
INSERT OR IGNORE INTO tags (name) VALUES ('yellow');
INSERT INTO photo_tags (photo_idx, tag_id) VALUES ((SELECT photo_idx FROM photos WHERE photo_id = 1365), (SELECT tag_id FROM tags WHERE name = 'yellow'));
INSERT OR IGNORE INTO tags (name) VALUES ('trees');
INSERT INTO photo_tags (photo_idx, tag_id) VALUES ((SELECT photo_idx FROM photos WHERE photo_id = 1365), (SELECT tag_id FROM tags WHERE name = 'trees'));
INSERT OR IGNORE INTO tags (name) VALUES ('foliage');
INSERT INTO photo_tags (photo_idx, tag_id) VALUES ((SELECT photo_idx FROM photos WHERE photo_id = 1365), (SELECT tag_id FROM tags WHERE name = 'foliage'));
INSERT OR IGNORE INTO tags (name) VALUES ('forest');
INSERT INTO photo_tags (photo_idx, tag_id) VALUES ((SELECT photo_idx FROM photos WHERE photo_id = 1365), (SELECT tag_id FROM tags WHERE name = 'forest'));
INSERT OR IGNORE INTO tags (name) VALUES ('aspen');
INSERT INTO photo_tags (photo_idx, tag_id) VALUES ((SELECT photo_idx FROM photos WHERE photo_id = 1365), (SELECT tag_id FROM tags WHERE name = 'aspen'));

INSERT INTO photos (photo_id, photo_title, photo_collection, photo_location, photo_year, camera, film_stock, film_format) VALUES (1366, 'Among the Aspen', 'Colorado', 'Near Sawpit, Colorado', 1998, 'Hasselblad', 'Fujichrome Velvia', '6 x 6 cm');
INSERT INTO photos_fts (photo_idx, photo_id, photo_title, photo_collection, photo_location, photo_year, camera, film_stock, film_format, tag_names) VALUES ((SELECT photo_idx FROM photos WHERE photo_id = 1366), 1366, 'Among the Aspen', 'Colorado', 'Near Sawpit, Colorado', 1998, 'Hasselblad', 'Fujichrome Velvia', '6 x 6 cm', 'horizontal,autumn,fall,popular,scenic,landscape,color,outdoors,green,yellow,trees,foliage,forest,aspen');
INSERT OR IGNORE INTO tags (name) VALUES ('horizontal');
INSERT INTO photo_tags (photo_idx, tag_id) VALUES ((SELECT photo_idx FROM photos WHERE photo_id = 1366), (SELECT tag_id FROM tags WHERE name = 'horizontal'));
INSERT OR IGNORE INTO tags (name) VALUES ('autumn');
INSERT INTO photo_tags (photo_idx, tag_id) VALUES ((SELECT photo_idx FROM photos WHERE photo_id = 1366), (SELECT tag_id FROM tags WHERE name = 'autumn'));
INSERT OR IGNORE INTO tags (name) VALUES ('fall');
INSERT INTO photo_tags (photo_idx, tag_id) VALUES ((SELECT photo_idx FROM photos WHERE photo_id = 1366), (SELECT tag_id FROM tags WHERE name = 'fall'));
INSERT OR IGNORE INTO tags (name) VALUES ('popular');
INSERT INTO photo_tags (photo_idx, tag_id) VALUES ((SELECT photo_idx FROM photos WHERE photo_id = 1366), (SELECT tag_id FROM tags WHERE name = 'popular'));
INSERT OR IGNORE INTO tags (name) VALUES ('scenic');
INSERT INTO photo_tags (photo_idx, tag_id) VALUES ((SELECT photo_idx FROM photos WHERE photo_id = 1366), (SELECT tag_id FROM tags WHERE name = 'scenic'));
INSERT OR IGNORE INTO tags (name) VALUES ('landscape');
INSERT INTO photo_tags (photo_idx, tag_id) VALUES ((SELECT photo_idx FROM photos WHERE photo_id = 1366), (SELECT tag_id FROM tags WHERE name = 'landscape'));
INSERT OR IGNORE INTO tags (name) VALUES ('color');
INSERT INTO photo_tags (photo_idx, tag_id) VALUES ((SELECT photo_idx FROM photos WHERE photo_id = 1366), (SELECT tag_id FROM tags WHERE name = 'color'));
INSERT OR IGNORE INTO tags (name) VALUES ('outdoors');
INSERT INTO photo_tags (photo_idx, tag_id) VALUES ((SELECT photo_idx FROM photos WHERE photo_id = 1366), (SELECT tag_id FROM tags WHERE name = 'outdoors'));
INSERT OR IGNORE INTO tags (name) VALUES ('green');
INSERT INTO photo_tags (photo_idx, tag_id) VALUES ((SELECT photo_idx FROM photos WHERE photo_id = 1366), (SELECT tag_id FROM tags WHERE name = 'green'));
INSERT OR IGNORE INTO tags (name) VALUES ('yellow');
INSERT INTO photo_tags (photo_idx, tag_id) VALUES ((SELECT photo_idx FROM photos WHERE photo_id = 1366), (SELECT tag_id FROM tags WHERE name = 'yellow'));
INSERT OR IGNORE INTO tags (name) VALUES ('trees');
INSERT INTO photo_tags (photo_idx, tag_id) VALUES ((SELECT photo_idx FROM photos WHERE photo_id = 1366), (SELECT tag_id FROM tags WHERE name = 'trees'));
INSERT OR IGNORE INTO tags (name) VALUES ('foliage');
INSERT INTO photo_tags (photo_idx, tag_id) VALUES ((SELECT photo_idx FROM photos WHERE photo_id = 1366), (SELECT tag_id FROM tags WHERE name = 'foliage'));
INSERT OR IGNORE INTO tags (name) VALUES ('forest');
INSERT INTO photo_tags (photo_idx, tag_id) VALUES ((SELECT photo_idx FROM photos WHERE photo_id = 1366), (SELECT tag_id FROM tags WHERE name = 'forest'));
INSERT OR IGNORE INTO tags (name) VALUES ('aspen');
INSERT INTO photo_tags (photo_idx, tag_id) VALUES ((SELECT photo_idx FROM photos WHERE photo_id = 1366), (SELECT tag_id FROM tags WHERE name = 'aspen'));

INSERT INTO photos (photo_id, photo_title, photo_collection, photo_location, photo_year, camera, film_stock, film_format) VALUES (1367, 'Twisted Aspen Trunks', 'Colorado', 'Mount Sneffels Wilderness, Colorado', 1998, 'Hasselblad', 'Fujichrome Velvia', '6 x 6 cm');
INSERT INTO photos_fts (photo_idx, photo_id, photo_title, photo_collection, photo_location, photo_year, camera, film_stock, film_format, tag_names) VALUES ((SELECT photo_idx FROM photos WHERE photo_id = 1367), 1367, 'Twisted Aspen Trunks', 'Colorado', 'Mount Sneffels Wilderness, Colorado', 1998, 'Hasselblad', 'Fujichrome Velvia', '6 x 6 cm', 'horizontal,autumn,fall,scenic,landscape,color,outdoors,white,yellow,trees,foliage,forest,aspen');
INSERT OR IGNORE INTO tags (name) VALUES ('horizontal');
INSERT INTO photo_tags (photo_idx, tag_id) VALUES ((SELECT photo_idx FROM photos WHERE photo_id = 1367), (SELECT tag_id FROM tags WHERE name = 'horizontal'));
INSERT OR IGNORE INTO tags (name) VALUES ('autumn');
INSERT INTO photo_tags (photo_idx, tag_id) VALUES ((SELECT photo_idx FROM photos WHERE photo_id = 1367), (SELECT tag_id FROM tags WHERE name = 'autumn'));
INSERT OR IGNORE INTO tags (name) VALUES ('fall');
INSERT INTO photo_tags (photo_idx, tag_id) VALUES ((SELECT photo_idx FROM photos WHERE photo_id = 1367), (SELECT tag_id FROM tags WHERE name = 'fall'));
INSERT OR IGNORE INTO tags (name) VALUES ('scenic');
INSERT INTO photo_tags (photo_idx, tag_id) VALUES ((SELECT photo_idx FROM photos WHERE photo_id = 1367), (SELECT tag_id FROM tags WHERE name = 'scenic'));
INSERT OR IGNORE INTO tags (name) VALUES ('landscape');
INSERT INTO photo_tags (photo_idx, tag_id) VALUES ((SELECT photo_idx FROM photos WHERE photo_id = 1367), (SELECT tag_id FROM tags WHERE name = 'landscape'));
INSERT OR IGNORE INTO tags (name) VALUES ('color');
INSERT INTO photo_tags (photo_idx, tag_id) VALUES ((SELECT photo_idx FROM photos WHERE photo_id = 1367), (SELECT tag_id FROM tags WHERE name = 'color'));
INSERT OR IGNORE INTO tags (name) VALUES ('outdoors');
INSERT INTO photo_tags (photo_idx, tag_id) VALUES ((SELECT photo_idx FROM photos WHERE photo_id = 1367), (SELECT tag_id FROM tags WHERE name = 'outdoors'));
INSERT OR IGNORE INTO tags (name) VALUES ('white');
INSERT INTO photo_tags (photo_idx, tag_id) VALUES ((SELECT photo_idx FROM photos WHERE photo_id = 1367), (SELECT tag_id FROM tags WHERE name = 'white'));
INSERT OR IGNORE INTO tags (name) VALUES ('yellow');
INSERT INTO photo_tags (photo_idx, tag_id) VALUES ((SELECT photo_idx FROM photos WHERE photo_id = 1367), (SELECT tag_id FROM tags WHERE name = 'yellow'));
INSERT OR IGNORE INTO tags (name) VALUES ('trees');
INSERT INTO photo_tags (photo_idx, tag_id) VALUES ((SELECT photo_idx FROM photos WHERE photo_id = 1367), (SELECT tag_id FROM tags WHERE name = 'trees'));
INSERT OR IGNORE INTO tags (name) VALUES ('foliage');
INSERT INTO photo_tags (photo_idx, tag_id) VALUES ((SELECT photo_idx FROM photos WHERE photo_id = 1367), (SELECT tag_id FROM tags WHERE name = 'foliage'));
INSERT OR IGNORE INTO tags (name) VALUES ('forest');
INSERT INTO photo_tags (photo_idx, tag_id) VALUES ((SELECT photo_idx FROM photos WHERE photo_id = 1367), (SELECT tag_id FROM tags WHERE name = 'forest'));
INSERT OR IGNORE INTO tags (name) VALUES ('aspen');
INSERT INTO photo_tags (photo_idx, tag_id) VALUES ((SELECT photo_idx FROM photos WHERE photo_id = 1367), (SELECT tag_id FROM tags WHERE name = 'aspen'));

INSERT INTO photos (photo_id, photo_title, photo_collection, photo_location, photo_year, camera, film_stock, film_format) VALUES (1368, 'Boulder Mountain Grove', 'Colorado', 'Boulder Mountain, Utah', 1998, 'Hasselblad', 'Fujichrome Velvia', '6 x 6 cm');
INSERT INTO photos_fts (photo_idx, photo_id, photo_title, photo_collection, photo_location, photo_year, camera, film_stock, film_format, tag_names) VALUES ((SELECT photo_idx FROM photos WHERE photo_id = 1368), 1368, 'Boulder Mountain Grove', 'Colorado', 'Boulder Mountain, Utah', 1998, 'Hasselblad', 'Fujichrome Velvia', '6 x 6 cm', 'horizontal,autumn,fall,popular,scenic,landscape,color,outdoors,white,yellow,grass,trees,foliage,forest,aspen');
INSERT OR IGNORE INTO tags (name) VALUES ('horizontal');
INSERT INTO photo_tags (photo_idx, tag_id) VALUES ((SELECT photo_idx FROM photos WHERE photo_id = 1368), (SELECT tag_id FROM tags WHERE name = 'horizontal'));
INSERT OR IGNORE INTO tags (name) VALUES ('autumn');
INSERT INTO photo_tags (photo_idx, tag_id) VALUES ((SELECT photo_idx FROM photos WHERE photo_id = 1368), (SELECT tag_id FROM tags WHERE name = 'autumn'));
INSERT OR IGNORE INTO tags (name) VALUES ('fall');
INSERT INTO photo_tags (photo_idx, tag_id) VALUES ((SELECT photo_idx FROM photos WHERE photo_id = 1368), (SELECT tag_id FROM tags WHERE name = 'fall'));
INSERT OR IGNORE INTO tags (name) VALUES ('popular');
INSERT INTO photo_tags (photo_idx, tag_id) VALUES ((SELECT photo_idx FROM photos WHERE photo_id = 1368), (SELECT tag_id FROM tags WHERE name = 'popular'));
INSERT OR IGNORE INTO tags (name) VALUES ('scenic');
INSERT INTO photo_tags (photo_idx, tag_id) VALUES ((SELECT photo_idx FROM photos WHERE photo_id = 1368), (SELECT tag_id FROM tags WHERE name = 'scenic'));
INSERT OR IGNORE INTO tags (name) VALUES ('landscape');
INSERT INTO photo_tags (photo_idx, tag_id) VALUES ((SELECT photo_idx FROM photos WHERE photo_id = 1368), (SELECT tag_id FROM tags WHERE name = 'landscape'));
INSERT OR IGNORE INTO tags (name) VALUES ('color');
INSERT INTO photo_tags (photo_idx, tag_id) VALUES ((SELECT photo_idx FROM photos WHERE photo_id = 1368), (SELECT tag_id FROM tags WHERE name = 'color'));
INSERT OR IGNORE INTO tags (name) VALUES ('outdoors');
INSERT INTO photo_tags (photo_idx, tag_id) VALUES ((SELECT photo_idx FROM photos WHERE photo_id = 1368), (SELECT tag_id FROM tags WHERE name = 'outdoors'));
INSERT OR IGNORE INTO tags (name) VALUES ('white');
INSERT INTO photo_tags (photo_idx, tag_id) VALUES ((SELECT photo_idx FROM photos WHERE photo_id = 1368), (SELECT tag_id FROM tags WHERE name = 'white'));
INSERT OR IGNORE INTO tags (name) VALUES ('yellow');
INSERT INTO photo_tags (photo_idx, tag_id) VALUES ((SELECT photo_idx FROM photos WHERE photo_id = 1368), (SELECT tag_id FROM tags WHERE name = 'yellow'));
INSERT OR IGNORE INTO tags (name) VALUES ('grass');
INSERT INTO photo_tags (photo_idx, tag_id) VALUES ((SELECT photo_idx FROM photos WHERE photo_id = 1368), (SELECT tag_id FROM tags WHERE name = 'grass'));
INSERT OR IGNORE INTO tags (name) VALUES ('trees');
INSERT INTO photo_tags (photo_idx, tag_id) VALUES ((SELECT photo_idx FROM photos WHERE photo_id = 1368), (SELECT tag_id FROM tags WHERE name = 'trees'));
INSERT OR IGNORE INTO tags (name) VALUES ('foliage');
INSERT INTO photo_tags (photo_idx, tag_id) VALUES ((SELECT photo_idx FROM photos WHERE photo_id = 1368), (SELECT tag_id FROM tags WHERE name = 'foliage'));
INSERT OR IGNORE INTO tags (name) VALUES ('forest');
INSERT INTO photo_tags (photo_idx, tag_id) VALUES ((SELECT photo_idx FROM photos WHERE photo_id = 1368), (SELECT tag_id FROM tags WHERE name = 'forest'));
INSERT OR IGNORE INTO tags (name) VALUES ('aspen');
INSERT INTO photo_tags (photo_idx, tag_id) VALUES ((SELECT photo_idx FROM photos WHERE photo_id = 1368), (SELECT tag_id FROM tags WHERE name = 'aspen'));

INSERT INTO photos (photo_id, photo_title, photo_collection, photo_location, photo_year, camera, film_stock, film_format) VALUES (1369, 'Glowing Yellow Aspen', 'Colorado', 'San Juan Mountains, Colorado', 1998, 'Hasselblad', 'Fujichrome Velvia', '6 x 6 cm');
INSERT INTO photos_fts (photo_idx, photo_id, photo_title, photo_collection, photo_location, photo_year, camera, film_stock, film_format, tag_names) VALUES ((SELECT photo_idx FROM photos WHERE photo_id = 1369), 1369, 'Glowing Yellow Aspen', 'Colorado', 'San Juan Mountains, Colorado', 1998, 'Hasselblad', 'Fujichrome Velvia', '6 x 6 cm', 'horizontal,autumn,fall,scenic,landscape,color,outdoors,blue,yellow,trees,foliage,forest,aspen');
INSERT OR IGNORE INTO tags (name) VALUES ('horizontal');
INSERT INTO photo_tags (photo_idx, tag_id) VALUES ((SELECT photo_idx FROM photos WHERE photo_id = 1369), (SELECT tag_id FROM tags WHERE name = 'horizontal'));
INSERT OR IGNORE INTO tags (name) VALUES ('autumn');
INSERT INTO photo_tags (photo_idx, tag_id) VALUES ((SELECT photo_idx FROM photos WHERE photo_id = 1369), (SELECT tag_id FROM tags WHERE name = 'autumn'));
INSERT OR IGNORE INTO tags (name) VALUES ('fall');
INSERT INTO photo_tags (photo_idx, tag_id) VALUES ((SELECT photo_idx FROM photos WHERE photo_id = 1369), (SELECT tag_id FROM tags WHERE name = 'fall'));
INSERT OR IGNORE INTO tags (name) VALUES ('scenic');
INSERT INTO photo_tags (photo_idx, tag_id) VALUES ((SELECT photo_idx FROM photos WHERE photo_id = 1369), (SELECT tag_id FROM tags WHERE name = 'scenic'));
INSERT OR IGNORE INTO tags (name) VALUES ('landscape');
INSERT INTO photo_tags (photo_idx, tag_id) VALUES ((SELECT photo_idx FROM photos WHERE photo_id = 1369), (SELECT tag_id FROM tags WHERE name = 'landscape'));
INSERT OR IGNORE INTO tags (name) VALUES ('color');
INSERT INTO photo_tags (photo_idx, tag_id) VALUES ((SELECT photo_idx FROM photos WHERE photo_id = 1369), (SELECT tag_id FROM tags WHERE name = 'color'));
INSERT OR IGNORE INTO tags (name) VALUES ('outdoors');
INSERT INTO photo_tags (photo_idx, tag_id) VALUES ((SELECT photo_idx FROM photos WHERE photo_id = 1369), (SELECT tag_id FROM tags WHERE name = 'outdoors'));
INSERT OR IGNORE INTO tags (name) VALUES ('blue');
INSERT INTO photo_tags (photo_idx, tag_id) VALUES ((SELECT photo_idx FROM photos WHERE photo_id = 1369), (SELECT tag_id FROM tags WHERE name = 'blue'));
INSERT OR IGNORE INTO tags (name) VALUES ('yellow');
INSERT INTO photo_tags (photo_idx, tag_id) VALUES ((SELECT photo_idx FROM photos WHERE photo_id = 1369), (SELECT tag_id FROM tags WHERE name = 'yellow'));
INSERT OR IGNORE INTO tags (name) VALUES ('trees');
INSERT INTO photo_tags (photo_idx, tag_id) VALUES ((SELECT photo_idx FROM photos WHERE photo_id = 1369), (SELECT tag_id FROM tags WHERE name = 'trees'));
INSERT OR IGNORE INTO tags (name) VALUES ('foliage');
INSERT INTO photo_tags (photo_idx, tag_id) VALUES ((SELECT photo_idx FROM photos WHERE photo_id = 1369), (SELECT tag_id FROM tags WHERE name = 'foliage'));
INSERT OR IGNORE INTO tags (name) VALUES ('forest');
INSERT INTO photo_tags (photo_idx, tag_id) VALUES ((SELECT photo_idx FROM photos WHERE photo_id = 1369), (SELECT tag_id FROM tags WHERE name = 'forest'));
INSERT OR IGNORE INTO tags (name) VALUES ('aspen');
INSERT INTO photo_tags (photo_idx, tag_id) VALUES ((SELECT photo_idx FROM photos WHERE photo_id = 1369), (SELECT tag_id FROM tags WHERE name = 'aspen'));

INSERT INTO photos (photo_id, photo_title, photo_collection, photo_location, photo_year, camera, film_stock, film_format) VALUES (1374, 'Evergreens from Above', 'Colorado', 'Ouray, Colorado', 1998, 'Hasselblad', 'Fujichrome Velvia', '6 x 6 cm');
INSERT INTO photos_fts (photo_idx, photo_id, photo_title, photo_collection, photo_location, photo_year, camera, film_stock, film_format, tag_names) VALUES ((SELECT photo_idx FROM photos WHERE photo_id = 1374), 1374, 'Evergreens from Above', 'Colorado', 'Ouray, Colorado', 1998, 'Hasselblad', 'Fujichrome Velvia', '6 x 6 cm', 'vertical,autumn,fall,scenic,landscape,color,outdoors,green,trees,foliage,forest');
INSERT OR IGNORE INTO tags (name) VALUES ('vertical');
INSERT INTO photo_tags (photo_idx, tag_id) VALUES ((SELECT photo_idx FROM photos WHERE photo_id = 1374), (SELECT tag_id FROM tags WHERE name = 'vertical'));
INSERT OR IGNORE INTO tags (name) VALUES ('autumn');
INSERT INTO photo_tags (photo_idx, tag_id) VALUES ((SELECT photo_idx FROM photos WHERE photo_id = 1374), (SELECT tag_id FROM tags WHERE name = 'autumn'));
INSERT OR IGNORE INTO tags (name) VALUES ('fall');
INSERT INTO photo_tags (photo_idx, tag_id) VALUES ((SELECT photo_idx FROM photos WHERE photo_id = 1374), (SELECT tag_id FROM tags WHERE name = 'fall'));
INSERT OR IGNORE INTO tags (name) VALUES ('scenic');
INSERT INTO photo_tags (photo_idx, tag_id) VALUES ((SELECT photo_idx FROM photos WHERE photo_id = 1374), (SELECT tag_id FROM tags WHERE name = 'scenic'));
INSERT OR IGNORE INTO tags (name) VALUES ('landscape');
INSERT INTO photo_tags (photo_idx, tag_id) VALUES ((SELECT photo_idx FROM photos WHERE photo_id = 1374), (SELECT tag_id FROM tags WHERE name = 'landscape'));
INSERT OR IGNORE INTO tags (name) VALUES ('color');
INSERT INTO photo_tags (photo_idx, tag_id) VALUES ((SELECT photo_idx FROM photos WHERE photo_id = 1374), (SELECT tag_id FROM tags WHERE name = 'color'));
INSERT OR IGNORE INTO tags (name) VALUES ('outdoors');
INSERT INTO photo_tags (photo_idx, tag_id) VALUES ((SELECT photo_idx FROM photos WHERE photo_id = 1374), (SELECT tag_id FROM tags WHERE name = 'outdoors'));
INSERT OR IGNORE INTO tags (name) VALUES ('green');
INSERT INTO photo_tags (photo_idx, tag_id) VALUES ((SELECT photo_idx FROM photos WHERE photo_id = 1374), (SELECT tag_id FROM tags WHERE name = 'green'));
INSERT OR IGNORE INTO tags (name) VALUES ('trees');
INSERT INTO photo_tags (photo_idx, tag_id) VALUES ((SELECT photo_idx FROM photos WHERE photo_id = 1374), (SELECT tag_id FROM tags WHERE name = 'trees'));
INSERT OR IGNORE INTO tags (name) VALUES ('foliage');
INSERT INTO photo_tags (photo_idx, tag_id) VALUES ((SELECT photo_idx FROM photos WHERE photo_id = 1374), (SELECT tag_id FROM tags WHERE name = 'foliage'));
INSERT OR IGNORE INTO tags (name) VALUES ('forest');
INSERT INTO photo_tags (photo_idx, tag_id) VALUES ((SELECT photo_idx FROM photos WHERE photo_id = 1374), (SELECT tag_id FROM tags WHERE name = 'forest'));

INSERT INTO photos (photo_id, photo_title, photo_collection, photo_location, photo_year, camera, film_stock, film_format) VALUES (1377, 'Aspen Abstract', 'Colorado', 'Near Telluride, Colorado', 1998, 'Hasselblad', 'Fujichrome Velvia', '6 x 6 cm');
INSERT INTO photos_fts (photo_idx, photo_id, photo_title, photo_collection, photo_location, photo_year, camera, film_stock, film_format, tag_names) VALUES ((SELECT photo_idx FROM photos WHERE photo_id = 1377), 1377, 'Aspen Abstract', 'Colorado', 'Near Telluride, Colorado', 1998, 'Hasselblad', 'Fujichrome Velvia', '6 x 6 cm', 'vertical,autumn,fall,scenic,landscape,color,outdoors,white,yellow,trees,foliage,forest,aspen');
INSERT OR IGNORE INTO tags (name) VALUES ('vertical');
INSERT INTO photo_tags (photo_idx, tag_id) VALUES ((SELECT photo_idx FROM photos WHERE photo_id = 1377), (SELECT tag_id FROM tags WHERE name = 'vertical'));
INSERT OR IGNORE INTO tags (name) VALUES ('autumn');
INSERT INTO photo_tags (photo_idx, tag_id) VALUES ((SELECT photo_idx FROM photos WHERE photo_id = 1377), (SELECT tag_id FROM tags WHERE name = 'autumn'));
INSERT OR IGNORE INTO tags (name) VALUES ('fall');
INSERT INTO photo_tags (photo_idx, tag_id) VALUES ((SELECT photo_idx FROM photos WHERE photo_id = 1377), (SELECT tag_id FROM tags WHERE name = 'fall'));
INSERT OR IGNORE INTO tags (name) VALUES ('scenic');
INSERT INTO photo_tags (photo_idx, tag_id) VALUES ((SELECT photo_idx FROM photos WHERE photo_id = 1377), (SELECT tag_id FROM tags WHERE name = 'scenic'));
INSERT OR IGNORE INTO tags (name) VALUES ('landscape');
INSERT INTO photo_tags (photo_idx, tag_id) VALUES ((SELECT photo_idx FROM photos WHERE photo_id = 1377), (SELECT tag_id FROM tags WHERE name = 'landscape'));
INSERT OR IGNORE INTO tags (name) VALUES ('color');
INSERT INTO photo_tags (photo_idx, tag_id) VALUES ((SELECT photo_idx FROM photos WHERE photo_id = 1377), (SELECT tag_id FROM tags WHERE name = 'color'));
INSERT OR IGNORE INTO tags (name) VALUES ('outdoors');
INSERT INTO photo_tags (photo_idx, tag_id) VALUES ((SELECT photo_idx FROM photos WHERE photo_id = 1377), (SELECT tag_id FROM tags WHERE name = 'outdoors'));
INSERT OR IGNORE INTO tags (name) VALUES ('white');
INSERT INTO photo_tags (photo_idx, tag_id) VALUES ((SELECT photo_idx FROM photos WHERE photo_id = 1377), (SELECT tag_id FROM tags WHERE name = 'white'));
INSERT OR IGNORE INTO tags (name) VALUES ('yellow');
INSERT INTO photo_tags (photo_idx, tag_id) VALUES ((SELECT photo_idx FROM photos WHERE photo_id = 1377), (SELECT tag_id FROM tags WHERE name = 'yellow'));
INSERT OR IGNORE INTO tags (name) VALUES ('trees');
INSERT INTO photo_tags (photo_idx, tag_id) VALUES ((SELECT photo_idx FROM photos WHERE photo_id = 1377), (SELECT tag_id FROM tags WHERE name = 'trees'));
INSERT OR IGNORE INTO tags (name) VALUES ('foliage');
INSERT INTO photo_tags (photo_idx, tag_id) VALUES ((SELECT photo_idx FROM photos WHERE photo_id = 1377), (SELECT tag_id FROM tags WHERE name = 'foliage'));
INSERT OR IGNORE INTO tags (name) VALUES ('forest');
INSERT INTO photo_tags (photo_idx, tag_id) VALUES ((SELECT photo_idx FROM photos WHERE photo_id = 1377), (SELECT tag_id FROM tags WHERE name = 'forest'));
INSERT OR IGNORE INTO tags (name) VALUES ('aspen');
INSERT INTO photo_tags (photo_idx, tag_id) VALUES ((SELECT photo_idx FROM photos WHERE photo_id = 1377), (SELECT tag_id FROM tags WHERE name = 'aspen'));

INSERT INTO photos (photo_id, photo_title, photo_collection, photo_location, photo_year, camera, film_stock, film_format) VALUES (1378, 'Layered Aspen Growth', 'Colorado', 'Telluride, Colorado', 1998, 'Hasselblad', 'Fujichrome Velvia', '6 x 6 cm');
INSERT INTO photos_fts (photo_idx, photo_id, photo_title, photo_collection, photo_location, photo_year, camera, film_stock, film_format, tag_names) VALUES ((SELECT photo_idx FROM photos WHERE photo_id = 1378), 1378, 'Layered Aspen Growth', 'Colorado', 'Telluride, Colorado', 1998, 'Hasselblad', 'Fujichrome Velvia', '6 x 6 cm', 'horizontal,autumn,fall,scenic,landscape,color,outdoors,white,yellow,trees,foliage,forest,aspen');
INSERT OR IGNORE INTO tags (name) VALUES ('horizontal');
INSERT INTO photo_tags (photo_idx, tag_id) VALUES ((SELECT photo_idx FROM photos WHERE photo_id = 1378), (SELECT tag_id FROM tags WHERE name = 'horizontal'));
INSERT OR IGNORE INTO tags (name) VALUES ('autumn');
INSERT INTO photo_tags (photo_idx, tag_id) VALUES ((SELECT photo_idx FROM photos WHERE photo_id = 1378), (SELECT tag_id FROM tags WHERE name = 'autumn'));
INSERT OR IGNORE INTO tags (name) VALUES ('fall');
INSERT INTO photo_tags (photo_idx, tag_id) VALUES ((SELECT photo_idx FROM photos WHERE photo_id = 1378), (SELECT tag_id FROM tags WHERE name = 'fall'));
INSERT OR IGNORE INTO tags (name) VALUES ('scenic');
INSERT INTO photo_tags (photo_idx, tag_id) VALUES ((SELECT photo_idx FROM photos WHERE photo_id = 1378), (SELECT tag_id FROM tags WHERE name = 'scenic'));
INSERT OR IGNORE INTO tags (name) VALUES ('landscape');
INSERT INTO photo_tags (photo_idx, tag_id) VALUES ((SELECT photo_idx FROM photos WHERE photo_id = 1378), (SELECT tag_id FROM tags WHERE name = 'landscape'));
INSERT OR IGNORE INTO tags (name) VALUES ('color');
INSERT INTO photo_tags (photo_idx, tag_id) VALUES ((SELECT photo_idx FROM photos WHERE photo_id = 1378), (SELECT tag_id FROM tags WHERE name = 'color'));
INSERT OR IGNORE INTO tags (name) VALUES ('outdoors');
INSERT INTO photo_tags (photo_idx, tag_id) VALUES ((SELECT photo_idx FROM photos WHERE photo_id = 1378), (SELECT tag_id FROM tags WHERE name = 'outdoors'));
INSERT OR IGNORE INTO tags (name) VALUES ('white');
INSERT INTO photo_tags (photo_idx, tag_id) VALUES ((SELECT photo_idx FROM photos WHERE photo_id = 1378), (SELECT tag_id FROM tags WHERE name = 'white'));
INSERT OR IGNORE INTO tags (name) VALUES ('yellow');
INSERT INTO photo_tags (photo_idx, tag_id) VALUES ((SELECT photo_idx FROM photos WHERE photo_id = 1378), (SELECT tag_id FROM tags WHERE name = 'yellow'));
INSERT OR IGNORE INTO tags (name) VALUES ('trees');
INSERT INTO photo_tags (photo_idx, tag_id) VALUES ((SELECT photo_idx FROM photos WHERE photo_id = 1378), (SELECT tag_id FROM tags WHERE name = 'trees'));
INSERT OR IGNORE INTO tags (name) VALUES ('foliage');
INSERT INTO photo_tags (photo_idx, tag_id) VALUES ((SELECT photo_idx FROM photos WHERE photo_id = 1378), (SELECT tag_id FROM tags WHERE name = 'foliage'));
INSERT OR IGNORE INTO tags (name) VALUES ('forest');
INSERT INTO photo_tags (photo_idx, tag_id) VALUES ((SELECT photo_idx FROM photos WHERE photo_id = 1378), (SELECT tag_id FROM tags WHERE name = 'forest'));
INSERT OR IGNORE INTO tags (name) VALUES ('aspen');
INSERT INTO photo_tags (photo_idx, tag_id) VALUES ((SELECT photo_idx FROM photos WHERE photo_id = 1378), (SELECT tag_id FROM tags WHERE name = 'aspen'));

INSERT INTO photos (photo_id, photo_title, photo_collection, photo_location, photo_year, camera, film_stock, film_format) VALUES (1381, 'Ponderosa Pine Detail', 'California', 'Yosemite National Park', 1998, 'Hasselblad', 'Fujichrome Velvia', '6 x 6 cm');
INSERT INTO photos_fts (photo_idx, photo_id, photo_title, photo_collection, photo_location, photo_year, camera, film_stock, film_format, tag_names) VALUES ((SELECT photo_idx FROM photos WHERE photo_id = 1381), 1381, 'Ponderosa Pine Detail', 'California', 'Yosemite National Park', 1998, 'Hasselblad', 'Fujichrome Velvia', '6 x 6 cm', 'horizontal,closeup,landscape,color,outdoors,black,brown,trees,foliage');
INSERT OR IGNORE INTO tags (name) VALUES ('horizontal');
INSERT INTO photo_tags (photo_idx, tag_id) VALUES ((SELECT photo_idx FROM photos WHERE photo_id = 1381), (SELECT tag_id FROM tags WHERE name = 'horizontal'));
INSERT OR IGNORE INTO tags (name) VALUES ('closeup');
INSERT INTO photo_tags (photo_idx, tag_id) VALUES ((SELECT photo_idx FROM photos WHERE photo_id = 1381), (SELECT tag_id FROM tags WHERE name = 'closeup'));
INSERT OR IGNORE INTO tags (name) VALUES ('landscape');
INSERT INTO photo_tags (photo_idx, tag_id) VALUES ((SELECT photo_idx FROM photos WHERE photo_id = 1381), (SELECT tag_id FROM tags WHERE name = 'landscape'));
INSERT OR IGNORE INTO tags (name) VALUES ('color');
INSERT INTO photo_tags (photo_idx, tag_id) VALUES ((SELECT photo_idx FROM photos WHERE photo_id = 1381), (SELECT tag_id FROM tags WHERE name = 'color'));
INSERT OR IGNORE INTO tags (name) VALUES ('outdoors');
INSERT INTO photo_tags (photo_idx, tag_id) VALUES ((SELECT photo_idx FROM photos WHERE photo_id = 1381), (SELECT tag_id FROM tags WHERE name = 'outdoors'));
INSERT OR IGNORE INTO tags (name) VALUES ('black');
INSERT INTO photo_tags (photo_idx, tag_id) VALUES ((SELECT photo_idx FROM photos WHERE photo_id = 1381), (SELECT tag_id FROM tags WHERE name = 'black'));
INSERT OR IGNORE INTO tags (name) VALUES ('brown');
INSERT INTO photo_tags (photo_idx, tag_id) VALUES ((SELECT photo_idx FROM photos WHERE photo_id = 1381), (SELECT tag_id FROM tags WHERE name = 'brown'));
INSERT OR IGNORE INTO tags (name) VALUES ('trees');
INSERT INTO photo_tags (photo_idx, tag_id) VALUES ((SELECT photo_idx FROM photos WHERE photo_id = 1381), (SELECT tag_id FROM tags WHERE name = 'trees'));
INSERT OR IGNORE INTO tags (name) VALUES ('foliage');
INSERT INTO photo_tags (photo_idx, tag_id) VALUES ((SELECT photo_idx FROM photos WHERE photo_id = 1381), (SELECT tag_id FROM tags WHERE name = 'foliage'));

INSERT INTO photos (photo_id, photo_title, photo_collection, photo_location, photo_year, camera, film_stock, film_format) VALUES (1382, 'Dogwood Over Water', 'California', 'Yosemite National Park', 1998, 'Hasselblad', 'Fujichrome Velvia', '6 x 6 cm');
INSERT INTO photos_fts (photo_idx, photo_id, photo_title, photo_collection, photo_location, photo_year, camera, film_stock, film_format, tag_names) VALUES ((SELECT photo_idx FROM photos WHERE photo_id = 1382), 1382, 'Dogwood Over Water', 'California', 'Yosemite National Park', 1998, 'Hasselblad', 'Fujichrome Velvia', '6 x 6 cm', 'horizontal,closeup,landscape,color,outdoors,black,flowers,blossoms,dogwood');
INSERT OR IGNORE INTO tags (name) VALUES ('horizontal');
INSERT INTO photo_tags (photo_idx, tag_id) VALUES ((SELECT photo_idx FROM photos WHERE photo_id = 1382), (SELECT tag_id FROM tags WHERE name = 'horizontal'));
INSERT OR IGNORE INTO tags (name) VALUES ('closeup');
INSERT INTO photo_tags (photo_idx, tag_id) VALUES ((SELECT photo_idx FROM photos WHERE photo_id = 1382), (SELECT tag_id FROM tags WHERE name = 'closeup'));
INSERT OR IGNORE INTO tags (name) VALUES ('landscape');
INSERT INTO photo_tags (photo_idx, tag_id) VALUES ((SELECT photo_idx FROM photos WHERE photo_id = 1382), (SELECT tag_id FROM tags WHERE name = 'landscape'));
INSERT OR IGNORE INTO tags (name) VALUES ('color');
INSERT INTO photo_tags (photo_idx, tag_id) VALUES ((SELECT photo_idx FROM photos WHERE photo_id = 1382), (SELECT tag_id FROM tags WHERE name = 'color'));
INSERT OR IGNORE INTO tags (name) VALUES ('outdoors');
INSERT INTO photo_tags (photo_idx, tag_id) VALUES ((SELECT photo_idx FROM photos WHERE photo_id = 1382), (SELECT tag_id FROM tags WHERE name = 'outdoors'));
INSERT OR IGNORE INTO tags (name) VALUES ('black');
INSERT INTO photo_tags (photo_idx, tag_id) VALUES ((SELECT photo_idx FROM photos WHERE photo_id = 1382), (SELECT tag_id FROM tags WHERE name = 'black'));
INSERT OR IGNORE INTO tags (name) VALUES ('flowers');
INSERT INTO photo_tags (photo_idx, tag_id) VALUES ((SELECT photo_idx FROM photos WHERE photo_id = 1382), (SELECT tag_id FROM tags WHERE name = 'flowers'));
INSERT OR IGNORE INTO tags (name) VALUES ('blossoms');
INSERT INTO photo_tags (photo_idx, tag_id) VALUES ((SELECT photo_idx FROM photos WHERE photo_id = 1382), (SELECT tag_id FROM tags WHERE name = 'blossoms'));
INSERT OR IGNORE INTO tags (name) VALUES ('dogwood');
INSERT INTO photo_tags (photo_idx, tag_id) VALUES ((SELECT photo_idx FROM photos WHERE photo_id = 1382), (SELECT tag_id FROM tags WHERE name = 'dogwood'));

INSERT INTO photos (photo_id, photo_title, photo_collection, photo_location, photo_year, camera, film_stock, film_format) VALUES (1384, 'Redwood Morning Mist', 'California', 'Woodside, California', 1998, 'Hasselblad', 'Fujichrome Velvia', '6 x 6 cm');
INSERT INTO photos_fts (photo_idx, photo_id, photo_title, photo_collection, photo_location, photo_year, camera, film_stock, film_format, tag_names) VALUES ((SELECT photo_idx FROM photos WHERE photo_id = 1384), 1384, 'Redwood Morning Mist', 'California', 'Woodside, California', 1998, 'Hasselblad', 'Fujichrome Velvia', '6 x 6 cm', 'vertical,scenic,landscape,color,outdoors,black,gray,fog,trees,foliage,forest,mist');
INSERT OR IGNORE INTO tags (name) VALUES ('vertical');
INSERT INTO photo_tags (photo_idx, tag_id) VALUES ((SELECT photo_idx FROM photos WHERE photo_id = 1384), (SELECT tag_id FROM tags WHERE name = 'vertical'));
INSERT OR IGNORE INTO tags (name) VALUES ('scenic');
INSERT INTO photo_tags (photo_idx, tag_id) VALUES ((SELECT photo_idx FROM photos WHERE photo_id = 1384), (SELECT tag_id FROM tags WHERE name = 'scenic'));
INSERT OR IGNORE INTO tags (name) VALUES ('landscape');
INSERT INTO photo_tags (photo_idx, tag_id) VALUES ((SELECT photo_idx FROM photos WHERE photo_id = 1384), (SELECT tag_id FROM tags WHERE name = 'landscape'));
INSERT OR IGNORE INTO tags (name) VALUES ('color');
INSERT INTO photo_tags (photo_idx, tag_id) VALUES ((SELECT photo_idx FROM photos WHERE photo_id = 1384), (SELECT tag_id FROM tags WHERE name = 'color'));
INSERT OR IGNORE INTO tags (name) VALUES ('outdoors');
INSERT INTO photo_tags (photo_idx, tag_id) VALUES ((SELECT photo_idx FROM photos WHERE photo_id = 1384), (SELECT tag_id FROM tags WHERE name = 'outdoors'));
INSERT OR IGNORE INTO tags (name) VALUES ('black');
INSERT INTO photo_tags (photo_idx, tag_id) VALUES ((SELECT photo_idx FROM photos WHERE photo_id = 1384), (SELECT tag_id FROM tags WHERE name = 'black'));
INSERT OR IGNORE INTO tags (name) VALUES ('gray');
INSERT INTO photo_tags (photo_idx, tag_id) VALUES ((SELECT photo_idx FROM photos WHERE photo_id = 1384), (SELECT tag_id FROM tags WHERE name = 'gray'));
INSERT OR IGNORE INTO tags (name) VALUES ('fog');
INSERT INTO photo_tags (photo_idx, tag_id) VALUES ((SELECT photo_idx FROM photos WHERE photo_id = 1384), (SELECT tag_id FROM tags WHERE name = 'fog'));
INSERT OR IGNORE INTO tags (name) VALUES ('trees');
INSERT INTO photo_tags (photo_idx, tag_id) VALUES ((SELECT photo_idx FROM photos WHERE photo_id = 1384), (SELECT tag_id FROM tags WHERE name = 'trees'));
INSERT OR IGNORE INTO tags (name) VALUES ('foliage');
INSERT INTO photo_tags (photo_idx, tag_id) VALUES ((SELECT photo_idx FROM photos WHERE photo_id = 1384), (SELECT tag_id FROM tags WHERE name = 'foliage'));
INSERT OR IGNORE INTO tags (name) VALUES ('forest');
INSERT INTO photo_tags (photo_idx, tag_id) VALUES ((SELECT photo_idx FROM photos WHERE photo_id = 1384), (SELECT tag_id FROM tags WHERE name = 'forest'));
INSERT OR IGNORE INTO tags (name) VALUES ('mist');
INSERT INTO photo_tags (photo_idx, tag_id) VALUES ((SELECT photo_idx FROM photos WHERE photo_id = 1384), (SELECT tag_id FROM tags WHERE name = 'mist'));

INSERT INTO photos (photo_id, photo_title, photo_collection, photo_location, photo_year, camera, film_stock, film_format) VALUES (1387, 'Path in the Woods', 'California', 'Woodside, California', 1998, 'Hasselblad', 'Fujichrome Velvia', '6 x 6 cm');
INSERT INTO photos_fts (photo_idx, photo_id, photo_title, photo_collection, photo_location, photo_year, camera, film_stock, film_format, tag_names) VALUES ((SELECT photo_idx FROM photos WHERE photo_id = 1387), 1387, 'Path in the Woods', 'California', 'Woodside, California', 1998, 'Hasselblad', 'Fujichrome Velvia', '6 x 6 cm', 'horizontal,scenic,landscape,color,outdoors,green,fog,trees,foliage,forest,mist');
INSERT OR IGNORE INTO tags (name) VALUES ('horizontal');
INSERT INTO photo_tags (photo_idx, tag_id) VALUES ((SELECT photo_idx FROM photos WHERE photo_id = 1387), (SELECT tag_id FROM tags WHERE name = 'horizontal'));
INSERT OR IGNORE INTO tags (name) VALUES ('scenic');
INSERT INTO photo_tags (photo_idx, tag_id) VALUES ((SELECT photo_idx FROM photos WHERE photo_id = 1387), (SELECT tag_id FROM tags WHERE name = 'scenic'));
INSERT OR IGNORE INTO tags (name) VALUES ('landscape');
INSERT INTO photo_tags (photo_idx, tag_id) VALUES ((SELECT photo_idx FROM photos WHERE photo_id = 1387), (SELECT tag_id FROM tags WHERE name = 'landscape'));
INSERT OR IGNORE INTO tags (name) VALUES ('color');
INSERT INTO photo_tags (photo_idx, tag_id) VALUES ((SELECT photo_idx FROM photos WHERE photo_id = 1387), (SELECT tag_id FROM tags WHERE name = 'color'));
INSERT OR IGNORE INTO tags (name) VALUES ('outdoors');
INSERT INTO photo_tags (photo_idx, tag_id) VALUES ((SELECT photo_idx FROM photos WHERE photo_id = 1387), (SELECT tag_id FROM tags WHERE name = 'outdoors'));
INSERT OR IGNORE INTO tags (name) VALUES ('green');
INSERT INTO photo_tags (photo_idx, tag_id) VALUES ((SELECT photo_idx FROM photos WHERE photo_id = 1387), (SELECT tag_id FROM tags WHERE name = 'green'));
INSERT OR IGNORE INTO tags (name) VALUES ('fog');
INSERT INTO photo_tags (photo_idx, tag_id) VALUES ((SELECT photo_idx FROM photos WHERE photo_id = 1387), (SELECT tag_id FROM tags WHERE name = 'fog'));
INSERT OR IGNORE INTO tags (name) VALUES ('trees');
INSERT INTO photo_tags (photo_idx, tag_id) VALUES ((SELECT photo_idx FROM photos WHERE photo_id = 1387), (SELECT tag_id FROM tags WHERE name = 'trees'));
INSERT OR IGNORE INTO tags (name) VALUES ('foliage');
INSERT INTO photo_tags (photo_idx, tag_id) VALUES ((SELECT photo_idx FROM photos WHERE photo_id = 1387), (SELECT tag_id FROM tags WHERE name = 'foliage'));
INSERT OR IGNORE INTO tags (name) VALUES ('forest');
INSERT INTO photo_tags (photo_idx, tag_id) VALUES ((SELECT photo_idx FROM photos WHERE photo_id = 1387), (SELECT tag_id FROM tags WHERE name = 'forest'));
INSERT OR IGNORE INTO tags (name) VALUES ('mist');
INSERT INTO photo_tags (photo_idx, tag_id) VALUES ((SELECT photo_idx FROM photos WHERE photo_id = 1387), (SELECT tag_id FROM tags WHERE name = 'mist'));

INSERT INTO photos (photo_id, photo_title, photo_collection, photo_location, photo_year, camera, film_stock, film_format) VALUES (1388, 'Misty Green Hillside', 'California', 'Woodside, California', 1998, 'Hasselblad', 'Fujichrome Velvia', '6 x 6 cm');
INSERT INTO photos_fts (photo_idx, photo_id, photo_title, photo_collection, photo_location, photo_year, camera, film_stock, film_format, tag_names) VALUES ((SELECT photo_idx FROM photos WHERE photo_id = 1388), 1388, 'Misty Green Hillside', 'California', 'Woodside, California', 1998, 'Hasselblad', 'Fujichrome Velvia', '6 x 6 cm', 'horizontal,scenic,landscape,color,outdoors,green,fog,trees,foliage,forest,mist');
INSERT OR IGNORE INTO tags (name) VALUES ('horizontal');
INSERT INTO photo_tags (photo_idx, tag_id) VALUES ((SELECT photo_idx FROM photos WHERE photo_id = 1388), (SELECT tag_id FROM tags WHERE name = 'horizontal'));
INSERT OR IGNORE INTO tags (name) VALUES ('scenic');
INSERT INTO photo_tags (photo_idx, tag_id) VALUES ((SELECT photo_idx FROM photos WHERE photo_id = 1388), (SELECT tag_id FROM tags WHERE name = 'scenic'));
INSERT OR IGNORE INTO tags (name) VALUES ('landscape');
INSERT INTO photo_tags (photo_idx, tag_id) VALUES ((SELECT photo_idx FROM photos WHERE photo_id = 1388), (SELECT tag_id FROM tags WHERE name = 'landscape'));
INSERT OR IGNORE INTO tags (name) VALUES ('color');
INSERT INTO photo_tags (photo_idx, tag_id) VALUES ((SELECT photo_idx FROM photos WHERE photo_id = 1388), (SELECT tag_id FROM tags WHERE name = 'color'));
INSERT OR IGNORE INTO tags (name) VALUES ('outdoors');
INSERT INTO photo_tags (photo_idx, tag_id) VALUES ((SELECT photo_idx FROM photos WHERE photo_id = 1388), (SELECT tag_id FROM tags WHERE name = 'outdoors'));
INSERT OR IGNORE INTO tags (name) VALUES ('green');
INSERT INTO photo_tags (photo_idx, tag_id) VALUES ((SELECT photo_idx FROM photos WHERE photo_id = 1388), (SELECT tag_id FROM tags WHERE name = 'green'));
INSERT OR IGNORE INTO tags (name) VALUES ('fog');
INSERT INTO photo_tags (photo_idx, tag_id) VALUES ((SELECT photo_idx FROM photos WHERE photo_id = 1388), (SELECT tag_id FROM tags WHERE name = 'fog'));
INSERT OR IGNORE INTO tags (name) VALUES ('trees');
INSERT INTO photo_tags (photo_idx, tag_id) VALUES ((SELECT photo_idx FROM photos WHERE photo_id = 1388), (SELECT tag_id FROM tags WHERE name = 'trees'));
INSERT OR IGNORE INTO tags (name) VALUES ('foliage');
INSERT INTO photo_tags (photo_idx, tag_id) VALUES ((SELECT photo_idx FROM photos WHERE photo_id = 1388), (SELECT tag_id FROM tags WHERE name = 'foliage'));
INSERT OR IGNORE INTO tags (name) VALUES ('forest');
INSERT INTO photo_tags (photo_idx, tag_id) VALUES ((SELECT photo_idx FROM photos WHERE photo_id = 1388), (SELECT tag_id FROM tags WHERE name = 'forest'));
INSERT OR IGNORE INTO tags (name) VALUES ('mist');
INSERT INTO photo_tags (photo_idx, tag_id) VALUES ((SELECT photo_idx FROM photos WHERE photo_id = 1388), (SELECT tag_id FROM tags WHERE name = 'mist'));

INSERT INTO photos (photo_id, photo_title, photo_collection, photo_location, photo_year, camera, film_stock, film_format) VALUES (1389, 'Fog and Trees at Wunderlich', 'California', 'Woodside, California', 1998, 'Hasselblad', 'Fujichrome Velvia', '6 x 6 cm');
INSERT INTO photos_fts (photo_idx, photo_id, photo_title, photo_collection, photo_location, photo_year, camera, film_stock, film_format, tag_names) VALUES ((SELECT photo_idx FROM photos WHERE photo_id = 1389), 1389, 'Fog and Trees at Wunderlich', 'California', 'Woodside, California', 1998, 'Hasselblad', 'Fujichrome Velvia', '6 x 6 cm', 'horizontal,spring,popular,scenic,landscape,color,outdoors,black,gray,green,fog,trees,foliage,forest,mist');
INSERT OR IGNORE INTO tags (name) VALUES ('horizontal');
INSERT INTO photo_tags (photo_idx, tag_id) VALUES ((SELECT photo_idx FROM photos WHERE photo_id = 1389), (SELECT tag_id FROM tags WHERE name = 'horizontal'));
INSERT OR IGNORE INTO tags (name) VALUES ('spring');
INSERT INTO photo_tags (photo_idx, tag_id) VALUES ((SELECT photo_idx FROM photos WHERE photo_id = 1389), (SELECT tag_id FROM tags WHERE name = 'spring'));
INSERT OR IGNORE INTO tags (name) VALUES ('popular');
INSERT INTO photo_tags (photo_idx, tag_id) VALUES ((SELECT photo_idx FROM photos WHERE photo_id = 1389), (SELECT tag_id FROM tags WHERE name = 'popular'));
INSERT OR IGNORE INTO tags (name) VALUES ('scenic');
INSERT INTO photo_tags (photo_idx, tag_id) VALUES ((SELECT photo_idx FROM photos WHERE photo_id = 1389), (SELECT tag_id FROM tags WHERE name = 'scenic'));
INSERT OR IGNORE INTO tags (name) VALUES ('landscape');
INSERT INTO photo_tags (photo_idx, tag_id) VALUES ((SELECT photo_idx FROM photos WHERE photo_id = 1389), (SELECT tag_id FROM tags WHERE name = 'landscape'));
INSERT OR IGNORE INTO tags (name) VALUES ('color');
INSERT INTO photo_tags (photo_idx, tag_id) VALUES ((SELECT photo_idx FROM photos WHERE photo_id = 1389), (SELECT tag_id FROM tags WHERE name = 'color'));
INSERT OR IGNORE INTO tags (name) VALUES ('outdoors');
INSERT INTO photo_tags (photo_idx, tag_id) VALUES ((SELECT photo_idx FROM photos WHERE photo_id = 1389), (SELECT tag_id FROM tags WHERE name = 'outdoors'));
INSERT OR IGNORE INTO tags (name) VALUES ('black');
INSERT INTO photo_tags (photo_idx, tag_id) VALUES ((SELECT photo_idx FROM photos WHERE photo_id = 1389), (SELECT tag_id FROM tags WHERE name = 'black'));
INSERT OR IGNORE INTO tags (name) VALUES ('gray');
INSERT INTO photo_tags (photo_idx, tag_id) VALUES ((SELECT photo_idx FROM photos WHERE photo_id = 1389), (SELECT tag_id FROM tags WHERE name = 'gray'));
INSERT OR IGNORE INTO tags (name) VALUES ('green');
INSERT INTO photo_tags (photo_idx, tag_id) VALUES ((SELECT photo_idx FROM photos WHERE photo_id = 1389), (SELECT tag_id FROM tags WHERE name = 'green'));
INSERT OR IGNORE INTO tags (name) VALUES ('fog');
INSERT INTO photo_tags (photo_idx, tag_id) VALUES ((SELECT photo_idx FROM photos WHERE photo_id = 1389), (SELECT tag_id FROM tags WHERE name = 'fog'));
INSERT OR IGNORE INTO tags (name) VALUES ('trees');
INSERT INTO photo_tags (photo_idx, tag_id) VALUES ((SELECT photo_idx FROM photos WHERE photo_id = 1389), (SELECT tag_id FROM tags WHERE name = 'trees'));
INSERT OR IGNORE INTO tags (name) VALUES ('foliage');
INSERT INTO photo_tags (photo_idx, tag_id) VALUES ((SELECT photo_idx FROM photos WHERE photo_id = 1389), (SELECT tag_id FROM tags WHERE name = 'foliage'));
INSERT OR IGNORE INTO tags (name) VALUES ('forest');
INSERT INTO photo_tags (photo_idx, tag_id) VALUES ((SELECT photo_idx FROM photos WHERE photo_id = 1389), (SELECT tag_id FROM tags WHERE name = 'forest'));
INSERT OR IGNORE INTO tags (name) VALUES ('mist');
INSERT INTO photo_tags (photo_idx, tag_id) VALUES ((SELECT photo_idx FROM photos WHERE photo_id = 1389), (SELECT tag_id FROM tags WHERE name = 'mist'));

INSERT INTO photos (photo_id, photo_title, photo_collection, photo_location, photo_year, camera, film_stock, film_format) VALUES (1390, 'Woodside Redwoods and Mist', 'California', 'Woodside, California', 1998, 'Hasselblad', 'Fujichrome Velvia', '6 x 6 cm');
INSERT INTO photos_fts (photo_idx, photo_id, photo_title, photo_collection, photo_location, photo_year, camera, film_stock, film_format, tag_names) VALUES ((SELECT photo_idx FROM photos WHERE photo_id = 1390), 1390, 'Woodside Redwoods and Mist', 'California', 'Woodside, California', 1998, 'Hasselblad', 'Fujichrome Velvia', '6 x 6 cm', 'vertical,popular,scenic,landscape,color,outdoors,black,gray,green,fog,trees,foliage,forest,mist');
INSERT OR IGNORE INTO tags (name) VALUES ('vertical');
INSERT INTO photo_tags (photo_idx, tag_id) VALUES ((SELECT photo_idx FROM photos WHERE photo_id = 1390), (SELECT tag_id FROM tags WHERE name = 'vertical'));
INSERT OR IGNORE INTO tags (name) VALUES ('popular');
INSERT INTO photo_tags (photo_idx, tag_id) VALUES ((SELECT photo_idx FROM photos WHERE photo_id = 1390), (SELECT tag_id FROM tags WHERE name = 'popular'));
INSERT OR IGNORE INTO tags (name) VALUES ('scenic');
INSERT INTO photo_tags (photo_idx, tag_id) VALUES ((SELECT photo_idx FROM photos WHERE photo_id = 1390), (SELECT tag_id FROM tags WHERE name = 'scenic'));
INSERT OR IGNORE INTO tags (name) VALUES ('landscape');
INSERT INTO photo_tags (photo_idx, tag_id) VALUES ((SELECT photo_idx FROM photos WHERE photo_id = 1390), (SELECT tag_id FROM tags WHERE name = 'landscape'));
INSERT OR IGNORE INTO tags (name) VALUES ('color');
INSERT INTO photo_tags (photo_idx, tag_id) VALUES ((SELECT photo_idx FROM photos WHERE photo_id = 1390), (SELECT tag_id FROM tags WHERE name = 'color'));
INSERT OR IGNORE INTO tags (name) VALUES ('outdoors');
INSERT INTO photo_tags (photo_idx, tag_id) VALUES ((SELECT photo_idx FROM photos WHERE photo_id = 1390), (SELECT tag_id FROM tags WHERE name = 'outdoors'));
INSERT OR IGNORE INTO tags (name) VALUES ('black');
INSERT INTO photo_tags (photo_idx, tag_id) VALUES ((SELECT photo_idx FROM photos WHERE photo_id = 1390), (SELECT tag_id FROM tags WHERE name = 'black'));
INSERT OR IGNORE INTO tags (name) VALUES ('gray');
INSERT INTO photo_tags (photo_idx, tag_id) VALUES ((SELECT photo_idx FROM photos WHERE photo_id = 1390), (SELECT tag_id FROM tags WHERE name = 'gray'));
INSERT OR IGNORE INTO tags (name) VALUES ('green');
INSERT INTO photo_tags (photo_idx, tag_id) VALUES ((SELECT photo_idx FROM photos WHERE photo_id = 1390), (SELECT tag_id FROM tags WHERE name = 'green'));
INSERT OR IGNORE INTO tags (name) VALUES ('fog');
INSERT INTO photo_tags (photo_idx, tag_id) VALUES ((SELECT photo_idx FROM photos WHERE photo_id = 1390), (SELECT tag_id FROM tags WHERE name = 'fog'));
INSERT OR IGNORE INTO tags (name) VALUES ('trees');
INSERT INTO photo_tags (photo_idx, tag_id) VALUES ((SELECT photo_idx FROM photos WHERE photo_id = 1390), (SELECT tag_id FROM tags WHERE name = 'trees'));
INSERT OR IGNORE INTO tags (name) VALUES ('foliage');
INSERT INTO photo_tags (photo_idx, tag_id) VALUES ((SELECT photo_idx FROM photos WHERE photo_id = 1390), (SELECT tag_id FROM tags WHERE name = 'foliage'));
INSERT OR IGNORE INTO tags (name) VALUES ('forest');
INSERT INTO photo_tags (photo_idx, tag_id) VALUES ((SELECT photo_idx FROM photos WHERE photo_id = 1390), (SELECT tag_id FROM tags WHERE name = 'forest'));
INSERT OR IGNORE INTO tags (name) VALUES ('mist');
INSERT INTO photo_tags (photo_idx, tag_id) VALUES ((SELECT photo_idx FROM photos WHERE photo_id = 1390), (SELECT tag_id FROM tags WHERE name = 'mist'));

INSERT INTO photos (photo_id, photo_title, photo_collection, photo_location, photo_year, camera, film_stock, film_format) VALUES (1391, 'Old Vine Zinfandel', 'California', 'Sonoma Valley, California', 1998, 'Hasselblad', 'Fujichrome Velvia', '6 x 6 cm');
INSERT INTO photos_fts (photo_idx, photo_id, photo_title, photo_collection, photo_location, photo_year, camera, film_stock, film_format, tag_names) VALUES ((SELECT photo_idx FROM photos WHERE photo_id = 1391), 1391, 'Old Vine Zinfandel', 'California', 'Sonoma Valley, California', 1998, 'Hasselblad', 'Fujichrome Velvia', '6 x 6 cm', 'horizontal,autumn,fall,popular,closeup,color,outdoors,green,purple,leaf,grapes,leaves');
INSERT OR IGNORE INTO tags (name) VALUES ('horizontal');
INSERT INTO photo_tags (photo_idx, tag_id) VALUES ((SELECT photo_idx FROM photos WHERE photo_id = 1391), (SELECT tag_id FROM tags WHERE name = 'horizontal'));
INSERT OR IGNORE INTO tags (name) VALUES ('autumn');
INSERT INTO photo_tags (photo_idx, tag_id) VALUES ((SELECT photo_idx FROM photos WHERE photo_id = 1391), (SELECT tag_id FROM tags WHERE name = 'autumn'));
INSERT OR IGNORE INTO tags (name) VALUES ('fall');
INSERT INTO photo_tags (photo_idx, tag_id) VALUES ((SELECT photo_idx FROM photos WHERE photo_id = 1391), (SELECT tag_id FROM tags WHERE name = 'fall'));
INSERT OR IGNORE INTO tags (name) VALUES ('popular');
INSERT INTO photo_tags (photo_idx, tag_id) VALUES ((SELECT photo_idx FROM photos WHERE photo_id = 1391), (SELECT tag_id FROM tags WHERE name = 'popular'));
INSERT OR IGNORE INTO tags (name) VALUES ('closeup');
INSERT INTO photo_tags (photo_idx, tag_id) VALUES ((SELECT photo_idx FROM photos WHERE photo_id = 1391), (SELECT tag_id FROM tags WHERE name = 'closeup'));
INSERT OR IGNORE INTO tags (name) VALUES ('color');
INSERT INTO photo_tags (photo_idx, tag_id) VALUES ((SELECT photo_idx FROM photos WHERE photo_id = 1391), (SELECT tag_id FROM tags WHERE name = 'color'));
INSERT OR IGNORE INTO tags (name) VALUES ('outdoors');
INSERT INTO photo_tags (photo_idx, tag_id) VALUES ((SELECT photo_idx FROM photos WHERE photo_id = 1391), (SELECT tag_id FROM tags WHERE name = 'outdoors'));
INSERT OR IGNORE INTO tags (name) VALUES ('green');
INSERT INTO photo_tags (photo_idx, tag_id) VALUES ((SELECT photo_idx FROM photos WHERE photo_id = 1391), (SELECT tag_id FROM tags WHERE name = 'green'));
INSERT OR IGNORE INTO tags (name) VALUES ('purple');
INSERT INTO photo_tags (photo_idx, tag_id) VALUES ((SELECT photo_idx FROM photos WHERE photo_id = 1391), (SELECT tag_id FROM tags WHERE name = 'purple'));
INSERT OR IGNORE INTO tags (name) VALUES ('leaf');
INSERT INTO photo_tags (photo_idx, tag_id) VALUES ((SELECT photo_idx FROM photos WHERE photo_id = 1391), (SELECT tag_id FROM tags WHERE name = 'leaf'));
INSERT OR IGNORE INTO tags (name) VALUES ('grapes');
INSERT INTO photo_tags (photo_idx, tag_id) VALUES ((SELECT photo_idx FROM photos WHERE photo_id = 1391), (SELECT tag_id FROM tags WHERE name = 'grapes'));
INSERT OR IGNORE INTO tags (name) VALUES ('leaves');
INSERT INTO photo_tags (photo_idx, tag_id) VALUES ((SELECT photo_idx FROM photos WHERE photo_id = 1391), (SELECT tag_id FROM tags WHERE name = 'leaves'));

INSERT INTO photos (photo_id, photo_title, photo_collection, photo_location, photo_year, camera, film_stock, film_format) VALUES (1393, 'Quiet Morning at Cades Cove', 'Smoky Mountains', 'Smoky Mountains, Tennessee', 1996, 'Linhof', 'Fujichrome Provia', '4 x 5 inch');
INSERT INTO photos_fts (photo_idx, photo_id, photo_title, photo_collection, photo_location, photo_year, camera, film_stock, film_format, tag_names) VALUES ((SELECT photo_idx FROM photos WHERE photo_id = 1393), 1393, 'Quiet Morning at Cades Cove', 'Smoky Mountains', 'Smoky Mountains, Tennessee', 1996, 'Linhof', 'Fujichrome Provia', '4 x 5 inch', 'horizontal,spring,scenic,landscape,color,outdoors,green,grass,moss,trees,foliage,forest');
INSERT OR IGNORE INTO tags (name) VALUES ('horizontal');
INSERT INTO photo_tags (photo_idx, tag_id) VALUES ((SELECT photo_idx FROM photos WHERE photo_id = 1393), (SELECT tag_id FROM tags WHERE name = 'horizontal'));
INSERT OR IGNORE INTO tags (name) VALUES ('spring');
INSERT INTO photo_tags (photo_idx, tag_id) VALUES ((SELECT photo_idx FROM photos WHERE photo_id = 1393), (SELECT tag_id FROM tags WHERE name = 'spring'));
INSERT OR IGNORE INTO tags (name) VALUES ('scenic');
INSERT INTO photo_tags (photo_idx, tag_id) VALUES ((SELECT photo_idx FROM photos WHERE photo_id = 1393), (SELECT tag_id FROM tags WHERE name = 'scenic'));
INSERT OR IGNORE INTO tags (name) VALUES ('landscape');
INSERT INTO photo_tags (photo_idx, tag_id) VALUES ((SELECT photo_idx FROM photos WHERE photo_id = 1393), (SELECT tag_id FROM tags WHERE name = 'landscape'));
INSERT OR IGNORE INTO tags (name) VALUES ('color');
INSERT INTO photo_tags (photo_idx, tag_id) VALUES ((SELECT photo_idx FROM photos WHERE photo_id = 1393), (SELECT tag_id FROM tags WHERE name = 'color'));
INSERT OR IGNORE INTO tags (name) VALUES ('outdoors');
INSERT INTO photo_tags (photo_idx, tag_id) VALUES ((SELECT photo_idx FROM photos WHERE photo_id = 1393), (SELECT tag_id FROM tags WHERE name = 'outdoors'));
INSERT OR IGNORE INTO tags (name) VALUES ('green');
INSERT INTO photo_tags (photo_idx, tag_id) VALUES ((SELECT photo_idx FROM photos WHERE photo_id = 1393), (SELECT tag_id FROM tags WHERE name = 'green'));
INSERT OR IGNORE INTO tags (name) VALUES ('grass');
INSERT INTO photo_tags (photo_idx, tag_id) VALUES ((SELECT photo_idx FROM photos WHERE photo_id = 1393), (SELECT tag_id FROM tags WHERE name = 'grass'));
INSERT OR IGNORE INTO tags (name) VALUES ('moss');
INSERT INTO photo_tags (photo_idx, tag_id) VALUES ((SELECT photo_idx FROM photos WHERE photo_id = 1393), (SELECT tag_id FROM tags WHERE name = 'moss'));
INSERT OR IGNORE INTO tags (name) VALUES ('trees');
INSERT INTO photo_tags (photo_idx, tag_id) VALUES ((SELECT photo_idx FROM photos WHERE photo_id = 1393), (SELECT tag_id FROM tags WHERE name = 'trees'));
INSERT OR IGNORE INTO tags (name) VALUES ('foliage');
INSERT INTO photo_tags (photo_idx, tag_id) VALUES ((SELECT photo_idx FROM photos WHERE photo_id = 1393), (SELECT tag_id FROM tags WHERE name = 'foliage'));
INSERT OR IGNORE INTO tags (name) VALUES ('forest');
INSERT INTO photo_tags (photo_idx, tag_id) VALUES ((SELECT photo_idx FROM photos WHERE photo_id = 1393), (SELECT tag_id FROM tags WHERE name = 'forest'));

INSERT INTO photos (photo_id, photo_title, photo_collection, photo_location, photo_year, camera, film_stock, film_format) VALUES (1394, 'Waves and Shore at Pacifica', 'California', 'Pacifica, California', 1996, 'Linhof', 'Fujichrome Velvia', '4 x 5 inch');
INSERT INTO photos_fts (photo_idx, photo_id, photo_title, photo_collection, photo_location, photo_year, camera, film_stock, film_format, tag_names) VALUES ((SELECT photo_idx FROM photos WHERE photo_id = 1394), 1394, 'Waves and Shore at Pacifica', 'California', 'Pacifica, California', 1996, 'Linhof', 'Fujichrome Velvia', '4 x 5 inch', 'horizontal,scenic,landscape,color,outdoors,popular,blue,brown,rock,sky,water,ocean,clouds,beach,coast,waves');
INSERT OR IGNORE INTO tags (name) VALUES ('horizontal');
INSERT INTO photo_tags (photo_idx, tag_id) VALUES ((SELECT photo_idx FROM photos WHERE photo_id = 1394), (SELECT tag_id FROM tags WHERE name = 'horizontal'));
INSERT OR IGNORE INTO tags (name) VALUES ('scenic');
INSERT INTO photo_tags (photo_idx, tag_id) VALUES ((SELECT photo_idx FROM photos WHERE photo_id = 1394), (SELECT tag_id FROM tags WHERE name = 'scenic'));
INSERT OR IGNORE INTO tags (name) VALUES ('landscape');
INSERT INTO photo_tags (photo_idx, tag_id) VALUES ((SELECT photo_idx FROM photos WHERE photo_id = 1394), (SELECT tag_id FROM tags WHERE name = 'landscape'));
INSERT OR IGNORE INTO tags (name) VALUES ('color');
INSERT INTO photo_tags (photo_idx, tag_id) VALUES ((SELECT photo_idx FROM photos WHERE photo_id = 1394), (SELECT tag_id FROM tags WHERE name = 'color'));
INSERT OR IGNORE INTO tags (name) VALUES ('outdoors');
INSERT INTO photo_tags (photo_idx, tag_id) VALUES ((SELECT photo_idx FROM photos WHERE photo_id = 1394), (SELECT tag_id FROM tags WHERE name = 'outdoors'));
INSERT OR IGNORE INTO tags (name) VALUES ('popular');
INSERT INTO photo_tags (photo_idx, tag_id) VALUES ((SELECT photo_idx FROM photos WHERE photo_id = 1394), (SELECT tag_id FROM tags WHERE name = 'popular'));
INSERT OR IGNORE INTO tags (name) VALUES ('blue');
INSERT INTO photo_tags (photo_idx, tag_id) VALUES ((SELECT photo_idx FROM photos WHERE photo_id = 1394), (SELECT tag_id FROM tags WHERE name = 'blue'));
INSERT OR IGNORE INTO tags (name) VALUES ('brown');
INSERT INTO photo_tags (photo_idx, tag_id) VALUES ((SELECT photo_idx FROM photos WHERE photo_id = 1394), (SELECT tag_id FROM tags WHERE name = 'brown'));
INSERT OR IGNORE INTO tags (name) VALUES ('rock');
INSERT INTO photo_tags (photo_idx, tag_id) VALUES ((SELECT photo_idx FROM photos WHERE photo_id = 1394), (SELECT tag_id FROM tags WHERE name = 'rock'));
INSERT OR IGNORE INTO tags (name) VALUES ('sky');
INSERT INTO photo_tags (photo_idx, tag_id) VALUES ((SELECT photo_idx FROM photos WHERE photo_id = 1394), (SELECT tag_id FROM tags WHERE name = 'sky'));
INSERT OR IGNORE INTO tags (name) VALUES ('water');
INSERT INTO photo_tags (photo_idx, tag_id) VALUES ((SELECT photo_idx FROM photos WHERE photo_id = 1394), (SELECT tag_id FROM tags WHERE name = 'water'));
INSERT OR IGNORE INTO tags (name) VALUES ('ocean');
INSERT INTO photo_tags (photo_idx, tag_id) VALUES ((SELECT photo_idx FROM photos WHERE photo_id = 1394), (SELECT tag_id FROM tags WHERE name = 'ocean'));
INSERT OR IGNORE INTO tags (name) VALUES ('clouds');
INSERT INTO photo_tags (photo_idx, tag_id) VALUES ((SELECT photo_idx FROM photos WHERE photo_id = 1394), (SELECT tag_id FROM tags WHERE name = 'clouds'));
INSERT OR IGNORE INTO tags (name) VALUES ('beach');
INSERT INTO photo_tags (photo_idx, tag_id) VALUES ((SELECT photo_idx FROM photos WHERE photo_id = 1394), (SELECT tag_id FROM tags WHERE name = 'beach'));
INSERT OR IGNORE INTO tags (name) VALUES ('coast');
INSERT INTO photo_tags (photo_idx, tag_id) VALUES ((SELECT photo_idx FROM photos WHERE photo_id = 1394), (SELECT tag_id FROM tags WHERE name = 'coast'));
INSERT OR IGNORE INTO tags (name) VALUES ('waves');
INSERT INTO photo_tags (photo_idx, tag_id) VALUES ((SELECT photo_idx FROM photos WHERE photo_id = 1394), (SELECT tag_id FROM tags WHERE name = 'waves'));

INSERT INTO photos (photo_id, photo_title, photo_collection, photo_location, photo_year, camera, film_stock, film_format) VALUES (1395, 'Dune Shadows at Dawn', 'Colorado', 'Great Sand Dunes, Colorado', 1998, 'Hasselblad', 'Fujichrome Velvia', '6 x 6 cm');
INSERT INTO photos_fts (photo_idx, photo_id, photo_title, photo_collection, photo_location, photo_year, camera, film_stock, film_format, tag_names) VALUES ((SELECT photo_idx FROM photos WHERE photo_id = 1395), 1395, 'Dune Shadows at Dawn', 'Colorado', 'Great Sand Dunes, Colorado', 1998, 'Hasselblad', 'Fujichrome Velvia', '6 x 6 cm', 'vertical,popular,closeup,landscape,color,outdoors,black,brown,tan,sand,sunrise,desert,dunes');
INSERT OR IGNORE INTO tags (name) VALUES ('vertical');
INSERT INTO photo_tags (photo_idx, tag_id) VALUES ((SELECT photo_idx FROM photos WHERE photo_id = 1395), (SELECT tag_id FROM tags WHERE name = 'vertical'));
INSERT OR IGNORE INTO tags (name) VALUES ('popular');
INSERT INTO photo_tags (photo_idx, tag_id) VALUES ((SELECT photo_idx FROM photos WHERE photo_id = 1395), (SELECT tag_id FROM tags WHERE name = 'popular'));
INSERT OR IGNORE INTO tags (name) VALUES ('closeup');
INSERT INTO photo_tags (photo_idx, tag_id) VALUES ((SELECT photo_idx FROM photos WHERE photo_id = 1395), (SELECT tag_id FROM tags WHERE name = 'closeup'));
INSERT OR IGNORE INTO tags (name) VALUES ('landscape');
INSERT INTO photo_tags (photo_idx, tag_id) VALUES ((SELECT photo_idx FROM photos WHERE photo_id = 1395), (SELECT tag_id FROM tags WHERE name = 'landscape'));
INSERT OR IGNORE INTO tags (name) VALUES ('color');
INSERT INTO photo_tags (photo_idx, tag_id) VALUES ((SELECT photo_idx FROM photos WHERE photo_id = 1395), (SELECT tag_id FROM tags WHERE name = 'color'));
INSERT OR IGNORE INTO tags (name) VALUES ('outdoors');
INSERT INTO photo_tags (photo_idx, tag_id) VALUES ((SELECT photo_idx FROM photos WHERE photo_id = 1395), (SELECT tag_id FROM tags WHERE name = 'outdoors'));
INSERT OR IGNORE INTO tags (name) VALUES ('black');
INSERT INTO photo_tags (photo_idx, tag_id) VALUES ((SELECT photo_idx FROM photos WHERE photo_id = 1395), (SELECT tag_id FROM tags WHERE name = 'black'));
INSERT OR IGNORE INTO tags (name) VALUES ('brown');
INSERT INTO photo_tags (photo_idx, tag_id) VALUES ((SELECT photo_idx FROM photos WHERE photo_id = 1395), (SELECT tag_id FROM tags WHERE name = 'brown'));
INSERT OR IGNORE INTO tags (name) VALUES ('tan');
INSERT INTO photo_tags (photo_idx, tag_id) VALUES ((SELECT photo_idx FROM photos WHERE photo_id = 1395), (SELECT tag_id FROM tags WHERE name = 'tan'));
INSERT OR IGNORE INTO tags (name) VALUES ('sand');
INSERT INTO photo_tags (photo_idx, tag_id) VALUES ((SELECT photo_idx FROM photos WHERE photo_id = 1395), (SELECT tag_id FROM tags WHERE name = 'sand'));
INSERT OR IGNORE INTO tags (name) VALUES ('sunrise');
INSERT INTO photo_tags (photo_idx, tag_id) VALUES ((SELECT photo_idx FROM photos WHERE photo_id = 1395), (SELECT tag_id FROM tags WHERE name = 'sunrise'));
INSERT OR IGNORE INTO tags (name) VALUES ('desert');
INSERT INTO photo_tags (photo_idx, tag_id) VALUES ((SELECT photo_idx FROM photos WHERE photo_id = 1395), (SELECT tag_id FROM tags WHERE name = 'desert'));
INSERT OR IGNORE INTO tags (name) VALUES ('dunes');
INSERT INTO photo_tags (photo_idx, tag_id) VALUES ((SELECT photo_idx FROM photos WHERE photo_id = 1395), (SELECT tag_id FROM tags WHERE name = 'dunes'));

INSERT INTO photos (photo_id, photo_title, photo_collection, photo_location, photo_year, camera, film_stock, film_format) VALUES (1396, 'Shadows in the Dunes', 'Colorado', 'Great Sand Dunes, Colorado', 1998, 'Hasselblad', 'Fujichrome Velvia', '6 x 6 cm');
INSERT INTO photos_fts (photo_idx, photo_id, photo_title, photo_collection, photo_location, photo_year, camera, film_stock, film_format, tag_names) VALUES ((SELECT photo_idx FROM photos WHERE photo_id = 1396), 1396, 'Shadows in the Dunes', 'Colorado', 'Great Sand Dunes, Colorado', 1998, 'Hasselblad', 'Fujichrome Velvia', '6 x 6 cm', 'horizontal,closeup,landscape,color,outdoors,black,brown,tan,sand,sunrise,desert,dunes');
INSERT OR IGNORE INTO tags (name) VALUES ('horizontal');
INSERT INTO photo_tags (photo_idx, tag_id) VALUES ((SELECT photo_idx FROM photos WHERE photo_id = 1396), (SELECT tag_id FROM tags WHERE name = 'horizontal'));
INSERT OR IGNORE INTO tags (name) VALUES ('closeup');
INSERT INTO photo_tags (photo_idx, tag_id) VALUES ((SELECT photo_idx FROM photos WHERE photo_id = 1396), (SELECT tag_id FROM tags WHERE name = 'closeup'));
INSERT OR IGNORE INTO tags (name) VALUES ('landscape');
INSERT INTO photo_tags (photo_idx, tag_id) VALUES ((SELECT photo_idx FROM photos WHERE photo_id = 1396), (SELECT tag_id FROM tags WHERE name = 'landscape'));
INSERT OR IGNORE INTO tags (name) VALUES ('color');
INSERT INTO photo_tags (photo_idx, tag_id) VALUES ((SELECT photo_idx FROM photos WHERE photo_id = 1396), (SELECT tag_id FROM tags WHERE name = 'color'));
INSERT OR IGNORE INTO tags (name) VALUES ('outdoors');
INSERT INTO photo_tags (photo_idx, tag_id) VALUES ((SELECT photo_idx FROM photos WHERE photo_id = 1396), (SELECT tag_id FROM tags WHERE name = 'outdoors'));
INSERT OR IGNORE INTO tags (name) VALUES ('black');
INSERT INTO photo_tags (photo_idx, tag_id) VALUES ((SELECT photo_idx FROM photos WHERE photo_id = 1396), (SELECT tag_id FROM tags WHERE name = 'black'));
INSERT OR IGNORE INTO tags (name) VALUES ('brown');
INSERT INTO photo_tags (photo_idx, tag_id) VALUES ((SELECT photo_idx FROM photos WHERE photo_id = 1396), (SELECT tag_id FROM tags WHERE name = 'brown'));
INSERT OR IGNORE INTO tags (name) VALUES ('tan');
INSERT INTO photo_tags (photo_idx, tag_id) VALUES ((SELECT photo_idx FROM photos WHERE photo_id = 1396), (SELECT tag_id FROM tags WHERE name = 'tan'));
INSERT OR IGNORE INTO tags (name) VALUES ('sand');
INSERT INTO photo_tags (photo_idx, tag_id) VALUES ((SELECT photo_idx FROM photos WHERE photo_id = 1396), (SELECT tag_id FROM tags WHERE name = 'sand'));
INSERT OR IGNORE INTO tags (name) VALUES ('sunrise');
INSERT INTO photo_tags (photo_idx, tag_id) VALUES ((SELECT photo_idx FROM photos WHERE photo_id = 1396), (SELECT tag_id FROM tags WHERE name = 'sunrise'));
INSERT OR IGNORE INTO tags (name) VALUES ('desert');
INSERT INTO photo_tags (photo_idx, tag_id) VALUES ((SELECT photo_idx FROM photos WHERE photo_id = 1396), (SELECT tag_id FROM tags WHERE name = 'desert'));
INSERT OR IGNORE INTO tags (name) VALUES ('dunes');
INSERT INTO photo_tags (photo_idx, tag_id) VALUES ((SELECT photo_idx FROM photos WHERE photo_id = 1396), (SELECT tag_id FROM tags WHERE name = 'dunes'));

INSERT INTO photos (photo_id, photo_title, photo_collection, photo_location, photo_year, camera, film_stock, film_format) VALUES (1397, 'Diagonal Dune Crest', 'Colorado', 'Great Sand Dunes, Colorado', 1998, 'Hasselblad', 'Fujichrome Velvia', '6 x 6 cm');
INSERT INTO photos_fts (photo_idx, photo_id, photo_title, photo_collection, photo_location, photo_year, camera, film_stock, film_format, tag_names) VALUES ((SELECT photo_idx FROM photos WHERE photo_id = 1397), 1397, 'Diagonal Dune Crest', 'Colorado', 'Great Sand Dunes, Colorado', 1998, 'Hasselblad', 'Fujichrome Velvia', '6 x 6 cm', 'vertical,closeup,landscape,color,outdoors,black,brown,tan,sand,sunrise,desert,dunes');
INSERT OR IGNORE INTO tags (name) VALUES ('vertical');
INSERT INTO photo_tags (photo_idx, tag_id) VALUES ((SELECT photo_idx FROM photos WHERE photo_id = 1397), (SELECT tag_id FROM tags WHERE name = 'vertical'));
INSERT OR IGNORE INTO tags (name) VALUES ('closeup');
INSERT INTO photo_tags (photo_idx, tag_id) VALUES ((SELECT photo_idx FROM photos WHERE photo_id = 1397), (SELECT tag_id FROM tags WHERE name = 'closeup'));
INSERT OR IGNORE INTO tags (name) VALUES ('landscape');
INSERT INTO photo_tags (photo_idx, tag_id) VALUES ((SELECT photo_idx FROM photos WHERE photo_id = 1397), (SELECT tag_id FROM tags WHERE name = 'landscape'));
INSERT OR IGNORE INTO tags (name) VALUES ('color');
INSERT INTO photo_tags (photo_idx, tag_id) VALUES ((SELECT photo_idx FROM photos WHERE photo_id = 1397), (SELECT tag_id FROM tags WHERE name = 'color'));
INSERT OR IGNORE INTO tags (name) VALUES ('outdoors');
INSERT INTO photo_tags (photo_idx, tag_id) VALUES ((SELECT photo_idx FROM photos WHERE photo_id = 1397), (SELECT tag_id FROM tags WHERE name = 'outdoors'));
INSERT OR IGNORE INTO tags (name) VALUES ('black');
INSERT INTO photo_tags (photo_idx, tag_id) VALUES ((SELECT photo_idx FROM photos WHERE photo_id = 1397), (SELECT tag_id FROM tags WHERE name = 'black'));
INSERT OR IGNORE INTO tags (name) VALUES ('brown');
INSERT INTO photo_tags (photo_idx, tag_id) VALUES ((SELECT photo_idx FROM photos WHERE photo_id = 1397), (SELECT tag_id FROM tags WHERE name = 'brown'));
INSERT OR IGNORE INTO tags (name) VALUES ('tan');
INSERT INTO photo_tags (photo_idx, tag_id) VALUES ((SELECT photo_idx FROM photos WHERE photo_id = 1397), (SELECT tag_id FROM tags WHERE name = 'tan'));
INSERT OR IGNORE INTO tags (name) VALUES ('sand');
INSERT INTO photo_tags (photo_idx, tag_id) VALUES ((SELECT photo_idx FROM photos WHERE photo_id = 1397), (SELECT tag_id FROM tags WHERE name = 'sand'));
INSERT OR IGNORE INTO tags (name) VALUES ('sunrise');
INSERT INTO photo_tags (photo_idx, tag_id) VALUES ((SELECT photo_idx FROM photos WHERE photo_id = 1397), (SELECT tag_id FROM tags WHERE name = 'sunrise'));
INSERT OR IGNORE INTO tags (name) VALUES ('desert');
INSERT INTO photo_tags (photo_idx, tag_id) VALUES ((SELECT photo_idx FROM photos WHERE photo_id = 1397), (SELECT tag_id FROM tags WHERE name = 'desert'));
INSERT OR IGNORE INTO tags (name) VALUES ('dunes');
INSERT INTO photo_tags (photo_idx, tag_id) VALUES ((SELECT photo_idx FROM photos WHERE photo_id = 1397), (SELECT tag_id FROM tags WHERE name = 'dunes'));

INSERT INTO photos (photo_id, photo_title, photo_collection, photo_location, photo_year, camera, film_stock, film_format) VALUES (1398, 'Snowy Evergreen Mountainside', 'Colorado', 'Aspen, Colorado', 1998, 'Hasselblad', 'Fujichrome Velvia', '6 x 6 cm');
INSERT INTO photos_fts (photo_idx, photo_id, photo_title, photo_collection, photo_location, photo_year, camera, film_stock, film_format, tag_names) VALUES ((SELECT photo_idx FROM photos WHERE photo_id = 1398), 1398, 'Snowy Evergreen Mountainside', 'Colorado', 'Aspen, Colorado', 1998, 'Hasselblad', 'Fujichrome Velvia', '6 x 6 cm', 'vertical,winter,scenic,landscape,color,outdoors,green,white,snow,trees,foliage,forest');
INSERT OR IGNORE INTO tags (name) VALUES ('vertical');
INSERT INTO photo_tags (photo_idx, tag_id) VALUES ((SELECT photo_idx FROM photos WHERE photo_id = 1398), (SELECT tag_id FROM tags WHERE name = 'vertical'));
INSERT OR IGNORE INTO tags (name) VALUES ('winter');
INSERT INTO photo_tags (photo_idx, tag_id) VALUES ((SELECT photo_idx FROM photos WHERE photo_id = 1398), (SELECT tag_id FROM tags WHERE name = 'winter'));
INSERT OR IGNORE INTO tags (name) VALUES ('scenic');
INSERT INTO photo_tags (photo_idx, tag_id) VALUES ((SELECT photo_idx FROM photos WHERE photo_id = 1398), (SELECT tag_id FROM tags WHERE name = 'scenic'));
INSERT OR IGNORE INTO tags (name) VALUES ('landscape');
INSERT INTO photo_tags (photo_idx, tag_id) VALUES ((SELECT photo_idx FROM photos WHERE photo_id = 1398), (SELECT tag_id FROM tags WHERE name = 'landscape'));
INSERT OR IGNORE INTO tags (name) VALUES ('color');
INSERT INTO photo_tags (photo_idx, tag_id) VALUES ((SELECT photo_idx FROM photos WHERE photo_id = 1398), (SELECT tag_id FROM tags WHERE name = 'color'));
INSERT OR IGNORE INTO tags (name) VALUES ('outdoors');
INSERT INTO photo_tags (photo_idx, tag_id) VALUES ((SELECT photo_idx FROM photos WHERE photo_id = 1398), (SELECT tag_id FROM tags WHERE name = 'outdoors'));
INSERT OR IGNORE INTO tags (name) VALUES ('green');
INSERT INTO photo_tags (photo_idx, tag_id) VALUES ((SELECT photo_idx FROM photos WHERE photo_id = 1398), (SELECT tag_id FROM tags WHERE name = 'green'));
INSERT OR IGNORE INTO tags (name) VALUES ('white');
INSERT INTO photo_tags (photo_idx, tag_id) VALUES ((SELECT photo_idx FROM photos WHERE photo_id = 1398), (SELECT tag_id FROM tags WHERE name = 'white'));
INSERT OR IGNORE INTO tags (name) VALUES ('snow');
INSERT INTO photo_tags (photo_idx, tag_id) VALUES ((SELECT photo_idx FROM photos WHERE photo_id = 1398), (SELECT tag_id FROM tags WHERE name = 'snow'));
INSERT OR IGNORE INTO tags (name) VALUES ('trees');
INSERT INTO photo_tags (photo_idx, tag_id) VALUES ((SELECT photo_idx FROM photos WHERE photo_id = 1398), (SELECT tag_id FROM tags WHERE name = 'trees'));
INSERT OR IGNORE INTO tags (name) VALUES ('foliage');
INSERT INTO photo_tags (photo_idx, tag_id) VALUES ((SELECT photo_idx FROM photos WHERE photo_id = 1398), (SELECT tag_id FROM tags WHERE name = 'foliage'));
INSERT OR IGNORE INTO tags (name) VALUES ('forest');
INSERT INTO photo_tags (photo_idx, tag_id) VALUES ((SELECT photo_idx FROM photos WHERE photo_id = 1398), (SELECT tag_id FROM tags WHERE name = 'forest'));

INSERT INTO photos (photo_id, photo_title, photo_collection, photo_location, photo_year, camera, film_stock, film_format) VALUES (1399, 'White Aspen Forest', 'Colorado', 'Aspen, Colorado', 1998, 'Hasselblad', 'Fujichrome Velvia', '6 x 6 cm');
INSERT INTO photos_fts (photo_idx, photo_id, photo_title, photo_collection, photo_location, photo_year, camera, film_stock, film_format, tag_names) VALUES ((SELECT photo_idx FROM photos WHERE photo_id = 1399), 1399, 'White Aspen Forest', 'Colorado', 'Aspen, Colorado', 1998, 'Hasselblad', 'Fujichrome Velvia', '6 x 6 cm', 'horizontal,winter,scenic,landscape,color,outdoors,white,snow,trees,foliage,forest,aspen');
INSERT OR IGNORE INTO tags (name) VALUES ('horizontal');
INSERT INTO photo_tags (photo_idx, tag_id) VALUES ((SELECT photo_idx FROM photos WHERE photo_id = 1399), (SELECT tag_id FROM tags WHERE name = 'horizontal'));
INSERT OR IGNORE INTO tags (name) VALUES ('winter');
INSERT INTO photo_tags (photo_idx, tag_id) VALUES ((SELECT photo_idx FROM photos WHERE photo_id = 1399), (SELECT tag_id FROM tags WHERE name = 'winter'));
INSERT OR IGNORE INTO tags (name) VALUES ('scenic');
INSERT INTO photo_tags (photo_idx, tag_id) VALUES ((SELECT photo_idx FROM photos WHERE photo_id = 1399), (SELECT tag_id FROM tags WHERE name = 'scenic'));
INSERT OR IGNORE INTO tags (name) VALUES ('landscape');
INSERT INTO photo_tags (photo_idx, tag_id) VALUES ((SELECT photo_idx FROM photos WHERE photo_id = 1399), (SELECT tag_id FROM tags WHERE name = 'landscape'));
INSERT OR IGNORE INTO tags (name) VALUES ('color');
INSERT INTO photo_tags (photo_idx, tag_id) VALUES ((SELECT photo_idx FROM photos WHERE photo_id = 1399), (SELECT tag_id FROM tags WHERE name = 'color'));
INSERT OR IGNORE INTO tags (name) VALUES ('outdoors');
INSERT INTO photo_tags (photo_idx, tag_id) VALUES ((SELECT photo_idx FROM photos WHERE photo_id = 1399), (SELECT tag_id FROM tags WHERE name = 'outdoors'));
INSERT OR IGNORE INTO tags (name) VALUES ('white');
INSERT INTO photo_tags (photo_idx, tag_id) VALUES ((SELECT photo_idx FROM photos WHERE photo_id = 1399), (SELECT tag_id FROM tags WHERE name = 'white'));
INSERT OR IGNORE INTO tags (name) VALUES ('snow');
INSERT INTO photo_tags (photo_idx, tag_id) VALUES ((SELECT photo_idx FROM photos WHERE photo_id = 1399), (SELECT tag_id FROM tags WHERE name = 'snow'));
INSERT OR IGNORE INTO tags (name) VALUES ('trees');
INSERT INTO photo_tags (photo_idx, tag_id) VALUES ((SELECT photo_idx FROM photos WHERE photo_id = 1399), (SELECT tag_id FROM tags WHERE name = 'trees'));
INSERT OR IGNORE INTO tags (name) VALUES ('foliage');
INSERT INTO photo_tags (photo_idx, tag_id) VALUES ((SELECT photo_idx FROM photos WHERE photo_id = 1399), (SELECT tag_id FROM tags WHERE name = 'foliage'));
INSERT OR IGNORE INTO tags (name) VALUES ('forest');
INSERT INTO photo_tags (photo_idx, tag_id) VALUES ((SELECT photo_idx FROM photos WHERE photo_id = 1399), (SELECT tag_id FROM tags WHERE name = 'forest'));
INSERT OR IGNORE INTO tags (name) VALUES ('aspen');
INSERT INTO photo_tags (photo_idx, tag_id) VALUES ((SELECT photo_idx FROM photos WHERE photo_id = 1399), (SELECT tag_id FROM tags WHERE name = 'aspen'));

INSERT INTO photos (photo_id, photo_title, photo_collection, photo_location, photo_year, camera, film_stock, film_format) VALUES (1401, 'Autumn''s First Snow', 'Colorado', 'Aspen, Colorado', 1998, 'Hasselblad', 'Fujichrome Velvia', '6 x 6 cm');
INSERT INTO photos_fts (photo_idx, photo_id, photo_title, photo_collection, photo_location, photo_year, camera, film_stock, film_format, tag_names) VALUES ((SELECT photo_idx FROM photos WHERE photo_id = 1401), 1401, 'Autumn''s First Snow', 'Colorado', 'Aspen, Colorado', 1998, 'Hasselblad', 'Fujichrome Velvia', '6 x 6 cm', 'horizontal,winter,scenic,landscape,color,outdoors,orange,white,snow,trees,foliage,forest,aspen');
INSERT OR IGNORE INTO tags (name) VALUES ('horizontal');
INSERT INTO photo_tags (photo_idx, tag_id) VALUES ((SELECT photo_idx FROM photos WHERE photo_id = 1401), (SELECT tag_id FROM tags WHERE name = 'horizontal'));
INSERT OR IGNORE INTO tags (name) VALUES ('winter');
INSERT INTO photo_tags (photo_idx, tag_id) VALUES ((SELECT photo_idx FROM photos WHERE photo_id = 1401), (SELECT tag_id FROM tags WHERE name = 'winter'));
INSERT OR IGNORE INTO tags (name) VALUES ('scenic');
INSERT INTO photo_tags (photo_idx, tag_id) VALUES ((SELECT photo_idx FROM photos WHERE photo_id = 1401), (SELECT tag_id FROM tags WHERE name = 'scenic'));
INSERT OR IGNORE INTO tags (name) VALUES ('landscape');
INSERT INTO photo_tags (photo_idx, tag_id) VALUES ((SELECT photo_idx FROM photos WHERE photo_id = 1401), (SELECT tag_id FROM tags WHERE name = 'landscape'));
INSERT OR IGNORE INTO tags (name) VALUES ('color');
INSERT INTO photo_tags (photo_idx, tag_id) VALUES ((SELECT photo_idx FROM photos WHERE photo_id = 1401), (SELECT tag_id FROM tags WHERE name = 'color'));
INSERT OR IGNORE INTO tags (name) VALUES ('outdoors');
INSERT INTO photo_tags (photo_idx, tag_id) VALUES ((SELECT photo_idx FROM photos WHERE photo_id = 1401), (SELECT tag_id FROM tags WHERE name = 'outdoors'));
INSERT OR IGNORE INTO tags (name) VALUES ('orange');
INSERT INTO photo_tags (photo_idx, tag_id) VALUES ((SELECT photo_idx FROM photos WHERE photo_id = 1401), (SELECT tag_id FROM tags WHERE name = 'orange'));
INSERT OR IGNORE INTO tags (name) VALUES ('white');
INSERT INTO photo_tags (photo_idx, tag_id) VALUES ((SELECT photo_idx FROM photos WHERE photo_id = 1401), (SELECT tag_id FROM tags WHERE name = 'white'));
INSERT OR IGNORE INTO tags (name) VALUES ('snow');
INSERT INTO photo_tags (photo_idx, tag_id) VALUES ((SELECT photo_idx FROM photos WHERE photo_id = 1401), (SELECT tag_id FROM tags WHERE name = 'snow'));
INSERT OR IGNORE INTO tags (name) VALUES ('trees');
INSERT INTO photo_tags (photo_idx, tag_id) VALUES ((SELECT photo_idx FROM photos WHERE photo_id = 1401), (SELECT tag_id FROM tags WHERE name = 'trees'));
INSERT OR IGNORE INTO tags (name) VALUES ('foliage');
INSERT INTO photo_tags (photo_idx, tag_id) VALUES ((SELECT photo_idx FROM photos WHERE photo_id = 1401), (SELECT tag_id FROM tags WHERE name = 'foliage'));
INSERT OR IGNORE INTO tags (name) VALUES ('forest');
INSERT INTO photo_tags (photo_idx, tag_id) VALUES ((SELECT photo_idx FROM photos WHERE photo_id = 1401), (SELECT tag_id FROM tags WHERE name = 'forest'));
INSERT OR IGNORE INTO tags (name) VALUES ('aspen');
INSERT INTO photo_tags (photo_idx, tag_id) VALUES ((SELECT photo_idx FROM photos WHERE photo_id = 1401), (SELECT tag_id FROM tags WHERE name = 'aspen'));

INSERT INTO photos (photo_id, photo_title, photo_collection, photo_location, photo_year, camera, film_stock, film_format) VALUES (1402, 'Snowy Aspen Morning', 'Colorado', 'Aspen, Colorado', 1998, 'Hasselblad', 'Fujichrome Velvia', '6 x 6 cm');
INSERT INTO photos_fts (photo_idx, photo_id, photo_title, photo_collection, photo_location, photo_year, camera, film_stock, film_format, tag_names) VALUES ((SELECT photo_idx FROM photos WHERE photo_id = 1402), 1402, 'Snowy Aspen Morning', 'Colorado', 'Aspen, Colorado', 1998, 'Hasselblad', 'Fujichrome Velvia', '6 x 6 cm', 'vertical,winter,popular,scenic,landscape,color,outdoors,gray,orange,white,fog,snow,trees,foliage,forest,mist,aspen');
INSERT OR IGNORE INTO tags (name) VALUES ('vertical');
INSERT INTO photo_tags (photo_idx, tag_id) VALUES ((SELECT photo_idx FROM photos WHERE photo_id = 1402), (SELECT tag_id FROM tags WHERE name = 'vertical'));
INSERT OR IGNORE INTO tags (name) VALUES ('winter');
INSERT INTO photo_tags (photo_idx, tag_id) VALUES ((SELECT photo_idx FROM photos WHERE photo_id = 1402), (SELECT tag_id FROM tags WHERE name = 'winter'));
INSERT OR IGNORE INTO tags (name) VALUES ('popular');
INSERT INTO photo_tags (photo_idx, tag_id) VALUES ((SELECT photo_idx FROM photos WHERE photo_id = 1402), (SELECT tag_id FROM tags WHERE name = 'popular'));
INSERT OR IGNORE INTO tags (name) VALUES ('scenic');
INSERT INTO photo_tags (photo_idx, tag_id) VALUES ((SELECT photo_idx FROM photos WHERE photo_id = 1402), (SELECT tag_id FROM tags WHERE name = 'scenic'));
INSERT OR IGNORE INTO tags (name) VALUES ('landscape');
INSERT INTO photo_tags (photo_idx, tag_id) VALUES ((SELECT photo_idx FROM photos WHERE photo_id = 1402), (SELECT tag_id FROM tags WHERE name = 'landscape'));
INSERT OR IGNORE INTO tags (name) VALUES ('color');
INSERT INTO photo_tags (photo_idx, tag_id) VALUES ((SELECT photo_idx FROM photos WHERE photo_id = 1402), (SELECT tag_id FROM tags WHERE name = 'color'));
INSERT OR IGNORE INTO tags (name) VALUES ('outdoors');
INSERT INTO photo_tags (photo_idx, tag_id) VALUES ((SELECT photo_idx FROM photos WHERE photo_id = 1402), (SELECT tag_id FROM tags WHERE name = 'outdoors'));
INSERT OR IGNORE INTO tags (name) VALUES ('gray');
INSERT INTO photo_tags (photo_idx, tag_id) VALUES ((SELECT photo_idx FROM photos WHERE photo_id = 1402), (SELECT tag_id FROM tags WHERE name = 'gray'));
INSERT OR IGNORE INTO tags (name) VALUES ('orange');
INSERT INTO photo_tags (photo_idx, tag_id) VALUES ((SELECT photo_idx FROM photos WHERE photo_id = 1402), (SELECT tag_id FROM tags WHERE name = 'orange'));
INSERT OR IGNORE INTO tags (name) VALUES ('white');
INSERT INTO photo_tags (photo_idx, tag_id) VALUES ((SELECT photo_idx FROM photos WHERE photo_id = 1402), (SELECT tag_id FROM tags WHERE name = 'white'));
INSERT OR IGNORE INTO tags (name) VALUES ('fog');
INSERT INTO photo_tags (photo_idx, tag_id) VALUES ((SELECT photo_idx FROM photos WHERE photo_id = 1402), (SELECT tag_id FROM tags WHERE name = 'fog'));
INSERT OR IGNORE INTO tags (name) VALUES ('snow');
INSERT INTO photo_tags (photo_idx, tag_id) VALUES ((SELECT photo_idx FROM photos WHERE photo_id = 1402), (SELECT tag_id FROM tags WHERE name = 'snow'));
INSERT OR IGNORE INTO tags (name) VALUES ('trees');
INSERT INTO photo_tags (photo_idx, tag_id) VALUES ((SELECT photo_idx FROM photos WHERE photo_id = 1402), (SELECT tag_id FROM tags WHERE name = 'trees'));
INSERT OR IGNORE INTO tags (name) VALUES ('foliage');
INSERT INTO photo_tags (photo_idx, tag_id) VALUES ((SELECT photo_idx FROM photos WHERE photo_id = 1402), (SELECT tag_id FROM tags WHERE name = 'foliage'));
INSERT OR IGNORE INTO tags (name) VALUES ('forest');
INSERT INTO photo_tags (photo_idx, tag_id) VALUES ((SELECT photo_idx FROM photos WHERE photo_id = 1402), (SELECT tag_id FROM tags WHERE name = 'forest'));
INSERT OR IGNORE INTO tags (name) VALUES ('mist');
INSERT INTO photo_tags (photo_idx, tag_id) VALUES ((SELECT photo_idx FROM photos WHERE photo_id = 1402), (SELECT tag_id FROM tags WHERE name = 'mist'));
INSERT OR IGNORE INTO tags (name) VALUES ('aspen');
INSERT INTO photo_tags (photo_idx, tag_id) VALUES ((SELECT photo_idx FROM photos WHERE photo_id = 1402), (SELECT tag_id FROM tags WHERE name = 'aspen'));

INSERT INTO photos (photo_id, photo_title, photo_collection, photo_location, photo_year, camera, film_stock, film_format) VALUES (1403, 'Moss and Lichens on Oak', 'California', 'Portola Valley, California', 1999, 'Hasselblad', 'Fujichrome Velvia', '6 x 6 cm');
INSERT INTO photos_fts (photo_idx, photo_id, photo_title, photo_collection, photo_location, photo_year, camera, film_stock, film_format, tag_names) VALUES ((SELECT photo_idx FROM photos WHERE photo_id = 1403), 1403, 'Moss and Lichens on Oak', 'California', 'Portola Valley, California', 1999, 'Hasselblad', 'Fujichrome Velvia', '6 x 6 cm', 'vertical,scenic,landscape,color,outdoors,brown,gray,green,moss,trees,foliage,forest');
INSERT OR IGNORE INTO tags (name) VALUES ('vertical');
INSERT INTO photo_tags (photo_idx, tag_id) VALUES ((SELECT photo_idx FROM photos WHERE photo_id = 1403), (SELECT tag_id FROM tags WHERE name = 'vertical'));
INSERT OR IGNORE INTO tags (name) VALUES ('scenic');
INSERT INTO photo_tags (photo_idx, tag_id) VALUES ((SELECT photo_idx FROM photos WHERE photo_id = 1403), (SELECT tag_id FROM tags WHERE name = 'scenic'));
INSERT OR IGNORE INTO tags (name) VALUES ('landscape');
INSERT INTO photo_tags (photo_idx, tag_id) VALUES ((SELECT photo_idx FROM photos WHERE photo_id = 1403), (SELECT tag_id FROM tags WHERE name = 'landscape'));
INSERT OR IGNORE INTO tags (name) VALUES ('color');
INSERT INTO photo_tags (photo_idx, tag_id) VALUES ((SELECT photo_idx FROM photos WHERE photo_id = 1403), (SELECT tag_id FROM tags WHERE name = 'color'));
INSERT OR IGNORE INTO tags (name) VALUES ('outdoors');
INSERT INTO photo_tags (photo_idx, tag_id) VALUES ((SELECT photo_idx FROM photos WHERE photo_id = 1403), (SELECT tag_id FROM tags WHERE name = 'outdoors'));
INSERT OR IGNORE INTO tags (name) VALUES ('brown');
INSERT INTO photo_tags (photo_idx, tag_id) VALUES ((SELECT photo_idx FROM photos WHERE photo_id = 1403), (SELECT tag_id FROM tags WHERE name = 'brown'));
INSERT OR IGNORE INTO tags (name) VALUES ('gray');
INSERT INTO photo_tags (photo_idx, tag_id) VALUES ((SELECT photo_idx FROM photos WHERE photo_id = 1403), (SELECT tag_id FROM tags WHERE name = 'gray'));
INSERT OR IGNORE INTO tags (name) VALUES ('green');
INSERT INTO photo_tags (photo_idx, tag_id) VALUES ((SELECT photo_idx FROM photos WHERE photo_id = 1403), (SELECT tag_id FROM tags WHERE name = 'green'));
INSERT OR IGNORE INTO tags (name) VALUES ('moss');
INSERT INTO photo_tags (photo_idx, tag_id) VALUES ((SELECT photo_idx FROM photos WHERE photo_id = 1403), (SELECT tag_id FROM tags WHERE name = 'moss'));
INSERT OR IGNORE INTO tags (name) VALUES ('trees');
INSERT INTO photo_tags (photo_idx, tag_id) VALUES ((SELECT photo_idx FROM photos WHERE photo_id = 1403), (SELECT tag_id FROM tags WHERE name = 'trees'));
INSERT OR IGNORE INTO tags (name) VALUES ('foliage');
INSERT INTO photo_tags (photo_idx, tag_id) VALUES ((SELECT photo_idx FROM photos WHERE photo_id = 1403), (SELECT tag_id FROM tags WHERE name = 'foliage'));
INSERT OR IGNORE INTO tags (name) VALUES ('forest');
INSERT INTO photo_tags (photo_idx, tag_id) VALUES ((SELECT photo_idx FROM photos WHERE photo_id = 1403), (SELECT tag_id FROM tags WHERE name = 'forest'));

INSERT INTO photos (photo_id, photo_title, photo_collection, photo_location, photo_year, camera, film_stock, film_format) VALUES (1404, 'Mossy Oak Detail', 'California', 'Portola Valley, California', 1999, 'Hasselblad', 'Fujichrome Velvia', '6 x 6 cm');
INSERT INTO photos_fts (photo_idx, photo_id, photo_title, photo_collection, photo_location, photo_year, camera, film_stock, film_format, tag_names) VALUES ((SELECT photo_idx FROM photos WHERE photo_id = 1404), 1404, 'Mossy Oak Detail', 'California', 'Portola Valley, California', 1999, 'Hasselblad', 'Fujichrome Velvia', '6 x 6 cm', 'vertical,scenic,landscape,color,outdoors,brown,gray,green,moss,trees,foliage,forest');
INSERT OR IGNORE INTO tags (name) VALUES ('vertical');
INSERT INTO photo_tags (photo_idx, tag_id) VALUES ((SELECT photo_idx FROM photos WHERE photo_id = 1404), (SELECT tag_id FROM tags WHERE name = 'vertical'));
INSERT OR IGNORE INTO tags (name) VALUES ('scenic');
INSERT INTO photo_tags (photo_idx, tag_id) VALUES ((SELECT photo_idx FROM photos WHERE photo_id = 1404), (SELECT tag_id FROM tags WHERE name = 'scenic'));
INSERT OR IGNORE INTO tags (name) VALUES ('landscape');
INSERT INTO photo_tags (photo_idx, tag_id) VALUES ((SELECT photo_idx FROM photos WHERE photo_id = 1404), (SELECT tag_id FROM tags WHERE name = 'landscape'));
INSERT OR IGNORE INTO tags (name) VALUES ('color');
INSERT INTO photo_tags (photo_idx, tag_id) VALUES ((SELECT photo_idx FROM photos WHERE photo_id = 1404), (SELECT tag_id FROM tags WHERE name = 'color'));
INSERT OR IGNORE INTO tags (name) VALUES ('outdoors');
INSERT INTO photo_tags (photo_idx, tag_id) VALUES ((SELECT photo_idx FROM photos WHERE photo_id = 1404), (SELECT tag_id FROM tags WHERE name = 'outdoors'));
INSERT OR IGNORE INTO tags (name) VALUES ('brown');
INSERT INTO photo_tags (photo_idx, tag_id) VALUES ((SELECT photo_idx FROM photos WHERE photo_id = 1404), (SELECT tag_id FROM tags WHERE name = 'brown'));
INSERT OR IGNORE INTO tags (name) VALUES ('gray');
INSERT INTO photo_tags (photo_idx, tag_id) VALUES ((SELECT photo_idx FROM photos WHERE photo_id = 1404), (SELECT tag_id FROM tags WHERE name = 'gray'));
INSERT OR IGNORE INTO tags (name) VALUES ('green');
INSERT INTO photo_tags (photo_idx, tag_id) VALUES ((SELECT photo_idx FROM photos WHERE photo_id = 1404), (SELECT tag_id FROM tags WHERE name = 'green'));
INSERT OR IGNORE INTO tags (name) VALUES ('moss');
INSERT INTO photo_tags (photo_idx, tag_id) VALUES ((SELECT photo_idx FROM photos WHERE photo_id = 1404), (SELECT tag_id FROM tags WHERE name = 'moss'));
INSERT OR IGNORE INTO tags (name) VALUES ('trees');
INSERT INTO photo_tags (photo_idx, tag_id) VALUES ((SELECT photo_idx FROM photos WHERE photo_id = 1404), (SELECT tag_id FROM tags WHERE name = 'trees'));
INSERT OR IGNORE INTO tags (name) VALUES ('foliage');
INSERT INTO photo_tags (photo_idx, tag_id) VALUES ((SELECT photo_idx FROM photos WHERE photo_id = 1404), (SELECT tag_id FROM tags WHERE name = 'foliage'));
INSERT OR IGNORE INTO tags (name) VALUES ('forest');
INSERT INTO photo_tags (photo_idx, tag_id) VALUES ((SELECT photo_idx FROM photos WHERE photo_id = 1404), (SELECT tag_id FROM tags WHERE name = 'forest'));

INSERT INTO photos (photo_id, photo_title, photo_collection, photo_location, photo_year, camera, film_stock, film_format) VALUES (1405, 'Mossy Scene One', 'California', 'Portola Valley, California', 1999, 'Hasselblad', 'Fujichrome Velvia', '6 x 6 cm');
INSERT INTO photos_fts (photo_idx, photo_id, photo_title, photo_collection, photo_location, photo_year, camera, film_stock, film_format, tag_names) VALUES ((SELECT photo_idx FROM photos WHERE photo_id = 1405), 1405, 'Mossy Scene One', 'California', 'Portola Valley, California', 1999, 'Hasselblad', 'Fujichrome Velvia', '6 x 6 cm', 'horizontal,scenic,landscape,color,outdoors,brown,gray,green,moss,trees,foliage,forest');
INSERT OR IGNORE INTO tags (name) VALUES ('horizontal');
INSERT INTO photo_tags (photo_idx, tag_id) VALUES ((SELECT photo_idx FROM photos WHERE photo_id = 1405), (SELECT tag_id FROM tags WHERE name = 'horizontal'));
INSERT OR IGNORE INTO tags (name) VALUES ('scenic');
INSERT INTO photo_tags (photo_idx, tag_id) VALUES ((SELECT photo_idx FROM photos WHERE photo_id = 1405), (SELECT tag_id FROM tags WHERE name = 'scenic'));
INSERT OR IGNORE INTO tags (name) VALUES ('landscape');
INSERT INTO photo_tags (photo_idx, tag_id) VALUES ((SELECT photo_idx FROM photos WHERE photo_id = 1405), (SELECT tag_id FROM tags WHERE name = 'landscape'));
INSERT OR IGNORE INTO tags (name) VALUES ('color');
INSERT INTO photo_tags (photo_idx, tag_id) VALUES ((SELECT photo_idx FROM photos WHERE photo_id = 1405), (SELECT tag_id FROM tags WHERE name = 'color'));
INSERT OR IGNORE INTO tags (name) VALUES ('outdoors');
INSERT INTO photo_tags (photo_idx, tag_id) VALUES ((SELECT photo_idx FROM photos WHERE photo_id = 1405), (SELECT tag_id FROM tags WHERE name = 'outdoors'));
INSERT OR IGNORE INTO tags (name) VALUES ('brown');
INSERT INTO photo_tags (photo_idx, tag_id) VALUES ((SELECT photo_idx FROM photos WHERE photo_id = 1405), (SELECT tag_id FROM tags WHERE name = 'brown'));
INSERT OR IGNORE INTO tags (name) VALUES ('gray');
INSERT INTO photo_tags (photo_idx, tag_id) VALUES ((SELECT photo_idx FROM photos WHERE photo_id = 1405), (SELECT tag_id FROM tags WHERE name = 'gray'));
INSERT OR IGNORE INTO tags (name) VALUES ('green');
INSERT INTO photo_tags (photo_idx, tag_id) VALUES ((SELECT photo_idx FROM photos WHERE photo_id = 1405), (SELECT tag_id FROM tags WHERE name = 'green'));
INSERT OR IGNORE INTO tags (name) VALUES ('moss');
INSERT INTO photo_tags (photo_idx, tag_id) VALUES ((SELECT photo_idx FROM photos WHERE photo_id = 1405), (SELECT tag_id FROM tags WHERE name = 'moss'));
INSERT OR IGNORE INTO tags (name) VALUES ('trees');
INSERT INTO photo_tags (photo_idx, tag_id) VALUES ((SELECT photo_idx FROM photos WHERE photo_id = 1405), (SELECT tag_id FROM tags WHERE name = 'trees'));
INSERT OR IGNORE INTO tags (name) VALUES ('foliage');
INSERT INTO photo_tags (photo_idx, tag_id) VALUES ((SELECT photo_idx FROM photos WHERE photo_id = 1405), (SELECT tag_id FROM tags WHERE name = 'foliage'));
INSERT OR IGNORE INTO tags (name) VALUES ('forest');
INSERT INTO photo_tags (photo_idx, tag_id) VALUES ((SELECT photo_idx FROM photos WHERE photo_id = 1405), (SELECT tag_id FROM tags WHERE name = 'forest'));

INSERT INTO photos (photo_id, photo_title, photo_collection, photo_location, photo_year, camera, film_stock, film_format) VALUES (1406, 'Mossy Scene Two', 'California', 'Portola Valley, California', 1999, 'Hasselblad', 'Fujichrome Velvia', '6 x 6 cm');
INSERT INTO photos_fts (photo_idx, photo_id, photo_title, photo_collection, photo_location, photo_year, camera, film_stock, film_format, tag_names) VALUES ((SELECT photo_idx FROM photos WHERE photo_id = 1406), 1406, 'Mossy Scene Two', 'California', 'Portola Valley, California', 1999, 'Hasselblad', 'Fujichrome Velvia', '6 x 6 cm', 'vertical,scenic,landscape,color,outdoors,brown,gray,green,moss,trees,foliage,forest');
INSERT OR IGNORE INTO tags (name) VALUES ('vertical');
INSERT INTO photo_tags (photo_idx, tag_id) VALUES ((SELECT photo_idx FROM photos WHERE photo_id = 1406), (SELECT tag_id FROM tags WHERE name = 'vertical'));
INSERT OR IGNORE INTO tags (name) VALUES ('scenic');
INSERT INTO photo_tags (photo_idx, tag_id) VALUES ((SELECT photo_idx FROM photos WHERE photo_id = 1406), (SELECT tag_id FROM tags WHERE name = 'scenic'));
INSERT OR IGNORE INTO tags (name) VALUES ('landscape');
INSERT INTO photo_tags (photo_idx, tag_id) VALUES ((SELECT photo_idx FROM photos WHERE photo_id = 1406), (SELECT tag_id FROM tags WHERE name = 'landscape'));
INSERT OR IGNORE INTO tags (name) VALUES ('color');
INSERT INTO photo_tags (photo_idx, tag_id) VALUES ((SELECT photo_idx FROM photos WHERE photo_id = 1406), (SELECT tag_id FROM tags WHERE name = 'color'));
INSERT OR IGNORE INTO tags (name) VALUES ('outdoors');
INSERT INTO photo_tags (photo_idx, tag_id) VALUES ((SELECT photo_idx FROM photos WHERE photo_id = 1406), (SELECT tag_id FROM tags WHERE name = 'outdoors'));
INSERT OR IGNORE INTO tags (name) VALUES ('brown');
INSERT INTO photo_tags (photo_idx, tag_id) VALUES ((SELECT photo_idx FROM photos WHERE photo_id = 1406), (SELECT tag_id FROM tags WHERE name = 'brown'));
INSERT OR IGNORE INTO tags (name) VALUES ('gray');
INSERT INTO photo_tags (photo_idx, tag_id) VALUES ((SELECT photo_idx FROM photos WHERE photo_id = 1406), (SELECT tag_id FROM tags WHERE name = 'gray'));
INSERT OR IGNORE INTO tags (name) VALUES ('green');
INSERT INTO photo_tags (photo_idx, tag_id) VALUES ((SELECT photo_idx FROM photos WHERE photo_id = 1406), (SELECT tag_id FROM tags WHERE name = 'green'));
INSERT OR IGNORE INTO tags (name) VALUES ('moss');
INSERT INTO photo_tags (photo_idx, tag_id) VALUES ((SELECT photo_idx FROM photos WHERE photo_id = 1406), (SELECT tag_id FROM tags WHERE name = 'moss'));
INSERT OR IGNORE INTO tags (name) VALUES ('trees');
INSERT INTO photo_tags (photo_idx, tag_id) VALUES ((SELECT photo_idx FROM photos WHERE photo_id = 1406), (SELECT tag_id FROM tags WHERE name = 'trees'));
INSERT OR IGNORE INTO tags (name) VALUES ('foliage');
INSERT INTO photo_tags (photo_idx, tag_id) VALUES ((SELECT photo_idx FROM photos WHERE photo_id = 1406), (SELECT tag_id FROM tags WHERE name = 'foliage'));
INSERT OR IGNORE INTO tags (name) VALUES ('forest');
INSERT INTO photo_tags (photo_idx, tag_id) VALUES ((SELECT photo_idx FROM photos WHERE photo_id = 1406), (SELECT tag_id FROM tags WHERE name = 'forest'));

INSERT INTO photos (photo_id, photo_title, photo_collection, photo_location, photo_year, camera, film_stock, film_format) VALUES (1407, 'Red and Yellow Orchid', 'Flower Portraits', 'Half Moon Bay, California', 1999, 'Hasselblad', 'Fujichrome Velvia', '6 x 6 cm');
INSERT INTO photos_fts (photo_idx, photo_id, photo_title, photo_collection, photo_location, photo_year, camera, film_stock, film_format, tag_names) VALUES ((SELECT photo_idx FROM photos WHERE photo_id = 1407), 1407, 'Red and Yellow Orchid', 'Flower Portraits', 'Half Moon Bay, California', 1999, 'Hasselblad', 'Fujichrome Velvia', '6 x 6 cm', 'horizontal,closeup,color,studio,black,pink,red,yellow,flowers,orchid');
INSERT OR IGNORE INTO tags (name) VALUES ('horizontal');
INSERT INTO photo_tags (photo_idx, tag_id) VALUES ((SELECT photo_idx FROM photos WHERE photo_id = 1407), (SELECT tag_id FROM tags WHERE name = 'horizontal'));
INSERT OR IGNORE INTO tags (name) VALUES ('closeup');
INSERT INTO photo_tags (photo_idx, tag_id) VALUES ((SELECT photo_idx FROM photos WHERE photo_id = 1407), (SELECT tag_id FROM tags WHERE name = 'closeup'));
INSERT OR IGNORE INTO tags (name) VALUES ('color');
INSERT INTO photo_tags (photo_idx, tag_id) VALUES ((SELECT photo_idx FROM photos WHERE photo_id = 1407), (SELECT tag_id FROM tags WHERE name = 'color'));
INSERT OR IGNORE INTO tags (name) VALUES ('studio');
INSERT INTO photo_tags (photo_idx, tag_id) VALUES ((SELECT photo_idx FROM photos WHERE photo_id = 1407), (SELECT tag_id FROM tags WHERE name = 'studio'));
INSERT OR IGNORE INTO tags (name) VALUES ('black');
INSERT INTO photo_tags (photo_idx, tag_id) VALUES ((SELECT photo_idx FROM photos WHERE photo_id = 1407), (SELECT tag_id FROM tags WHERE name = 'black'));
INSERT OR IGNORE INTO tags (name) VALUES ('pink');
INSERT INTO photo_tags (photo_idx, tag_id) VALUES ((SELECT photo_idx FROM photos WHERE photo_id = 1407), (SELECT tag_id FROM tags WHERE name = 'pink'));
INSERT OR IGNORE INTO tags (name) VALUES ('red');
INSERT INTO photo_tags (photo_idx, tag_id) VALUES ((SELECT photo_idx FROM photos WHERE photo_id = 1407), (SELECT tag_id FROM tags WHERE name = 'red'));
INSERT OR IGNORE INTO tags (name) VALUES ('yellow');
INSERT INTO photo_tags (photo_idx, tag_id) VALUES ((SELECT photo_idx FROM photos WHERE photo_id = 1407), (SELECT tag_id FROM tags WHERE name = 'yellow'));
INSERT OR IGNORE INTO tags (name) VALUES ('flowers');
INSERT INTO photo_tags (photo_idx, tag_id) VALUES ((SELECT photo_idx FROM photos WHERE photo_id = 1407), (SELECT tag_id FROM tags WHERE name = 'flowers'));
INSERT OR IGNORE INTO tags (name) VALUES ('orchid');
INSERT INTO photo_tags (photo_idx, tag_id) VALUES ((SELECT photo_idx FROM photos WHERE photo_id = 1407), (SELECT tag_id FROM tags WHERE name = 'orchid'));

INSERT INTO photos (photo_id, photo_title, photo_collection, photo_location, photo_year, camera, film_stock, film_format) VALUES (1408, 'Red and Yellow Orchid Vertical', 'Flower Portraits', 'Half Moon Bay, California', 1999, 'Hasselblad', 'Fujichrome Velvia', '6 x 6 cm');
INSERT INTO photos_fts (photo_idx, photo_id, photo_title, photo_collection, photo_location, photo_year, camera, film_stock, film_format, tag_names) VALUES ((SELECT photo_idx FROM photos WHERE photo_id = 1408), 1408, 'Red and Yellow Orchid Vertical', 'Flower Portraits', 'Half Moon Bay, California', 1999, 'Hasselblad', 'Fujichrome Velvia', '6 x 6 cm', 'vertical,closeup,color,studio,black,pink,red,yellow,flowers,orchid');
INSERT OR IGNORE INTO tags (name) VALUES ('vertical');
INSERT INTO photo_tags (photo_idx, tag_id) VALUES ((SELECT photo_idx FROM photos WHERE photo_id = 1408), (SELECT tag_id FROM tags WHERE name = 'vertical'));
INSERT OR IGNORE INTO tags (name) VALUES ('closeup');
INSERT INTO photo_tags (photo_idx, tag_id) VALUES ((SELECT photo_idx FROM photos WHERE photo_id = 1408), (SELECT tag_id FROM tags WHERE name = 'closeup'));
INSERT OR IGNORE INTO tags (name) VALUES ('color');
INSERT INTO photo_tags (photo_idx, tag_id) VALUES ((SELECT photo_idx FROM photos WHERE photo_id = 1408), (SELECT tag_id FROM tags WHERE name = 'color'));
INSERT OR IGNORE INTO tags (name) VALUES ('studio');
INSERT INTO photo_tags (photo_idx, tag_id) VALUES ((SELECT photo_idx FROM photos WHERE photo_id = 1408), (SELECT tag_id FROM tags WHERE name = 'studio'));
INSERT OR IGNORE INTO tags (name) VALUES ('black');
INSERT INTO photo_tags (photo_idx, tag_id) VALUES ((SELECT photo_idx FROM photos WHERE photo_id = 1408), (SELECT tag_id FROM tags WHERE name = 'black'));
INSERT OR IGNORE INTO tags (name) VALUES ('pink');
INSERT INTO photo_tags (photo_idx, tag_id) VALUES ((SELECT photo_idx FROM photos WHERE photo_id = 1408), (SELECT tag_id FROM tags WHERE name = 'pink'));
INSERT OR IGNORE INTO tags (name) VALUES ('red');
INSERT INTO photo_tags (photo_idx, tag_id) VALUES ((SELECT photo_idx FROM photos WHERE photo_id = 1408), (SELECT tag_id FROM tags WHERE name = 'red'));
INSERT OR IGNORE INTO tags (name) VALUES ('yellow');
INSERT INTO photo_tags (photo_idx, tag_id) VALUES ((SELECT photo_idx FROM photos WHERE photo_id = 1408), (SELECT tag_id FROM tags WHERE name = 'yellow'));
INSERT OR IGNORE INTO tags (name) VALUES ('flowers');
INSERT INTO photo_tags (photo_idx, tag_id) VALUES ((SELECT photo_idx FROM photos WHERE photo_id = 1408), (SELECT tag_id FROM tags WHERE name = 'flowers'));
INSERT OR IGNORE INTO tags (name) VALUES ('orchid');
INSERT INTO photo_tags (photo_idx, tag_id) VALUES ((SELECT photo_idx FROM photos WHERE photo_id = 1408), (SELECT tag_id FROM tags WHERE name = 'orchid'));

INSERT INTO photos (photo_id, photo_title, photo_collection, photo_location, photo_year, camera, film_stock, film_format) VALUES (1410, 'Purple Orchid and Stem', 'Flower Portraits', 'Half Moon Bay, California', 1999, 'Hasselblad', 'Fujichrome Velvia', '6 x 6 cm');
INSERT INTO photos_fts (photo_idx, photo_id, photo_title, photo_collection, photo_location, photo_year, camera, film_stock, film_format, tag_names) VALUES ((SELECT photo_idx FROM photos WHERE photo_id = 1410), 1410, 'Purple Orchid and Stem', 'Flower Portraits', 'Half Moon Bay, California', 1999, 'Hasselblad', 'Fujichrome Velvia', '6 x 6 cm', 'horizontal,closeup,color,studio,black,blue,green,purple,flowers,orchid');
INSERT OR IGNORE INTO tags (name) VALUES ('horizontal');
INSERT INTO photo_tags (photo_idx, tag_id) VALUES ((SELECT photo_idx FROM photos WHERE photo_id = 1410), (SELECT tag_id FROM tags WHERE name = 'horizontal'));
INSERT OR IGNORE INTO tags (name) VALUES ('closeup');
INSERT INTO photo_tags (photo_idx, tag_id) VALUES ((SELECT photo_idx FROM photos WHERE photo_id = 1410), (SELECT tag_id FROM tags WHERE name = 'closeup'));
INSERT OR IGNORE INTO tags (name) VALUES ('color');
INSERT INTO photo_tags (photo_idx, tag_id) VALUES ((SELECT photo_idx FROM photos WHERE photo_id = 1410), (SELECT tag_id FROM tags WHERE name = 'color'));
INSERT OR IGNORE INTO tags (name) VALUES ('studio');
INSERT INTO photo_tags (photo_idx, tag_id) VALUES ((SELECT photo_idx FROM photos WHERE photo_id = 1410), (SELECT tag_id FROM tags WHERE name = 'studio'));
INSERT OR IGNORE INTO tags (name) VALUES ('black');
INSERT INTO photo_tags (photo_idx, tag_id) VALUES ((SELECT photo_idx FROM photos WHERE photo_id = 1410), (SELECT tag_id FROM tags WHERE name = 'black'));
INSERT OR IGNORE INTO tags (name) VALUES ('blue');
INSERT INTO photo_tags (photo_idx, tag_id) VALUES ((SELECT photo_idx FROM photos WHERE photo_id = 1410), (SELECT tag_id FROM tags WHERE name = 'blue'));
INSERT OR IGNORE INTO tags (name) VALUES ('green');
INSERT INTO photo_tags (photo_idx, tag_id) VALUES ((SELECT photo_idx FROM photos WHERE photo_id = 1410), (SELECT tag_id FROM tags WHERE name = 'green'));
INSERT OR IGNORE INTO tags (name) VALUES ('purple');
INSERT INTO photo_tags (photo_idx, tag_id) VALUES ((SELECT photo_idx FROM photos WHERE photo_id = 1410), (SELECT tag_id FROM tags WHERE name = 'purple'));
INSERT OR IGNORE INTO tags (name) VALUES ('flowers');
INSERT INTO photo_tags (photo_idx, tag_id) VALUES ((SELECT photo_idx FROM photos WHERE photo_id = 1410), (SELECT tag_id FROM tags WHERE name = 'flowers'));
INSERT OR IGNORE INTO tags (name) VALUES ('orchid');
INSERT INTO photo_tags (photo_idx, tag_id) VALUES ((SELECT photo_idx FROM photos WHERE photo_id = 1410), (SELECT tag_id FROM tags WHERE name = 'orchid'));

INSERT INTO photos (photo_id, photo_title, photo_collection, photo_location, photo_year, camera, film_stock, film_format) VALUES (1411, 'Sweet Pink Orchid Detail', 'Flower Portraits', 'Half Moon Bay, California', 1999, 'Hasselblad', 'Fujichrome Velvia', '6 x 6 cm');
INSERT INTO photos_fts (photo_idx, photo_id, photo_title, photo_collection, photo_location, photo_year, camera, film_stock, film_format, tag_names) VALUES ((SELECT photo_idx FROM photos WHERE photo_id = 1411), 1411, 'Sweet Pink Orchid Detail', 'Flower Portraits', 'Half Moon Bay, California', 1999, 'Hasselblad', 'Fujichrome Velvia', '6 x 6 cm', 'horizontal,closeup,color,studio,pink,white,yellow,flowers,orchid');
INSERT OR IGNORE INTO tags (name) VALUES ('horizontal');
INSERT INTO photo_tags (photo_idx, tag_id) VALUES ((SELECT photo_idx FROM photos WHERE photo_id = 1411), (SELECT tag_id FROM tags WHERE name = 'horizontal'));
INSERT OR IGNORE INTO tags (name) VALUES ('closeup');
INSERT INTO photo_tags (photo_idx, tag_id) VALUES ((SELECT photo_idx FROM photos WHERE photo_id = 1411), (SELECT tag_id FROM tags WHERE name = 'closeup'));
INSERT OR IGNORE INTO tags (name) VALUES ('color');
INSERT INTO photo_tags (photo_idx, tag_id) VALUES ((SELECT photo_idx FROM photos WHERE photo_id = 1411), (SELECT tag_id FROM tags WHERE name = 'color'));
INSERT OR IGNORE INTO tags (name) VALUES ('studio');
INSERT INTO photo_tags (photo_idx, tag_id) VALUES ((SELECT photo_idx FROM photos WHERE photo_id = 1411), (SELECT tag_id FROM tags WHERE name = 'studio'));
INSERT OR IGNORE INTO tags (name) VALUES ('pink');
INSERT INTO photo_tags (photo_idx, tag_id) VALUES ((SELECT photo_idx FROM photos WHERE photo_id = 1411), (SELECT tag_id FROM tags WHERE name = 'pink'));
INSERT OR IGNORE INTO tags (name) VALUES ('white');
INSERT INTO photo_tags (photo_idx, tag_id) VALUES ((SELECT photo_idx FROM photos WHERE photo_id = 1411), (SELECT tag_id FROM tags WHERE name = 'white'));
INSERT OR IGNORE INTO tags (name) VALUES ('yellow');
INSERT INTO photo_tags (photo_idx, tag_id) VALUES ((SELECT photo_idx FROM photos WHERE photo_id = 1411), (SELECT tag_id FROM tags WHERE name = 'yellow'));
INSERT OR IGNORE INTO tags (name) VALUES ('flowers');
INSERT INTO photo_tags (photo_idx, tag_id) VALUES ((SELECT photo_idx FROM photos WHERE photo_id = 1411), (SELECT tag_id FROM tags WHERE name = 'flowers'));
INSERT OR IGNORE INTO tags (name) VALUES ('orchid');
INSERT INTO photo_tags (photo_idx, tag_id) VALUES ((SELECT photo_idx FROM photos WHERE photo_id = 1411), (SELECT tag_id FROM tags WHERE name = 'orchid'));

INSERT INTO photos (photo_id, photo_title, photo_collection, photo_location, photo_year, camera, film_stock, film_format) VALUES (1413, 'Gentle Red and Yellow Miltonopsis', 'Flower Portraits', 'Half Moon Bay, California', 1999, 'Hasselblad', 'Fujichrome Velvia', '6 x 6 cm');
INSERT INTO photos_fts (photo_idx, photo_id, photo_title, photo_collection, photo_location, photo_year, camera, film_stock, film_format, tag_names) VALUES ((SELECT photo_idx FROM photos WHERE photo_id = 1413), 1413, 'Gentle Red and Yellow Miltonopsis', 'Flower Portraits', 'Half Moon Bay, California', 1999, 'Hasselblad', 'Fujichrome Velvia', '6 x 6 cm', 'horizontal,popular,closeup,color,studio,red,yellow,flowers,orchid');
INSERT OR IGNORE INTO tags (name) VALUES ('horizontal');
INSERT INTO photo_tags (photo_idx, tag_id) VALUES ((SELECT photo_idx FROM photos WHERE photo_id = 1413), (SELECT tag_id FROM tags WHERE name = 'horizontal'));
INSERT OR IGNORE INTO tags (name) VALUES ('popular');
INSERT INTO photo_tags (photo_idx, tag_id) VALUES ((SELECT photo_idx FROM photos WHERE photo_id = 1413), (SELECT tag_id FROM tags WHERE name = 'popular'));
INSERT OR IGNORE INTO tags (name) VALUES ('closeup');
INSERT INTO photo_tags (photo_idx, tag_id) VALUES ((SELECT photo_idx FROM photos WHERE photo_id = 1413), (SELECT tag_id FROM tags WHERE name = 'closeup'));
INSERT OR IGNORE INTO tags (name) VALUES ('color');
INSERT INTO photo_tags (photo_idx, tag_id) VALUES ((SELECT photo_idx FROM photos WHERE photo_id = 1413), (SELECT tag_id FROM tags WHERE name = 'color'));
INSERT OR IGNORE INTO tags (name) VALUES ('studio');
INSERT INTO photo_tags (photo_idx, tag_id) VALUES ((SELECT photo_idx FROM photos WHERE photo_id = 1413), (SELECT tag_id FROM tags WHERE name = 'studio'));
INSERT OR IGNORE INTO tags (name) VALUES ('red');
INSERT INTO photo_tags (photo_idx, tag_id) VALUES ((SELECT photo_idx FROM photos WHERE photo_id = 1413), (SELECT tag_id FROM tags WHERE name = 'red'));
INSERT OR IGNORE INTO tags (name) VALUES ('yellow');
INSERT INTO photo_tags (photo_idx, tag_id) VALUES ((SELECT photo_idx FROM photos WHERE photo_id = 1413), (SELECT tag_id FROM tags WHERE name = 'yellow'));
INSERT OR IGNORE INTO tags (name) VALUES ('flowers');
INSERT INTO photo_tags (photo_idx, tag_id) VALUES ((SELECT photo_idx FROM photos WHERE photo_id = 1413), (SELECT tag_id FROM tags WHERE name = 'flowers'));
INSERT OR IGNORE INTO tags (name) VALUES ('orchid');
INSERT INTO photo_tags (photo_idx, tag_id) VALUES ((SELECT photo_idx FROM photos WHERE photo_id = 1413), (SELECT tag_id FROM tags WHERE name = 'orchid'));

INSERT INTO photos (photo_id, photo_title, photo_collection, photo_location, photo_year, camera, film_stock, film_format) VALUES (1414, 'Bold Red and Yellow Miltonopsis', 'Flower Portraits', 'Half Moon Bay, California', 1999, 'Hasselblad', 'Fujichrome Velvia', '6 x 6 cm');
INSERT INTO photos_fts (photo_idx, photo_id, photo_title, photo_collection, photo_location, photo_year, camera, film_stock, film_format, tag_names) VALUES ((SELECT photo_idx FROM photos WHERE photo_id = 1414), 1414, 'Bold Red and Yellow Miltonopsis', 'Flower Portraits', 'Half Moon Bay, California', 1999, 'Hasselblad', 'Fujichrome Velvia', '6 x 6 cm', 'vertical,closeup,color,studio,red,yellow,flowers,orchid');
INSERT OR IGNORE INTO tags (name) VALUES ('vertical');
INSERT INTO photo_tags (photo_idx, tag_id) VALUES ((SELECT photo_idx FROM photos WHERE photo_id = 1414), (SELECT tag_id FROM tags WHERE name = 'vertical'));
INSERT OR IGNORE INTO tags (name) VALUES ('closeup');
INSERT INTO photo_tags (photo_idx, tag_id) VALUES ((SELECT photo_idx FROM photos WHERE photo_id = 1414), (SELECT tag_id FROM tags WHERE name = 'closeup'));
INSERT OR IGNORE INTO tags (name) VALUES ('color');
INSERT INTO photo_tags (photo_idx, tag_id) VALUES ((SELECT photo_idx FROM photos WHERE photo_id = 1414), (SELECT tag_id FROM tags WHERE name = 'color'));
INSERT OR IGNORE INTO tags (name) VALUES ('studio');
INSERT INTO photo_tags (photo_idx, tag_id) VALUES ((SELECT photo_idx FROM photos WHERE photo_id = 1414), (SELECT tag_id FROM tags WHERE name = 'studio'));
INSERT OR IGNORE INTO tags (name) VALUES ('red');
INSERT INTO photo_tags (photo_idx, tag_id) VALUES ((SELECT photo_idx FROM photos WHERE photo_id = 1414), (SELECT tag_id FROM tags WHERE name = 'red'));
INSERT OR IGNORE INTO tags (name) VALUES ('yellow');
INSERT INTO photo_tags (photo_idx, tag_id) VALUES ((SELECT photo_idx FROM photos WHERE photo_id = 1414), (SELECT tag_id FROM tags WHERE name = 'yellow'));
INSERT OR IGNORE INTO tags (name) VALUES ('flowers');
INSERT INTO photo_tags (photo_idx, tag_id) VALUES ((SELECT photo_idx FROM photos WHERE photo_id = 1414), (SELECT tag_id FROM tags WHERE name = 'flowers'));
INSERT OR IGNORE INTO tags (name) VALUES ('orchid');
INSERT INTO photo_tags (photo_idx, tag_id) VALUES ((SELECT photo_idx FROM photos WHERE photo_id = 1414), (SELECT tag_id FROM tags WHERE name = 'orchid'));

INSERT INTO photos (photo_id, photo_title, photo_collection, photo_location, photo_year, camera, film_stock, film_format) VALUES (1415, 'Miltonopsis Fireworks', 'Flower Portraits', 'Half Moon Bay, California', 1999, 'Hasselblad', 'Fujichrome Velvia', '6 x 6 cm');
INSERT INTO photos_fts (photo_idx, photo_id, photo_title, photo_collection, photo_location, photo_year, camera, film_stock, film_format, tag_names) VALUES ((SELECT photo_idx FROM photos WHERE photo_id = 1415), 1415, 'Miltonopsis Fireworks', 'Flower Portraits', 'Half Moon Bay, California', 1999, 'Hasselblad', 'Fujichrome Velvia', '6 x 6 cm', 'vertical,closeup,color,studio,red,white,yellow,flowers,orchid');
INSERT OR IGNORE INTO tags (name) VALUES ('vertical');
INSERT INTO photo_tags (photo_idx, tag_id) VALUES ((SELECT photo_idx FROM photos WHERE photo_id = 1415), (SELECT tag_id FROM tags WHERE name = 'vertical'));
INSERT OR IGNORE INTO tags (name) VALUES ('closeup');
INSERT INTO photo_tags (photo_idx, tag_id) VALUES ((SELECT photo_idx FROM photos WHERE photo_id = 1415), (SELECT tag_id FROM tags WHERE name = 'closeup'));
INSERT OR IGNORE INTO tags (name) VALUES ('color');
INSERT INTO photo_tags (photo_idx, tag_id) VALUES ((SELECT photo_idx FROM photos WHERE photo_id = 1415), (SELECT tag_id FROM tags WHERE name = 'color'));
INSERT OR IGNORE INTO tags (name) VALUES ('studio');
INSERT INTO photo_tags (photo_idx, tag_id) VALUES ((SELECT photo_idx FROM photos WHERE photo_id = 1415), (SELECT tag_id FROM tags WHERE name = 'studio'));
INSERT OR IGNORE INTO tags (name) VALUES ('red');
INSERT INTO photo_tags (photo_idx, tag_id) VALUES ((SELECT photo_idx FROM photos WHERE photo_id = 1415), (SELECT tag_id FROM tags WHERE name = 'red'));
INSERT OR IGNORE INTO tags (name) VALUES ('white');
INSERT INTO photo_tags (photo_idx, tag_id) VALUES ((SELECT photo_idx FROM photos WHERE photo_id = 1415), (SELECT tag_id FROM tags WHERE name = 'white'));
INSERT OR IGNORE INTO tags (name) VALUES ('yellow');
INSERT INTO photo_tags (photo_idx, tag_id) VALUES ((SELECT photo_idx FROM photos WHERE photo_id = 1415), (SELECT tag_id FROM tags WHERE name = 'yellow'));
INSERT OR IGNORE INTO tags (name) VALUES ('flowers');
INSERT INTO photo_tags (photo_idx, tag_id) VALUES ((SELECT photo_idx FROM photos WHERE photo_id = 1415), (SELECT tag_id FROM tags WHERE name = 'flowers'));
INSERT OR IGNORE INTO tags (name) VALUES ('orchid');
INSERT INTO photo_tags (photo_idx, tag_id) VALUES ((SELECT photo_idx FROM photos WHERE photo_id = 1415), (SELECT tag_id FROM tags WHERE name = 'orchid'));

INSERT INTO photos (photo_id, photo_title, photo_collection, photo_location, photo_year, camera, film_stock, film_format) VALUES (1417, 'Sweet Pink and Yellow Miltonopsis', 'Flower Portraits', 'Half Moon Bay, California', 1999, 'Hasselblad', 'Fujichrome Velvia', '6 x 6 cm');
INSERT INTO photos_fts (photo_idx, photo_id, photo_title, photo_collection, photo_location, photo_year, camera, film_stock, film_format, tag_names) VALUES ((SELECT photo_idx FROM photos WHERE photo_id = 1417), 1417, 'Sweet Pink and Yellow Miltonopsis', 'Flower Portraits', 'Half Moon Bay, California', 1999, 'Hasselblad', 'Fujichrome Velvia', '6 x 6 cm', 'vertical,closeup,color,studio,pink,white,yellow,flowers,orchid');
INSERT OR IGNORE INTO tags (name) VALUES ('vertical');
INSERT INTO photo_tags (photo_idx, tag_id) VALUES ((SELECT photo_idx FROM photos WHERE photo_id = 1417), (SELECT tag_id FROM tags WHERE name = 'vertical'));
INSERT OR IGNORE INTO tags (name) VALUES ('closeup');
INSERT INTO photo_tags (photo_idx, tag_id) VALUES ((SELECT photo_idx FROM photos WHERE photo_id = 1417), (SELECT tag_id FROM tags WHERE name = 'closeup'));
INSERT OR IGNORE INTO tags (name) VALUES ('color');
INSERT INTO photo_tags (photo_idx, tag_id) VALUES ((SELECT photo_idx FROM photos WHERE photo_id = 1417), (SELECT tag_id FROM tags WHERE name = 'color'));
INSERT OR IGNORE INTO tags (name) VALUES ('studio');
INSERT INTO photo_tags (photo_idx, tag_id) VALUES ((SELECT photo_idx FROM photos WHERE photo_id = 1417), (SELECT tag_id FROM tags WHERE name = 'studio'));
INSERT OR IGNORE INTO tags (name) VALUES ('pink');
INSERT INTO photo_tags (photo_idx, tag_id) VALUES ((SELECT photo_idx FROM photos WHERE photo_id = 1417), (SELECT tag_id FROM tags WHERE name = 'pink'));
INSERT OR IGNORE INTO tags (name) VALUES ('white');
INSERT INTO photo_tags (photo_idx, tag_id) VALUES ((SELECT photo_idx FROM photos WHERE photo_id = 1417), (SELECT tag_id FROM tags WHERE name = 'white'));
INSERT OR IGNORE INTO tags (name) VALUES ('yellow');
INSERT INTO photo_tags (photo_idx, tag_id) VALUES ((SELECT photo_idx FROM photos WHERE photo_id = 1417), (SELECT tag_id FROM tags WHERE name = 'yellow'));
INSERT OR IGNORE INTO tags (name) VALUES ('flowers');
INSERT INTO photo_tags (photo_idx, tag_id) VALUES ((SELECT photo_idx FROM photos WHERE photo_id = 1417), (SELECT tag_id FROM tags WHERE name = 'flowers'));
INSERT OR IGNORE INTO tags (name) VALUES ('orchid');
INSERT INTO photo_tags (photo_idx, tag_id) VALUES ((SELECT photo_idx FROM photos WHERE photo_id = 1417), (SELECT tag_id FROM tags WHERE name = 'orchid'));

INSERT INTO photos (photo_id, photo_title, photo_collection, photo_location, photo_year, camera, film_stock, film_format) VALUES (1418, 'Pale Yellow Miltonopsis', 'Flower Portraits', 'Half Moon Bay, California', 1999, 'Hasselblad', 'Fujichrome Velvia', '6 x 6 cm');
INSERT INTO photos_fts (photo_idx, photo_id, photo_title, photo_collection, photo_location, photo_year, camera, film_stock, film_format, tag_names) VALUES ((SELECT photo_idx FROM photos WHERE photo_id = 1418), 1418, 'Pale Yellow Miltonopsis', 'Flower Portraits', 'Half Moon Bay, California', 1999, 'Hasselblad', 'Fujichrome Velvia', '6 x 6 cm', 'vertical,closeup,color,studio,pink,red,yellow,flowers,orchid');
INSERT OR IGNORE INTO tags (name) VALUES ('vertical');
INSERT INTO photo_tags (photo_idx, tag_id) VALUES ((SELECT photo_idx FROM photos WHERE photo_id = 1418), (SELECT tag_id FROM tags WHERE name = 'vertical'));
INSERT OR IGNORE INTO tags (name) VALUES ('closeup');
INSERT INTO photo_tags (photo_idx, tag_id) VALUES ((SELECT photo_idx FROM photos WHERE photo_id = 1418), (SELECT tag_id FROM tags WHERE name = 'closeup'));
INSERT OR IGNORE INTO tags (name) VALUES ('color');
INSERT INTO photo_tags (photo_idx, tag_id) VALUES ((SELECT photo_idx FROM photos WHERE photo_id = 1418), (SELECT tag_id FROM tags WHERE name = 'color'));
INSERT OR IGNORE INTO tags (name) VALUES ('studio');
INSERT INTO photo_tags (photo_idx, tag_id) VALUES ((SELECT photo_idx FROM photos WHERE photo_id = 1418), (SELECT tag_id FROM tags WHERE name = 'studio'));
INSERT OR IGNORE INTO tags (name) VALUES ('pink');
INSERT INTO photo_tags (photo_idx, tag_id) VALUES ((SELECT photo_idx FROM photos WHERE photo_id = 1418), (SELECT tag_id FROM tags WHERE name = 'pink'));
INSERT OR IGNORE INTO tags (name) VALUES ('red');
INSERT INTO photo_tags (photo_idx, tag_id) VALUES ((SELECT photo_idx FROM photos WHERE photo_id = 1418), (SELECT tag_id FROM tags WHERE name = 'red'));
INSERT OR IGNORE INTO tags (name) VALUES ('yellow');
INSERT INTO photo_tags (photo_idx, tag_id) VALUES ((SELECT photo_idx FROM photos WHERE photo_id = 1418), (SELECT tag_id FROM tags WHERE name = 'yellow'));
INSERT OR IGNORE INTO tags (name) VALUES ('flowers');
INSERT INTO photo_tags (photo_idx, tag_id) VALUES ((SELECT photo_idx FROM photos WHERE photo_id = 1418), (SELECT tag_id FROM tags WHERE name = 'flowers'));
INSERT OR IGNORE INTO tags (name) VALUES ('orchid');
INSERT INTO photo_tags (photo_idx, tag_id) VALUES ((SELECT photo_idx FROM photos WHERE photo_id = 1418), (SELECT tag_id FROM tags WHERE name = 'orchid'));

INSERT INTO photos (photo_id, photo_title, photo_collection, photo_location, photo_year, camera, film_stock, film_format) VALUES (1419, 'Branching Mud Pattern', 'Southwest', 'Davis Gulch, Utah', 1999, 'Hasselblad', 'Fujichrome Velvia', '6 x 6 cm');
INSERT INTO photos_fts (photo_idx, photo_id, photo_title, photo_collection, photo_location, photo_year, camera, film_stock, film_format, tag_names) VALUES ((SELECT photo_idx FROM photos WHERE photo_id = 1419), 1419, 'Branching Mud Pattern', 'Southwest', 'Davis Gulch, Utah', 1999, 'Hasselblad', 'Fujichrome Velvia', '6 x 6 cm', 'vertical,closeup,abstract,landscape,color,outdoors,brown,tan,sand,water,mud');
INSERT OR IGNORE INTO tags (name) VALUES ('vertical');
INSERT INTO photo_tags (photo_idx, tag_id) VALUES ((SELECT photo_idx FROM photos WHERE photo_id = 1419), (SELECT tag_id FROM tags WHERE name = 'vertical'));
INSERT OR IGNORE INTO tags (name) VALUES ('closeup');
INSERT INTO photo_tags (photo_idx, tag_id) VALUES ((SELECT photo_idx FROM photos WHERE photo_id = 1419), (SELECT tag_id FROM tags WHERE name = 'closeup'));
INSERT OR IGNORE INTO tags (name) VALUES ('abstract');
INSERT INTO photo_tags (photo_idx, tag_id) VALUES ((SELECT photo_idx FROM photos WHERE photo_id = 1419), (SELECT tag_id FROM tags WHERE name = 'abstract'));
INSERT OR IGNORE INTO tags (name) VALUES ('landscape');
INSERT INTO photo_tags (photo_idx, tag_id) VALUES ((SELECT photo_idx FROM photos WHERE photo_id = 1419), (SELECT tag_id FROM tags WHERE name = 'landscape'));
INSERT OR IGNORE INTO tags (name) VALUES ('color');
INSERT INTO photo_tags (photo_idx, tag_id) VALUES ((SELECT photo_idx FROM photos WHERE photo_id = 1419), (SELECT tag_id FROM tags WHERE name = 'color'));
INSERT OR IGNORE INTO tags (name) VALUES ('outdoors');
INSERT INTO photo_tags (photo_idx, tag_id) VALUES ((SELECT photo_idx FROM photos WHERE photo_id = 1419), (SELECT tag_id FROM tags WHERE name = 'outdoors'));
INSERT OR IGNORE INTO tags (name) VALUES ('brown');
INSERT INTO photo_tags (photo_idx, tag_id) VALUES ((SELECT photo_idx FROM photos WHERE photo_id = 1419), (SELECT tag_id FROM tags WHERE name = 'brown'));
INSERT OR IGNORE INTO tags (name) VALUES ('tan');
INSERT INTO photo_tags (photo_idx, tag_id) VALUES ((SELECT photo_idx FROM photos WHERE photo_id = 1419), (SELECT tag_id FROM tags WHERE name = 'tan'));
INSERT OR IGNORE INTO tags (name) VALUES ('sand');
INSERT INTO photo_tags (photo_idx, tag_id) VALUES ((SELECT photo_idx FROM photos WHERE photo_id = 1419), (SELECT tag_id FROM tags WHERE name = 'sand'));
INSERT OR IGNORE INTO tags (name) VALUES ('water');
INSERT INTO photo_tags (photo_idx, tag_id) VALUES ((SELECT photo_idx FROM photos WHERE photo_id = 1419), (SELECT tag_id FROM tags WHERE name = 'water'));
INSERT OR IGNORE INTO tags (name) VALUES ('mud');
INSERT INTO photo_tags (photo_idx, tag_id) VALUES ((SELECT photo_idx FROM photos WHERE photo_id = 1419), (SELECT tag_id FROM tags WHERE name = 'mud'));

INSERT INTO photos (photo_id, photo_title, photo_collection, photo_location, photo_year, camera, film_stock, film_format) VALUES (1420, 'River Bed Design', 'Southwest', 'Davis Gulch, Utah', 1999, 'Hasselblad', 'Fujichrome Velvia', '6 x 6 cm');
INSERT INTO photos_fts (photo_idx, photo_id, photo_title, photo_collection, photo_location, photo_year, camera, film_stock, film_format, tag_names) VALUES ((SELECT photo_idx FROM photos WHERE photo_id = 1420), 1420, 'River Bed Design', 'Southwest', 'Davis Gulch, Utah', 1999, 'Hasselblad', 'Fujichrome Velvia', '6 x 6 cm', 'vertical,closeup,abstract,landscape,color,outdoors,brown,tan,sand,water,mud');
INSERT OR IGNORE INTO tags (name) VALUES ('vertical');
INSERT INTO photo_tags (photo_idx, tag_id) VALUES ((SELECT photo_idx FROM photos WHERE photo_id = 1420), (SELECT tag_id FROM tags WHERE name = 'vertical'));
INSERT OR IGNORE INTO tags (name) VALUES ('closeup');
INSERT INTO photo_tags (photo_idx, tag_id) VALUES ((SELECT photo_idx FROM photos WHERE photo_id = 1420), (SELECT tag_id FROM tags WHERE name = 'closeup'));
INSERT OR IGNORE INTO tags (name) VALUES ('abstract');
INSERT INTO photo_tags (photo_idx, tag_id) VALUES ((SELECT photo_idx FROM photos WHERE photo_id = 1420), (SELECT tag_id FROM tags WHERE name = 'abstract'));
INSERT OR IGNORE INTO tags (name) VALUES ('landscape');
INSERT INTO photo_tags (photo_idx, tag_id) VALUES ((SELECT photo_idx FROM photos WHERE photo_id = 1420), (SELECT tag_id FROM tags WHERE name = 'landscape'));
INSERT OR IGNORE INTO tags (name) VALUES ('color');
INSERT INTO photo_tags (photo_idx, tag_id) VALUES ((SELECT photo_idx FROM photos WHERE photo_id = 1420), (SELECT tag_id FROM tags WHERE name = 'color'));
INSERT OR IGNORE INTO tags (name) VALUES ('outdoors');
INSERT INTO photo_tags (photo_idx, tag_id) VALUES ((SELECT photo_idx FROM photos WHERE photo_id = 1420), (SELECT tag_id FROM tags WHERE name = 'outdoors'));
INSERT OR IGNORE INTO tags (name) VALUES ('brown');
INSERT INTO photo_tags (photo_idx, tag_id) VALUES ((SELECT photo_idx FROM photos WHERE photo_id = 1420), (SELECT tag_id FROM tags WHERE name = 'brown'));
INSERT OR IGNORE INTO tags (name) VALUES ('tan');
INSERT INTO photo_tags (photo_idx, tag_id) VALUES ((SELECT photo_idx FROM photos WHERE photo_id = 1420), (SELECT tag_id FROM tags WHERE name = 'tan'));
INSERT OR IGNORE INTO tags (name) VALUES ('sand');
INSERT INTO photo_tags (photo_idx, tag_id) VALUES ((SELECT photo_idx FROM photos WHERE photo_id = 1420), (SELECT tag_id FROM tags WHERE name = 'sand'));
INSERT OR IGNORE INTO tags (name) VALUES ('water');
INSERT INTO photo_tags (photo_idx, tag_id) VALUES ((SELECT photo_idx FROM photos WHERE photo_id = 1420), (SELECT tag_id FROM tags WHERE name = 'water'));
INSERT OR IGNORE INTO tags (name) VALUES ('mud');
INSERT INTO photo_tags (photo_idx, tag_id) VALUES ((SELECT photo_idx FROM photos WHERE photo_id = 1420), (SELECT tag_id FROM tags WHERE name = 'mud'));

INSERT INTO photos (photo_id, photo_title, photo_collection, photo_location, photo_year, camera, film_stock, film_format) VALUES (1421, 'Dark Wet Sand', 'Southwest', 'Davis Gulch, Utah', 1999, 'Hasselblad', 'Fujichrome Velvia', '6 x 6 cm');
INSERT INTO photos_fts (photo_idx, photo_id, photo_title, photo_collection, photo_location, photo_year, camera, film_stock, film_format, tag_names) VALUES ((SELECT photo_idx FROM photos WHERE photo_id = 1421), 1421, 'Dark Wet Sand', 'Southwest', 'Davis Gulch, Utah', 1999, 'Hasselblad', 'Fujichrome Velvia', '6 x 6 cm', 'vertical,closeup,abstract,landscape,color,outdoors,brown,sand,water,river,mud,stream');
INSERT OR IGNORE INTO tags (name) VALUES ('vertical');
INSERT INTO photo_tags (photo_idx, tag_id) VALUES ((SELECT photo_idx FROM photos WHERE photo_id = 1421), (SELECT tag_id FROM tags WHERE name = 'vertical'));
INSERT OR IGNORE INTO tags (name) VALUES ('closeup');
INSERT INTO photo_tags (photo_idx, tag_id) VALUES ((SELECT photo_idx FROM photos WHERE photo_id = 1421), (SELECT tag_id FROM tags WHERE name = 'closeup'));
INSERT OR IGNORE INTO tags (name) VALUES ('abstract');
INSERT INTO photo_tags (photo_idx, tag_id) VALUES ((SELECT photo_idx FROM photos WHERE photo_id = 1421), (SELECT tag_id FROM tags WHERE name = 'abstract'));
INSERT OR IGNORE INTO tags (name) VALUES ('landscape');
INSERT INTO photo_tags (photo_idx, tag_id) VALUES ((SELECT photo_idx FROM photos WHERE photo_id = 1421), (SELECT tag_id FROM tags WHERE name = 'landscape'));
INSERT OR IGNORE INTO tags (name) VALUES ('color');
INSERT INTO photo_tags (photo_idx, tag_id) VALUES ((SELECT photo_idx FROM photos WHERE photo_id = 1421), (SELECT tag_id FROM tags WHERE name = 'color'));
INSERT OR IGNORE INTO tags (name) VALUES ('outdoors');
INSERT INTO photo_tags (photo_idx, tag_id) VALUES ((SELECT photo_idx FROM photos WHERE photo_id = 1421), (SELECT tag_id FROM tags WHERE name = 'outdoors'));
INSERT OR IGNORE INTO tags (name) VALUES ('brown');
INSERT INTO photo_tags (photo_idx, tag_id) VALUES ((SELECT photo_idx FROM photos WHERE photo_id = 1421), (SELECT tag_id FROM tags WHERE name = 'brown'));
INSERT OR IGNORE INTO tags (name) VALUES ('sand');
INSERT INTO photo_tags (photo_idx, tag_id) VALUES ((SELECT photo_idx FROM photos WHERE photo_id = 1421), (SELECT tag_id FROM tags WHERE name = 'sand'));
INSERT OR IGNORE INTO tags (name) VALUES ('water');
INSERT INTO photo_tags (photo_idx, tag_id) VALUES ((SELECT photo_idx FROM photos WHERE photo_id = 1421), (SELECT tag_id FROM tags WHERE name = 'water'));
INSERT OR IGNORE INTO tags (name) VALUES ('river');
INSERT INTO photo_tags (photo_idx, tag_id) VALUES ((SELECT photo_idx FROM photos WHERE photo_id = 1421), (SELECT tag_id FROM tags WHERE name = 'river'));
INSERT OR IGNORE INTO tags (name) VALUES ('mud');
INSERT INTO photo_tags (photo_idx, tag_id) VALUES ((SELECT photo_idx FROM photos WHERE photo_id = 1421), (SELECT tag_id FROM tags WHERE name = 'mud'));
INSERT OR IGNORE INTO tags (name) VALUES ('stream');
INSERT INTO photo_tags (photo_idx, tag_id) VALUES ((SELECT photo_idx FROM photos WHERE photo_id = 1421), (SELECT tag_id FROM tags WHERE name = 'stream'));

INSERT INTO photos (photo_id, photo_title, photo_collection, photo_location, photo_year, camera, film_stock, film_format) VALUES (1422, 'Flowing River Shapes', 'Southwest', 'Davis Gulch, Utah', 1999, 'Hasselblad', 'Fujichrome Velvia', '6 x 6 cm');
INSERT INTO photos_fts (photo_idx, photo_id, photo_title, photo_collection, photo_location, photo_year, camera, film_stock, film_format, tag_names) VALUES ((SELECT photo_idx FROM photos WHERE photo_id = 1422), 1422, 'Flowing River Shapes', 'Southwest', 'Davis Gulch, Utah', 1999, 'Hasselblad', 'Fujichrome Velvia', '6 x 6 cm', 'horizontal,closeup,abstract,landscape,color,outdoors,brown,tan,sand,water,river,stream');
INSERT OR IGNORE INTO tags (name) VALUES ('horizontal');
INSERT INTO photo_tags (photo_idx, tag_id) VALUES ((SELECT photo_idx FROM photos WHERE photo_id = 1422), (SELECT tag_id FROM tags WHERE name = 'horizontal'));
INSERT OR IGNORE INTO tags (name) VALUES ('closeup');
INSERT INTO photo_tags (photo_idx, tag_id) VALUES ((SELECT photo_idx FROM photos WHERE photo_id = 1422), (SELECT tag_id FROM tags WHERE name = 'closeup'));
INSERT OR IGNORE INTO tags (name) VALUES ('abstract');
INSERT INTO photo_tags (photo_idx, tag_id) VALUES ((SELECT photo_idx FROM photos WHERE photo_id = 1422), (SELECT tag_id FROM tags WHERE name = 'abstract'));
INSERT OR IGNORE INTO tags (name) VALUES ('landscape');
INSERT INTO photo_tags (photo_idx, tag_id) VALUES ((SELECT photo_idx FROM photos WHERE photo_id = 1422), (SELECT tag_id FROM tags WHERE name = 'landscape'));
INSERT OR IGNORE INTO tags (name) VALUES ('color');
INSERT INTO photo_tags (photo_idx, tag_id) VALUES ((SELECT photo_idx FROM photos WHERE photo_id = 1422), (SELECT tag_id FROM tags WHERE name = 'color'));
INSERT OR IGNORE INTO tags (name) VALUES ('outdoors');
INSERT INTO photo_tags (photo_idx, tag_id) VALUES ((SELECT photo_idx FROM photos WHERE photo_id = 1422), (SELECT tag_id FROM tags WHERE name = 'outdoors'));
INSERT OR IGNORE INTO tags (name) VALUES ('brown');
INSERT INTO photo_tags (photo_idx, tag_id) VALUES ((SELECT photo_idx FROM photos WHERE photo_id = 1422), (SELECT tag_id FROM tags WHERE name = 'brown'));
INSERT OR IGNORE INTO tags (name) VALUES ('tan');
INSERT INTO photo_tags (photo_idx, tag_id) VALUES ((SELECT photo_idx FROM photos WHERE photo_id = 1422), (SELECT tag_id FROM tags WHERE name = 'tan'));
INSERT OR IGNORE INTO tags (name) VALUES ('sand');
INSERT INTO photo_tags (photo_idx, tag_id) VALUES ((SELECT photo_idx FROM photos WHERE photo_id = 1422), (SELECT tag_id FROM tags WHERE name = 'sand'));
INSERT OR IGNORE INTO tags (name) VALUES ('water');
INSERT INTO photo_tags (photo_idx, tag_id) VALUES ((SELECT photo_idx FROM photos WHERE photo_id = 1422), (SELECT tag_id FROM tags WHERE name = 'water'));
INSERT OR IGNORE INTO tags (name) VALUES ('river');
INSERT INTO photo_tags (photo_idx, tag_id) VALUES ((SELECT photo_idx FROM photos WHERE photo_id = 1422), (SELECT tag_id FROM tags WHERE name = 'river'));
INSERT OR IGNORE INTO tags (name) VALUES ('stream');
INSERT INTO photo_tags (photo_idx, tag_id) VALUES ((SELECT photo_idx FROM photos WHERE photo_id = 1422), (SELECT tag_id FROM tags WHERE name = 'stream'));

INSERT INTO photos (photo_id, photo_title, photo_collection, photo_location, photo_year, camera, film_stock, film_format) VALUES (1423, 'Radiating Desert Varnish', 'Southwest', 'Explorer Canyon, Utah', 1999, 'Hasselblad', 'Fujichrome Velvia', '6 x 6 cm');
INSERT INTO photos_fts (photo_idx, photo_id, photo_title, photo_collection, photo_location, photo_year, camera, film_stock, film_format, tag_names) VALUES ((SELECT photo_idx FROM photos WHERE photo_id = 1423), 1423, 'Radiating Desert Varnish', 'Southwest', 'Explorer Canyon, Utah', 1999, 'Hasselblad', 'Fujichrome Velvia', '6 x 6 cm', 'vertical,scenic,landscape,color,outdoors,brown,pink,red,tan,sandstone');
INSERT OR IGNORE INTO tags (name) VALUES ('vertical');
INSERT INTO photo_tags (photo_idx, tag_id) VALUES ((SELECT photo_idx FROM photos WHERE photo_id = 1423), (SELECT tag_id FROM tags WHERE name = 'vertical'));
INSERT OR IGNORE INTO tags (name) VALUES ('scenic');
INSERT INTO photo_tags (photo_idx, tag_id) VALUES ((SELECT photo_idx FROM photos WHERE photo_id = 1423), (SELECT tag_id FROM tags WHERE name = 'scenic'));
INSERT OR IGNORE INTO tags (name) VALUES ('landscape');
INSERT INTO photo_tags (photo_idx, tag_id) VALUES ((SELECT photo_idx FROM photos WHERE photo_id = 1423), (SELECT tag_id FROM tags WHERE name = 'landscape'));
INSERT OR IGNORE INTO tags (name) VALUES ('color');
INSERT INTO photo_tags (photo_idx, tag_id) VALUES ((SELECT photo_idx FROM photos WHERE photo_id = 1423), (SELECT tag_id FROM tags WHERE name = 'color'));
INSERT OR IGNORE INTO tags (name) VALUES ('outdoors');
INSERT INTO photo_tags (photo_idx, tag_id) VALUES ((SELECT photo_idx FROM photos WHERE photo_id = 1423), (SELECT tag_id FROM tags WHERE name = 'outdoors'));
INSERT OR IGNORE INTO tags (name) VALUES ('brown');
INSERT INTO photo_tags (photo_idx, tag_id) VALUES ((SELECT photo_idx FROM photos WHERE photo_id = 1423), (SELECT tag_id FROM tags WHERE name = 'brown'));
INSERT OR IGNORE INTO tags (name) VALUES ('pink');
INSERT INTO photo_tags (photo_idx, tag_id) VALUES ((SELECT photo_idx FROM photos WHERE photo_id = 1423), (SELECT tag_id FROM tags WHERE name = 'pink'));
INSERT OR IGNORE INTO tags (name) VALUES ('red');
INSERT INTO photo_tags (photo_idx, tag_id) VALUES ((SELECT photo_idx FROM photos WHERE photo_id = 1423), (SELECT tag_id FROM tags WHERE name = 'red'));
INSERT OR IGNORE INTO tags (name) VALUES ('tan');
INSERT INTO photo_tags (photo_idx, tag_id) VALUES ((SELECT photo_idx FROM photos WHERE photo_id = 1423), (SELECT tag_id FROM tags WHERE name = 'tan'));
INSERT OR IGNORE INTO tags (name) VALUES ('sandstone');
INSERT INTO photo_tags (photo_idx, tag_id) VALUES ((SELECT photo_idx FROM photos WHERE photo_id = 1423), (SELECT tag_id FROM tags WHERE name = 'sandstone'));

INSERT INTO photos (photo_id, photo_title, photo_collection, photo_location, photo_year, camera, film_stock, film_format) VALUES (1424, 'Red Wall and Rocks', 'Southwest', 'Explorer Canyon, Utah', 1999, 'Hasselblad', 'Fujichrome Velvia', '6 x 6 cm');
INSERT INTO photos_fts (photo_idx, photo_id, photo_title, photo_collection, photo_location, photo_year, camera, film_stock, film_format, tag_names) VALUES ((SELECT photo_idx FROM photos WHERE photo_id = 1424), 1424, 'Red Wall and Rocks', 'Southwest', 'Explorer Canyon, Utah', 1999, 'Hasselblad', 'Fujichrome Velvia', '6 x 6 cm', 'vertical,scenic,landscape,color,outdoors,red,grass,rock,sandstone');
INSERT OR IGNORE INTO tags (name) VALUES ('vertical');
INSERT INTO photo_tags (photo_idx, tag_id) VALUES ((SELECT photo_idx FROM photos WHERE photo_id = 1424), (SELECT tag_id FROM tags WHERE name = 'vertical'));
INSERT OR IGNORE INTO tags (name) VALUES ('scenic');
INSERT INTO photo_tags (photo_idx, tag_id) VALUES ((SELECT photo_idx FROM photos WHERE photo_id = 1424), (SELECT tag_id FROM tags WHERE name = 'scenic'));
INSERT OR IGNORE INTO tags (name) VALUES ('landscape');
INSERT INTO photo_tags (photo_idx, tag_id) VALUES ((SELECT photo_idx FROM photos WHERE photo_id = 1424), (SELECT tag_id FROM tags WHERE name = 'landscape'));
INSERT OR IGNORE INTO tags (name) VALUES ('color');
INSERT INTO photo_tags (photo_idx, tag_id) VALUES ((SELECT photo_idx FROM photos WHERE photo_id = 1424), (SELECT tag_id FROM tags WHERE name = 'color'));
INSERT OR IGNORE INTO tags (name) VALUES ('outdoors');
INSERT INTO photo_tags (photo_idx, tag_id) VALUES ((SELECT photo_idx FROM photos WHERE photo_id = 1424), (SELECT tag_id FROM tags WHERE name = 'outdoors'));
INSERT OR IGNORE INTO tags (name) VALUES ('red');
INSERT INTO photo_tags (photo_idx, tag_id) VALUES ((SELECT photo_idx FROM photos WHERE photo_id = 1424), (SELECT tag_id FROM tags WHERE name = 'red'));
INSERT OR IGNORE INTO tags (name) VALUES ('grass');
INSERT INTO photo_tags (photo_idx, tag_id) VALUES ((SELECT photo_idx FROM photos WHERE photo_id = 1424), (SELECT tag_id FROM tags WHERE name = 'grass'));
INSERT OR IGNORE INTO tags (name) VALUES ('rock');
INSERT INTO photo_tags (photo_idx, tag_id) VALUES ((SELECT photo_idx FROM photos WHERE photo_id = 1424), (SELECT tag_id FROM tags WHERE name = 'rock'));
INSERT OR IGNORE INTO tags (name) VALUES ('sandstone');
INSERT INTO photo_tags (photo_idx, tag_id) VALUES ((SELECT photo_idx FROM photos WHERE photo_id = 1424), (SELECT tag_id FROM tags WHERE name = 'sandstone'));

INSERT INTO photos (photo_id, photo_title, photo_collection, photo_location, photo_year, camera, film_stock, film_format) VALUES (1425, 'Desert Varnish at Cow Canyon', 'Southwest', 'Cow Canyon, Utah', 1999, 'Hasselblad', 'Fujichrome Velvia', '6 x 6 cm');
INSERT INTO photos_fts (photo_idx, photo_id, photo_title, photo_collection, photo_location, photo_year, camera, film_stock, film_format, tag_names) VALUES ((SELECT photo_idx FROM photos WHERE photo_id = 1425), 1425, 'Desert Varnish at Cow Canyon', 'Southwest', 'Cow Canyon, Utah', 1999, 'Hasselblad', 'Fujichrome Velvia', '6 x 6 cm', 'vertical,scenic,landscape,color,outdoors,purple,red,rock,sandstone');
INSERT OR IGNORE INTO tags (name) VALUES ('vertical');
INSERT INTO photo_tags (photo_idx, tag_id) VALUES ((SELECT photo_idx FROM photos WHERE photo_id = 1425), (SELECT tag_id FROM tags WHERE name = 'vertical'));
INSERT OR IGNORE INTO tags (name) VALUES ('scenic');
INSERT INTO photo_tags (photo_idx, tag_id) VALUES ((SELECT photo_idx FROM photos WHERE photo_id = 1425), (SELECT tag_id FROM tags WHERE name = 'scenic'));
INSERT OR IGNORE INTO tags (name) VALUES ('landscape');
INSERT INTO photo_tags (photo_idx, tag_id) VALUES ((SELECT photo_idx FROM photos WHERE photo_id = 1425), (SELECT tag_id FROM tags WHERE name = 'landscape'));
INSERT OR IGNORE INTO tags (name) VALUES ('color');
INSERT INTO photo_tags (photo_idx, tag_id) VALUES ((SELECT photo_idx FROM photos WHERE photo_id = 1425), (SELECT tag_id FROM tags WHERE name = 'color'));
INSERT OR IGNORE INTO tags (name) VALUES ('outdoors');
INSERT INTO photo_tags (photo_idx, tag_id) VALUES ((SELECT photo_idx FROM photos WHERE photo_id = 1425), (SELECT tag_id FROM tags WHERE name = 'outdoors'));
INSERT OR IGNORE INTO tags (name) VALUES ('purple');
INSERT INTO photo_tags (photo_idx, tag_id) VALUES ((SELECT photo_idx FROM photos WHERE photo_id = 1425), (SELECT tag_id FROM tags WHERE name = 'purple'));
INSERT OR IGNORE INTO tags (name) VALUES ('red');
INSERT INTO photo_tags (photo_idx, tag_id) VALUES ((SELECT photo_idx FROM photos WHERE photo_id = 1425), (SELECT tag_id FROM tags WHERE name = 'red'));
INSERT OR IGNORE INTO tags (name) VALUES ('rock');
INSERT INTO photo_tags (photo_idx, tag_id) VALUES ((SELECT photo_idx FROM photos WHERE photo_id = 1425), (SELECT tag_id FROM tags WHERE name = 'rock'));
INSERT OR IGNORE INTO tags (name) VALUES ('sandstone');
INSERT INTO photo_tags (photo_idx, tag_id) VALUES ((SELECT photo_idx FROM photos WHERE photo_id = 1425), (SELECT tag_id FROM tags WHERE name = 'sandstone'));

INSERT INTO photos (photo_id, photo_title, photo_collection, photo_location, photo_year, camera, film_stock, film_format) VALUES (1426, 'Curved and Shaped Sandstone Wall', 'Southwest', 'Paria Wilderness, Arizona', 1999, 'Hasselblad', 'Fujichrome Velvia', '6 x 6 cm');
INSERT INTO photos_fts (photo_idx, photo_id, photo_title, photo_collection, photo_location, photo_year, camera, film_stock, film_format, tag_names) VALUES ((SELECT photo_idx FROM photos WHERE photo_id = 1426), 1426, 'Curved and Shaped Sandstone Wall', 'Southwest', 'Paria Wilderness, Arizona', 1999, 'Hasselblad', 'Fujichrome Velvia', '6 x 6 cm', 'horizontal,scenic,landscape,color,outdoors,orange,red,tan,rock,sandstone');
INSERT OR IGNORE INTO tags (name) VALUES ('horizontal');
INSERT INTO photo_tags (photo_idx, tag_id) VALUES ((SELECT photo_idx FROM photos WHERE photo_id = 1426), (SELECT tag_id FROM tags WHERE name = 'horizontal'));
INSERT OR IGNORE INTO tags (name) VALUES ('scenic');
INSERT INTO photo_tags (photo_idx, tag_id) VALUES ((SELECT photo_idx FROM photos WHERE photo_id = 1426), (SELECT tag_id FROM tags WHERE name = 'scenic'));
INSERT OR IGNORE INTO tags (name) VALUES ('landscape');
INSERT INTO photo_tags (photo_idx, tag_id) VALUES ((SELECT photo_idx FROM photos WHERE photo_id = 1426), (SELECT tag_id FROM tags WHERE name = 'landscape'));
INSERT OR IGNORE INTO tags (name) VALUES ('color');
INSERT INTO photo_tags (photo_idx, tag_id) VALUES ((SELECT photo_idx FROM photos WHERE photo_id = 1426), (SELECT tag_id FROM tags WHERE name = 'color'));
INSERT OR IGNORE INTO tags (name) VALUES ('outdoors');
INSERT INTO photo_tags (photo_idx, tag_id) VALUES ((SELECT photo_idx FROM photos WHERE photo_id = 1426), (SELECT tag_id FROM tags WHERE name = 'outdoors'));
INSERT OR IGNORE INTO tags (name) VALUES ('orange');
INSERT INTO photo_tags (photo_idx, tag_id) VALUES ((SELECT photo_idx FROM photos WHERE photo_id = 1426), (SELECT tag_id FROM tags WHERE name = 'orange'));
INSERT OR IGNORE INTO tags (name) VALUES ('red');
INSERT INTO photo_tags (photo_idx, tag_id) VALUES ((SELECT photo_idx FROM photos WHERE photo_id = 1426), (SELECT tag_id FROM tags WHERE name = 'red'));
INSERT OR IGNORE INTO tags (name) VALUES ('tan');
INSERT INTO photo_tags (photo_idx, tag_id) VALUES ((SELECT photo_idx FROM photos WHERE photo_id = 1426), (SELECT tag_id FROM tags WHERE name = 'tan'));
INSERT OR IGNORE INTO tags (name) VALUES ('rock');
INSERT INTO photo_tags (photo_idx, tag_id) VALUES ((SELECT photo_idx FROM photos WHERE photo_id = 1426), (SELECT tag_id FROM tags WHERE name = 'rock'));
INSERT OR IGNORE INTO tags (name) VALUES ('sandstone');
INSERT INTO photo_tags (photo_idx, tag_id) VALUES ((SELECT photo_idx FROM photos WHERE photo_id = 1426), (SELECT tag_id FROM tags WHERE name = 'sandstone'));

INSERT INTO photos (photo_id, photo_title, photo_collection, photo_location, photo_year, camera, film_stock, film_format) VALUES (1427, 'Easter Lily Detail', 'Flower Portraits', 'Pescadero, California', 1999, 'Hasselblad', 'Fujichrome Velvia', '6 x 6 cm');
INSERT INTO photos_fts (photo_idx, photo_id, photo_title, photo_collection, photo_location, photo_year, camera, film_stock, film_format, tag_names) VALUES ((SELECT photo_idx FROM photos WHERE photo_id = 1427), 1427, 'Easter Lily Detail', 'Flower Portraits', 'Pescadero, California', 1999, 'Hasselblad', 'Fujichrome Velvia', '6 x 6 cm', 'horizontal,closeup,color,studio,white,yellow,flowers,lily');
INSERT OR IGNORE INTO tags (name) VALUES ('horizontal');
INSERT INTO photo_tags (photo_idx, tag_id) VALUES ((SELECT photo_idx FROM photos WHERE photo_id = 1427), (SELECT tag_id FROM tags WHERE name = 'horizontal'));
INSERT OR IGNORE INTO tags (name) VALUES ('closeup');
INSERT INTO photo_tags (photo_idx, tag_id) VALUES ((SELECT photo_idx FROM photos WHERE photo_id = 1427), (SELECT tag_id FROM tags WHERE name = 'closeup'));
INSERT OR IGNORE INTO tags (name) VALUES ('color');
INSERT INTO photo_tags (photo_idx, tag_id) VALUES ((SELECT photo_idx FROM photos WHERE photo_id = 1427), (SELECT tag_id FROM tags WHERE name = 'color'));
INSERT OR IGNORE INTO tags (name) VALUES ('studio');
INSERT INTO photo_tags (photo_idx, tag_id) VALUES ((SELECT photo_idx FROM photos WHERE photo_id = 1427), (SELECT tag_id FROM tags WHERE name = 'studio'));
INSERT OR IGNORE INTO tags (name) VALUES ('white');
INSERT INTO photo_tags (photo_idx, tag_id) VALUES ((SELECT photo_idx FROM photos WHERE photo_id = 1427), (SELECT tag_id FROM tags WHERE name = 'white'));
INSERT OR IGNORE INTO tags (name) VALUES ('yellow');
INSERT INTO photo_tags (photo_idx, tag_id) VALUES ((SELECT photo_idx FROM photos WHERE photo_id = 1427), (SELECT tag_id FROM tags WHERE name = 'yellow'));
INSERT OR IGNORE INTO tags (name) VALUES ('flowers');
INSERT INTO photo_tags (photo_idx, tag_id) VALUES ((SELECT photo_idx FROM photos WHERE photo_id = 1427), (SELECT tag_id FROM tags WHERE name = 'flowers'));
INSERT OR IGNORE INTO tags (name) VALUES ('lily');
INSERT INTO photo_tags (photo_idx, tag_id) VALUES ((SELECT photo_idx FROM photos WHERE photo_id = 1427), (SELECT tag_id FROM tags WHERE name = 'lily'));

INSERT INTO photos (photo_id, photo_title, photo_collection, photo_location, photo_year, camera, film_stock, film_format) VALUES (1429, 'Oriental Lily Fan', 'Flower Portraits', 'Pescadero, California', 1999, 'Hasselblad', 'Fujichrome Velvia', '6 x 6 cm');
INSERT INTO photos_fts (photo_idx, photo_id, photo_title, photo_collection, photo_location, photo_year, camera, film_stock, film_format, tag_names) VALUES ((SELECT photo_idx FROM photos WHERE photo_id = 1429), 1429, 'Oriental Lily Fan', 'Flower Portraits', 'Pescadero, California', 1999, 'Hasselblad', 'Fujichrome Velvia', '6 x 6 cm', 'horizontal,closeup,color,studio,orange,pink,red,yellow,flowers,lily');
INSERT OR IGNORE INTO tags (name) VALUES ('horizontal');
INSERT INTO photo_tags (photo_idx, tag_id) VALUES ((SELECT photo_idx FROM photos WHERE photo_id = 1429), (SELECT tag_id FROM tags WHERE name = 'horizontal'));
INSERT OR IGNORE INTO tags (name) VALUES ('closeup');
INSERT INTO photo_tags (photo_idx, tag_id) VALUES ((SELECT photo_idx FROM photos WHERE photo_id = 1429), (SELECT tag_id FROM tags WHERE name = 'closeup'));
INSERT OR IGNORE INTO tags (name) VALUES ('color');
INSERT INTO photo_tags (photo_idx, tag_id) VALUES ((SELECT photo_idx FROM photos WHERE photo_id = 1429), (SELECT tag_id FROM tags WHERE name = 'color'));
INSERT OR IGNORE INTO tags (name) VALUES ('studio');
INSERT INTO photo_tags (photo_idx, tag_id) VALUES ((SELECT photo_idx FROM photos WHERE photo_id = 1429), (SELECT tag_id FROM tags WHERE name = 'studio'));
INSERT OR IGNORE INTO tags (name) VALUES ('orange');
INSERT INTO photo_tags (photo_idx, tag_id) VALUES ((SELECT photo_idx FROM photos WHERE photo_id = 1429), (SELECT tag_id FROM tags WHERE name = 'orange'));
INSERT OR IGNORE INTO tags (name) VALUES ('pink');
INSERT INTO photo_tags (photo_idx, tag_id) VALUES ((SELECT photo_idx FROM photos WHERE photo_id = 1429), (SELECT tag_id FROM tags WHERE name = 'pink'));
INSERT OR IGNORE INTO tags (name) VALUES ('red');
INSERT INTO photo_tags (photo_idx, tag_id) VALUES ((SELECT photo_idx FROM photos WHERE photo_id = 1429), (SELECT tag_id FROM tags WHERE name = 'red'));
INSERT OR IGNORE INTO tags (name) VALUES ('yellow');
INSERT INTO photo_tags (photo_idx, tag_id) VALUES ((SELECT photo_idx FROM photos WHERE photo_id = 1429), (SELECT tag_id FROM tags WHERE name = 'yellow'));
INSERT OR IGNORE INTO tags (name) VALUES ('flowers');
INSERT INTO photo_tags (photo_idx, tag_id) VALUES ((SELECT photo_idx FROM photos WHERE photo_id = 1429), (SELECT tag_id FROM tags WHERE name = 'flowers'));
INSERT OR IGNORE INTO tags (name) VALUES ('lily');
INSERT INTO photo_tags (photo_idx, tag_id) VALUES ((SELECT photo_idx FROM photos WHERE photo_id = 1429), (SELECT tag_id FROM tags WHERE name = 'lily'));

INSERT INTO photos (photo_id, photo_title, photo_collection, photo_location, photo_year, camera, film_stock, film_format) VALUES (1431, 'Easter Lily', 'Flower Portraits', 'Pescadero, California', 1999, 'Hasselblad', 'Fujichrome Velvia', '6 x 6 cm');
INSERT INTO photos_fts (photo_idx, photo_id, photo_title, photo_collection, photo_location, photo_year, camera, film_stock, film_format, tag_names) VALUES ((SELECT photo_idx FROM photos WHERE photo_id = 1431), 1431, 'Easter Lily', 'Flower Portraits', 'Pescadero, California', 1999, 'Hasselblad', 'Fujichrome Velvia', '6 x 6 cm', 'vertical,closeup,color,studio,black,white,yellow,flowers,lily');
INSERT OR IGNORE INTO tags (name) VALUES ('vertical');
INSERT INTO photo_tags (photo_idx, tag_id) VALUES ((SELECT photo_idx FROM photos WHERE photo_id = 1431), (SELECT tag_id FROM tags WHERE name = 'vertical'));
INSERT OR IGNORE INTO tags (name) VALUES ('closeup');
INSERT INTO photo_tags (photo_idx, tag_id) VALUES ((SELECT photo_idx FROM photos WHERE photo_id = 1431), (SELECT tag_id FROM tags WHERE name = 'closeup'));
INSERT OR IGNORE INTO tags (name) VALUES ('color');
INSERT INTO photo_tags (photo_idx, tag_id) VALUES ((SELECT photo_idx FROM photos WHERE photo_id = 1431), (SELECT tag_id FROM tags WHERE name = 'color'));
INSERT OR IGNORE INTO tags (name) VALUES ('studio');
INSERT INTO photo_tags (photo_idx, tag_id) VALUES ((SELECT photo_idx FROM photos WHERE photo_id = 1431), (SELECT tag_id FROM tags WHERE name = 'studio'));
INSERT OR IGNORE INTO tags (name) VALUES ('black');
INSERT INTO photo_tags (photo_idx, tag_id) VALUES ((SELECT photo_idx FROM photos WHERE photo_id = 1431), (SELECT tag_id FROM tags WHERE name = 'black'));
INSERT OR IGNORE INTO tags (name) VALUES ('white');
INSERT INTO photo_tags (photo_idx, tag_id) VALUES ((SELECT photo_idx FROM photos WHERE photo_id = 1431), (SELECT tag_id FROM tags WHERE name = 'white'));
INSERT OR IGNORE INTO tags (name) VALUES ('yellow');
INSERT INTO photo_tags (photo_idx, tag_id) VALUES ((SELECT photo_idx FROM photos WHERE photo_id = 1431), (SELECT tag_id FROM tags WHERE name = 'yellow'));
INSERT OR IGNORE INTO tags (name) VALUES ('flowers');
INSERT INTO photo_tags (photo_idx, tag_id) VALUES ((SELECT photo_idx FROM photos WHERE photo_id = 1431), (SELECT tag_id FROM tags WHERE name = 'flowers'));
INSERT OR IGNORE INTO tags (name) VALUES ('lily');
INSERT INTO photo_tags (photo_idx, tag_id) VALUES ((SELECT photo_idx FROM photos WHERE photo_id = 1431), (SELECT tag_id FROM tags WHERE name = 'lily'));

INSERT INTO photos (photo_id, photo_title, photo_collection, photo_location, photo_year, camera, film_stock, film_format) VALUES (1433, 'Red Gerber', 'Flower Portraits', 'Pescadero, California', 1999, 'Hasselblad', 'Fujichrome Velvia', '6 x 6 cm');
INSERT INTO photos_fts (photo_idx, photo_id, photo_title, photo_collection, photo_location, photo_year, camera, film_stock, film_format, tag_names) VALUES ((SELECT photo_idx FROM photos WHERE photo_id = 1433), 1433, 'Red Gerber', 'Flower Portraits', 'Pescadero, California', 1999, 'Hasselblad', 'Fujichrome Velvia', '6 x 6 cm', 'vertical,closeup,color,studio,black,red,flowers');
INSERT OR IGNORE INTO tags (name) VALUES ('vertical');
INSERT INTO photo_tags (photo_idx, tag_id) VALUES ((SELECT photo_idx FROM photos WHERE photo_id = 1433), (SELECT tag_id FROM tags WHERE name = 'vertical'));
INSERT OR IGNORE INTO tags (name) VALUES ('closeup');
INSERT INTO photo_tags (photo_idx, tag_id) VALUES ((SELECT photo_idx FROM photos WHERE photo_id = 1433), (SELECT tag_id FROM tags WHERE name = 'closeup'));
INSERT OR IGNORE INTO tags (name) VALUES ('color');
INSERT INTO photo_tags (photo_idx, tag_id) VALUES ((SELECT photo_idx FROM photos WHERE photo_id = 1433), (SELECT tag_id FROM tags WHERE name = 'color'));
INSERT OR IGNORE INTO tags (name) VALUES ('studio');
INSERT INTO photo_tags (photo_idx, tag_id) VALUES ((SELECT photo_idx FROM photos WHERE photo_id = 1433), (SELECT tag_id FROM tags WHERE name = 'studio'));
INSERT OR IGNORE INTO tags (name) VALUES ('black');
INSERT INTO photo_tags (photo_idx, tag_id) VALUES ((SELECT photo_idx FROM photos WHERE photo_id = 1433), (SELECT tag_id FROM tags WHERE name = 'black'));
INSERT OR IGNORE INTO tags (name) VALUES ('red');
INSERT INTO photo_tags (photo_idx, tag_id) VALUES ((SELECT photo_idx FROM photos WHERE photo_id = 1433), (SELECT tag_id FROM tags WHERE name = 'red'));
INSERT OR IGNORE INTO tags (name) VALUES ('flowers');
INSERT INTO photo_tags (photo_idx, tag_id) VALUES ((SELECT photo_idx FROM photos WHERE photo_id = 1433), (SELECT tag_id FROM tags WHERE name = 'flowers'));

INSERT INTO photos (photo_id, photo_title, photo_collection, photo_location, photo_year, camera, film_stock, film_format) VALUES (1434, 'Full Yellow Rose', 'Flower Portraits', 'Pescadero, California', 1999, 'Hasselblad', 'Fujichrome Velvia', '6 x 6 cm');
INSERT INTO photos_fts (photo_idx, photo_id, photo_title, photo_collection, photo_location, photo_year, camera, film_stock, film_format, tag_names) VALUES ((SELECT photo_idx FROM photos WHERE photo_id = 1434), 1434, 'Full Yellow Rose', 'Flower Portraits', 'Pescadero, California', 1999, 'Hasselblad', 'Fujichrome Velvia', '6 x 6 cm', 'vertical,popular,closeup,color,studio,black,yellow,flowers,rose');
INSERT OR IGNORE INTO tags (name) VALUES ('vertical');
INSERT INTO photo_tags (photo_idx, tag_id) VALUES ((SELECT photo_idx FROM photos WHERE photo_id = 1434), (SELECT tag_id FROM tags WHERE name = 'vertical'));
INSERT OR IGNORE INTO tags (name) VALUES ('popular');
INSERT INTO photo_tags (photo_idx, tag_id) VALUES ((SELECT photo_idx FROM photos WHERE photo_id = 1434), (SELECT tag_id FROM tags WHERE name = 'popular'));
INSERT OR IGNORE INTO tags (name) VALUES ('closeup');
INSERT INTO photo_tags (photo_idx, tag_id) VALUES ((SELECT photo_idx FROM photos WHERE photo_id = 1434), (SELECT tag_id FROM tags WHERE name = 'closeup'));
INSERT OR IGNORE INTO tags (name) VALUES ('color');
INSERT INTO photo_tags (photo_idx, tag_id) VALUES ((SELECT photo_idx FROM photos WHERE photo_id = 1434), (SELECT tag_id FROM tags WHERE name = 'color'));
INSERT OR IGNORE INTO tags (name) VALUES ('studio');
INSERT INTO photo_tags (photo_idx, tag_id) VALUES ((SELECT photo_idx FROM photos WHERE photo_id = 1434), (SELECT tag_id FROM tags WHERE name = 'studio'));
INSERT OR IGNORE INTO tags (name) VALUES ('black');
INSERT INTO photo_tags (photo_idx, tag_id) VALUES ((SELECT photo_idx FROM photos WHERE photo_id = 1434), (SELECT tag_id FROM tags WHERE name = 'black'));
INSERT OR IGNORE INTO tags (name) VALUES ('yellow');
INSERT INTO photo_tags (photo_idx, tag_id) VALUES ((SELECT photo_idx FROM photos WHERE photo_id = 1434), (SELECT tag_id FROM tags WHERE name = 'yellow'));
INSERT OR IGNORE INTO tags (name) VALUES ('flowers');
INSERT INTO photo_tags (photo_idx, tag_id) VALUES ((SELECT photo_idx FROM photos WHERE photo_id = 1434), (SELECT tag_id FROM tags WHERE name = 'flowers'));
INSERT OR IGNORE INTO tags (name) VALUES ('rose');
INSERT INTO photo_tags (photo_idx, tag_id) VALUES ((SELECT photo_idx FROM photos WHERE photo_id = 1434), (SELECT tag_id FROM tags WHERE name = 'rose'));

INSERT INTO photos (photo_id, photo_title, photo_collection, photo_location, photo_year, camera, film_stock, film_format) VALUES (1435, 'Open Faced Red Rose', 'Flower Portraits', 'Pescadero, California', 1999, 'Hasselblad', 'Fujichrome Velvia', '6 x 6 cm');
INSERT INTO photos_fts (photo_idx, photo_id, photo_title, photo_collection, photo_location, photo_year, camera, film_stock, film_format, tag_names) VALUES ((SELECT photo_idx FROM photos WHERE photo_id = 1435), 1435, 'Open Faced Red Rose', 'Flower Portraits', 'Pescadero, California', 1999, 'Hasselblad', 'Fujichrome Velvia', '6 x 6 cm', 'vertical,popular,closeup,color,studio,black,red,flowers,rose');
INSERT OR IGNORE INTO tags (name) VALUES ('vertical');
INSERT INTO photo_tags (photo_idx, tag_id) VALUES ((SELECT photo_idx FROM photos WHERE photo_id = 1435), (SELECT tag_id FROM tags WHERE name = 'vertical'));
INSERT OR IGNORE INTO tags (name) VALUES ('popular');
INSERT INTO photo_tags (photo_idx, tag_id) VALUES ((SELECT photo_idx FROM photos WHERE photo_id = 1435), (SELECT tag_id FROM tags WHERE name = 'popular'));
INSERT OR IGNORE INTO tags (name) VALUES ('closeup');
INSERT INTO photo_tags (photo_idx, tag_id) VALUES ((SELECT photo_idx FROM photos WHERE photo_id = 1435), (SELECT tag_id FROM tags WHERE name = 'closeup'));
INSERT OR IGNORE INTO tags (name) VALUES ('color');
INSERT INTO photo_tags (photo_idx, tag_id) VALUES ((SELECT photo_idx FROM photos WHERE photo_id = 1435), (SELECT tag_id FROM tags WHERE name = 'color'));
INSERT OR IGNORE INTO tags (name) VALUES ('studio');
INSERT INTO photo_tags (photo_idx, tag_id) VALUES ((SELECT photo_idx FROM photos WHERE photo_id = 1435), (SELECT tag_id FROM tags WHERE name = 'studio'));
INSERT OR IGNORE INTO tags (name) VALUES ('black');
INSERT INTO photo_tags (photo_idx, tag_id) VALUES ((SELECT photo_idx FROM photos WHERE photo_id = 1435), (SELECT tag_id FROM tags WHERE name = 'black'));
INSERT OR IGNORE INTO tags (name) VALUES ('red');
INSERT INTO photo_tags (photo_idx, tag_id) VALUES ((SELECT photo_idx FROM photos WHERE photo_id = 1435), (SELECT tag_id FROM tags WHERE name = 'red'));
INSERT OR IGNORE INTO tags (name) VALUES ('flowers');
INSERT INTO photo_tags (photo_idx, tag_id) VALUES ((SELECT photo_idx FROM photos WHERE photo_id = 1435), (SELECT tag_id FROM tags WHERE name = 'flowers'));
INSERT OR IGNORE INTO tags (name) VALUES ('rose');
INSERT INTO photo_tags (photo_idx, tag_id) VALUES ((SELECT photo_idx FROM photos WHERE photo_id = 1435), (SELECT tag_id FROM tags WHERE name = 'rose'));

INSERT INTO photos (photo_id, photo_title, photo_collection, photo_location, photo_year, camera, film_stock, film_format) VALUES (1436, 'Red Rose with Yellow Center', 'Flower Portraits', 'Pescadero, California', 1999, 'Hasselblad', 'Fujichrome Velvia', '6 x 6 cm');
INSERT INTO photos_fts (photo_idx, photo_id, photo_title, photo_collection, photo_location, photo_year, camera, film_stock, film_format, tag_names) VALUES ((SELECT photo_idx FROM photos WHERE photo_id = 1436), 1436, 'Red Rose with Yellow Center', 'Flower Portraits', 'Pescadero, California', 1999, 'Hasselblad', 'Fujichrome Velvia', '6 x 6 cm', 'vertical,closeup,color,studio,black,red,yellow,flowers,rose');
INSERT OR IGNORE INTO tags (name) VALUES ('vertical');
INSERT INTO photo_tags (photo_idx, tag_id) VALUES ((SELECT photo_idx FROM photos WHERE photo_id = 1436), (SELECT tag_id FROM tags WHERE name = 'vertical'));
INSERT OR IGNORE INTO tags (name) VALUES ('closeup');
INSERT INTO photo_tags (photo_idx, tag_id) VALUES ((SELECT photo_idx FROM photos WHERE photo_id = 1436), (SELECT tag_id FROM tags WHERE name = 'closeup'));
INSERT OR IGNORE INTO tags (name) VALUES ('color');
INSERT INTO photo_tags (photo_idx, tag_id) VALUES ((SELECT photo_idx FROM photos WHERE photo_id = 1436), (SELECT tag_id FROM tags WHERE name = 'color'));
INSERT OR IGNORE INTO tags (name) VALUES ('studio');
INSERT INTO photo_tags (photo_idx, tag_id) VALUES ((SELECT photo_idx FROM photos WHERE photo_id = 1436), (SELECT tag_id FROM tags WHERE name = 'studio'));
INSERT OR IGNORE INTO tags (name) VALUES ('black');
INSERT INTO photo_tags (photo_idx, tag_id) VALUES ((SELECT photo_idx FROM photos WHERE photo_id = 1436), (SELECT tag_id FROM tags WHERE name = 'black'));
INSERT OR IGNORE INTO tags (name) VALUES ('red');
INSERT INTO photo_tags (photo_idx, tag_id) VALUES ((SELECT photo_idx FROM photos WHERE photo_id = 1436), (SELECT tag_id FROM tags WHERE name = 'red'));
INSERT OR IGNORE INTO tags (name) VALUES ('yellow');
INSERT INTO photo_tags (photo_idx, tag_id) VALUES ((SELECT photo_idx FROM photos WHERE photo_id = 1436), (SELECT tag_id FROM tags WHERE name = 'yellow'));
INSERT OR IGNORE INTO tags (name) VALUES ('flowers');
INSERT INTO photo_tags (photo_idx, tag_id) VALUES ((SELECT photo_idx FROM photos WHERE photo_id = 1436), (SELECT tag_id FROM tags WHERE name = 'flowers'));
INSERT OR IGNORE INTO tags (name) VALUES ('rose');
INSERT INTO photo_tags (photo_idx, tag_id) VALUES ((SELECT photo_idx FROM photos WHERE photo_id = 1436), (SELECT tag_id FROM tags WHERE name = 'rose'));

INSERT INTO photos (photo_id, photo_title, photo_collection, photo_location, photo_year, camera, film_stock, film_format) VALUES (1438, 'Full Pink Rose', 'Flower Portraits', 'Pescadero, California', 1999, 'Hasselblad', 'Fujichrome Velvia', '6 x 6 cm');
INSERT INTO photos_fts (photo_idx, photo_id, photo_title, photo_collection, photo_location, photo_year, camera, film_stock, film_format, tag_names) VALUES ((SELECT photo_idx FROM photos WHERE photo_id = 1438), 1438, 'Full Pink Rose', 'Flower Portraits', 'Pescadero, California', 1999, 'Hasselblad', 'Fujichrome Velvia', '6 x 6 cm', 'horizontal,popular,closeup,color,studio,black,pink,flowers,rose');
INSERT OR IGNORE INTO tags (name) VALUES ('horizontal');
INSERT INTO photo_tags (photo_idx, tag_id) VALUES ((SELECT photo_idx FROM photos WHERE photo_id = 1438), (SELECT tag_id FROM tags WHERE name = 'horizontal'));
INSERT OR IGNORE INTO tags (name) VALUES ('popular');
INSERT INTO photo_tags (photo_idx, tag_id) VALUES ((SELECT photo_idx FROM photos WHERE photo_id = 1438), (SELECT tag_id FROM tags WHERE name = 'popular'));
INSERT OR IGNORE INTO tags (name) VALUES ('closeup');
INSERT INTO photo_tags (photo_idx, tag_id) VALUES ((SELECT photo_idx FROM photos WHERE photo_id = 1438), (SELECT tag_id FROM tags WHERE name = 'closeup'));
INSERT OR IGNORE INTO tags (name) VALUES ('color');
INSERT INTO photo_tags (photo_idx, tag_id) VALUES ((SELECT photo_idx FROM photos WHERE photo_id = 1438), (SELECT tag_id FROM tags WHERE name = 'color'));
INSERT OR IGNORE INTO tags (name) VALUES ('studio');
INSERT INTO photo_tags (photo_idx, tag_id) VALUES ((SELECT photo_idx FROM photos WHERE photo_id = 1438), (SELECT tag_id FROM tags WHERE name = 'studio'));
INSERT OR IGNORE INTO tags (name) VALUES ('black');
INSERT INTO photo_tags (photo_idx, tag_id) VALUES ((SELECT photo_idx FROM photos WHERE photo_id = 1438), (SELECT tag_id FROM tags WHERE name = 'black'));
INSERT OR IGNORE INTO tags (name) VALUES ('pink');
INSERT INTO photo_tags (photo_idx, tag_id) VALUES ((SELECT photo_idx FROM photos WHERE photo_id = 1438), (SELECT tag_id FROM tags WHERE name = 'pink'));
INSERT OR IGNORE INTO tags (name) VALUES ('flowers');
INSERT INTO photo_tags (photo_idx, tag_id) VALUES ((SELECT photo_idx FROM photos WHERE photo_id = 1438), (SELECT tag_id FROM tags WHERE name = 'flowers'));
INSERT OR IGNORE INTO tags (name) VALUES ('rose');
INSERT INTO photo_tags (photo_idx, tag_id) VALUES ((SELECT photo_idx FROM photos WHERE photo_id = 1438), (SELECT tag_id FROM tags WHERE name = 'rose'));

INSERT INTO photos (photo_id, photo_title, photo_collection, photo_location, photo_year, camera, film_stock, film_format) VALUES (1442, 'Chambers of the Nautilus', 'California', 'Portola Valley, California', 1999, 'Hasselblad', 'Fujichrome Velvia', '6 x 6 cm');
INSERT INTO photos_fts (photo_idx, photo_id, photo_title, photo_collection, photo_location, photo_year, camera, film_stock, film_format, tag_names) VALUES ((SELECT photo_idx FROM photos WHERE photo_id = 1442), 1442, 'Chambers of the Nautilus', 'California', 'Portola Valley, California', 1999, 'Hasselblad', 'Fujichrome Velvia', '6 x 6 cm', 'vertical,popular,closeup,color,studio,black,pink,tan,white,shell');
INSERT OR IGNORE INTO tags (name) VALUES ('vertical');
INSERT INTO photo_tags (photo_idx, tag_id) VALUES ((SELECT photo_idx FROM photos WHERE photo_id = 1442), (SELECT tag_id FROM tags WHERE name = 'vertical'));
INSERT OR IGNORE INTO tags (name) VALUES ('popular');
INSERT INTO photo_tags (photo_idx, tag_id) VALUES ((SELECT photo_idx FROM photos WHERE photo_id = 1442), (SELECT tag_id FROM tags WHERE name = 'popular'));
INSERT OR IGNORE INTO tags (name) VALUES ('closeup');
INSERT INTO photo_tags (photo_idx, tag_id) VALUES ((SELECT photo_idx FROM photos WHERE photo_id = 1442), (SELECT tag_id FROM tags WHERE name = 'closeup'));
INSERT OR IGNORE INTO tags (name) VALUES ('color');
INSERT INTO photo_tags (photo_idx, tag_id) VALUES ((SELECT photo_idx FROM photos WHERE photo_id = 1442), (SELECT tag_id FROM tags WHERE name = 'color'));
INSERT OR IGNORE INTO tags (name) VALUES ('studio');
INSERT INTO photo_tags (photo_idx, tag_id) VALUES ((SELECT photo_idx FROM photos WHERE photo_id = 1442), (SELECT tag_id FROM tags WHERE name = 'studio'));
INSERT OR IGNORE INTO tags (name) VALUES ('black');
INSERT INTO photo_tags (photo_idx, tag_id) VALUES ((SELECT photo_idx FROM photos WHERE photo_id = 1442), (SELECT tag_id FROM tags WHERE name = 'black'));
INSERT OR IGNORE INTO tags (name) VALUES ('pink');
INSERT INTO photo_tags (photo_idx, tag_id) VALUES ((SELECT photo_idx FROM photos WHERE photo_id = 1442), (SELECT tag_id FROM tags WHERE name = 'pink'));
INSERT OR IGNORE INTO tags (name) VALUES ('tan');
INSERT INTO photo_tags (photo_idx, tag_id) VALUES ((SELECT photo_idx FROM photos WHERE photo_id = 1442), (SELECT tag_id FROM tags WHERE name = 'tan'));
INSERT OR IGNORE INTO tags (name) VALUES ('white');
INSERT INTO photo_tags (photo_idx, tag_id) VALUES ((SELECT photo_idx FROM photos WHERE photo_id = 1442), (SELECT tag_id FROM tags WHERE name = 'white'));
INSERT OR IGNORE INTO tags (name) VALUES ('shell');
INSERT INTO photo_tags (photo_idx, tag_id) VALUES ((SELECT photo_idx FROM photos WHERE photo_id = 1442), (SELECT tag_id FROM tags WHERE name = 'shell'));

INSERT INTO photos (photo_id, photo_title, photo_collection, photo_location, photo_year, camera, film_stock, film_format) VALUES (1443, 'Petrified Wood', 'Rocks', 'Near Petrified Forest National Park, Arizona', 1999, 'Hasselblad', 'Fujichrome Velvia', '6 x 6 cm');
INSERT INTO photos_fts (photo_idx, photo_id, photo_title, photo_collection, photo_location, photo_year, camera, film_stock, film_format, tag_names) VALUES ((SELECT photo_idx FROM photos WHERE photo_id = 1443), 1443, 'Petrified Wood', 'Rocks', 'Near Petrified Forest National Park, Arizona', 1999, 'Hasselblad', 'Fujichrome Velvia', '6 x 6 cm', 'horizontal,closeup,abstract,color,studio,black,blue,gray,pink,rock');
INSERT OR IGNORE INTO tags (name) VALUES ('horizontal');
INSERT INTO photo_tags (photo_idx, tag_id) VALUES ((SELECT photo_idx FROM photos WHERE photo_id = 1443), (SELECT tag_id FROM tags WHERE name = 'horizontal'));
INSERT OR IGNORE INTO tags (name) VALUES ('closeup');
INSERT INTO photo_tags (photo_idx, tag_id) VALUES ((SELECT photo_idx FROM photos WHERE photo_id = 1443), (SELECT tag_id FROM tags WHERE name = 'closeup'));
INSERT OR IGNORE INTO tags (name) VALUES ('abstract');
INSERT INTO photo_tags (photo_idx, tag_id) VALUES ((SELECT photo_idx FROM photos WHERE photo_id = 1443), (SELECT tag_id FROM tags WHERE name = 'abstract'));
INSERT OR IGNORE INTO tags (name) VALUES ('color');
INSERT INTO photo_tags (photo_idx, tag_id) VALUES ((SELECT photo_idx FROM photos WHERE photo_id = 1443), (SELECT tag_id FROM tags WHERE name = 'color'));
INSERT OR IGNORE INTO tags (name) VALUES ('studio');
INSERT INTO photo_tags (photo_idx, tag_id) VALUES ((SELECT photo_idx FROM photos WHERE photo_id = 1443), (SELECT tag_id FROM tags WHERE name = 'studio'));
INSERT OR IGNORE INTO tags (name) VALUES ('black');
INSERT INTO photo_tags (photo_idx, tag_id) VALUES ((SELECT photo_idx FROM photos WHERE photo_id = 1443), (SELECT tag_id FROM tags WHERE name = 'black'));
INSERT OR IGNORE INTO tags (name) VALUES ('blue');
INSERT INTO photo_tags (photo_idx, tag_id) VALUES ((SELECT photo_idx FROM photos WHERE photo_id = 1443), (SELECT tag_id FROM tags WHERE name = 'blue'));
INSERT OR IGNORE INTO tags (name) VALUES ('gray');
INSERT INTO photo_tags (photo_idx, tag_id) VALUES ((SELECT photo_idx FROM photos WHERE photo_id = 1443), (SELECT tag_id FROM tags WHERE name = 'gray'));
INSERT OR IGNORE INTO tags (name) VALUES ('pink');
INSERT INTO photo_tags (photo_idx, tag_id) VALUES ((SELECT photo_idx FROM photos WHERE photo_id = 1443), (SELECT tag_id FROM tags WHERE name = 'pink'));
INSERT OR IGNORE INTO tags (name) VALUES ('rock');
INSERT INTO photo_tags (photo_idx, tag_id) VALUES ((SELECT photo_idx FROM photos WHERE photo_id = 1443), (SELECT tag_id FROM tags WHERE name = 'rock'));

INSERT INTO photos (photo_id, photo_title, photo_collection, photo_location, photo_year, camera, film_stock, film_format) VALUES (1444, 'Petrified Wood', 'Rocks', 'Near Petrified Forest National Park, Arizona', 1999, 'Hasselblad', 'Fujichrome Velvia', '6 x 6 cm');
INSERT INTO photos_fts (photo_idx, photo_id, photo_title, photo_collection, photo_location, photo_year, camera, film_stock, film_format, tag_names) VALUES ((SELECT photo_idx FROM photos WHERE photo_id = 1444), 1444, 'Petrified Wood', 'Rocks', 'Near Petrified Forest National Park, Arizona', 1999, 'Hasselblad', 'Fujichrome Velvia', '6 x 6 cm', 'horizontal,popular,closeup,abstract,color,studio,brown,orange,tan,rock');
INSERT OR IGNORE INTO tags (name) VALUES ('horizontal');
INSERT INTO photo_tags (photo_idx, tag_id) VALUES ((SELECT photo_idx FROM photos WHERE photo_id = 1444), (SELECT tag_id FROM tags WHERE name = 'horizontal'));
INSERT OR IGNORE INTO tags (name) VALUES ('popular');
INSERT INTO photo_tags (photo_idx, tag_id) VALUES ((SELECT photo_idx FROM photos WHERE photo_id = 1444), (SELECT tag_id FROM tags WHERE name = 'popular'));
INSERT OR IGNORE INTO tags (name) VALUES ('closeup');
INSERT INTO photo_tags (photo_idx, tag_id) VALUES ((SELECT photo_idx FROM photos WHERE photo_id = 1444), (SELECT tag_id FROM tags WHERE name = 'closeup'));
INSERT OR IGNORE INTO tags (name) VALUES ('abstract');
INSERT INTO photo_tags (photo_idx, tag_id) VALUES ((SELECT photo_idx FROM photos WHERE photo_id = 1444), (SELECT tag_id FROM tags WHERE name = 'abstract'));
INSERT OR IGNORE INTO tags (name) VALUES ('color');
INSERT INTO photo_tags (photo_idx, tag_id) VALUES ((SELECT photo_idx FROM photos WHERE photo_id = 1444), (SELECT tag_id FROM tags WHERE name = 'color'));
INSERT OR IGNORE INTO tags (name) VALUES ('studio');
INSERT INTO photo_tags (photo_idx, tag_id) VALUES ((SELECT photo_idx FROM photos WHERE photo_id = 1444), (SELECT tag_id FROM tags WHERE name = 'studio'));
INSERT OR IGNORE INTO tags (name) VALUES ('brown');
INSERT INTO photo_tags (photo_idx, tag_id) VALUES ((SELECT photo_idx FROM photos WHERE photo_id = 1444), (SELECT tag_id FROM tags WHERE name = 'brown'));
INSERT OR IGNORE INTO tags (name) VALUES ('orange');
INSERT INTO photo_tags (photo_idx, tag_id) VALUES ((SELECT photo_idx FROM photos WHERE photo_id = 1444), (SELECT tag_id FROM tags WHERE name = 'orange'));
INSERT OR IGNORE INTO tags (name) VALUES ('tan');
INSERT INTO photo_tags (photo_idx, tag_id) VALUES ((SELECT photo_idx FROM photos WHERE photo_id = 1444), (SELECT tag_id FROM tags WHERE name = 'tan'));
INSERT OR IGNORE INTO tags (name) VALUES ('rock');
INSERT INTO photo_tags (photo_idx, tag_id) VALUES ((SELECT photo_idx FROM photos WHERE photo_id = 1444), (SELECT tag_id FROM tags WHERE name = 'rock'));

INSERT INTO photos (photo_id, photo_title, photo_collection, photo_location, photo_year, camera, film_stock, film_format) VALUES (1445, 'Petrified Wood', 'Rocks', 'Near Petrified Forest National Park, Arizona', 1999, 'Hasselblad', 'Fujichrome Velvia', '6 x 6 cm');
INSERT INTO photos_fts (photo_idx, photo_id, photo_title, photo_collection, photo_location, photo_year, camera, film_stock, film_format, tag_names) VALUES ((SELECT photo_idx FROM photos WHERE photo_id = 1445), 1445, 'Petrified Wood', 'Rocks', 'Near Petrified Forest National Park, Arizona', 1999, 'Hasselblad', 'Fujichrome Velvia', '6 x 6 cm', 'horizontal,closeup,abstract,color,studio,red,yellow,rock');
INSERT OR IGNORE INTO tags (name) VALUES ('horizontal');
INSERT INTO photo_tags (photo_idx, tag_id) VALUES ((SELECT photo_idx FROM photos WHERE photo_id = 1445), (SELECT tag_id FROM tags WHERE name = 'horizontal'));
INSERT OR IGNORE INTO tags (name) VALUES ('closeup');
INSERT INTO photo_tags (photo_idx, tag_id) VALUES ((SELECT photo_idx FROM photos WHERE photo_id = 1445), (SELECT tag_id FROM tags WHERE name = 'closeup'));
INSERT OR IGNORE INTO tags (name) VALUES ('abstract');
INSERT INTO photo_tags (photo_idx, tag_id) VALUES ((SELECT photo_idx FROM photos WHERE photo_id = 1445), (SELECT tag_id FROM tags WHERE name = 'abstract'));
INSERT OR IGNORE INTO tags (name) VALUES ('color');
INSERT INTO photo_tags (photo_idx, tag_id) VALUES ((SELECT photo_idx FROM photos WHERE photo_id = 1445), (SELECT tag_id FROM tags WHERE name = 'color'));
INSERT OR IGNORE INTO tags (name) VALUES ('studio');
INSERT INTO photo_tags (photo_idx, tag_id) VALUES ((SELECT photo_idx FROM photos WHERE photo_id = 1445), (SELECT tag_id FROM tags WHERE name = 'studio'));
INSERT OR IGNORE INTO tags (name) VALUES ('red');
INSERT INTO photo_tags (photo_idx, tag_id) VALUES ((SELECT photo_idx FROM photos WHERE photo_id = 1445), (SELECT tag_id FROM tags WHERE name = 'red'));
INSERT OR IGNORE INTO tags (name) VALUES ('yellow');
INSERT INTO photo_tags (photo_idx, tag_id) VALUES ((SELECT photo_idx FROM photos WHERE photo_id = 1445), (SELECT tag_id FROM tags WHERE name = 'yellow'));
INSERT OR IGNORE INTO tags (name) VALUES ('rock');
INSERT INTO photo_tags (photo_idx, tag_id) VALUES ((SELECT photo_idx FROM photos WHERE photo_id = 1445), (SELECT tag_id FROM tags WHERE name = 'rock'));

INSERT INTO photos (photo_id, photo_title, photo_collection, photo_location, photo_year, camera, film_stock, film_format) VALUES (1446, 'Petrified Wood', 'Rocks', 'Near Petrified Forest National Park, Arizona', 1999, 'Hasselblad', 'Fujichrome Velvia', '6 x 6 cm');
INSERT INTO photos_fts (photo_idx, photo_id, photo_title, photo_collection, photo_location, photo_year, camera, film_stock, film_format, tag_names) VALUES ((SELECT photo_idx FROM photos WHERE photo_id = 1446), 1446, 'Petrified Wood', 'Rocks', 'Near Petrified Forest National Park, Arizona', 1999, 'Hasselblad', 'Fujichrome Velvia', '6 x 6 cm', 'horizontal,closeup,abstract,color,studio,blue,brown,rock');
INSERT OR IGNORE INTO tags (name) VALUES ('horizontal');
INSERT INTO photo_tags (photo_idx, tag_id) VALUES ((SELECT photo_idx FROM photos WHERE photo_id = 1446), (SELECT tag_id FROM tags WHERE name = 'horizontal'));
INSERT OR IGNORE INTO tags (name) VALUES ('closeup');
INSERT INTO photo_tags (photo_idx, tag_id) VALUES ((SELECT photo_idx FROM photos WHERE photo_id = 1446), (SELECT tag_id FROM tags WHERE name = 'closeup'));
INSERT OR IGNORE INTO tags (name) VALUES ('abstract');
INSERT INTO photo_tags (photo_idx, tag_id) VALUES ((SELECT photo_idx FROM photos WHERE photo_id = 1446), (SELECT tag_id FROM tags WHERE name = 'abstract'));
INSERT OR IGNORE INTO tags (name) VALUES ('color');
INSERT INTO photo_tags (photo_idx, tag_id) VALUES ((SELECT photo_idx FROM photos WHERE photo_id = 1446), (SELECT tag_id FROM tags WHERE name = 'color'));
INSERT OR IGNORE INTO tags (name) VALUES ('studio');
INSERT INTO photo_tags (photo_idx, tag_id) VALUES ((SELECT photo_idx FROM photos WHERE photo_id = 1446), (SELECT tag_id FROM tags WHERE name = 'studio'));
INSERT OR IGNORE INTO tags (name) VALUES ('blue');
INSERT INTO photo_tags (photo_idx, tag_id) VALUES ((SELECT photo_idx FROM photos WHERE photo_id = 1446), (SELECT tag_id FROM tags WHERE name = 'blue'));
INSERT OR IGNORE INTO tags (name) VALUES ('brown');
INSERT INTO photo_tags (photo_idx, tag_id) VALUES ((SELECT photo_idx FROM photos WHERE photo_id = 1446), (SELECT tag_id FROM tags WHERE name = 'brown'));
INSERT OR IGNORE INTO tags (name) VALUES ('rock');
INSERT INTO photo_tags (photo_idx, tag_id) VALUES ((SELECT photo_idx FROM photos WHERE photo_id = 1446), (SELECT tag_id FROM tags WHERE name = 'rock'));

INSERT INTO photos (photo_id, photo_title, photo_collection, photo_location, photo_year, camera, film_stock, film_format) VALUES (1447, 'Petrified Wood', 'Rocks', 'Near Petrified Forest National Park, Arizona', 1999, 'Hasselblad', 'Fujichrome Velvia', '6 x 6 cm');
INSERT INTO photos_fts (photo_idx, photo_id, photo_title, photo_collection, photo_location, photo_year, camera, film_stock, film_format, tag_names) VALUES ((SELECT photo_idx FROM photos WHERE photo_id = 1447), 1447, 'Petrified Wood', 'Rocks', 'Near Petrified Forest National Park, Arizona', 1999, 'Hasselblad', 'Fujichrome Velvia', '6 x 6 cm', 'horizontal,closeup,abstract,color,studio,gray,pink,rock');
INSERT OR IGNORE INTO tags (name) VALUES ('horizontal');
INSERT INTO photo_tags (photo_idx, tag_id) VALUES ((SELECT photo_idx FROM photos WHERE photo_id = 1447), (SELECT tag_id FROM tags WHERE name = 'horizontal'));
INSERT OR IGNORE INTO tags (name) VALUES ('closeup');
INSERT INTO photo_tags (photo_idx, tag_id) VALUES ((SELECT photo_idx FROM photos WHERE photo_id = 1447), (SELECT tag_id FROM tags WHERE name = 'closeup'));
INSERT OR IGNORE INTO tags (name) VALUES ('abstract');
INSERT INTO photo_tags (photo_idx, tag_id) VALUES ((SELECT photo_idx FROM photos WHERE photo_id = 1447), (SELECT tag_id FROM tags WHERE name = 'abstract'));
INSERT OR IGNORE INTO tags (name) VALUES ('color');
INSERT INTO photo_tags (photo_idx, tag_id) VALUES ((SELECT photo_idx FROM photos WHERE photo_id = 1447), (SELECT tag_id FROM tags WHERE name = 'color'));
INSERT OR IGNORE INTO tags (name) VALUES ('studio');
INSERT INTO photo_tags (photo_idx, tag_id) VALUES ((SELECT photo_idx FROM photos WHERE photo_id = 1447), (SELECT tag_id FROM tags WHERE name = 'studio'));
INSERT OR IGNORE INTO tags (name) VALUES ('gray');
INSERT INTO photo_tags (photo_idx, tag_id) VALUES ((SELECT photo_idx FROM photos WHERE photo_id = 1447), (SELECT tag_id FROM tags WHERE name = 'gray'));
INSERT OR IGNORE INTO tags (name) VALUES ('pink');
INSERT INTO photo_tags (photo_idx, tag_id) VALUES ((SELECT photo_idx FROM photos WHERE photo_id = 1447), (SELECT tag_id FROM tags WHERE name = 'pink'));
INSERT OR IGNORE INTO tags (name) VALUES ('rock');
INSERT INTO photo_tags (photo_idx, tag_id) VALUES ((SELECT photo_idx FROM photos WHERE photo_id = 1447), (SELECT tag_id FROM tags WHERE name = 'rock'));

INSERT INTO photos (photo_id, photo_title, photo_collection, photo_location, photo_year, camera, film_stock, film_format) VALUES (1448, 'Petrified Wood', 'Rocks', 'Near Petrified Forest National Park, Arizona', 1999, 'Hasselblad', 'Fujichrome Velvia', '6 x 6 cm');
INSERT INTO photos_fts (photo_idx, photo_id, photo_title, photo_collection, photo_location, photo_year, camera, film_stock, film_format, tag_names) VALUES ((SELECT photo_idx FROM photos WHERE photo_id = 1448), 1448, 'Petrified Wood', 'Rocks', 'Near Petrified Forest National Park, Arizona', 1999, 'Hasselblad', 'Fujichrome Velvia', '6 x 6 cm', 'vertical,closeup,abstract,color,studio,black,red,rock');
INSERT OR IGNORE INTO tags (name) VALUES ('vertical');
INSERT INTO photo_tags (photo_idx, tag_id) VALUES ((SELECT photo_idx FROM photos WHERE photo_id = 1448), (SELECT tag_id FROM tags WHERE name = 'vertical'));
INSERT OR IGNORE INTO tags (name) VALUES ('closeup');
INSERT INTO photo_tags (photo_idx, tag_id) VALUES ((SELECT photo_idx FROM photos WHERE photo_id = 1448), (SELECT tag_id FROM tags WHERE name = 'closeup'));
INSERT OR IGNORE INTO tags (name) VALUES ('abstract');
INSERT INTO photo_tags (photo_idx, tag_id) VALUES ((SELECT photo_idx FROM photos WHERE photo_id = 1448), (SELECT tag_id FROM tags WHERE name = 'abstract'));
INSERT OR IGNORE INTO tags (name) VALUES ('color');
INSERT INTO photo_tags (photo_idx, tag_id) VALUES ((SELECT photo_idx FROM photos WHERE photo_id = 1448), (SELECT tag_id FROM tags WHERE name = 'color'));
INSERT OR IGNORE INTO tags (name) VALUES ('studio');
INSERT INTO photo_tags (photo_idx, tag_id) VALUES ((SELECT photo_idx FROM photos WHERE photo_id = 1448), (SELECT tag_id FROM tags WHERE name = 'studio'));
INSERT OR IGNORE INTO tags (name) VALUES ('black');
INSERT INTO photo_tags (photo_idx, tag_id) VALUES ((SELECT photo_idx FROM photos WHERE photo_id = 1448), (SELECT tag_id FROM tags WHERE name = 'black'));
INSERT OR IGNORE INTO tags (name) VALUES ('red');
INSERT INTO photo_tags (photo_idx, tag_id) VALUES ((SELECT photo_idx FROM photos WHERE photo_id = 1448), (SELECT tag_id FROM tags WHERE name = 'red'));
INSERT OR IGNORE INTO tags (name) VALUES ('rock');
INSERT INTO photo_tags (photo_idx, tag_id) VALUES ((SELECT photo_idx FROM photos WHERE photo_id = 1448), (SELECT tag_id FROM tags WHERE name = 'rock'));

INSERT INTO photos (photo_id, photo_title, photo_collection, photo_location, photo_year, camera, film_stock, film_format) VALUES (1449, 'Petrified Wood', 'Rocks', 'Near Petrified Forest National Park, Arizona', 1999, 'Hasselblad', 'Fujichrome Velvia', '6 x 6 cm');
INSERT INTO photos_fts (photo_idx, photo_id, photo_title, photo_collection, photo_location, photo_year, camera, film_stock, film_format, tag_names) VALUES ((SELECT photo_idx FROM photos WHERE photo_id = 1449), 1449, 'Petrified Wood', 'Rocks', 'Near Petrified Forest National Park, Arizona', 1999, 'Hasselblad', 'Fujichrome Velvia', '6 x 6 cm', 'horizontal,closeup,abstract,color,studio,blue,green,yellow,rock');
INSERT OR IGNORE INTO tags (name) VALUES ('horizontal');
INSERT INTO photo_tags (photo_idx, tag_id) VALUES ((SELECT photo_idx FROM photos WHERE photo_id = 1449), (SELECT tag_id FROM tags WHERE name = 'horizontal'));
INSERT OR IGNORE INTO tags (name) VALUES ('closeup');
INSERT INTO photo_tags (photo_idx, tag_id) VALUES ((SELECT photo_idx FROM photos WHERE photo_id = 1449), (SELECT tag_id FROM tags WHERE name = 'closeup'));
INSERT OR IGNORE INTO tags (name) VALUES ('abstract');
INSERT INTO photo_tags (photo_idx, tag_id) VALUES ((SELECT photo_idx FROM photos WHERE photo_id = 1449), (SELECT tag_id FROM tags WHERE name = 'abstract'));
INSERT OR IGNORE INTO tags (name) VALUES ('color');
INSERT INTO photo_tags (photo_idx, tag_id) VALUES ((SELECT photo_idx FROM photos WHERE photo_id = 1449), (SELECT tag_id FROM tags WHERE name = 'color'));
INSERT OR IGNORE INTO tags (name) VALUES ('studio');
INSERT INTO photo_tags (photo_idx, tag_id) VALUES ((SELECT photo_idx FROM photos WHERE photo_id = 1449), (SELECT tag_id FROM tags WHERE name = 'studio'));
INSERT OR IGNORE INTO tags (name) VALUES ('blue');
INSERT INTO photo_tags (photo_idx, tag_id) VALUES ((SELECT photo_idx FROM photos WHERE photo_id = 1449), (SELECT tag_id FROM tags WHERE name = 'blue'));
INSERT OR IGNORE INTO tags (name) VALUES ('green');
INSERT INTO photo_tags (photo_idx, tag_id) VALUES ((SELECT photo_idx FROM photos WHERE photo_id = 1449), (SELECT tag_id FROM tags WHERE name = 'green'));
INSERT OR IGNORE INTO tags (name) VALUES ('yellow');
INSERT INTO photo_tags (photo_idx, tag_id) VALUES ((SELECT photo_idx FROM photos WHERE photo_id = 1449), (SELECT tag_id FROM tags WHERE name = 'yellow'));
INSERT OR IGNORE INTO tags (name) VALUES ('rock');
INSERT INTO photo_tags (photo_idx, tag_id) VALUES ((SELECT photo_idx FROM photos WHERE photo_id = 1449), (SELECT tag_id FROM tags WHERE name = 'rock'));

INSERT INTO photos (photo_id, photo_title, photo_collection, photo_location, photo_year, camera, film_stock, film_format) VALUES (1450, 'Petrified Wood', 'Rocks', 'Near Petrified Forest National Park, Arizona', 1999, 'Hasselblad', 'Fujichrome Velvia', '6 x 6 cm');
INSERT INTO photos_fts (photo_idx, photo_id, photo_title, photo_collection, photo_location, photo_year, camera, film_stock, film_format, tag_names) VALUES ((SELECT photo_idx FROM photos WHERE photo_id = 1450), 1450, 'Petrified Wood', 'Rocks', 'Near Petrified Forest National Park, Arizona', 1999, 'Hasselblad', 'Fujichrome Velvia', '6 x 6 cm', 'horizontal,closeup,abstract,color,studio,blue,rock');
INSERT OR IGNORE INTO tags (name) VALUES ('horizontal');
INSERT INTO photo_tags (photo_idx, tag_id) VALUES ((SELECT photo_idx FROM photos WHERE photo_id = 1450), (SELECT tag_id FROM tags WHERE name = 'horizontal'));
INSERT OR IGNORE INTO tags (name) VALUES ('closeup');
INSERT INTO photo_tags (photo_idx, tag_id) VALUES ((SELECT photo_idx FROM photos WHERE photo_id = 1450), (SELECT tag_id FROM tags WHERE name = 'closeup'));
INSERT OR IGNORE INTO tags (name) VALUES ('abstract');
INSERT INTO photo_tags (photo_idx, tag_id) VALUES ((SELECT photo_idx FROM photos WHERE photo_id = 1450), (SELECT tag_id FROM tags WHERE name = 'abstract'));
INSERT OR IGNORE INTO tags (name) VALUES ('color');
INSERT INTO photo_tags (photo_idx, tag_id) VALUES ((SELECT photo_idx FROM photos WHERE photo_id = 1450), (SELECT tag_id FROM tags WHERE name = 'color'));
INSERT OR IGNORE INTO tags (name) VALUES ('studio');
INSERT INTO photo_tags (photo_idx, tag_id) VALUES ((SELECT photo_idx FROM photos WHERE photo_id = 1450), (SELECT tag_id FROM tags WHERE name = 'studio'));
INSERT OR IGNORE INTO tags (name) VALUES ('blue');
INSERT INTO photo_tags (photo_idx, tag_id) VALUES ((SELECT photo_idx FROM photos WHERE photo_id = 1450), (SELECT tag_id FROM tags WHERE name = 'blue'));
INSERT OR IGNORE INTO tags (name) VALUES ('rock');
INSERT INTO photo_tags (photo_idx, tag_id) VALUES ((SELECT photo_idx FROM photos WHERE photo_id = 1450), (SELECT tag_id FROM tags WHERE name = 'rock'));

INSERT INTO photos (photo_id, photo_title, photo_collection, photo_location, photo_year, camera, film_stock, film_format) VALUES (1452, 'Petrified Wood', 'Rocks', 'Near Petrified Forest National Park, Arizona', 1999, 'Hasselblad', 'Fujichrome Velvia', '6 x 6 cm');
INSERT INTO photos_fts (photo_idx, photo_id, photo_title, photo_collection, photo_location, photo_year, camera, film_stock, film_format, tag_names) VALUES ((SELECT photo_idx FROM photos WHERE photo_id = 1452), 1452, 'Petrified Wood', 'Rocks', 'Near Petrified Forest National Park, Arizona', 1999, 'Hasselblad', 'Fujichrome Velvia', '6 x 6 cm', 'vertical,closeup,abstract,color,studio,orange,rock');
INSERT OR IGNORE INTO tags (name) VALUES ('vertical');
INSERT INTO photo_tags (photo_idx, tag_id) VALUES ((SELECT photo_idx FROM photos WHERE photo_id = 1452), (SELECT tag_id FROM tags WHERE name = 'vertical'));
INSERT OR IGNORE INTO tags (name) VALUES ('closeup');
INSERT INTO photo_tags (photo_idx, tag_id) VALUES ((SELECT photo_idx FROM photos WHERE photo_id = 1452), (SELECT tag_id FROM tags WHERE name = 'closeup'));
INSERT OR IGNORE INTO tags (name) VALUES ('abstract');
INSERT INTO photo_tags (photo_idx, tag_id) VALUES ((SELECT photo_idx FROM photos WHERE photo_id = 1452), (SELECT tag_id FROM tags WHERE name = 'abstract'));
INSERT OR IGNORE INTO tags (name) VALUES ('color');
INSERT INTO photo_tags (photo_idx, tag_id) VALUES ((SELECT photo_idx FROM photos WHERE photo_id = 1452), (SELECT tag_id FROM tags WHERE name = 'color'));
INSERT OR IGNORE INTO tags (name) VALUES ('studio');
INSERT INTO photo_tags (photo_idx, tag_id) VALUES ((SELECT photo_idx FROM photos WHERE photo_id = 1452), (SELECT tag_id FROM tags WHERE name = 'studio'));
INSERT OR IGNORE INTO tags (name) VALUES ('orange');
INSERT INTO photo_tags (photo_idx, tag_id) VALUES ((SELECT photo_idx FROM photos WHERE photo_id = 1452), (SELECT tag_id FROM tags WHERE name = 'orange'));
INSERT OR IGNORE INTO tags (name) VALUES ('rock');
INSERT INTO photo_tags (photo_idx, tag_id) VALUES ((SELECT photo_idx FROM photos WHERE photo_id = 1452), (SELECT tag_id FROM tags WHERE name = 'rock'));

INSERT INTO photos (photo_id, photo_title, photo_collection, photo_location, photo_year, camera, film_stock, film_format) VALUES (1453, 'Petrified Wood', 'Rocks', 'Near Petrified Forest National Park, Arizona', 1999, 'Hasselblad', 'Fujichrome Velvia', '6 x 6 cm');
INSERT INTO photos_fts (photo_idx, photo_id, photo_title, photo_collection, photo_location, photo_year, camera, film_stock, film_format, tag_names) VALUES ((SELECT photo_idx FROM photos WHERE photo_id = 1453), 1453, 'Petrified Wood', 'Rocks', 'Near Petrified Forest National Park, Arizona', 1999, 'Hasselblad', 'Fujichrome Velvia', '6 x 6 cm', 'horizontal,popular,closeup,abstract,color,studio,blue,gray,rock');
INSERT OR IGNORE INTO tags (name) VALUES ('horizontal');
INSERT INTO photo_tags (photo_idx, tag_id) VALUES ((SELECT photo_idx FROM photos WHERE photo_id = 1453), (SELECT tag_id FROM tags WHERE name = 'horizontal'));
INSERT OR IGNORE INTO tags (name) VALUES ('popular');
INSERT INTO photo_tags (photo_idx, tag_id) VALUES ((SELECT photo_idx FROM photos WHERE photo_id = 1453), (SELECT tag_id FROM tags WHERE name = 'popular'));
INSERT OR IGNORE INTO tags (name) VALUES ('closeup');
INSERT INTO photo_tags (photo_idx, tag_id) VALUES ((SELECT photo_idx FROM photos WHERE photo_id = 1453), (SELECT tag_id FROM tags WHERE name = 'closeup'));
INSERT OR IGNORE INTO tags (name) VALUES ('abstract');
INSERT INTO photo_tags (photo_idx, tag_id) VALUES ((SELECT photo_idx FROM photos WHERE photo_id = 1453), (SELECT tag_id FROM tags WHERE name = 'abstract'));
INSERT OR IGNORE INTO tags (name) VALUES ('color');
INSERT INTO photo_tags (photo_idx, tag_id) VALUES ((SELECT photo_idx FROM photos WHERE photo_id = 1453), (SELECT tag_id FROM tags WHERE name = 'color'));
INSERT OR IGNORE INTO tags (name) VALUES ('studio');
INSERT INTO photo_tags (photo_idx, tag_id) VALUES ((SELECT photo_idx FROM photos WHERE photo_id = 1453), (SELECT tag_id FROM tags WHERE name = 'studio'));
INSERT OR IGNORE INTO tags (name) VALUES ('blue');
INSERT INTO photo_tags (photo_idx, tag_id) VALUES ((SELECT photo_idx FROM photos WHERE photo_id = 1453), (SELECT tag_id FROM tags WHERE name = 'blue'));
INSERT OR IGNORE INTO tags (name) VALUES ('gray');
INSERT INTO photo_tags (photo_idx, tag_id) VALUES ((SELECT photo_idx FROM photos WHERE photo_id = 1453), (SELECT tag_id FROM tags WHERE name = 'gray'));
INSERT OR IGNORE INTO tags (name) VALUES ('rock');
INSERT INTO photo_tags (photo_idx, tag_id) VALUES ((SELECT photo_idx FROM photos WHERE photo_id = 1453), (SELECT tag_id FROM tags WHERE name = 'rock'));

INSERT INTO photos (photo_id, photo_title, photo_collection, photo_location, photo_year, camera, film_stock, film_format) VALUES (1457, 'Petrified Wood', 'Rocks', 'Near Petrified Forest National Park, Arizona', 1999, 'Hasselblad', 'Fujichrome Velvia', '6 x 6 cm');
INSERT INTO photos_fts (photo_idx, photo_id, photo_title, photo_collection, photo_location, photo_year, camera, film_stock, film_format, tag_names) VALUES ((SELECT photo_idx FROM photos WHERE photo_id = 1457), 1457, 'Petrified Wood', 'Rocks', 'Near Petrified Forest National Park, Arizona', 1999, 'Hasselblad', 'Fujichrome Velvia', '6 x 6 cm', 'horizontal,popular,closeup,abstract,color,studio,pink,red,rock');
INSERT OR IGNORE INTO tags (name) VALUES ('horizontal');
INSERT INTO photo_tags (photo_idx, tag_id) VALUES ((SELECT photo_idx FROM photos WHERE photo_id = 1457), (SELECT tag_id FROM tags WHERE name = 'horizontal'));
INSERT OR IGNORE INTO tags (name) VALUES ('popular');
INSERT INTO photo_tags (photo_idx, tag_id) VALUES ((SELECT photo_idx FROM photos WHERE photo_id = 1457), (SELECT tag_id FROM tags WHERE name = 'popular'));
INSERT OR IGNORE INTO tags (name) VALUES ('closeup');
INSERT INTO photo_tags (photo_idx, tag_id) VALUES ((SELECT photo_idx FROM photos WHERE photo_id = 1457), (SELECT tag_id FROM tags WHERE name = 'closeup'));
INSERT OR IGNORE INTO tags (name) VALUES ('abstract');
INSERT INTO photo_tags (photo_idx, tag_id) VALUES ((SELECT photo_idx FROM photos WHERE photo_id = 1457), (SELECT tag_id FROM tags WHERE name = 'abstract'));
INSERT OR IGNORE INTO tags (name) VALUES ('color');
INSERT INTO photo_tags (photo_idx, tag_id) VALUES ((SELECT photo_idx FROM photos WHERE photo_id = 1457), (SELECT tag_id FROM tags WHERE name = 'color'));
INSERT OR IGNORE INTO tags (name) VALUES ('studio');
INSERT INTO photo_tags (photo_idx, tag_id) VALUES ((SELECT photo_idx FROM photos WHERE photo_id = 1457), (SELECT tag_id FROM tags WHERE name = 'studio'));
INSERT OR IGNORE INTO tags (name) VALUES ('pink');
INSERT INTO photo_tags (photo_idx, tag_id) VALUES ((SELECT photo_idx FROM photos WHERE photo_id = 1457), (SELECT tag_id FROM tags WHERE name = 'pink'));
INSERT OR IGNORE INTO tags (name) VALUES ('red');
INSERT INTO photo_tags (photo_idx, tag_id) VALUES ((SELECT photo_idx FROM photos WHERE photo_id = 1457), (SELECT tag_id FROM tags WHERE name = 'red'));
INSERT OR IGNORE INTO tags (name) VALUES ('rock');
INSERT INTO photo_tags (photo_idx, tag_id) VALUES ((SELECT photo_idx FROM photos WHERE photo_id = 1457), (SELECT tag_id FROM tags WHERE name = 'rock'));

INSERT INTO photos (photo_id, photo_title, photo_collection, photo_location, photo_year, camera, film_stock, film_format) VALUES (1460, 'Petrified Wood', 'Rocks', 'Near Petrified Forest National Park, Arizona', 1999, 'Hasselblad', 'Fujichrome Velvia', '6 x 6 cm');
INSERT INTO photos_fts (photo_idx, photo_id, photo_title, photo_collection, photo_location, photo_year, camera, film_stock, film_format, tag_names) VALUES ((SELECT photo_idx FROM photos WHERE photo_id = 1460), 1460, 'Petrified Wood', 'Rocks', 'Near Petrified Forest National Park, Arizona', 1999, 'Hasselblad', 'Fujichrome Velvia', '6 x 6 cm', 'horizontal,closeup,abstract,color,studio,red,rock');
INSERT OR IGNORE INTO tags (name) VALUES ('horizontal');
INSERT INTO photo_tags (photo_idx, tag_id) VALUES ((SELECT photo_idx FROM photos WHERE photo_id = 1460), (SELECT tag_id FROM tags WHERE name = 'horizontal'));
INSERT OR IGNORE INTO tags (name) VALUES ('closeup');
INSERT INTO photo_tags (photo_idx, tag_id) VALUES ((SELECT photo_idx FROM photos WHERE photo_id = 1460), (SELECT tag_id FROM tags WHERE name = 'closeup'));
INSERT OR IGNORE INTO tags (name) VALUES ('abstract');
INSERT INTO photo_tags (photo_idx, tag_id) VALUES ((SELECT photo_idx FROM photos WHERE photo_id = 1460), (SELECT tag_id FROM tags WHERE name = 'abstract'));
INSERT OR IGNORE INTO tags (name) VALUES ('color');
INSERT INTO photo_tags (photo_idx, tag_id) VALUES ((SELECT photo_idx FROM photos WHERE photo_id = 1460), (SELECT tag_id FROM tags WHERE name = 'color'));
INSERT OR IGNORE INTO tags (name) VALUES ('studio');
INSERT INTO photo_tags (photo_idx, tag_id) VALUES ((SELECT photo_idx FROM photos WHERE photo_id = 1460), (SELECT tag_id FROM tags WHERE name = 'studio'));
INSERT OR IGNORE INTO tags (name) VALUES ('red');
INSERT INTO photo_tags (photo_idx, tag_id) VALUES ((SELECT photo_idx FROM photos WHERE photo_id = 1460), (SELECT tag_id FROM tags WHERE name = 'red'));
INSERT OR IGNORE INTO tags (name) VALUES ('rock');
INSERT INTO photo_tags (photo_idx, tag_id) VALUES ((SELECT photo_idx FROM photos WHERE photo_id = 1460), (SELECT tag_id FROM tags WHERE name = 'rock'));

INSERT INTO photos (photo_id, photo_title, photo_collection, photo_location, photo_year, camera, film_stock, film_format) VALUES (1464, 'Mud Reflections at Coyote Gulch', 'Southwest', 'Coyote Gulch, Utah', 1999, 'Hasselblad', 'Fujichrome Velvia', '6 x 6 cm');
INSERT INTO photos_fts (photo_idx, photo_id, photo_title, photo_collection, photo_location, photo_year, camera, film_stock, film_format, tag_names) VALUES ((SELECT photo_idx FROM photos WHERE photo_id = 1464), 1464, 'Mud Reflections at Coyote Gulch', 'Southwest', 'Coyote Gulch, Utah', 1999, 'Hasselblad', 'Fujichrome Velvia', '6 x 6 cm', 'vertical,popular,closeup,landscape,color,outdoors,black,blue,brown,purple,sand,sunrise,water,river,mud,stream');
INSERT OR IGNORE INTO tags (name) VALUES ('vertical');
INSERT INTO photo_tags (photo_idx, tag_id) VALUES ((SELECT photo_idx FROM photos WHERE photo_id = 1464), (SELECT tag_id FROM tags WHERE name = 'vertical'));
INSERT OR IGNORE INTO tags (name) VALUES ('popular');
INSERT INTO photo_tags (photo_idx, tag_id) VALUES ((SELECT photo_idx FROM photos WHERE photo_id = 1464), (SELECT tag_id FROM tags WHERE name = 'popular'));
INSERT OR IGNORE INTO tags (name) VALUES ('closeup');
INSERT INTO photo_tags (photo_idx, tag_id) VALUES ((SELECT photo_idx FROM photos WHERE photo_id = 1464), (SELECT tag_id FROM tags WHERE name = 'closeup'));
INSERT OR IGNORE INTO tags (name) VALUES ('landscape');
INSERT INTO photo_tags (photo_idx, tag_id) VALUES ((SELECT photo_idx FROM photos WHERE photo_id = 1464), (SELECT tag_id FROM tags WHERE name = 'landscape'));
INSERT OR IGNORE INTO tags (name) VALUES ('color');
INSERT INTO photo_tags (photo_idx, tag_id) VALUES ((SELECT photo_idx FROM photos WHERE photo_id = 1464), (SELECT tag_id FROM tags WHERE name = 'color'));
INSERT OR IGNORE INTO tags (name) VALUES ('outdoors');
INSERT INTO photo_tags (photo_idx, tag_id) VALUES ((SELECT photo_idx FROM photos WHERE photo_id = 1464), (SELECT tag_id FROM tags WHERE name = 'outdoors'));
INSERT OR IGNORE INTO tags (name) VALUES ('black');
INSERT INTO photo_tags (photo_idx, tag_id) VALUES ((SELECT photo_idx FROM photos WHERE photo_id = 1464), (SELECT tag_id FROM tags WHERE name = 'black'));
INSERT OR IGNORE INTO tags (name) VALUES ('blue');
INSERT INTO photo_tags (photo_idx, tag_id) VALUES ((SELECT photo_idx FROM photos WHERE photo_id = 1464), (SELECT tag_id FROM tags WHERE name = 'blue'));
INSERT OR IGNORE INTO tags (name) VALUES ('brown');
INSERT INTO photo_tags (photo_idx, tag_id) VALUES ((SELECT photo_idx FROM photos WHERE photo_id = 1464), (SELECT tag_id FROM tags WHERE name = 'brown'));
INSERT OR IGNORE INTO tags (name) VALUES ('purple');
INSERT INTO photo_tags (photo_idx, tag_id) VALUES ((SELECT photo_idx FROM photos WHERE photo_id = 1464), (SELECT tag_id FROM tags WHERE name = 'purple'));
INSERT OR IGNORE INTO tags (name) VALUES ('sand');
INSERT INTO photo_tags (photo_idx, tag_id) VALUES ((SELECT photo_idx FROM photos WHERE photo_id = 1464), (SELECT tag_id FROM tags WHERE name = 'sand'));
INSERT OR IGNORE INTO tags (name) VALUES ('sunrise');
INSERT INTO photo_tags (photo_idx, tag_id) VALUES ((SELECT photo_idx FROM photos WHERE photo_id = 1464), (SELECT tag_id FROM tags WHERE name = 'sunrise'));
INSERT OR IGNORE INTO tags (name) VALUES ('water');
INSERT INTO photo_tags (photo_idx, tag_id) VALUES ((SELECT photo_idx FROM photos WHERE photo_id = 1464), (SELECT tag_id FROM tags WHERE name = 'water'));
INSERT OR IGNORE INTO tags (name) VALUES ('river');
INSERT INTO photo_tags (photo_idx, tag_id) VALUES ((SELECT photo_idx FROM photos WHERE photo_id = 1464), (SELECT tag_id FROM tags WHERE name = 'river'));
INSERT OR IGNORE INTO tags (name) VALUES ('mud');
INSERT INTO photo_tags (photo_idx, tag_id) VALUES ((SELECT photo_idx FROM photos WHERE photo_id = 1464), (SELECT tag_id FROM tags WHERE name = 'mud'));
INSERT OR IGNORE INTO tags (name) VALUES ('stream');
INSERT INTO photo_tags (photo_idx, tag_id) VALUES ((SELECT photo_idx FROM photos WHERE photo_id = 1464), (SELECT tag_id FROM tags WHERE name = 'stream'));

INSERT INTO photos (photo_id, photo_title, photo_collection, photo_location, photo_year, camera, film_stock, film_format) VALUES (1465, 'Mud Reflections Horizontal', 'Southwest', 'Coyote Gulch, Utah', 1999, 'Hasselblad', 'Fujichrome Velvia', '6 x 6 cm');
INSERT INTO photos_fts (photo_idx, photo_id, photo_title, photo_collection, photo_location, photo_year, camera, film_stock, film_format, tag_names) VALUES ((SELECT photo_idx FROM photos WHERE photo_id = 1465), 1465, 'Mud Reflections Horizontal', 'Southwest', 'Coyote Gulch, Utah', 1999, 'Hasselblad', 'Fujichrome Velvia', '6 x 6 cm', 'horizontal,closeup,landscape,color,outdoors,black,blue,brown,purple,sand,sunrise,water,river,mud,stream');
INSERT OR IGNORE INTO tags (name) VALUES ('horizontal');
INSERT INTO photo_tags (photo_idx, tag_id) VALUES ((SELECT photo_idx FROM photos WHERE photo_id = 1465), (SELECT tag_id FROM tags WHERE name = 'horizontal'));
INSERT OR IGNORE INTO tags (name) VALUES ('closeup');
INSERT INTO photo_tags (photo_idx, tag_id) VALUES ((SELECT photo_idx FROM photos WHERE photo_id = 1465), (SELECT tag_id FROM tags WHERE name = 'closeup'));
INSERT OR IGNORE INTO tags (name) VALUES ('landscape');
INSERT INTO photo_tags (photo_idx, tag_id) VALUES ((SELECT photo_idx FROM photos WHERE photo_id = 1465), (SELECT tag_id FROM tags WHERE name = 'landscape'));
INSERT OR IGNORE INTO tags (name) VALUES ('color');
INSERT INTO photo_tags (photo_idx, tag_id) VALUES ((SELECT photo_idx FROM photos WHERE photo_id = 1465), (SELECT tag_id FROM tags WHERE name = 'color'));
INSERT OR IGNORE INTO tags (name) VALUES ('outdoors');
INSERT INTO photo_tags (photo_idx, tag_id) VALUES ((SELECT photo_idx FROM photos WHERE photo_id = 1465), (SELECT tag_id FROM tags WHERE name = 'outdoors'));
INSERT OR IGNORE INTO tags (name) VALUES ('black');
INSERT INTO photo_tags (photo_idx, tag_id) VALUES ((SELECT photo_idx FROM photos WHERE photo_id = 1465), (SELECT tag_id FROM tags WHERE name = 'black'));
INSERT OR IGNORE INTO tags (name) VALUES ('blue');
INSERT INTO photo_tags (photo_idx, tag_id) VALUES ((SELECT photo_idx FROM photos WHERE photo_id = 1465), (SELECT tag_id FROM tags WHERE name = 'blue'));
INSERT OR IGNORE INTO tags (name) VALUES ('brown');
INSERT INTO photo_tags (photo_idx, tag_id) VALUES ((SELECT photo_idx FROM photos WHERE photo_id = 1465), (SELECT tag_id FROM tags WHERE name = 'brown'));
INSERT OR IGNORE INTO tags (name) VALUES ('purple');
INSERT INTO photo_tags (photo_idx, tag_id) VALUES ((SELECT photo_idx FROM photos WHERE photo_id = 1465), (SELECT tag_id FROM tags WHERE name = 'purple'));
INSERT OR IGNORE INTO tags (name) VALUES ('sand');
INSERT INTO photo_tags (photo_idx, tag_id) VALUES ((SELECT photo_idx FROM photos WHERE photo_id = 1465), (SELECT tag_id FROM tags WHERE name = 'sand'));
INSERT OR IGNORE INTO tags (name) VALUES ('sunrise');
INSERT INTO photo_tags (photo_idx, tag_id) VALUES ((SELECT photo_idx FROM photos WHERE photo_id = 1465), (SELECT tag_id FROM tags WHERE name = 'sunrise'));
INSERT OR IGNORE INTO tags (name) VALUES ('water');
INSERT INTO photo_tags (photo_idx, tag_id) VALUES ((SELECT photo_idx FROM photos WHERE photo_id = 1465), (SELECT tag_id FROM tags WHERE name = 'water'));
INSERT OR IGNORE INTO tags (name) VALUES ('river');
INSERT INTO photo_tags (photo_idx, tag_id) VALUES ((SELECT photo_idx FROM photos WHERE photo_id = 1465), (SELECT tag_id FROM tags WHERE name = 'river'));
INSERT OR IGNORE INTO tags (name) VALUES ('mud');
INSERT INTO photo_tags (photo_idx, tag_id) VALUES ((SELECT photo_idx FROM photos WHERE photo_id = 1465), (SELECT tag_id FROM tags WHERE name = 'mud'));
INSERT OR IGNORE INTO tags (name) VALUES ('stream');
INSERT INTO photo_tags (photo_idx, tag_id) VALUES ((SELECT photo_idx FROM photos WHERE photo_id = 1465), (SELECT tag_id FROM tags WHERE name = 'stream'));

INSERT INTO photos (photo_id, photo_title, photo_collection, photo_location, photo_year, camera, film_stock, film_format) VALUES (1466, 'Flowing Mud Design', 'Southwest', 'Coyote Gulch, Utah', 1999, 'Hasselblad', 'Fujichrome Velvia', '6 x 6 cm');
INSERT INTO photos_fts (photo_idx, photo_id, photo_title, photo_collection, photo_location, photo_year, camera, film_stock, film_format, tag_names) VALUES ((SELECT photo_idx FROM photos WHERE photo_id = 1466), 1466, 'Flowing Mud Design', 'Southwest', 'Coyote Gulch, Utah', 1999, 'Hasselblad', 'Fujichrome Velvia', '6 x 6 cm', 'horizontal,closeup,landscape,color,outdoors,brown,tan,sand,river,mud');
INSERT OR IGNORE INTO tags (name) VALUES ('horizontal');
INSERT INTO photo_tags (photo_idx, tag_id) VALUES ((SELECT photo_idx FROM photos WHERE photo_id = 1466), (SELECT tag_id FROM tags WHERE name = 'horizontal'));
INSERT OR IGNORE INTO tags (name) VALUES ('closeup');
INSERT INTO photo_tags (photo_idx, tag_id) VALUES ((SELECT photo_idx FROM photos WHERE photo_id = 1466), (SELECT tag_id FROM tags WHERE name = 'closeup'));
INSERT OR IGNORE INTO tags (name) VALUES ('landscape');
INSERT INTO photo_tags (photo_idx, tag_id) VALUES ((SELECT photo_idx FROM photos WHERE photo_id = 1466), (SELECT tag_id FROM tags WHERE name = 'landscape'));
INSERT OR IGNORE INTO tags (name) VALUES ('color');
INSERT INTO photo_tags (photo_idx, tag_id) VALUES ((SELECT photo_idx FROM photos WHERE photo_id = 1466), (SELECT tag_id FROM tags WHERE name = 'color'));
INSERT OR IGNORE INTO tags (name) VALUES ('outdoors');
INSERT INTO photo_tags (photo_idx, tag_id) VALUES ((SELECT photo_idx FROM photos WHERE photo_id = 1466), (SELECT tag_id FROM tags WHERE name = 'outdoors'));
INSERT OR IGNORE INTO tags (name) VALUES ('brown');
INSERT INTO photo_tags (photo_idx, tag_id) VALUES ((SELECT photo_idx FROM photos WHERE photo_id = 1466), (SELECT tag_id FROM tags WHERE name = 'brown'));
INSERT OR IGNORE INTO tags (name) VALUES ('tan');
INSERT INTO photo_tags (photo_idx, tag_id) VALUES ((SELECT photo_idx FROM photos WHERE photo_id = 1466), (SELECT tag_id FROM tags WHERE name = 'tan'));
INSERT OR IGNORE INTO tags (name) VALUES ('sand');
INSERT INTO photo_tags (photo_idx, tag_id) VALUES ((SELECT photo_idx FROM photos WHERE photo_id = 1466), (SELECT tag_id FROM tags WHERE name = 'sand'));
INSERT OR IGNORE INTO tags (name) VALUES ('river');
INSERT INTO photo_tags (photo_idx, tag_id) VALUES ((SELECT photo_idx FROM photos WHERE photo_id = 1466), (SELECT tag_id FROM tags WHERE name = 'river'));
INSERT OR IGNORE INTO tags (name) VALUES ('mud');
INSERT INTO photo_tags (photo_idx, tag_id) VALUES ((SELECT photo_idx FROM photos WHERE photo_id = 1466), (SELECT tag_id FROM tags WHERE name = 'mud'));

INSERT INTO photos (photo_id, photo_title, photo_collection, photo_location, photo_year, camera, film_stock, film_format) VALUES (1469, 'Blue Hill and Petrified Wood', 'Southwest', 'Petrified Forest National Park, Arizona', 1999, 'Hasselblad', 'Fujichrome Velvia', '6 x 6 cm');
INSERT INTO photos_fts (photo_idx, photo_id, photo_title, photo_collection, photo_location, photo_year, camera, film_stock, film_format, tag_names) VALUES ((SELECT photo_idx FROM photos WHERE photo_id = 1469), 1469, 'Blue Hill and Petrified Wood', 'Southwest', 'Petrified Forest National Park, Arizona', 1999, 'Hasselblad', 'Fujichrome Velvia', '6 x 6 cm', 'vertical,scenic,landscape,color,outdoors,brown,gray,rock,trees');
INSERT OR IGNORE INTO tags (name) VALUES ('vertical');
INSERT INTO photo_tags (photo_idx, tag_id) VALUES ((SELECT photo_idx FROM photos WHERE photo_id = 1469), (SELECT tag_id FROM tags WHERE name = 'vertical'));
INSERT OR IGNORE INTO tags (name) VALUES ('scenic');
INSERT INTO photo_tags (photo_idx, tag_id) VALUES ((SELECT photo_idx FROM photos WHERE photo_id = 1469), (SELECT tag_id FROM tags WHERE name = 'scenic'));
INSERT OR IGNORE INTO tags (name) VALUES ('landscape');
INSERT INTO photo_tags (photo_idx, tag_id) VALUES ((SELECT photo_idx FROM photos WHERE photo_id = 1469), (SELECT tag_id FROM tags WHERE name = 'landscape'));
INSERT OR IGNORE INTO tags (name) VALUES ('color');
INSERT INTO photo_tags (photo_idx, tag_id) VALUES ((SELECT photo_idx FROM photos WHERE photo_id = 1469), (SELECT tag_id FROM tags WHERE name = 'color'));
INSERT OR IGNORE INTO tags (name) VALUES ('outdoors');
INSERT INTO photo_tags (photo_idx, tag_id) VALUES ((SELECT photo_idx FROM photos WHERE photo_id = 1469), (SELECT tag_id FROM tags WHERE name = 'outdoors'));
INSERT OR IGNORE INTO tags (name) VALUES ('brown');
INSERT INTO photo_tags (photo_idx, tag_id) VALUES ((SELECT photo_idx FROM photos WHERE photo_id = 1469), (SELECT tag_id FROM tags WHERE name = 'brown'));
INSERT OR IGNORE INTO tags (name) VALUES ('gray');
INSERT INTO photo_tags (photo_idx, tag_id) VALUES ((SELECT photo_idx FROM photos WHERE photo_id = 1469), (SELECT tag_id FROM tags WHERE name = 'gray'));
INSERT OR IGNORE INTO tags (name) VALUES ('rock');
INSERT INTO photo_tags (photo_idx, tag_id) VALUES ((SELECT photo_idx FROM photos WHERE photo_id = 1469), (SELECT tag_id FROM tags WHERE name = 'rock'));
INSERT OR IGNORE INTO tags (name) VALUES ('trees');
INSERT INTO photo_tags (photo_idx, tag_id) VALUES ((SELECT photo_idx FROM photos WHERE photo_id = 1469), (SELECT tag_id FROM tags WHERE name = 'trees'));

INSERT INTO photos (photo_id, photo_title, photo_collection, photo_location, photo_year, camera, film_stock, film_format) VALUES (1470, 'Bentonite Erosion at Blue Mesa', 'Southwest', 'Petrified Forest National Park, Arizona', 1999, 'Hasselblad', 'Fujichrome Velvia', '6 x 6 cm');
INSERT INTO photos_fts (photo_idx, photo_id, photo_title, photo_collection, photo_location, photo_year, camera, film_stock, film_format, tag_names) VALUES ((SELECT photo_idx FROM photos WHERE photo_id = 1470), 1470, 'Bentonite Erosion at Blue Mesa', 'Southwest', 'Petrified Forest National Park, Arizona', 1999, 'Hasselblad', 'Fujichrome Velvia', '6 x 6 cm', 'vertical,scenic,landscape,color,outdoors,black,gray,rock');
INSERT OR IGNORE INTO tags (name) VALUES ('vertical');
INSERT INTO photo_tags (photo_idx, tag_id) VALUES ((SELECT photo_idx FROM photos WHERE photo_id = 1470), (SELECT tag_id FROM tags WHERE name = 'vertical'));
INSERT OR IGNORE INTO tags (name) VALUES ('scenic');
INSERT INTO photo_tags (photo_idx, tag_id) VALUES ((SELECT photo_idx FROM photos WHERE photo_id = 1470), (SELECT tag_id FROM tags WHERE name = 'scenic'));
INSERT OR IGNORE INTO tags (name) VALUES ('landscape');
INSERT INTO photo_tags (photo_idx, tag_id) VALUES ((SELECT photo_idx FROM photos WHERE photo_id = 1470), (SELECT tag_id FROM tags WHERE name = 'landscape'));
INSERT OR IGNORE INTO tags (name) VALUES ('color');
INSERT INTO photo_tags (photo_idx, tag_id) VALUES ((SELECT photo_idx FROM photos WHERE photo_id = 1470), (SELECT tag_id FROM tags WHERE name = 'color'));
INSERT OR IGNORE INTO tags (name) VALUES ('outdoors');
INSERT INTO photo_tags (photo_idx, tag_id) VALUES ((SELECT photo_idx FROM photos WHERE photo_id = 1470), (SELECT tag_id FROM tags WHERE name = 'outdoors'));
INSERT OR IGNORE INTO tags (name) VALUES ('black');
INSERT INTO photo_tags (photo_idx, tag_id) VALUES ((SELECT photo_idx FROM photos WHERE photo_id = 1470), (SELECT tag_id FROM tags WHERE name = 'black'));
INSERT OR IGNORE INTO tags (name) VALUES ('gray');
INSERT INTO photo_tags (photo_idx, tag_id) VALUES ((SELECT photo_idx FROM photos WHERE photo_id = 1470), (SELECT tag_id FROM tags WHERE name = 'gray'));
INSERT OR IGNORE INTO tags (name) VALUES ('rock');
INSERT INTO photo_tags (photo_idx, tag_id) VALUES ((SELECT photo_idx FROM photos WHERE photo_id = 1470), (SELECT tag_id FROM tags WHERE name = 'rock'));

INSERT INTO photos (photo_id, photo_title, photo_collection, photo_location, photo_year, camera, film_stock, film_format) VALUES (1471, 'Bentonite Hills', 'Southwest', 'Petrified Forest National Park, Arizona', 1999, 'Hasselblad', 'Fujichrome Velvia', '6 x 6 cm');
INSERT INTO photos_fts (photo_idx, photo_id, photo_title, photo_collection, photo_location, photo_year, camera, film_stock, film_format, tag_names) VALUES ((SELECT photo_idx FROM photos WHERE photo_id = 1471), 1471, 'Bentonite Hills', 'Southwest', 'Petrified Forest National Park, Arizona', 1999, 'Hasselblad', 'Fujichrome Velvia', '6 x 6 cm', 'horizontal,scenic,landscape,color,outdoors,gray,rock');
INSERT OR IGNORE INTO tags (name) VALUES ('horizontal');
INSERT INTO photo_tags (photo_idx, tag_id) VALUES ((SELECT photo_idx FROM photos WHERE photo_id = 1471), (SELECT tag_id FROM tags WHERE name = 'horizontal'));
INSERT OR IGNORE INTO tags (name) VALUES ('scenic');
INSERT INTO photo_tags (photo_idx, tag_id) VALUES ((SELECT photo_idx FROM photos WHERE photo_id = 1471), (SELECT tag_id FROM tags WHERE name = 'scenic'));
INSERT OR IGNORE INTO tags (name) VALUES ('landscape');
INSERT INTO photo_tags (photo_idx, tag_id) VALUES ((SELECT photo_idx FROM photos WHERE photo_id = 1471), (SELECT tag_id FROM tags WHERE name = 'landscape'));
INSERT OR IGNORE INTO tags (name) VALUES ('color');
INSERT INTO photo_tags (photo_idx, tag_id) VALUES ((SELECT photo_idx FROM photos WHERE photo_id = 1471), (SELECT tag_id FROM tags WHERE name = 'color'));
INSERT OR IGNORE INTO tags (name) VALUES ('outdoors');
INSERT INTO photo_tags (photo_idx, tag_id) VALUES ((SELECT photo_idx FROM photos WHERE photo_id = 1471), (SELECT tag_id FROM tags WHERE name = 'outdoors'));
INSERT OR IGNORE INTO tags (name) VALUES ('gray');
INSERT INTO photo_tags (photo_idx, tag_id) VALUES ((SELECT photo_idx FROM photos WHERE photo_id = 1471), (SELECT tag_id FROM tags WHERE name = 'gray'));
INSERT OR IGNORE INTO tags (name) VALUES ('rock');
INSERT INTO photo_tags (photo_idx, tag_id) VALUES ((SELECT photo_idx FROM photos WHERE photo_id = 1471), (SELECT tag_id FROM tags WHERE name = 'rock'));

INSERT INTO photos (photo_id, photo_title, photo_collection, photo_location, photo_year, camera, film_stock, film_format) VALUES (1473, 'Bentonite and Petrified Wood', 'Southwest', 'Petrified Forest National Park, Arizona', 1999, 'Hasselblad', 'Fujichrome Velvia', '6 x 6 cm');
INSERT INTO photos_fts (photo_idx, photo_id, photo_title, photo_collection, photo_location, photo_year, camera, film_stock, film_format, tag_names) VALUES ((SELECT photo_idx FROM photos WHERE photo_id = 1473), 1473, 'Bentonite and Petrified Wood', 'Southwest', 'Petrified Forest National Park, Arizona', 1999, 'Hasselblad', 'Fujichrome Velvia', '6 x 6 cm', 'vertical,scenic,landscape,color,outdoors,brown,gray,rock,trees');
INSERT OR IGNORE INTO tags (name) VALUES ('vertical');
INSERT INTO photo_tags (photo_idx, tag_id) VALUES ((SELECT photo_idx FROM photos WHERE photo_id = 1473), (SELECT tag_id FROM tags WHERE name = 'vertical'));
INSERT OR IGNORE INTO tags (name) VALUES ('scenic');
INSERT INTO photo_tags (photo_idx, tag_id) VALUES ((SELECT photo_idx FROM photos WHERE photo_id = 1473), (SELECT tag_id FROM tags WHERE name = 'scenic'));
INSERT OR IGNORE INTO tags (name) VALUES ('landscape');
INSERT INTO photo_tags (photo_idx, tag_id) VALUES ((SELECT photo_idx FROM photos WHERE photo_id = 1473), (SELECT tag_id FROM tags WHERE name = 'landscape'));
INSERT OR IGNORE INTO tags (name) VALUES ('color');
INSERT INTO photo_tags (photo_idx, tag_id) VALUES ((SELECT photo_idx FROM photos WHERE photo_id = 1473), (SELECT tag_id FROM tags WHERE name = 'color'));
INSERT OR IGNORE INTO tags (name) VALUES ('outdoors');
INSERT INTO photo_tags (photo_idx, tag_id) VALUES ((SELECT photo_idx FROM photos WHERE photo_id = 1473), (SELECT tag_id FROM tags WHERE name = 'outdoors'));
INSERT OR IGNORE INTO tags (name) VALUES ('brown');
INSERT INTO photo_tags (photo_idx, tag_id) VALUES ((SELECT photo_idx FROM photos WHERE photo_id = 1473), (SELECT tag_id FROM tags WHERE name = 'brown'));
INSERT OR IGNORE INTO tags (name) VALUES ('gray');
INSERT INTO photo_tags (photo_idx, tag_id) VALUES ((SELECT photo_idx FROM photos WHERE photo_id = 1473), (SELECT tag_id FROM tags WHERE name = 'gray'));
INSERT OR IGNORE INTO tags (name) VALUES ('rock');
INSERT INTO photo_tags (photo_idx, tag_id) VALUES ((SELECT photo_idx FROM photos WHERE photo_id = 1473), (SELECT tag_id FROM tags WHERE name = 'rock'));
INSERT OR IGNORE INTO tags (name) VALUES ('trees');
INSERT INTO photo_tags (photo_idx, tag_id) VALUES ((SELECT photo_idx FROM photos WHERE photo_id = 1473), (SELECT tag_id FROM tags WHERE name = 'trees'));

INSERT INTO photos (photo_id, photo_title, photo_collection, photo_location, photo_year, camera, film_stock, film_format) VALUES (1475, 'Petrified Wood Detail', 'Rocks', 'Petrified Forest National Park, Arizona', 1999, 'Hasselblad', 'Fujichrome Velvia', '6 x 6 cm');
INSERT INTO photos_fts (photo_idx, photo_id, photo_title, photo_collection, photo_location, photo_year, camera, film_stock, film_format, tag_names) VALUES ((SELECT photo_idx FROM photos WHERE photo_id = 1475), 1475, 'Petrified Wood Detail', 'Rocks', 'Petrified Forest National Park, Arizona', 1999, 'Hasselblad', 'Fujichrome Velvia', '6 x 6 cm', 'horizontal,closeup,color,outdoors,blue,brown,rock');
INSERT OR IGNORE INTO tags (name) VALUES ('horizontal');
INSERT INTO photo_tags (photo_idx, tag_id) VALUES ((SELECT photo_idx FROM photos WHERE photo_id = 1475), (SELECT tag_id FROM tags WHERE name = 'horizontal'));
INSERT OR IGNORE INTO tags (name) VALUES ('closeup');
INSERT INTO photo_tags (photo_idx, tag_id) VALUES ((SELECT photo_idx FROM photos WHERE photo_id = 1475), (SELECT tag_id FROM tags WHERE name = 'closeup'));
INSERT OR IGNORE INTO tags (name) VALUES ('color');
INSERT INTO photo_tags (photo_idx, tag_id) VALUES ((SELECT photo_idx FROM photos WHERE photo_id = 1475), (SELECT tag_id FROM tags WHERE name = 'color'));
INSERT OR IGNORE INTO tags (name) VALUES ('outdoors');
INSERT INTO photo_tags (photo_idx, tag_id) VALUES ((SELECT photo_idx FROM photos WHERE photo_id = 1475), (SELECT tag_id FROM tags WHERE name = 'outdoors'));
INSERT OR IGNORE INTO tags (name) VALUES ('blue');
INSERT INTO photo_tags (photo_idx, tag_id) VALUES ((SELECT photo_idx FROM photos WHERE photo_id = 1475), (SELECT tag_id FROM tags WHERE name = 'blue'));
INSERT OR IGNORE INTO tags (name) VALUES ('brown');
INSERT INTO photo_tags (photo_idx, tag_id) VALUES ((SELECT photo_idx FROM photos WHERE photo_id = 1475), (SELECT tag_id FROM tags WHERE name = 'brown'));
INSERT OR IGNORE INTO tags (name) VALUES ('rock');
INSERT INTO photo_tags (photo_idx, tag_id) VALUES ((SELECT photo_idx FROM photos WHERE photo_id = 1475), (SELECT tag_id FROM tags WHERE name = 'rock'));

INSERT INTO photos (photo_id, photo_title, photo_collection, photo_location, photo_year, camera, film_stock, film_format) VALUES (1476, 'Petrified Log', 'Southwest', 'Petrified Forest National Park, Arizona', 1999, 'Hasselblad', 'Fujichrome Velvia', '6 x 6 cm');
INSERT INTO photos_fts (photo_idx, photo_id, photo_title, photo_collection, photo_location, photo_year, camera, film_stock, film_format, tag_names) VALUES ((SELECT photo_idx FROM photos WHERE photo_id = 1476), 1476, 'Petrified Log', 'Southwest', 'Petrified Forest National Park, Arizona', 1999, 'Hasselblad', 'Fujichrome Velvia', '6 x 6 cm', 'horizontal,popular,closeup,landscape,color,outdoors,brown,gray,rock,sand,trees');
INSERT OR IGNORE INTO tags (name) VALUES ('horizontal');
INSERT INTO photo_tags (photo_idx, tag_id) VALUES ((SELECT photo_idx FROM photos WHERE photo_id = 1476), (SELECT tag_id FROM tags WHERE name = 'horizontal'));
INSERT OR IGNORE INTO tags (name) VALUES ('popular');
INSERT INTO photo_tags (photo_idx, tag_id) VALUES ((SELECT photo_idx FROM photos WHERE photo_id = 1476), (SELECT tag_id FROM tags WHERE name = 'popular'));
INSERT OR IGNORE INTO tags (name) VALUES ('closeup');
INSERT INTO photo_tags (photo_idx, tag_id) VALUES ((SELECT photo_idx FROM photos WHERE photo_id = 1476), (SELECT tag_id FROM tags WHERE name = 'closeup'));
INSERT OR IGNORE INTO tags (name) VALUES ('landscape');
INSERT INTO photo_tags (photo_idx, tag_id) VALUES ((SELECT photo_idx FROM photos WHERE photo_id = 1476), (SELECT tag_id FROM tags WHERE name = 'landscape'));
INSERT OR IGNORE INTO tags (name) VALUES ('color');
INSERT INTO photo_tags (photo_idx, tag_id) VALUES ((SELECT photo_idx FROM photos WHERE photo_id = 1476), (SELECT tag_id FROM tags WHERE name = 'color'));
INSERT OR IGNORE INTO tags (name) VALUES ('outdoors');
INSERT INTO photo_tags (photo_idx, tag_id) VALUES ((SELECT photo_idx FROM photos WHERE photo_id = 1476), (SELECT tag_id FROM tags WHERE name = 'outdoors'));
INSERT OR IGNORE INTO tags (name) VALUES ('brown');
INSERT INTO photo_tags (photo_idx, tag_id) VALUES ((SELECT photo_idx FROM photos WHERE photo_id = 1476), (SELECT tag_id FROM tags WHERE name = 'brown'));
INSERT OR IGNORE INTO tags (name) VALUES ('gray');
INSERT INTO photo_tags (photo_idx, tag_id) VALUES ((SELECT photo_idx FROM photos WHERE photo_id = 1476), (SELECT tag_id FROM tags WHERE name = 'gray'));
INSERT OR IGNORE INTO tags (name) VALUES ('rock');
INSERT INTO photo_tags (photo_idx, tag_id) VALUES ((SELECT photo_idx FROM photos WHERE photo_id = 1476), (SELECT tag_id FROM tags WHERE name = 'rock'));
INSERT OR IGNORE INTO tags (name) VALUES ('sand');
INSERT INTO photo_tags (photo_idx, tag_id) VALUES ((SELECT photo_idx FROM photos WHERE photo_id = 1476), (SELECT tag_id FROM tags WHERE name = 'sand'));
INSERT OR IGNORE INTO tags (name) VALUES ('trees');
INSERT INTO photo_tags (photo_idx, tag_id) VALUES ((SELECT photo_idx FROM photos WHERE photo_id = 1476), (SELECT tag_id FROM tags WHERE name = 'trees'));

INSERT INTO photos (photo_id, photo_title, photo_collection, photo_location, photo_year, camera, film_stock, film_format) VALUES (1477, 'Petrified Wood and Sand', 'Rocks', 'Petrified Forest National Park, Arizona', 1999, 'Hasselblad', 'Fujichrome Velvia', '6 x 6 cm');
INSERT INTO photos_fts (photo_idx, photo_id, photo_title, photo_collection, photo_location, photo_year, camera, film_stock, film_format, tag_names) VALUES ((SELECT photo_idx FROM photos WHERE photo_id = 1477), 1477, 'Petrified Wood and Sand', 'Rocks', 'Petrified Forest National Park, Arizona', 1999, 'Hasselblad', 'Fujichrome Velvia', '6 x 6 cm', 'horizontal,popular,closeup,landscape,color,outdoors,black,blue,brown,rock,sand');
INSERT OR IGNORE INTO tags (name) VALUES ('horizontal');
INSERT INTO photo_tags (photo_idx, tag_id) VALUES ((SELECT photo_idx FROM photos WHERE photo_id = 1477), (SELECT tag_id FROM tags WHERE name = 'horizontal'));
INSERT OR IGNORE INTO tags (name) VALUES ('popular');
INSERT INTO photo_tags (photo_idx, tag_id) VALUES ((SELECT photo_idx FROM photos WHERE photo_id = 1477), (SELECT tag_id FROM tags WHERE name = 'popular'));
INSERT OR IGNORE INTO tags (name) VALUES ('closeup');
INSERT INTO photo_tags (photo_idx, tag_id) VALUES ((SELECT photo_idx FROM photos WHERE photo_id = 1477), (SELECT tag_id FROM tags WHERE name = 'closeup'));
INSERT OR IGNORE INTO tags (name) VALUES ('landscape');
INSERT INTO photo_tags (photo_idx, tag_id) VALUES ((SELECT photo_idx FROM photos WHERE photo_id = 1477), (SELECT tag_id FROM tags WHERE name = 'landscape'));
INSERT OR IGNORE INTO tags (name) VALUES ('color');
INSERT INTO photo_tags (photo_idx, tag_id) VALUES ((SELECT photo_idx FROM photos WHERE photo_id = 1477), (SELECT tag_id FROM tags WHERE name = 'color'));
INSERT OR IGNORE INTO tags (name) VALUES ('outdoors');
INSERT INTO photo_tags (photo_idx, tag_id) VALUES ((SELECT photo_idx FROM photos WHERE photo_id = 1477), (SELECT tag_id FROM tags WHERE name = 'outdoors'));
INSERT OR IGNORE INTO tags (name) VALUES ('black');
INSERT INTO photo_tags (photo_idx, tag_id) VALUES ((SELECT photo_idx FROM photos WHERE photo_id = 1477), (SELECT tag_id FROM tags WHERE name = 'black'));
INSERT OR IGNORE INTO tags (name) VALUES ('blue');
INSERT INTO photo_tags (photo_idx, tag_id) VALUES ((SELECT photo_idx FROM photos WHERE photo_id = 1477), (SELECT tag_id FROM tags WHERE name = 'blue'));
INSERT OR IGNORE INTO tags (name) VALUES ('brown');
INSERT INTO photo_tags (photo_idx, tag_id) VALUES ((SELECT photo_idx FROM photos WHERE photo_id = 1477), (SELECT tag_id FROM tags WHERE name = 'brown'));
INSERT OR IGNORE INTO tags (name) VALUES ('rock');
INSERT INTO photo_tags (photo_idx, tag_id) VALUES ((SELECT photo_idx FROM photos WHERE photo_id = 1477), (SELECT tag_id FROM tags WHERE name = 'rock'));
INSERT OR IGNORE INTO tags (name) VALUES ('sand');
INSERT INTO photo_tags (photo_idx, tag_id) VALUES ((SELECT photo_idx FROM photos WHERE photo_id = 1477), (SELECT tag_id FROM tags WHERE name = 'sand'));

INSERT INTO photos (photo_id, photo_title, photo_collection, photo_location, photo_year, camera, film_stock, film_format) VALUES (1479, 'Lichens on Sandstone', 'Southwest', 'Kolob Canyon, Utah', 1999, 'Hasselblad', 'Fujichrome Velvia', '6 x 6 cm');
INSERT INTO photos_fts (photo_idx, photo_id, photo_title, photo_collection, photo_location, photo_year, camera, film_stock, film_format, tag_names) VALUES ((SELECT photo_idx FROM photos WHERE photo_id = 1479), 1479, 'Lichens on Sandstone', 'Southwest', 'Kolob Canyon, Utah', 1999, 'Hasselblad', 'Fujichrome Velvia', '6 x 6 cm', 'vertical,closeup,landscape,color,outdoors,orange,tan,rock,sandstone');
INSERT OR IGNORE INTO tags (name) VALUES ('vertical');
INSERT INTO photo_tags (photo_idx, tag_id) VALUES ((SELECT photo_idx FROM photos WHERE photo_id = 1479), (SELECT tag_id FROM tags WHERE name = 'vertical'));
INSERT OR IGNORE INTO tags (name) VALUES ('closeup');
INSERT INTO photo_tags (photo_idx, tag_id) VALUES ((SELECT photo_idx FROM photos WHERE photo_id = 1479), (SELECT tag_id FROM tags WHERE name = 'closeup'));
INSERT OR IGNORE INTO tags (name) VALUES ('landscape');
INSERT INTO photo_tags (photo_idx, tag_id) VALUES ((SELECT photo_idx FROM photos WHERE photo_id = 1479), (SELECT tag_id FROM tags WHERE name = 'landscape'));
INSERT OR IGNORE INTO tags (name) VALUES ('color');
INSERT INTO photo_tags (photo_idx, tag_id) VALUES ((SELECT photo_idx FROM photos WHERE photo_id = 1479), (SELECT tag_id FROM tags WHERE name = 'color'));
INSERT OR IGNORE INTO tags (name) VALUES ('outdoors');
INSERT INTO photo_tags (photo_idx, tag_id) VALUES ((SELECT photo_idx FROM photos WHERE photo_id = 1479), (SELECT tag_id FROM tags WHERE name = 'outdoors'));
INSERT OR IGNORE INTO tags (name) VALUES ('orange');
INSERT INTO photo_tags (photo_idx, tag_id) VALUES ((SELECT photo_idx FROM photos WHERE photo_id = 1479), (SELECT tag_id FROM tags WHERE name = 'orange'));
INSERT OR IGNORE INTO tags (name) VALUES ('tan');
INSERT INTO photo_tags (photo_idx, tag_id) VALUES ((SELECT photo_idx FROM photos WHERE photo_id = 1479), (SELECT tag_id FROM tags WHERE name = 'tan'));
INSERT OR IGNORE INTO tags (name) VALUES ('rock');
INSERT INTO photo_tags (photo_idx, tag_id) VALUES ((SELECT photo_idx FROM photos WHERE photo_id = 1479), (SELECT tag_id FROM tags WHERE name = 'rock'));
INSERT OR IGNORE INTO tags (name) VALUES ('sandstone');
INSERT INTO photo_tags (photo_idx, tag_id) VALUES ((SELECT photo_idx FROM photos WHERE photo_id = 1479), (SELECT tag_id FROM tags WHERE name = 'sandstone'));

INSERT INTO photos (photo_id, photo_title, photo_collection, photo_location, photo_year, camera, film_stock, film_format) VALUES (1480, 'Buckskin Canyon Walls', 'Southwest', 'Buckskin Gulch, Utah', 1999, 'Hasselblad', 'Fujichrome Velvia', '6 x 6 cm');
INSERT INTO photos_fts (photo_idx, photo_id, photo_title, photo_collection, photo_location, photo_year, camera, film_stock, film_format, tag_names) VALUES ((SELECT photo_idx FROM photos WHERE photo_id = 1480), 1480, 'Buckskin Canyon Walls', 'Southwest', 'Buckskin Gulch, Utah', 1999, 'Hasselblad', 'Fujichrome Velvia', '6 x 6 cm', 'horizontal,scenic,landscape,color,outdoors,brown,tan,sandstone,canyon');
INSERT OR IGNORE INTO tags (name) VALUES ('horizontal');
INSERT INTO photo_tags (photo_idx, tag_id) VALUES ((SELECT photo_idx FROM photos WHERE photo_id = 1480), (SELECT tag_id FROM tags WHERE name = 'horizontal'));
INSERT OR IGNORE INTO tags (name) VALUES ('scenic');
INSERT INTO photo_tags (photo_idx, tag_id) VALUES ((SELECT photo_idx FROM photos WHERE photo_id = 1480), (SELECT tag_id FROM tags WHERE name = 'scenic'));
INSERT OR IGNORE INTO tags (name) VALUES ('landscape');
INSERT INTO photo_tags (photo_idx, tag_id) VALUES ((SELECT photo_idx FROM photos WHERE photo_id = 1480), (SELECT tag_id FROM tags WHERE name = 'landscape'));
INSERT OR IGNORE INTO tags (name) VALUES ('color');
INSERT INTO photo_tags (photo_idx, tag_id) VALUES ((SELECT photo_idx FROM photos WHERE photo_id = 1480), (SELECT tag_id FROM tags WHERE name = 'color'));
INSERT OR IGNORE INTO tags (name) VALUES ('outdoors');
INSERT INTO photo_tags (photo_idx, tag_id) VALUES ((SELECT photo_idx FROM photos WHERE photo_id = 1480), (SELECT tag_id FROM tags WHERE name = 'outdoors'));
INSERT OR IGNORE INTO tags (name) VALUES ('brown');
INSERT INTO photo_tags (photo_idx, tag_id) VALUES ((SELECT photo_idx FROM photos WHERE photo_id = 1480), (SELECT tag_id FROM tags WHERE name = 'brown'));
INSERT OR IGNORE INTO tags (name) VALUES ('tan');
INSERT INTO photo_tags (photo_idx, tag_id) VALUES ((SELECT photo_idx FROM photos WHERE photo_id = 1480), (SELECT tag_id FROM tags WHERE name = 'tan'));
INSERT OR IGNORE INTO tags (name) VALUES ('sandstone');
INSERT INTO photo_tags (photo_idx, tag_id) VALUES ((SELECT photo_idx FROM photos WHERE photo_id = 1480), (SELECT tag_id FROM tags WHERE name = 'sandstone'));
INSERT OR IGNORE INTO tags (name) VALUES ('canyon');
INSERT INTO photo_tags (photo_idx, tag_id) VALUES ((SELECT photo_idx FROM photos WHERE photo_id = 1480), (SELECT tag_id FROM tags WHERE name = 'canyon'));

INSERT INTO photos (photo_id, photo_title, photo_collection, photo_location, photo_year, camera, film_stock, film_format) VALUES (1481, 'Tree and Cliff at Buckskin', 'Southwest', 'Buckskin Gulch, Utah', 1999, 'Hasselblad', 'Fujichrome Velvia', '6 x 6 cm');
INSERT INTO photos_fts (photo_idx, photo_id, photo_title, photo_collection, photo_location, photo_year, camera, film_stock, film_format, tag_names) VALUES ((SELECT photo_idx FROM photos WHERE photo_id = 1481), 1481, 'Tree and Cliff at Buckskin', 'Southwest', 'Buckskin Gulch, Utah', 1999, 'Hasselblad', 'Fujichrome Velvia', '6 x 6 cm', 'horizontal,scenic,landscape,color,outdoors,green,tan,grass,rock,sandstone,trees');
INSERT OR IGNORE INTO tags (name) VALUES ('horizontal');
INSERT INTO photo_tags (photo_idx, tag_id) VALUES ((SELECT photo_idx FROM photos WHERE photo_id = 1481), (SELECT tag_id FROM tags WHERE name = 'horizontal'));
INSERT OR IGNORE INTO tags (name) VALUES ('scenic');
INSERT INTO photo_tags (photo_idx, tag_id) VALUES ((SELECT photo_idx FROM photos WHERE photo_id = 1481), (SELECT tag_id FROM tags WHERE name = 'scenic'));
INSERT OR IGNORE INTO tags (name) VALUES ('landscape');
INSERT INTO photo_tags (photo_idx, tag_id) VALUES ((SELECT photo_idx FROM photos WHERE photo_id = 1481), (SELECT tag_id FROM tags WHERE name = 'landscape'));
INSERT OR IGNORE INTO tags (name) VALUES ('color');
INSERT INTO photo_tags (photo_idx, tag_id) VALUES ((SELECT photo_idx FROM photos WHERE photo_id = 1481), (SELECT tag_id FROM tags WHERE name = 'color'));
INSERT OR IGNORE INTO tags (name) VALUES ('outdoors');
INSERT INTO photo_tags (photo_idx, tag_id) VALUES ((SELECT photo_idx FROM photos WHERE photo_id = 1481), (SELECT tag_id FROM tags WHERE name = 'outdoors'));
INSERT OR IGNORE INTO tags (name) VALUES ('green');
INSERT INTO photo_tags (photo_idx, tag_id) VALUES ((SELECT photo_idx FROM photos WHERE photo_id = 1481), (SELECT tag_id FROM tags WHERE name = 'green'));
INSERT OR IGNORE INTO tags (name) VALUES ('tan');
INSERT INTO photo_tags (photo_idx, tag_id) VALUES ((SELECT photo_idx FROM photos WHERE photo_id = 1481), (SELECT tag_id FROM tags WHERE name = 'tan'));
INSERT OR IGNORE INTO tags (name) VALUES ('grass');
INSERT INTO photo_tags (photo_idx, tag_id) VALUES ((SELECT photo_idx FROM photos WHERE photo_id = 1481), (SELECT tag_id FROM tags WHERE name = 'grass'));
INSERT OR IGNORE INTO tags (name) VALUES ('rock');
INSERT INTO photo_tags (photo_idx, tag_id) VALUES ((SELECT photo_idx FROM photos WHERE photo_id = 1481), (SELECT tag_id FROM tags WHERE name = 'rock'));
INSERT OR IGNORE INTO tags (name) VALUES ('sandstone');
INSERT INTO photo_tags (photo_idx, tag_id) VALUES ((SELECT photo_idx FROM photos WHERE photo_id = 1481), (SELECT tag_id FROM tags WHERE name = 'sandstone'));
INSERT OR IGNORE INTO tags (name) VALUES ('trees');
INSERT INTO photo_tags (photo_idx, tag_id) VALUES ((SELECT photo_idx FROM photos WHERE photo_id = 1481), (SELECT tag_id FROM tags WHERE name = 'trees'));

INSERT INTO photos (photo_id, photo_title, photo_collection, photo_location, photo_year, camera, film_stock, film_format) VALUES (1485, 'Red Wall and Desert Brush', 'Southwest', 'Paria Wilderness, Arizona', 1999, 'Hasselblad', 'Fujichrome Velvia', '6 x 6 cm');
INSERT INTO photos_fts (photo_idx, photo_id, photo_title, photo_collection, photo_location, photo_year, camera, film_stock, film_format, tag_names) VALUES ((SELECT photo_idx FROM photos WHERE photo_id = 1485), 1485, 'Red Wall and Desert Brush', 'Southwest', 'Paria Wilderness, Arizona', 1999, 'Hasselblad', 'Fujichrome Velvia', '6 x 6 cm', 'vertical,scenic,landscape,color,outdoors,orange,tan,grass,rock,sand,sandstone');
INSERT OR IGNORE INTO tags (name) VALUES ('vertical');
INSERT INTO photo_tags (photo_idx, tag_id) VALUES ((SELECT photo_idx FROM photos WHERE photo_id = 1485), (SELECT tag_id FROM tags WHERE name = 'vertical'));
INSERT OR IGNORE INTO tags (name) VALUES ('scenic');
INSERT INTO photo_tags (photo_idx, tag_id) VALUES ((SELECT photo_idx FROM photos WHERE photo_id = 1485), (SELECT tag_id FROM tags WHERE name = 'scenic'));
INSERT OR IGNORE INTO tags (name) VALUES ('landscape');
INSERT INTO photo_tags (photo_idx, tag_id) VALUES ((SELECT photo_idx FROM photos WHERE photo_id = 1485), (SELECT tag_id FROM tags WHERE name = 'landscape'));
INSERT OR IGNORE INTO tags (name) VALUES ('color');
INSERT INTO photo_tags (photo_idx, tag_id) VALUES ((SELECT photo_idx FROM photos WHERE photo_id = 1485), (SELECT tag_id FROM tags WHERE name = 'color'));
INSERT OR IGNORE INTO tags (name) VALUES ('outdoors');
INSERT INTO photo_tags (photo_idx, tag_id) VALUES ((SELECT photo_idx FROM photos WHERE photo_id = 1485), (SELECT tag_id FROM tags WHERE name = 'outdoors'));
INSERT OR IGNORE INTO tags (name) VALUES ('orange');
INSERT INTO photo_tags (photo_idx, tag_id) VALUES ((SELECT photo_idx FROM photos WHERE photo_id = 1485), (SELECT tag_id FROM tags WHERE name = 'orange'));
INSERT OR IGNORE INTO tags (name) VALUES ('tan');
INSERT INTO photo_tags (photo_idx, tag_id) VALUES ((SELECT photo_idx FROM photos WHERE photo_id = 1485), (SELECT tag_id FROM tags WHERE name = 'tan'));
INSERT OR IGNORE INTO tags (name) VALUES ('grass');
INSERT INTO photo_tags (photo_idx, tag_id) VALUES ((SELECT photo_idx FROM photos WHERE photo_id = 1485), (SELECT tag_id FROM tags WHERE name = 'grass'));
INSERT OR IGNORE INTO tags (name) VALUES ('rock');
INSERT INTO photo_tags (photo_idx, tag_id) VALUES ((SELECT photo_idx FROM photos WHERE photo_id = 1485), (SELECT tag_id FROM tags WHERE name = 'rock'));
INSERT OR IGNORE INTO tags (name) VALUES ('sand');
INSERT INTO photo_tags (photo_idx, tag_id) VALUES ((SELECT photo_idx FROM photos WHERE photo_id = 1485), (SELECT tag_id FROM tags WHERE name = 'sand'));
INSERT OR IGNORE INTO tags (name) VALUES ('sandstone');
INSERT INTO photo_tags (photo_idx, tag_id) VALUES ((SELECT photo_idx FROM photos WHERE photo_id = 1485), (SELECT tag_id FROM tags WHERE name = 'sandstone'));

INSERT INTO photos (photo_id, photo_title, photo_collection, photo_location, photo_year, camera, film_stock, film_format) VALUES (1486, 'Slanted Sandstone Bowl', 'Southwest', 'Paria Wilderness, Arizona', 1999, 'Hasselblad', 'Fujichrome Velvia', '6 x 6 cm');
INSERT INTO photos_fts (photo_idx, photo_id, photo_title, photo_collection, photo_location, photo_year, camera, film_stock, film_format, tag_names) VALUES ((SELECT photo_idx FROM photos WHERE photo_id = 1486), 1486, 'Slanted Sandstone Bowl', 'Southwest', 'Paria Wilderness, Arizona', 1999, 'Hasselblad', 'Fujichrome Velvia', '6 x 6 cm', 'vertical,scenic,landscape,color,outdoors,orange,tan,rock,sand,sandstone');
INSERT OR IGNORE INTO tags (name) VALUES ('vertical');
INSERT INTO photo_tags (photo_idx, tag_id) VALUES ((SELECT photo_idx FROM photos WHERE photo_id = 1486), (SELECT tag_id FROM tags WHERE name = 'vertical'));
INSERT OR IGNORE INTO tags (name) VALUES ('scenic');
INSERT INTO photo_tags (photo_idx, tag_id) VALUES ((SELECT photo_idx FROM photos WHERE photo_id = 1486), (SELECT tag_id FROM tags WHERE name = 'scenic'));
INSERT OR IGNORE INTO tags (name) VALUES ('landscape');
INSERT INTO photo_tags (photo_idx, tag_id) VALUES ((SELECT photo_idx FROM photos WHERE photo_id = 1486), (SELECT tag_id FROM tags WHERE name = 'landscape'));
INSERT OR IGNORE INTO tags (name) VALUES ('color');
INSERT INTO photo_tags (photo_idx, tag_id) VALUES ((SELECT photo_idx FROM photos WHERE photo_id = 1486), (SELECT tag_id FROM tags WHERE name = 'color'));
INSERT OR IGNORE INTO tags (name) VALUES ('outdoors');
INSERT INTO photo_tags (photo_idx, tag_id) VALUES ((SELECT photo_idx FROM photos WHERE photo_id = 1486), (SELECT tag_id FROM tags WHERE name = 'outdoors'));
INSERT OR IGNORE INTO tags (name) VALUES ('orange');
INSERT INTO photo_tags (photo_idx, tag_id) VALUES ((SELECT photo_idx FROM photos WHERE photo_id = 1486), (SELECT tag_id FROM tags WHERE name = 'orange'));
INSERT OR IGNORE INTO tags (name) VALUES ('tan');
INSERT INTO photo_tags (photo_idx, tag_id) VALUES ((SELECT photo_idx FROM photos WHERE photo_id = 1486), (SELECT tag_id FROM tags WHERE name = 'tan'));
INSERT OR IGNORE INTO tags (name) VALUES ('rock');
INSERT INTO photo_tags (photo_idx, tag_id) VALUES ((SELECT photo_idx FROM photos WHERE photo_id = 1486), (SELECT tag_id FROM tags WHERE name = 'rock'));
INSERT OR IGNORE INTO tags (name) VALUES ('sand');
INSERT INTO photo_tags (photo_idx, tag_id) VALUES ((SELECT photo_idx FROM photos WHERE photo_id = 1486), (SELECT tag_id FROM tags WHERE name = 'sand'));
INSERT OR IGNORE INTO tags (name) VALUES ('sandstone');
INSERT INTO photo_tags (photo_idx, tag_id) VALUES ((SELECT photo_idx FROM photos WHERE photo_id = 1486), (SELECT tag_id FROM tags WHERE name = 'sandstone'));

INSERT INTO photos (photo_id, photo_title, photo_collection, photo_location, photo_year, camera, film_stock, film_format) VALUES (1487, 'Sandstone Alcove at Paria', 'Southwest', 'Paria Wilderness, Arizona', 1999, 'Hasselblad', 'Fujichrome Velvia', '6 x 6 cm');
INSERT INTO photos_fts (photo_idx, photo_id, photo_title, photo_collection, photo_location, photo_year, camera, film_stock, film_format, tag_names) VALUES ((SELECT photo_idx FROM photos WHERE photo_id = 1487), 1487, 'Sandstone Alcove at Paria', 'Southwest', 'Paria Wilderness, Arizona', 1999, 'Hasselblad', 'Fujichrome Velvia', '6 x 6 cm', 'vertical,scenic,landscape,color,outdoors,orange,tan,rock,sand,sandstone');
INSERT OR IGNORE INTO tags (name) VALUES ('vertical');
INSERT INTO photo_tags (photo_idx, tag_id) VALUES ((SELECT photo_idx FROM photos WHERE photo_id = 1487), (SELECT tag_id FROM tags WHERE name = 'vertical'));
INSERT OR IGNORE INTO tags (name) VALUES ('scenic');
INSERT INTO photo_tags (photo_idx, tag_id) VALUES ((SELECT photo_idx FROM photos WHERE photo_id = 1487), (SELECT tag_id FROM tags WHERE name = 'scenic'));
INSERT OR IGNORE INTO tags (name) VALUES ('landscape');
INSERT INTO photo_tags (photo_idx, tag_id) VALUES ((SELECT photo_idx FROM photos WHERE photo_id = 1487), (SELECT tag_id FROM tags WHERE name = 'landscape'));
INSERT OR IGNORE INTO tags (name) VALUES ('color');
INSERT INTO photo_tags (photo_idx, tag_id) VALUES ((SELECT photo_idx FROM photos WHERE photo_id = 1487), (SELECT tag_id FROM tags WHERE name = 'color'));
INSERT OR IGNORE INTO tags (name) VALUES ('outdoors');
INSERT INTO photo_tags (photo_idx, tag_id) VALUES ((SELECT photo_idx FROM photos WHERE photo_id = 1487), (SELECT tag_id FROM tags WHERE name = 'outdoors'));
INSERT OR IGNORE INTO tags (name) VALUES ('orange');
INSERT INTO photo_tags (photo_idx, tag_id) VALUES ((SELECT photo_idx FROM photos WHERE photo_id = 1487), (SELECT tag_id FROM tags WHERE name = 'orange'));
INSERT OR IGNORE INTO tags (name) VALUES ('tan');
INSERT INTO photo_tags (photo_idx, tag_id) VALUES ((SELECT photo_idx FROM photos WHERE photo_id = 1487), (SELECT tag_id FROM tags WHERE name = 'tan'));
INSERT OR IGNORE INTO tags (name) VALUES ('rock');
INSERT INTO photo_tags (photo_idx, tag_id) VALUES ((SELECT photo_idx FROM photos WHERE photo_id = 1487), (SELECT tag_id FROM tags WHERE name = 'rock'));
INSERT OR IGNORE INTO tags (name) VALUES ('sand');
INSERT INTO photo_tags (photo_idx, tag_id) VALUES ((SELECT photo_idx FROM photos WHERE photo_id = 1487), (SELECT tag_id FROM tags WHERE name = 'sand'));
INSERT OR IGNORE INTO tags (name) VALUES ('sandstone');
INSERT INTO photo_tags (photo_idx, tag_id) VALUES ((SELECT photo_idx FROM photos WHERE photo_id = 1487), (SELECT tag_id FROM tags WHERE name = 'sandstone'));

INSERT INTO photos (photo_id, photo_title, photo_collection, photo_location, photo_year, camera, film_stock, film_format) VALUES (1488, 'Diagonal Stripes in Sandstone', 'Southwest', 'Paria Wilderness, Arizona', 1999, 'Hasselblad', 'Fujichrome Velvia', '6 x 6 cm');
INSERT INTO photos_fts (photo_idx, photo_id, photo_title, photo_collection, photo_location, photo_year, camera, film_stock, film_format, tag_names) VALUES ((SELECT photo_idx FROM photos WHERE photo_id = 1488), 1488, 'Diagonal Stripes in Sandstone', 'Southwest', 'Paria Wilderness, Arizona', 1999, 'Hasselblad', 'Fujichrome Velvia', '6 x 6 cm', 'horizontal,scenic,landscape,color,outdoors,orange,tan,rock,sandstone');
INSERT OR IGNORE INTO tags (name) VALUES ('horizontal');
INSERT INTO photo_tags (photo_idx, tag_id) VALUES ((SELECT photo_idx FROM photos WHERE photo_id = 1488), (SELECT tag_id FROM tags WHERE name = 'horizontal'));
INSERT OR IGNORE INTO tags (name) VALUES ('scenic');
INSERT INTO photo_tags (photo_idx, tag_id) VALUES ((SELECT photo_idx FROM photos WHERE photo_id = 1488), (SELECT tag_id FROM tags WHERE name = 'scenic'));
INSERT OR IGNORE INTO tags (name) VALUES ('landscape');
INSERT INTO photo_tags (photo_idx, tag_id) VALUES ((SELECT photo_idx FROM photos WHERE photo_id = 1488), (SELECT tag_id FROM tags WHERE name = 'landscape'));
INSERT OR IGNORE INTO tags (name) VALUES ('color');
INSERT INTO photo_tags (photo_idx, tag_id) VALUES ((SELECT photo_idx FROM photos WHERE photo_id = 1488), (SELECT tag_id FROM tags WHERE name = 'color'));
INSERT OR IGNORE INTO tags (name) VALUES ('outdoors');
INSERT INTO photo_tags (photo_idx, tag_id) VALUES ((SELECT photo_idx FROM photos WHERE photo_id = 1488), (SELECT tag_id FROM tags WHERE name = 'outdoors'));
INSERT OR IGNORE INTO tags (name) VALUES ('orange');
INSERT INTO photo_tags (photo_idx, tag_id) VALUES ((SELECT photo_idx FROM photos WHERE photo_id = 1488), (SELECT tag_id FROM tags WHERE name = 'orange'));
INSERT OR IGNORE INTO tags (name) VALUES ('tan');
INSERT INTO photo_tags (photo_idx, tag_id) VALUES ((SELECT photo_idx FROM photos WHERE photo_id = 1488), (SELECT tag_id FROM tags WHERE name = 'tan'));
INSERT OR IGNORE INTO tags (name) VALUES ('rock');
INSERT INTO photo_tags (photo_idx, tag_id) VALUES ((SELECT photo_idx FROM photos WHERE photo_id = 1488), (SELECT tag_id FROM tags WHERE name = 'rock'));
INSERT OR IGNORE INTO tags (name) VALUES ('sandstone');
INSERT INTO photo_tags (photo_idx, tag_id) VALUES ((SELECT photo_idx FROM photos WHERE photo_id = 1488), (SELECT tag_id FROM tags WHERE name = 'sandstone'));

INSERT INTO photos (photo_id, photo_title, photo_collection, photo_location, photo_year, camera, film_stock, film_format) VALUES (1490, 'Around the Bend', 'Southwest', 'Paria Wilderness, Arizona', 1999, 'Hasselblad', 'Fujichrome Velvia', '6 x 6 cm');
INSERT INTO photos_fts (photo_idx, photo_id, photo_title, photo_collection, photo_location, photo_year, camera, film_stock, film_format, tag_names) VALUES ((SELECT photo_idx FROM photos WHERE photo_id = 1490), 1490, 'Around the Bend', 'Southwest', 'Paria Wilderness, Arizona', 1999, 'Hasselblad', 'Fujichrome Velvia', '6 x 6 cm', 'vertical,scenic,landscape,color,outdoors,orange,tan,rock,sandstone');
INSERT OR IGNORE INTO tags (name) VALUES ('vertical');
INSERT INTO photo_tags (photo_idx, tag_id) VALUES ((SELECT photo_idx FROM photos WHERE photo_id = 1490), (SELECT tag_id FROM tags WHERE name = 'vertical'));
INSERT OR IGNORE INTO tags (name) VALUES ('scenic');
INSERT INTO photo_tags (photo_idx, tag_id) VALUES ((SELECT photo_idx FROM photos WHERE photo_id = 1490), (SELECT tag_id FROM tags WHERE name = 'scenic'));
INSERT OR IGNORE INTO tags (name) VALUES ('landscape');
INSERT INTO photo_tags (photo_idx, tag_id) VALUES ((SELECT photo_idx FROM photos WHERE photo_id = 1490), (SELECT tag_id FROM tags WHERE name = 'landscape'));
INSERT OR IGNORE INTO tags (name) VALUES ('color');
INSERT INTO photo_tags (photo_idx, tag_id) VALUES ((SELECT photo_idx FROM photos WHERE photo_id = 1490), (SELECT tag_id FROM tags WHERE name = 'color'));
INSERT OR IGNORE INTO tags (name) VALUES ('outdoors');
INSERT INTO photo_tags (photo_idx, tag_id) VALUES ((SELECT photo_idx FROM photos WHERE photo_id = 1490), (SELECT tag_id FROM tags WHERE name = 'outdoors'));
INSERT OR IGNORE INTO tags (name) VALUES ('orange');
INSERT INTO photo_tags (photo_idx, tag_id) VALUES ((SELECT photo_idx FROM photos WHERE photo_id = 1490), (SELECT tag_id FROM tags WHERE name = 'orange'));
INSERT OR IGNORE INTO tags (name) VALUES ('tan');
INSERT INTO photo_tags (photo_idx, tag_id) VALUES ((SELECT photo_idx FROM photos WHERE photo_id = 1490), (SELECT tag_id FROM tags WHERE name = 'tan'));
INSERT OR IGNORE INTO tags (name) VALUES ('rock');
INSERT INTO photo_tags (photo_idx, tag_id) VALUES ((SELECT photo_idx FROM photos WHERE photo_id = 1490), (SELECT tag_id FROM tags WHERE name = 'rock'));
INSERT OR IGNORE INTO tags (name) VALUES ('sandstone');
INSERT INTO photo_tags (photo_idx, tag_id) VALUES ((SELECT photo_idx FROM photos WHERE photo_id = 1490), (SELECT tag_id FROM tags WHERE name = 'sandstone'));

INSERT INTO photos (photo_id, photo_title, photo_collection, photo_location, photo_year, camera, film_stock, film_format) VALUES (1492, 'Keith on the Cliff', 'Southwest', 'Paria Wilderness, Arizona', 1999, 'Hasselblad', 'Fujichrome Velvia', '6 x 6 cm');
INSERT INTO photos_fts (photo_idx, photo_id, photo_title, photo_collection, photo_location, photo_year, camera, film_stock, film_format, tag_names) VALUES ((SELECT photo_idx FROM photos WHERE photo_id = 1492), 1492, 'Keith on the Cliff', 'Southwest', 'Paria Wilderness, Arizona', 1999, 'Hasselblad', 'Fujichrome Velvia', '6 x 6 cm', 'vertical,scenic,landscape,color,outdoors,orange,tan,rock,sandstone');
INSERT OR IGNORE INTO tags (name) VALUES ('vertical');
INSERT INTO photo_tags (photo_idx, tag_id) VALUES ((SELECT photo_idx FROM photos WHERE photo_id = 1492), (SELECT tag_id FROM tags WHERE name = 'vertical'));
INSERT OR IGNORE INTO tags (name) VALUES ('scenic');
INSERT INTO photo_tags (photo_idx, tag_id) VALUES ((SELECT photo_idx FROM photos WHERE photo_id = 1492), (SELECT tag_id FROM tags WHERE name = 'scenic'));
INSERT OR IGNORE INTO tags (name) VALUES ('landscape');
INSERT INTO photo_tags (photo_idx, tag_id) VALUES ((SELECT photo_idx FROM photos WHERE photo_id = 1492), (SELECT tag_id FROM tags WHERE name = 'landscape'));
INSERT OR IGNORE INTO tags (name) VALUES ('color');
INSERT INTO photo_tags (photo_idx, tag_id) VALUES ((SELECT photo_idx FROM photos WHERE photo_id = 1492), (SELECT tag_id FROM tags WHERE name = 'color'));
INSERT OR IGNORE INTO tags (name) VALUES ('outdoors');
INSERT INTO photo_tags (photo_idx, tag_id) VALUES ((SELECT photo_idx FROM photos WHERE photo_id = 1492), (SELECT tag_id FROM tags WHERE name = 'outdoors'));
INSERT OR IGNORE INTO tags (name) VALUES ('orange');
INSERT INTO photo_tags (photo_idx, tag_id) VALUES ((SELECT photo_idx FROM photos WHERE photo_id = 1492), (SELECT tag_id FROM tags WHERE name = 'orange'));
INSERT OR IGNORE INTO tags (name) VALUES ('tan');
INSERT INTO photo_tags (photo_idx, tag_id) VALUES ((SELECT photo_idx FROM photos WHERE photo_id = 1492), (SELECT tag_id FROM tags WHERE name = 'tan'));
INSERT OR IGNORE INTO tags (name) VALUES ('rock');
INSERT INTO photo_tags (photo_idx, tag_id) VALUES ((SELECT photo_idx FROM photos WHERE photo_id = 1492), (SELECT tag_id FROM tags WHERE name = 'rock'));
INSERT OR IGNORE INTO tags (name) VALUES ('sandstone');
INSERT INTO photo_tags (photo_idx, tag_id) VALUES ((SELECT photo_idx FROM photos WHERE photo_id = 1492), (SELECT tag_id FROM tags WHERE name = 'sandstone'));

INSERT INTO photos (photo_id, photo_title, photo_collection, photo_location, photo_year, camera, film_stock, film_format) VALUES (1493, 'Charlie and Keith in Paria Wilderness', 'Southwest', 'Paria Wilderness, Arizona', 1999, 'Hasselblad', 'Fujichrome Velvia', '6 x 6 cm');
INSERT INTO photos_fts (photo_idx, photo_id, photo_title, photo_collection, photo_location, photo_year, camera, film_stock, film_format, tag_names) VALUES ((SELECT photo_idx FROM photos WHERE photo_id = 1493), 1493, 'Charlie and Keith in Paria Wilderness', 'Southwest', 'Paria Wilderness, Arizona', 1999, 'Hasselblad', 'Fujichrome Velvia', '6 x 6 cm', 'vertical,scenic,landscape,color,outdoors,orange,tan,rock,sand,sandstone');
INSERT OR IGNORE INTO tags (name) VALUES ('vertical');
INSERT INTO photo_tags (photo_idx, tag_id) VALUES ((SELECT photo_idx FROM photos WHERE photo_id = 1493), (SELECT tag_id FROM tags WHERE name = 'vertical'));
INSERT OR IGNORE INTO tags (name) VALUES ('scenic');
INSERT INTO photo_tags (photo_idx, tag_id) VALUES ((SELECT photo_idx FROM photos WHERE photo_id = 1493), (SELECT tag_id FROM tags WHERE name = 'scenic'));
INSERT OR IGNORE INTO tags (name) VALUES ('landscape');
INSERT INTO photo_tags (photo_idx, tag_id) VALUES ((SELECT photo_idx FROM photos WHERE photo_id = 1493), (SELECT tag_id FROM tags WHERE name = 'landscape'));
INSERT OR IGNORE INTO tags (name) VALUES ('color');
INSERT INTO photo_tags (photo_idx, tag_id) VALUES ((SELECT photo_idx FROM photos WHERE photo_id = 1493), (SELECT tag_id FROM tags WHERE name = 'color'));
INSERT OR IGNORE INTO tags (name) VALUES ('outdoors');
INSERT INTO photo_tags (photo_idx, tag_id) VALUES ((SELECT photo_idx FROM photos WHERE photo_id = 1493), (SELECT tag_id FROM tags WHERE name = 'outdoors'));
INSERT OR IGNORE INTO tags (name) VALUES ('orange');
INSERT INTO photo_tags (photo_idx, tag_id) VALUES ((SELECT photo_idx FROM photos WHERE photo_id = 1493), (SELECT tag_id FROM tags WHERE name = 'orange'));
INSERT OR IGNORE INTO tags (name) VALUES ('tan');
INSERT INTO photo_tags (photo_idx, tag_id) VALUES ((SELECT photo_idx FROM photos WHERE photo_id = 1493), (SELECT tag_id FROM tags WHERE name = 'tan'));
INSERT OR IGNORE INTO tags (name) VALUES ('rock');
INSERT INTO photo_tags (photo_idx, tag_id) VALUES ((SELECT photo_idx FROM photos WHERE photo_id = 1493), (SELECT tag_id FROM tags WHERE name = 'rock'));
INSERT OR IGNORE INTO tags (name) VALUES ('sand');
INSERT INTO photo_tags (photo_idx, tag_id) VALUES ((SELECT photo_idx FROM photos WHERE photo_id = 1493), (SELECT tag_id FROM tags WHERE name = 'sand'));
INSERT OR IGNORE INTO tags (name) VALUES ('sandstone');
INSERT INTO photo_tags (photo_idx, tag_id) VALUES ((SELECT photo_idx FROM photos WHERE photo_id = 1493), (SELECT tag_id FROM tags WHERE name = 'sandstone'));

INSERT INTO photos (photo_id, photo_title, photo_collection, photo_location, photo_year, camera, film_stock, film_format) VALUES (1494, 'Curved Sandstone and Bush', 'Southwest', 'Paria Wilderness, Arizona', 1999, 'Hasselblad', 'Fujichrome Velvia', '6 x 6 cm');
INSERT INTO photos_fts (photo_idx, photo_id, photo_title, photo_collection, photo_location, photo_year, camera, film_stock, film_format, tag_names) VALUES ((SELECT photo_idx FROM photos WHERE photo_id = 1494), 1494, 'Curved Sandstone and Bush', 'Southwest', 'Paria Wilderness, Arizona', 1999, 'Hasselblad', 'Fujichrome Velvia', '6 x 6 cm', 'vertical,popular,scenic,landscape,color,outdoors,orange,tan,rock,sand,sandstone');
INSERT OR IGNORE INTO tags (name) VALUES ('vertical');
INSERT INTO photo_tags (photo_idx, tag_id) VALUES ((SELECT photo_idx FROM photos WHERE photo_id = 1494), (SELECT tag_id FROM tags WHERE name = 'vertical'));
INSERT OR IGNORE INTO tags (name) VALUES ('popular');
INSERT INTO photo_tags (photo_idx, tag_id) VALUES ((SELECT photo_idx FROM photos WHERE photo_id = 1494), (SELECT tag_id FROM tags WHERE name = 'popular'));
INSERT OR IGNORE INTO tags (name) VALUES ('scenic');
INSERT INTO photo_tags (photo_idx, tag_id) VALUES ((SELECT photo_idx FROM photos WHERE photo_id = 1494), (SELECT tag_id FROM tags WHERE name = 'scenic'));
INSERT OR IGNORE INTO tags (name) VALUES ('landscape');
INSERT INTO photo_tags (photo_idx, tag_id) VALUES ((SELECT photo_idx FROM photos WHERE photo_id = 1494), (SELECT tag_id FROM tags WHERE name = 'landscape'));
INSERT OR IGNORE INTO tags (name) VALUES ('color');
INSERT INTO photo_tags (photo_idx, tag_id) VALUES ((SELECT photo_idx FROM photos WHERE photo_id = 1494), (SELECT tag_id FROM tags WHERE name = 'color'));
INSERT OR IGNORE INTO tags (name) VALUES ('outdoors');
INSERT INTO photo_tags (photo_idx, tag_id) VALUES ((SELECT photo_idx FROM photos WHERE photo_id = 1494), (SELECT tag_id FROM tags WHERE name = 'outdoors'));
INSERT OR IGNORE INTO tags (name) VALUES ('orange');
INSERT INTO photo_tags (photo_idx, tag_id) VALUES ((SELECT photo_idx FROM photos WHERE photo_id = 1494), (SELECT tag_id FROM tags WHERE name = 'orange'));
INSERT OR IGNORE INTO tags (name) VALUES ('tan');
INSERT INTO photo_tags (photo_idx, tag_id) VALUES ((SELECT photo_idx FROM photos WHERE photo_id = 1494), (SELECT tag_id FROM tags WHERE name = 'tan'));
INSERT OR IGNORE INTO tags (name) VALUES ('rock');
INSERT INTO photo_tags (photo_idx, tag_id) VALUES ((SELECT photo_idx FROM photos WHERE photo_id = 1494), (SELECT tag_id FROM tags WHERE name = 'rock'));
INSERT OR IGNORE INTO tags (name) VALUES ('sand');
INSERT INTO photo_tags (photo_idx, tag_id) VALUES ((SELECT photo_idx FROM photos WHERE photo_id = 1494), (SELECT tag_id FROM tags WHERE name = 'sand'));
INSERT OR IGNORE INTO tags (name) VALUES ('sandstone');
INSERT INTO photo_tags (photo_idx, tag_id) VALUES ((SELECT photo_idx FROM photos WHERE photo_id = 1494), (SELECT tag_id FROM tags WHERE name = 'sandstone'));

INSERT INTO photos (photo_id, photo_title, photo_collection, photo_location, photo_year, camera, film_stock, film_format) VALUES (1495, 'Rock Shelf and Brush', 'Southwest', 'Paria Wilderness, Arizona', 1999, 'Hasselblad', 'Fujichrome Velvia', '6 x 6 cm');
INSERT INTO photos_fts (photo_idx, photo_id, photo_title, photo_collection, photo_location, photo_year, camera, film_stock, film_format, tag_names) VALUES ((SELECT photo_idx FROM photos WHERE photo_id = 1495), 1495, 'Rock Shelf and Brush', 'Southwest', 'Paria Wilderness, Arizona', 1999, 'Hasselblad', 'Fujichrome Velvia', '6 x 6 cm', 'horizontal,scenic,landscape,color,outdoors,orange,tan,rock,sand,sandstone');
INSERT OR IGNORE INTO tags (name) VALUES ('horizontal');
INSERT INTO photo_tags (photo_idx, tag_id) VALUES ((SELECT photo_idx FROM photos WHERE photo_id = 1495), (SELECT tag_id FROM tags WHERE name = 'horizontal'));
INSERT OR IGNORE INTO tags (name) VALUES ('scenic');
INSERT INTO photo_tags (photo_idx, tag_id) VALUES ((SELECT photo_idx FROM photos WHERE photo_id = 1495), (SELECT tag_id FROM tags WHERE name = 'scenic'));
INSERT OR IGNORE INTO tags (name) VALUES ('landscape');
INSERT INTO photo_tags (photo_idx, tag_id) VALUES ((SELECT photo_idx FROM photos WHERE photo_id = 1495), (SELECT tag_id FROM tags WHERE name = 'landscape'));
INSERT OR IGNORE INTO tags (name) VALUES ('color');
INSERT INTO photo_tags (photo_idx, tag_id) VALUES ((SELECT photo_idx FROM photos WHERE photo_id = 1495), (SELECT tag_id FROM tags WHERE name = 'color'));
INSERT OR IGNORE INTO tags (name) VALUES ('outdoors');
INSERT INTO photo_tags (photo_idx, tag_id) VALUES ((SELECT photo_idx FROM photos WHERE photo_id = 1495), (SELECT tag_id FROM tags WHERE name = 'outdoors'));
INSERT OR IGNORE INTO tags (name) VALUES ('orange');
INSERT INTO photo_tags (photo_idx, tag_id) VALUES ((SELECT photo_idx FROM photos WHERE photo_id = 1495), (SELECT tag_id FROM tags WHERE name = 'orange'));
INSERT OR IGNORE INTO tags (name) VALUES ('tan');
INSERT INTO photo_tags (photo_idx, tag_id) VALUES ((SELECT photo_idx FROM photos WHERE photo_id = 1495), (SELECT tag_id FROM tags WHERE name = 'tan'));
INSERT OR IGNORE INTO tags (name) VALUES ('rock');
INSERT INTO photo_tags (photo_idx, tag_id) VALUES ((SELECT photo_idx FROM photos WHERE photo_id = 1495), (SELECT tag_id FROM tags WHERE name = 'rock'));
INSERT OR IGNORE INTO tags (name) VALUES ('sand');
INSERT INTO photo_tags (photo_idx, tag_id) VALUES ((SELECT photo_idx FROM photos WHERE photo_id = 1495), (SELECT tag_id FROM tags WHERE name = 'sand'));
INSERT OR IGNORE INTO tags (name) VALUES ('sandstone');
INSERT INTO photo_tags (photo_idx, tag_id) VALUES ((SELECT photo_idx FROM photos WHERE photo_id = 1495), (SELECT tag_id FROM tags WHERE name = 'sandstone'));

INSERT INTO photos (photo_id, photo_title, photo_collection, photo_location, photo_year, camera, film_stock, film_format) VALUES (1498, 'Swirls in Sandstone', 'Southwest', 'Paria Wilderness, Arizona', 1999, 'Hasselblad', 'Fujichrome Velvia', '6 x 6 cm');
INSERT INTO photos_fts (photo_idx, photo_id, photo_title, photo_collection, photo_location, photo_year, camera, film_stock, film_format, tag_names) VALUES ((SELECT photo_idx FROM photos WHERE photo_id = 1498), 1498, 'Swirls in Sandstone', 'Southwest', 'Paria Wilderness, Arizona', 1999, 'Hasselblad', 'Fujichrome Velvia', '6 x 6 cm', 'horizontal,scenic,landscape,color,outdoors,gray,orange,tan,rock,sandstone');
INSERT OR IGNORE INTO tags (name) VALUES ('horizontal');
INSERT INTO photo_tags (photo_idx, tag_id) VALUES ((SELECT photo_idx FROM photos WHERE photo_id = 1498), (SELECT tag_id FROM tags WHERE name = 'horizontal'));
INSERT OR IGNORE INTO tags (name) VALUES ('scenic');
INSERT INTO photo_tags (photo_idx, tag_id) VALUES ((SELECT photo_idx FROM photos WHERE photo_id = 1498), (SELECT tag_id FROM tags WHERE name = 'scenic'));
INSERT OR IGNORE INTO tags (name) VALUES ('landscape');
INSERT INTO photo_tags (photo_idx, tag_id) VALUES ((SELECT photo_idx FROM photos WHERE photo_id = 1498), (SELECT tag_id FROM tags WHERE name = 'landscape'));
INSERT OR IGNORE INTO tags (name) VALUES ('color');
INSERT INTO photo_tags (photo_idx, tag_id) VALUES ((SELECT photo_idx FROM photos WHERE photo_id = 1498), (SELECT tag_id FROM tags WHERE name = 'color'));
INSERT OR IGNORE INTO tags (name) VALUES ('outdoors');
INSERT INTO photo_tags (photo_idx, tag_id) VALUES ((SELECT photo_idx FROM photos WHERE photo_id = 1498), (SELECT tag_id FROM tags WHERE name = 'outdoors'));
INSERT OR IGNORE INTO tags (name) VALUES ('gray');
INSERT INTO photo_tags (photo_idx, tag_id) VALUES ((SELECT photo_idx FROM photos WHERE photo_id = 1498), (SELECT tag_id FROM tags WHERE name = 'gray'));
INSERT OR IGNORE INTO tags (name) VALUES ('orange');
INSERT INTO photo_tags (photo_idx, tag_id) VALUES ((SELECT photo_idx FROM photos WHERE photo_id = 1498), (SELECT tag_id FROM tags WHERE name = 'orange'));
INSERT OR IGNORE INTO tags (name) VALUES ('tan');
INSERT INTO photo_tags (photo_idx, tag_id) VALUES ((SELECT photo_idx FROM photos WHERE photo_id = 1498), (SELECT tag_id FROM tags WHERE name = 'tan'));
INSERT OR IGNORE INTO tags (name) VALUES ('rock');
INSERT INTO photo_tags (photo_idx, tag_id) VALUES ((SELECT photo_idx FROM photos WHERE photo_id = 1498), (SELECT tag_id FROM tags WHERE name = 'rock'));
INSERT OR IGNORE INTO tags (name) VALUES ('sandstone');
INSERT INTO photo_tags (photo_idx, tag_id) VALUES ((SELECT photo_idx FROM photos WHERE photo_id = 1498), (SELECT tag_id FROM tags WHERE name = 'sandstone'));

INSERT INTO photos (photo_id, photo_title, photo_collection, photo_location, photo_year, camera, film_stock, film_format) VALUES (1499, 'Sandstone Fin', 'Southwest', 'Paria Wilderness, Arizona', 1999, 'Hasselblad', 'Fujichrome Velvia', '6 x 6 cm');
INSERT INTO photos_fts (photo_idx, photo_id, photo_title, photo_collection, photo_location, photo_year, camera, film_stock, film_format, tag_names) VALUES ((SELECT photo_idx FROM photos WHERE photo_id = 1499), 1499, 'Sandstone Fin', 'Southwest', 'Paria Wilderness, Arizona', 1999, 'Hasselblad', 'Fujichrome Velvia', '6 x 6 cm', 'vertical,closeup,landscape,color,outdoors,orange,tan,rock,sandstone');
INSERT OR IGNORE INTO tags (name) VALUES ('vertical');
INSERT INTO photo_tags (photo_idx, tag_id) VALUES ((SELECT photo_idx FROM photos WHERE photo_id = 1499), (SELECT tag_id FROM tags WHERE name = 'vertical'));
INSERT OR IGNORE INTO tags (name) VALUES ('closeup');
INSERT INTO photo_tags (photo_idx, tag_id) VALUES ((SELECT photo_idx FROM photos WHERE photo_id = 1499), (SELECT tag_id FROM tags WHERE name = 'closeup'));
INSERT OR IGNORE INTO tags (name) VALUES ('landscape');
INSERT INTO photo_tags (photo_idx, tag_id) VALUES ((SELECT photo_idx FROM photos WHERE photo_id = 1499), (SELECT tag_id FROM tags WHERE name = 'landscape'));
INSERT OR IGNORE INTO tags (name) VALUES ('color');
INSERT INTO photo_tags (photo_idx, tag_id) VALUES ((SELECT photo_idx FROM photos WHERE photo_id = 1499), (SELECT tag_id FROM tags WHERE name = 'color'));
INSERT OR IGNORE INTO tags (name) VALUES ('outdoors');
INSERT INTO photo_tags (photo_idx, tag_id) VALUES ((SELECT photo_idx FROM photos WHERE photo_id = 1499), (SELECT tag_id FROM tags WHERE name = 'outdoors'));
INSERT OR IGNORE INTO tags (name) VALUES ('orange');
INSERT INTO photo_tags (photo_idx, tag_id) VALUES ((SELECT photo_idx FROM photos WHERE photo_id = 1499), (SELECT tag_id FROM tags WHERE name = 'orange'));
INSERT OR IGNORE INTO tags (name) VALUES ('tan');
INSERT INTO photo_tags (photo_idx, tag_id) VALUES ((SELECT photo_idx FROM photos WHERE photo_id = 1499), (SELECT tag_id FROM tags WHERE name = 'tan'));
INSERT OR IGNORE INTO tags (name) VALUES ('rock');
INSERT INTO photo_tags (photo_idx, tag_id) VALUES ((SELECT photo_idx FROM photos WHERE photo_id = 1499), (SELECT tag_id FROM tags WHERE name = 'rock'));
INSERT OR IGNORE INTO tags (name) VALUES ('sandstone');
INSERT INTO photo_tags (photo_idx, tag_id) VALUES ((SELECT photo_idx FROM photos WHERE photo_id = 1499), (SELECT tag_id FROM tags WHERE name = 'sandstone'));

INSERT INTO photos (photo_id, photo_title, photo_collection, photo_location, photo_year, camera, film_stock, film_format) VALUES (1500, 'Grid of Sandstone Fins', 'Southwest', 'Paria Wilderness, Arizona', 1999, 'Hasselblad', 'Fujichrome Velvia', '6 x 6 cm');
INSERT INTO photos_fts (photo_idx, photo_id, photo_title, photo_collection, photo_location, photo_year, camera, film_stock, film_format, tag_names) VALUES ((SELECT photo_idx FROM photos WHERE photo_id = 1500), 1500, 'Grid of Sandstone Fins', 'Southwest', 'Paria Wilderness, Arizona', 1999, 'Hasselblad', 'Fujichrome Velvia', '6 x 6 cm', 'horizontal,scenic,landscape,color,outdoors,orange,tan,rock,sandstone');
INSERT OR IGNORE INTO tags (name) VALUES ('horizontal');
INSERT INTO photo_tags (photo_idx, tag_id) VALUES ((SELECT photo_idx FROM photos WHERE photo_id = 1500), (SELECT tag_id FROM tags WHERE name = 'horizontal'));
INSERT OR IGNORE INTO tags (name) VALUES ('scenic');
INSERT INTO photo_tags (photo_idx, tag_id) VALUES ((SELECT photo_idx FROM photos WHERE photo_id = 1500), (SELECT tag_id FROM tags WHERE name = 'scenic'));
INSERT OR IGNORE INTO tags (name) VALUES ('landscape');
INSERT INTO photo_tags (photo_idx, tag_id) VALUES ((SELECT photo_idx FROM photos WHERE photo_id = 1500), (SELECT tag_id FROM tags WHERE name = 'landscape'));
INSERT OR IGNORE INTO tags (name) VALUES ('color');
INSERT INTO photo_tags (photo_idx, tag_id) VALUES ((SELECT photo_idx FROM photos WHERE photo_id = 1500), (SELECT tag_id FROM tags WHERE name = 'color'));
INSERT OR IGNORE INTO tags (name) VALUES ('outdoors');
INSERT INTO photo_tags (photo_idx, tag_id) VALUES ((SELECT photo_idx FROM photos WHERE photo_id = 1500), (SELECT tag_id FROM tags WHERE name = 'outdoors'));
INSERT OR IGNORE INTO tags (name) VALUES ('orange');
INSERT INTO photo_tags (photo_idx, tag_id) VALUES ((SELECT photo_idx FROM photos WHERE photo_id = 1500), (SELECT tag_id FROM tags WHERE name = 'orange'));
INSERT OR IGNORE INTO tags (name) VALUES ('tan');
INSERT INTO photo_tags (photo_idx, tag_id) VALUES ((SELECT photo_idx FROM photos WHERE photo_id = 1500), (SELECT tag_id FROM tags WHERE name = 'tan'));
INSERT OR IGNORE INTO tags (name) VALUES ('rock');
INSERT INTO photo_tags (photo_idx, tag_id) VALUES ((SELECT photo_idx FROM photos WHERE photo_id = 1500), (SELECT tag_id FROM tags WHERE name = 'rock'));
INSERT OR IGNORE INTO tags (name) VALUES ('sandstone');
INSERT INTO photo_tags (photo_idx, tag_id) VALUES ((SELECT photo_idx FROM photos WHERE photo_id = 1500), (SELECT tag_id FROM tags WHERE name = 'sandstone'));

INSERT INTO photos (photo_id, photo_title, photo_collection, photo_location, photo_year, camera, film_stock, film_format) VALUES (1501, 'Curved Wall of Fins', 'Southwest', 'Paria Wilderness, Arizona', 1999, 'Hasselblad', 'Fujichrome Velvia', '6 x 6 cm');
INSERT INTO photos_fts (photo_idx, photo_id, photo_title, photo_collection, photo_location, photo_year, camera, film_stock, film_format, tag_names) VALUES ((SELECT photo_idx FROM photos WHERE photo_id = 1501), 1501, 'Curved Wall of Fins', 'Southwest', 'Paria Wilderness, Arizona', 1999, 'Hasselblad', 'Fujichrome Velvia', '6 x 6 cm', 'vertical,scenic,landscape,color,outdoors,orange,tan,rock,sandstone');
INSERT OR IGNORE INTO tags (name) VALUES ('vertical');
INSERT INTO photo_tags (photo_idx, tag_id) VALUES ((SELECT photo_idx FROM photos WHERE photo_id = 1501), (SELECT tag_id FROM tags WHERE name = 'vertical'));
INSERT OR IGNORE INTO tags (name) VALUES ('scenic');
INSERT INTO photo_tags (photo_idx, tag_id) VALUES ((SELECT photo_idx FROM photos WHERE photo_id = 1501), (SELECT tag_id FROM tags WHERE name = 'scenic'));
INSERT OR IGNORE INTO tags (name) VALUES ('landscape');
INSERT INTO photo_tags (photo_idx, tag_id) VALUES ((SELECT photo_idx FROM photos WHERE photo_id = 1501), (SELECT tag_id FROM tags WHERE name = 'landscape'));
INSERT OR IGNORE INTO tags (name) VALUES ('color');
INSERT INTO photo_tags (photo_idx, tag_id) VALUES ((SELECT photo_idx FROM photos WHERE photo_id = 1501), (SELECT tag_id FROM tags WHERE name = 'color'));
INSERT OR IGNORE INTO tags (name) VALUES ('outdoors');
INSERT INTO photo_tags (photo_idx, tag_id) VALUES ((SELECT photo_idx FROM photos WHERE photo_id = 1501), (SELECT tag_id FROM tags WHERE name = 'outdoors'));
INSERT OR IGNORE INTO tags (name) VALUES ('orange');
INSERT INTO photo_tags (photo_idx, tag_id) VALUES ((SELECT photo_idx FROM photos WHERE photo_id = 1501), (SELECT tag_id FROM tags WHERE name = 'orange'));
INSERT OR IGNORE INTO tags (name) VALUES ('tan');
INSERT INTO photo_tags (photo_idx, tag_id) VALUES ((SELECT photo_idx FROM photos WHERE photo_id = 1501), (SELECT tag_id FROM tags WHERE name = 'tan'));
INSERT OR IGNORE INTO tags (name) VALUES ('rock');
INSERT INTO photo_tags (photo_idx, tag_id) VALUES ((SELECT photo_idx FROM photos WHERE photo_id = 1501), (SELECT tag_id FROM tags WHERE name = 'rock'));
INSERT OR IGNORE INTO tags (name) VALUES ('sandstone');
INSERT INTO photo_tags (photo_idx, tag_id) VALUES ((SELECT photo_idx FROM photos WHERE photo_id = 1501), (SELECT tag_id FROM tags WHERE name = 'sandstone'));

INSERT INTO photos (photo_id, photo_title, photo_collection, photo_location, photo_year, camera, film_stock, film_format) VALUES (1502, 'Wall of Sandstone Fins', 'Southwest', 'Paria Wilderness, Arizona', 1999, 'Hasselblad', 'Fujichrome Velvia', '6 x 6 cm');
INSERT INTO photos_fts (photo_idx, photo_id, photo_title, photo_collection, photo_location, photo_year, camera, film_stock, film_format, tag_names) VALUES ((SELECT photo_idx FROM photos WHERE photo_id = 1502), 1502, 'Wall of Sandstone Fins', 'Southwest', 'Paria Wilderness, Arizona', 1999, 'Hasselblad', 'Fujichrome Velvia', '6 x 6 cm', 'horizontal,scenic,landscape,color,outdoors,orange,tan,rock,sandstone');
INSERT OR IGNORE INTO tags (name) VALUES ('horizontal');
INSERT INTO photo_tags (photo_idx, tag_id) VALUES ((SELECT photo_idx FROM photos WHERE photo_id = 1502), (SELECT tag_id FROM tags WHERE name = 'horizontal'));
INSERT OR IGNORE INTO tags (name) VALUES ('scenic');
INSERT INTO photo_tags (photo_idx, tag_id) VALUES ((SELECT photo_idx FROM photos WHERE photo_id = 1502), (SELECT tag_id FROM tags WHERE name = 'scenic'));
INSERT OR IGNORE INTO tags (name) VALUES ('landscape');
INSERT INTO photo_tags (photo_idx, tag_id) VALUES ((SELECT photo_idx FROM photos WHERE photo_id = 1502), (SELECT tag_id FROM tags WHERE name = 'landscape'));
INSERT OR IGNORE INTO tags (name) VALUES ('color');
INSERT INTO photo_tags (photo_idx, tag_id) VALUES ((SELECT photo_idx FROM photos WHERE photo_id = 1502), (SELECT tag_id FROM tags WHERE name = 'color'));
INSERT OR IGNORE INTO tags (name) VALUES ('outdoors');
INSERT INTO photo_tags (photo_idx, tag_id) VALUES ((SELECT photo_idx FROM photos WHERE photo_id = 1502), (SELECT tag_id FROM tags WHERE name = 'outdoors'));
INSERT OR IGNORE INTO tags (name) VALUES ('orange');
INSERT INTO photo_tags (photo_idx, tag_id) VALUES ((SELECT photo_idx FROM photos WHERE photo_id = 1502), (SELECT tag_id FROM tags WHERE name = 'orange'));
INSERT OR IGNORE INTO tags (name) VALUES ('tan');
INSERT INTO photo_tags (photo_idx, tag_id) VALUES ((SELECT photo_idx FROM photos WHERE photo_id = 1502), (SELECT tag_id FROM tags WHERE name = 'tan'));
INSERT OR IGNORE INTO tags (name) VALUES ('rock');
INSERT INTO photo_tags (photo_idx, tag_id) VALUES ((SELECT photo_idx FROM photos WHERE photo_id = 1502), (SELECT tag_id FROM tags WHERE name = 'rock'));
INSERT OR IGNORE INTO tags (name) VALUES ('sandstone');
INSERT INTO photo_tags (photo_idx, tag_id) VALUES ((SELECT photo_idx FROM photos WHERE photo_id = 1502), (SELECT tag_id FROM tags WHERE name = 'sandstone'));

INSERT INTO photos (photo_id, photo_title, photo_collection, photo_location, photo_year, camera, film_stock, film_format) VALUES (1503, 'Tree and Wall at Kolob', 'Southwest', 'Kolob Canyon, Utah', 1999, 'Hasselblad', 'Fujichrome Velvia', '6 x 6 cm');
INSERT INTO photos_fts (photo_idx, photo_id, photo_title, photo_collection, photo_location, photo_year, camera, film_stock, film_format, tag_names) VALUES ((SELECT photo_idx FROM photos WHERE photo_id = 1503), 1503, 'Tree and Wall at Kolob', 'Southwest', 'Kolob Canyon, Utah', 1999, 'Hasselblad', 'Fujichrome Velvia', '6 x 6 cm', 'vertical,scenic,landscape,color,outdoors,orange,red,yellow,rock,sandstone,trees,foliage');
INSERT OR IGNORE INTO tags (name) VALUES ('vertical');
INSERT INTO photo_tags (photo_idx, tag_id) VALUES ((SELECT photo_idx FROM photos WHERE photo_id = 1503), (SELECT tag_id FROM tags WHERE name = 'vertical'));
INSERT OR IGNORE INTO tags (name) VALUES ('scenic');
INSERT INTO photo_tags (photo_idx, tag_id) VALUES ((SELECT photo_idx FROM photos WHERE photo_id = 1503), (SELECT tag_id FROM tags WHERE name = 'scenic'));
INSERT OR IGNORE INTO tags (name) VALUES ('landscape');
INSERT INTO photo_tags (photo_idx, tag_id) VALUES ((SELECT photo_idx FROM photos WHERE photo_id = 1503), (SELECT tag_id FROM tags WHERE name = 'landscape'));
INSERT OR IGNORE INTO tags (name) VALUES ('color');
INSERT INTO photo_tags (photo_idx, tag_id) VALUES ((SELECT photo_idx FROM photos WHERE photo_id = 1503), (SELECT tag_id FROM tags WHERE name = 'color'));
INSERT OR IGNORE INTO tags (name) VALUES ('outdoors');
INSERT INTO photo_tags (photo_idx, tag_id) VALUES ((SELECT photo_idx FROM photos WHERE photo_id = 1503), (SELECT tag_id FROM tags WHERE name = 'outdoors'));
INSERT OR IGNORE INTO tags (name) VALUES ('orange');
INSERT INTO photo_tags (photo_idx, tag_id) VALUES ((SELECT photo_idx FROM photos WHERE photo_id = 1503), (SELECT tag_id FROM tags WHERE name = 'orange'));
INSERT OR IGNORE INTO tags (name) VALUES ('red');
INSERT INTO photo_tags (photo_idx, tag_id) VALUES ((SELECT photo_idx FROM photos WHERE photo_id = 1503), (SELECT tag_id FROM tags WHERE name = 'red'));
INSERT OR IGNORE INTO tags (name) VALUES ('yellow');
INSERT INTO photo_tags (photo_idx, tag_id) VALUES ((SELECT photo_idx FROM photos WHERE photo_id = 1503), (SELECT tag_id FROM tags WHERE name = 'yellow'));
INSERT OR IGNORE INTO tags (name) VALUES ('rock');
INSERT INTO photo_tags (photo_idx, tag_id) VALUES ((SELECT photo_idx FROM photos WHERE photo_id = 1503), (SELECT tag_id FROM tags WHERE name = 'rock'));
INSERT OR IGNORE INTO tags (name) VALUES ('sandstone');
INSERT INTO photo_tags (photo_idx, tag_id) VALUES ((SELECT photo_idx FROM photos WHERE photo_id = 1503), (SELECT tag_id FROM tags WHERE name = 'sandstone'));
INSERT OR IGNORE INTO tags (name) VALUES ('trees');
INSERT INTO photo_tags (photo_idx, tag_id) VALUES ((SELECT photo_idx FROM photos WHERE photo_id = 1503), (SELECT tag_id FROM tags WHERE name = 'trees'));
INSERT OR IGNORE INTO tags (name) VALUES ('foliage');
INSERT INTO photo_tags (photo_idx, tag_id) VALUES ((SELECT photo_idx FROM photos WHERE photo_id = 1503), (SELECT tag_id FROM tags WHERE name = 'foliage'));

INSERT INTO photos (photo_id, photo_title, photo_collection, photo_location, photo_year, camera, film_stock, film_format) VALUES (1504, 'Lone Tree on Cliff', 'Southwest', 'Kolob Canyon, Utah', 1999, 'Hasselblad', 'Fujichrome Velvia', '6 x 6 cm');
INSERT INTO photos_fts (photo_idx, photo_id, photo_title, photo_collection, photo_location, photo_year, camera, film_stock, film_format, tag_names) VALUES ((SELECT photo_idx FROM photos WHERE photo_id = 1504), 1504, 'Lone Tree on Cliff', 'Southwest', 'Kolob Canyon, Utah', 1999, 'Hasselblad', 'Fujichrome Velvia', '6 x 6 cm', 'vertical,scenic,landscape,color,outdoors,pink,tan,rock,sandstone,trees');
INSERT OR IGNORE INTO tags (name) VALUES ('vertical');
INSERT INTO photo_tags (photo_idx, tag_id) VALUES ((SELECT photo_idx FROM photos WHERE photo_id = 1504), (SELECT tag_id FROM tags WHERE name = 'vertical'));
INSERT OR IGNORE INTO tags (name) VALUES ('scenic');
INSERT INTO photo_tags (photo_idx, tag_id) VALUES ((SELECT photo_idx FROM photos WHERE photo_id = 1504), (SELECT tag_id FROM tags WHERE name = 'scenic'));
INSERT OR IGNORE INTO tags (name) VALUES ('landscape');
INSERT INTO photo_tags (photo_idx, tag_id) VALUES ((SELECT photo_idx FROM photos WHERE photo_id = 1504), (SELECT tag_id FROM tags WHERE name = 'landscape'));
INSERT OR IGNORE INTO tags (name) VALUES ('color');
INSERT INTO photo_tags (photo_idx, tag_id) VALUES ((SELECT photo_idx FROM photos WHERE photo_id = 1504), (SELECT tag_id FROM tags WHERE name = 'color'));
INSERT OR IGNORE INTO tags (name) VALUES ('outdoors');
INSERT INTO photo_tags (photo_idx, tag_id) VALUES ((SELECT photo_idx FROM photos WHERE photo_id = 1504), (SELECT tag_id FROM tags WHERE name = 'outdoors'));
INSERT OR IGNORE INTO tags (name) VALUES ('pink');
INSERT INTO photo_tags (photo_idx, tag_id) VALUES ((SELECT photo_idx FROM photos WHERE photo_id = 1504), (SELECT tag_id FROM tags WHERE name = 'pink'));
INSERT OR IGNORE INTO tags (name) VALUES ('tan');
INSERT INTO photo_tags (photo_idx, tag_id) VALUES ((SELECT photo_idx FROM photos WHERE photo_id = 1504), (SELECT tag_id FROM tags WHERE name = 'tan'));
INSERT OR IGNORE INTO tags (name) VALUES ('rock');
INSERT INTO photo_tags (photo_idx, tag_id) VALUES ((SELECT photo_idx FROM photos WHERE photo_id = 1504), (SELECT tag_id FROM tags WHERE name = 'rock'));
INSERT OR IGNORE INTO tags (name) VALUES ('sandstone');
INSERT INTO photo_tags (photo_idx, tag_id) VALUES ((SELECT photo_idx FROM photos WHERE photo_id = 1504), (SELECT tag_id FROM tags WHERE name = 'sandstone'));
INSERT OR IGNORE INTO tags (name) VALUES ('trees');
INSERT INTO photo_tags (photo_idx, tag_id) VALUES ((SELECT photo_idx FROM photos WHERE photo_id = 1504), (SELECT tag_id FROM tags WHERE name = 'trees'));

INSERT INTO photos (photo_id, photo_title, photo_collection, photo_location, photo_year, camera, film_stock, film_format) VALUES (1505, 'Red Arch at Kolob', 'Southwest', 'Kolob Canyon, Utah', 1999, 'Hasselblad', 'Fujichrome Velvia', '6 x 6 cm');
INSERT INTO photos_fts (photo_idx, photo_id, photo_title, photo_collection, photo_location, photo_year, camera, film_stock, film_format, tag_names) VALUES ((SELECT photo_idx FROM photos WHERE photo_id = 1505), 1505, 'Red Arch at Kolob', 'Southwest', 'Kolob Canyon, Utah', 1999, 'Hasselblad', 'Fujichrome Velvia', '6 x 6 cm', 'vertical,popular,scenic,landscape,color,outdoors,brown,rock,sandstone');
INSERT OR IGNORE INTO tags (name) VALUES ('vertical');
INSERT INTO photo_tags (photo_idx, tag_id) VALUES ((SELECT photo_idx FROM photos WHERE photo_id = 1505), (SELECT tag_id FROM tags WHERE name = 'vertical'));
INSERT OR IGNORE INTO tags (name) VALUES ('popular');
INSERT INTO photo_tags (photo_idx, tag_id) VALUES ((SELECT photo_idx FROM photos WHERE photo_id = 1505), (SELECT tag_id FROM tags WHERE name = 'popular'));
INSERT OR IGNORE INTO tags (name) VALUES ('scenic');
INSERT INTO photo_tags (photo_idx, tag_id) VALUES ((SELECT photo_idx FROM photos WHERE photo_id = 1505), (SELECT tag_id FROM tags WHERE name = 'scenic'));
INSERT OR IGNORE INTO tags (name) VALUES ('landscape');
INSERT INTO photo_tags (photo_idx, tag_id) VALUES ((SELECT photo_idx FROM photos WHERE photo_id = 1505), (SELECT tag_id FROM tags WHERE name = 'landscape'));
INSERT OR IGNORE INTO tags (name) VALUES ('color');
INSERT INTO photo_tags (photo_idx, tag_id) VALUES ((SELECT photo_idx FROM photos WHERE photo_id = 1505), (SELECT tag_id FROM tags WHERE name = 'color'));
INSERT OR IGNORE INTO tags (name) VALUES ('outdoors');
INSERT INTO photo_tags (photo_idx, tag_id) VALUES ((SELECT photo_idx FROM photos WHERE photo_id = 1505), (SELECT tag_id FROM tags WHERE name = 'outdoors'));
INSERT OR IGNORE INTO tags (name) VALUES ('brown');
INSERT INTO photo_tags (photo_idx, tag_id) VALUES ((SELECT photo_idx FROM photos WHERE photo_id = 1505), (SELECT tag_id FROM tags WHERE name = 'brown'));
INSERT OR IGNORE INTO tags (name) VALUES ('rock');
INSERT INTO photo_tags (photo_idx, tag_id) VALUES ((SELECT photo_idx FROM photos WHERE photo_id = 1505), (SELECT tag_id FROM tags WHERE name = 'rock'));
INSERT OR IGNORE INTO tags (name) VALUES ('sandstone');
INSERT INTO photo_tags (photo_idx, tag_id) VALUES ((SELECT photo_idx FROM photos WHERE photo_id = 1505), (SELECT tag_id FROM tags WHERE name = 'sandstone'));

INSERT INTO photos (photo_id, photo_title, photo_collection, photo_location, photo_year, camera, film_stock, film_format) VALUES (1506, 'Branches and Wall at Kolob', 'Southwest', 'Kolob Canyon, Utah', 1999, 'Hasselblad', 'Fujichrome Velvia', '6 x 6 cm');
INSERT INTO photos_fts (photo_idx, photo_id, photo_title, photo_collection, photo_location, photo_year, camera, film_stock, film_format, tag_names) VALUES ((SELECT photo_idx FROM photos WHERE photo_id = 1506), 1506, 'Branches and Wall at Kolob', 'Southwest', 'Kolob Canyon, Utah', 1999, 'Hasselblad', 'Fujichrome Velvia', '6 x 6 cm', 'horizontal,scenic,landscape,color,outdoors,red,yellow,sandstone,trees,foliage,canyon');
INSERT OR IGNORE INTO tags (name) VALUES ('horizontal');
INSERT INTO photo_tags (photo_idx, tag_id) VALUES ((SELECT photo_idx FROM photos WHERE photo_id = 1506), (SELECT tag_id FROM tags WHERE name = 'horizontal'));
INSERT OR IGNORE INTO tags (name) VALUES ('scenic');
INSERT INTO photo_tags (photo_idx, tag_id) VALUES ((SELECT photo_idx FROM photos WHERE photo_id = 1506), (SELECT tag_id FROM tags WHERE name = 'scenic'));
INSERT OR IGNORE INTO tags (name) VALUES ('landscape');
INSERT INTO photo_tags (photo_idx, tag_id) VALUES ((SELECT photo_idx FROM photos WHERE photo_id = 1506), (SELECT tag_id FROM tags WHERE name = 'landscape'));
INSERT OR IGNORE INTO tags (name) VALUES ('color');
INSERT INTO photo_tags (photo_idx, tag_id) VALUES ((SELECT photo_idx FROM photos WHERE photo_id = 1506), (SELECT tag_id FROM tags WHERE name = 'color'));
INSERT OR IGNORE INTO tags (name) VALUES ('outdoors');
INSERT INTO photo_tags (photo_idx, tag_id) VALUES ((SELECT photo_idx FROM photos WHERE photo_id = 1506), (SELECT tag_id FROM tags WHERE name = 'outdoors'));
INSERT OR IGNORE INTO tags (name) VALUES ('red');
INSERT INTO photo_tags (photo_idx, tag_id) VALUES ((SELECT photo_idx FROM photos WHERE photo_id = 1506), (SELECT tag_id FROM tags WHERE name = 'red'));
INSERT OR IGNORE INTO tags (name) VALUES ('yellow');
INSERT INTO photo_tags (photo_idx, tag_id) VALUES ((SELECT photo_idx FROM photos WHERE photo_id = 1506), (SELECT tag_id FROM tags WHERE name = 'yellow'));
INSERT OR IGNORE INTO tags (name) VALUES ('sandstone');
INSERT INTO photo_tags (photo_idx, tag_id) VALUES ((SELECT photo_idx FROM photos WHERE photo_id = 1506), (SELECT tag_id FROM tags WHERE name = 'sandstone'));
INSERT OR IGNORE INTO tags (name) VALUES ('trees');
INSERT INTO photo_tags (photo_idx, tag_id) VALUES ((SELECT photo_idx FROM photos WHERE photo_id = 1506), (SELECT tag_id FROM tags WHERE name = 'trees'));
INSERT OR IGNORE INTO tags (name) VALUES ('foliage');
INSERT INTO photo_tags (photo_idx, tag_id) VALUES ((SELECT photo_idx FROM photos WHERE photo_id = 1506), (SELECT tag_id FROM tags WHERE name = 'foliage'));
INSERT OR IGNORE INTO tags (name) VALUES ('canyon');
INSERT INTO photo_tags (photo_idx, tag_id) VALUES ((SELECT photo_idx FROM photos WHERE photo_id = 1506), (SELECT tag_id FROM tags WHERE name = 'canyon'));

INSERT INTO photos (photo_id, photo_title, photo_collection, photo_location, photo_year, camera, film_stock, film_format) VALUES (1507, 'Trees and Canyon Wall', 'Southwest', 'Kolob Canyon, Utah', 1999, 'Hasselblad', 'Fujichrome Velvia', '6 x 6 cm');
INSERT INTO photos_fts (photo_idx, photo_id, photo_title, photo_collection, photo_location, photo_year, camera, film_stock, film_format, tag_names) VALUES ((SELECT photo_idx FROM photos WHERE photo_id = 1507), 1507, 'Trees and Canyon Wall', 'Southwest', 'Kolob Canyon, Utah', 1999, 'Hasselblad', 'Fujichrome Velvia', '6 x 6 cm', 'horizontal,scenic,landscape,color,outdoors,black,sandstone,trees,foliage,canyon');
INSERT OR IGNORE INTO tags (name) VALUES ('horizontal');
INSERT INTO photo_tags (photo_idx, tag_id) VALUES ((SELECT photo_idx FROM photos WHERE photo_id = 1507), (SELECT tag_id FROM tags WHERE name = 'horizontal'));
INSERT OR IGNORE INTO tags (name) VALUES ('scenic');
INSERT INTO photo_tags (photo_idx, tag_id) VALUES ((SELECT photo_idx FROM photos WHERE photo_id = 1507), (SELECT tag_id FROM tags WHERE name = 'scenic'));
INSERT OR IGNORE INTO tags (name) VALUES ('landscape');
INSERT INTO photo_tags (photo_idx, tag_id) VALUES ((SELECT photo_idx FROM photos WHERE photo_id = 1507), (SELECT tag_id FROM tags WHERE name = 'landscape'));
INSERT OR IGNORE INTO tags (name) VALUES ('color');
INSERT INTO photo_tags (photo_idx, tag_id) VALUES ((SELECT photo_idx FROM photos WHERE photo_id = 1507), (SELECT tag_id FROM tags WHERE name = 'color'));
INSERT OR IGNORE INTO tags (name) VALUES ('outdoors');
INSERT INTO photo_tags (photo_idx, tag_id) VALUES ((SELECT photo_idx FROM photos WHERE photo_id = 1507), (SELECT tag_id FROM tags WHERE name = 'outdoors'));
INSERT OR IGNORE INTO tags (name) VALUES ('black');
INSERT INTO photo_tags (photo_idx, tag_id) VALUES ((SELECT photo_idx FROM photos WHERE photo_id = 1507), (SELECT tag_id FROM tags WHERE name = 'black'));
INSERT OR IGNORE INTO tags (name) VALUES ('sandstone');
INSERT INTO photo_tags (photo_idx, tag_id) VALUES ((SELECT photo_idx FROM photos WHERE photo_id = 1507), (SELECT tag_id FROM tags WHERE name = 'sandstone'));
INSERT OR IGNORE INTO tags (name) VALUES ('trees');
INSERT INTO photo_tags (photo_idx, tag_id) VALUES ((SELECT photo_idx FROM photos WHERE photo_id = 1507), (SELECT tag_id FROM tags WHERE name = 'trees'));
INSERT OR IGNORE INTO tags (name) VALUES ('foliage');
INSERT INTO photo_tags (photo_idx, tag_id) VALUES ((SELECT photo_idx FROM photos WHERE photo_id = 1507), (SELECT tag_id FROM tags WHERE name = 'foliage'));
INSERT OR IGNORE INTO tags (name) VALUES ('canyon');
INSERT INTO photo_tags (photo_idx, tag_id) VALUES ((SELECT photo_idx FROM photos WHERE photo_id = 1507), (SELECT tag_id FROM tags WHERE name = 'canyon'));

INSERT INTO photos (photo_id, photo_title, photo_collection, photo_location, photo_year, camera, film_stock, film_format) VALUES (1508, 'Blue Desert Varnish', 'Southwest', 'Kolob Canyon, Utah', 1999, 'Hasselblad', 'Fujichrome Velvia', '6 x 6 cm');
INSERT INTO photos_fts (photo_idx, photo_id, photo_title, photo_collection, photo_location, photo_year, camera, film_stock, film_format, tag_names) VALUES ((SELECT photo_idx FROM photos WHERE photo_id = 1508), 1508, 'Blue Desert Varnish', 'Southwest', 'Kolob Canyon, Utah', 1999, 'Hasselblad', 'Fujichrome Velvia', '6 x 6 cm', 'vertical,scenic,abstract,landscape,color,outdoors,black,blue,red,rock,sandstone');
INSERT OR IGNORE INTO tags (name) VALUES ('vertical');
INSERT INTO photo_tags (photo_idx, tag_id) VALUES ((SELECT photo_idx FROM photos WHERE photo_id = 1508), (SELECT tag_id FROM tags WHERE name = 'vertical'));
INSERT OR IGNORE INTO tags (name) VALUES ('scenic');
INSERT INTO photo_tags (photo_idx, tag_id) VALUES ((SELECT photo_idx FROM photos WHERE photo_id = 1508), (SELECT tag_id FROM tags WHERE name = 'scenic'));
INSERT OR IGNORE INTO tags (name) VALUES ('abstract');
INSERT INTO photo_tags (photo_idx, tag_id) VALUES ((SELECT photo_idx FROM photos WHERE photo_id = 1508), (SELECT tag_id FROM tags WHERE name = 'abstract'));
INSERT OR IGNORE INTO tags (name) VALUES ('landscape');
INSERT INTO photo_tags (photo_idx, tag_id) VALUES ((SELECT photo_idx FROM photos WHERE photo_id = 1508), (SELECT tag_id FROM tags WHERE name = 'landscape'));
INSERT OR IGNORE INTO tags (name) VALUES ('color');
INSERT INTO photo_tags (photo_idx, tag_id) VALUES ((SELECT photo_idx FROM photos WHERE photo_id = 1508), (SELECT tag_id FROM tags WHERE name = 'color'));
INSERT OR IGNORE INTO tags (name) VALUES ('outdoors');
INSERT INTO photo_tags (photo_idx, tag_id) VALUES ((SELECT photo_idx FROM photos WHERE photo_id = 1508), (SELECT tag_id FROM tags WHERE name = 'outdoors'));
INSERT OR IGNORE INTO tags (name) VALUES ('black');
INSERT INTO photo_tags (photo_idx, tag_id) VALUES ((SELECT photo_idx FROM photos WHERE photo_id = 1508), (SELECT tag_id FROM tags WHERE name = 'black'));
INSERT OR IGNORE INTO tags (name) VALUES ('blue');
INSERT INTO photo_tags (photo_idx, tag_id) VALUES ((SELECT photo_idx FROM photos WHERE photo_id = 1508), (SELECT tag_id FROM tags WHERE name = 'blue'));
INSERT OR IGNORE INTO tags (name) VALUES ('red');
INSERT INTO photo_tags (photo_idx, tag_id) VALUES ((SELECT photo_idx FROM photos WHERE photo_id = 1508), (SELECT tag_id FROM tags WHERE name = 'red'));
INSERT OR IGNORE INTO tags (name) VALUES ('rock');
INSERT INTO photo_tags (photo_idx, tag_id) VALUES ((SELECT photo_idx FROM photos WHERE photo_id = 1508), (SELECT tag_id FROM tags WHERE name = 'rock'));
INSERT OR IGNORE INTO tags (name) VALUES ('sandstone');
INSERT INTO photo_tags (photo_idx, tag_id) VALUES ((SELECT photo_idx FROM photos WHERE photo_id = 1508), (SELECT tag_id FROM tags WHERE name = 'sandstone'));

INSERT INTO photos (photo_id, photo_title, photo_collection, photo_location, photo_year, camera, film_stock, film_format) VALUES (1509, 'Pink Wall with Drips', 'Southwest', 'Coyote Gulch, Utah', 1999, 'Hasselblad', 'Fujichrome Velvia', '6 x 6 cm');
INSERT INTO photos_fts (photo_idx, photo_id, photo_title, photo_collection, photo_location, photo_year, camera, film_stock, film_format, tag_names) VALUES ((SELECT photo_idx FROM photos WHERE photo_id = 1509), 1509, 'Pink Wall with Drips', 'Southwest', 'Coyote Gulch, Utah', 1999, 'Hasselblad', 'Fujichrome Velvia', '6 x 6 cm', 'vertical,scenic,landscape,color,outdoors,brown,pink,tan,rock,sandstone');
INSERT OR IGNORE INTO tags (name) VALUES ('vertical');
INSERT INTO photo_tags (photo_idx, tag_id) VALUES ((SELECT photo_idx FROM photos WHERE photo_id = 1509), (SELECT tag_id FROM tags WHERE name = 'vertical'));
INSERT OR IGNORE INTO tags (name) VALUES ('scenic');
INSERT INTO photo_tags (photo_idx, tag_id) VALUES ((SELECT photo_idx FROM photos WHERE photo_id = 1509), (SELECT tag_id FROM tags WHERE name = 'scenic'));
INSERT OR IGNORE INTO tags (name) VALUES ('landscape');
INSERT INTO photo_tags (photo_idx, tag_id) VALUES ((SELECT photo_idx FROM photos WHERE photo_id = 1509), (SELECT tag_id FROM tags WHERE name = 'landscape'));
INSERT OR IGNORE INTO tags (name) VALUES ('color');
INSERT INTO photo_tags (photo_idx, tag_id) VALUES ((SELECT photo_idx FROM photos WHERE photo_id = 1509), (SELECT tag_id FROM tags WHERE name = 'color'));
INSERT OR IGNORE INTO tags (name) VALUES ('outdoors');
INSERT INTO photo_tags (photo_idx, tag_id) VALUES ((SELECT photo_idx FROM photos WHERE photo_id = 1509), (SELECT tag_id FROM tags WHERE name = 'outdoors'));
INSERT OR IGNORE INTO tags (name) VALUES ('brown');
INSERT INTO photo_tags (photo_idx, tag_id) VALUES ((SELECT photo_idx FROM photos WHERE photo_id = 1509), (SELECT tag_id FROM tags WHERE name = 'brown'));
INSERT OR IGNORE INTO tags (name) VALUES ('pink');
INSERT INTO photo_tags (photo_idx, tag_id) VALUES ((SELECT photo_idx FROM photos WHERE photo_id = 1509), (SELECT tag_id FROM tags WHERE name = 'pink'));
INSERT OR IGNORE INTO tags (name) VALUES ('tan');
INSERT INTO photo_tags (photo_idx, tag_id) VALUES ((SELECT photo_idx FROM photos WHERE photo_id = 1509), (SELECT tag_id FROM tags WHERE name = 'tan'));
INSERT OR IGNORE INTO tags (name) VALUES ('rock');
INSERT INTO photo_tags (photo_idx, tag_id) VALUES ((SELECT photo_idx FROM photos WHERE photo_id = 1509), (SELECT tag_id FROM tags WHERE name = 'rock'));
INSERT OR IGNORE INTO tags (name) VALUES ('sandstone');
INSERT INTO photo_tags (photo_idx, tag_id) VALUES ((SELECT photo_idx FROM photos WHERE photo_id = 1509), (SELECT tag_id FROM tags WHERE name = 'sandstone'));

INSERT INTO photos (photo_id, photo_title, photo_collection, photo_location, photo_year, camera, film_stock, film_format) VALUES (1510, 'Pink Wall and Tree', 'Southwest', 'Coyote Gulch, Utah', 1999, 'Hasselblad', 'Fujichrome Velvia', '6 x 6 cm');
INSERT INTO photos_fts (photo_idx, photo_id, photo_title, photo_collection, photo_location, photo_year, camera, film_stock, film_format, tag_names) VALUES ((SELECT photo_idx FROM photos WHERE photo_id = 1510), 1510, 'Pink Wall and Tree', 'Southwest', 'Coyote Gulch, Utah', 1999, 'Hasselblad', 'Fujichrome Velvia', '6 x 6 cm', 'horizontal,scenic,landscape,color,outdoors,brown,green,pink,tan,grass,rock,sandstone,trees');
INSERT OR IGNORE INTO tags (name) VALUES ('horizontal');
INSERT INTO photo_tags (photo_idx, tag_id) VALUES ((SELECT photo_idx FROM photos WHERE photo_id = 1510), (SELECT tag_id FROM tags WHERE name = 'horizontal'));
INSERT OR IGNORE INTO tags (name) VALUES ('scenic');
INSERT INTO photo_tags (photo_idx, tag_id) VALUES ((SELECT photo_idx FROM photos WHERE photo_id = 1510), (SELECT tag_id FROM tags WHERE name = 'scenic'));
INSERT OR IGNORE INTO tags (name) VALUES ('landscape');
INSERT INTO photo_tags (photo_idx, tag_id) VALUES ((SELECT photo_idx FROM photos WHERE photo_id = 1510), (SELECT tag_id FROM tags WHERE name = 'landscape'));
INSERT OR IGNORE INTO tags (name) VALUES ('color');
INSERT INTO photo_tags (photo_idx, tag_id) VALUES ((SELECT photo_idx FROM photos WHERE photo_id = 1510), (SELECT tag_id FROM tags WHERE name = 'color'));
INSERT OR IGNORE INTO tags (name) VALUES ('outdoors');
INSERT INTO photo_tags (photo_idx, tag_id) VALUES ((SELECT photo_idx FROM photos WHERE photo_id = 1510), (SELECT tag_id FROM tags WHERE name = 'outdoors'));
INSERT OR IGNORE INTO tags (name) VALUES ('brown');
INSERT INTO photo_tags (photo_idx, tag_id) VALUES ((SELECT photo_idx FROM photos WHERE photo_id = 1510), (SELECT tag_id FROM tags WHERE name = 'brown'));
INSERT OR IGNORE INTO tags (name) VALUES ('green');
INSERT INTO photo_tags (photo_idx, tag_id) VALUES ((SELECT photo_idx FROM photos WHERE photo_id = 1510), (SELECT tag_id FROM tags WHERE name = 'green'));
INSERT OR IGNORE INTO tags (name) VALUES ('pink');
INSERT INTO photo_tags (photo_idx, tag_id) VALUES ((SELECT photo_idx FROM photos WHERE photo_id = 1510), (SELECT tag_id FROM tags WHERE name = 'pink'));
INSERT OR IGNORE INTO tags (name) VALUES ('tan');
INSERT INTO photo_tags (photo_idx, tag_id) VALUES ((SELECT photo_idx FROM photos WHERE photo_id = 1510), (SELECT tag_id FROM tags WHERE name = 'tan'));
INSERT OR IGNORE INTO tags (name) VALUES ('grass');
INSERT INTO photo_tags (photo_idx, tag_id) VALUES ((SELECT photo_idx FROM photos WHERE photo_id = 1510), (SELECT tag_id FROM tags WHERE name = 'grass'));
INSERT OR IGNORE INTO tags (name) VALUES ('rock');
INSERT INTO photo_tags (photo_idx, tag_id) VALUES ((SELECT photo_idx FROM photos WHERE photo_id = 1510), (SELECT tag_id FROM tags WHERE name = 'rock'));
INSERT OR IGNORE INTO tags (name) VALUES ('sandstone');
INSERT INTO photo_tags (photo_idx, tag_id) VALUES ((SELECT photo_idx FROM photos WHERE photo_id = 1510), (SELECT tag_id FROM tags WHERE name = 'sandstone'));
INSERT OR IGNORE INTO tags (name) VALUES ('trees');
INSERT INTO photo_tags (photo_idx, tag_id) VALUES ((SELECT photo_idx FROM photos WHERE photo_id = 1510), (SELECT tag_id FROM tags WHERE name = 'trees'));

INSERT INTO photos (photo_id, photo_title, photo_collection, photo_location, photo_year, camera, film_stock, film_format) VALUES (1511, 'Patterns in River Mud', 'Southwest', 'Coyote Gulch, Utah', 1999, 'Hasselblad', 'Fujichrome Velvia', '6 x 6 cm');
INSERT INTO photos_fts (photo_idx, photo_id, photo_title, photo_collection, photo_location, photo_year, camera, film_stock, film_format, tag_names) VALUES ((SELECT photo_idx FROM photos WHERE photo_id = 1511), 1511, 'Patterns in River Mud', 'Southwest', 'Coyote Gulch, Utah', 1999, 'Hasselblad', 'Fujichrome Velvia', '6 x 6 cm', 'horizontal,closeup,landscape,color,outdoors,brown,tan,sand,river,mud');
INSERT OR IGNORE INTO tags (name) VALUES ('horizontal');
INSERT INTO photo_tags (photo_idx, tag_id) VALUES ((SELECT photo_idx FROM photos WHERE photo_id = 1511), (SELECT tag_id FROM tags WHERE name = 'horizontal'));
INSERT OR IGNORE INTO tags (name) VALUES ('closeup');
INSERT INTO photo_tags (photo_idx, tag_id) VALUES ((SELECT photo_idx FROM photos WHERE photo_id = 1511), (SELECT tag_id FROM tags WHERE name = 'closeup'));
INSERT OR IGNORE INTO tags (name) VALUES ('landscape');
INSERT INTO photo_tags (photo_idx, tag_id) VALUES ((SELECT photo_idx FROM photos WHERE photo_id = 1511), (SELECT tag_id FROM tags WHERE name = 'landscape'));
INSERT OR IGNORE INTO tags (name) VALUES ('color');
INSERT INTO photo_tags (photo_idx, tag_id) VALUES ((SELECT photo_idx FROM photos WHERE photo_id = 1511), (SELECT tag_id FROM tags WHERE name = 'color'));
INSERT OR IGNORE INTO tags (name) VALUES ('outdoors');
INSERT INTO photo_tags (photo_idx, tag_id) VALUES ((SELECT photo_idx FROM photos WHERE photo_id = 1511), (SELECT tag_id FROM tags WHERE name = 'outdoors'));
INSERT OR IGNORE INTO tags (name) VALUES ('brown');
INSERT INTO photo_tags (photo_idx, tag_id) VALUES ((SELECT photo_idx FROM photos WHERE photo_id = 1511), (SELECT tag_id FROM tags WHERE name = 'brown'));
INSERT OR IGNORE INTO tags (name) VALUES ('tan');
INSERT INTO photo_tags (photo_idx, tag_id) VALUES ((SELECT photo_idx FROM photos WHERE photo_id = 1511), (SELECT tag_id FROM tags WHERE name = 'tan'));
INSERT OR IGNORE INTO tags (name) VALUES ('sand');
INSERT INTO photo_tags (photo_idx, tag_id) VALUES ((SELECT photo_idx FROM photos WHERE photo_id = 1511), (SELECT tag_id FROM tags WHERE name = 'sand'));
INSERT OR IGNORE INTO tags (name) VALUES ('river');
INSERT INTO photo_tags (photo_idx, tag_id) VALUES ((SELECT photo_idx FROM photos WHERE photo_id = 1511), (SELECT tag_id FROM tags WHERE name = 'river'));
INSERT OR IGNORE INTO tags (name) VALUES ('mud');
INSERT INTO photo_tags (photo_idx, tag_id) VALUES ((SELECT photo_idx FROM photos WHERE photo_id = 1511), (SELECT tag_id FROM tags WHERE name = 'mud'));

INSERT INTO photos (photo_id, photo_title, photo_collection, photo_location, photo_year, camera, film_stock, film_format) VALUES (1512, 'Chocolate Mud Ripples', 'Southwest', 'Coyote Gulch, Utah', 1999, 'Hasselblad', 'Fujichrome Velvia', '6 x 6 cm');
INSERT INTO photos_fts (photo_idx, photo_id, photo_title, photo_collection, photo_location, photo_year, camera, film_stock, film_format, tag_names) VALUES ((SELECT photo_idx FROM photos WHERE photo_id = 1512), 1512, 'Chocolate Mud Ripples', 'Southwest', 'Coyote Gulch, Utah', 1999, 'Hasselblad', 'Fujichrome Velvia', '6 x 6 cm', 'horizontal,popular,closeup,landscape,color,outdoors,brown,tan,sand,river,mud');
INSERT OR IGNORE INTO tags (name) VALUES ('horizontal');
INSERT INTO photo_tags (photo_idx, tag_id) VALUES ((SELECT photo_idx FROM photos WHERE photo_id = 1512), (SELECT tag_id FROM tags WHERE name = 'horizontal'));
INSERT OR IGNORE INTO tags (name) VALUES ('popular');
INSERT INTO photo_tags (photo_idx, tag_id) VALUES ((SELECT photo_idx FROM photos WHERE photo_id = 1512), (SELECT tag_id FROM tags WHERE name = 'popular'));
INSERT OR IGNORE INTO tags (name) VALUES ('closeup');
INSERT INTO photo_tags (photo_idx, tag_id) VALUES ((SELECT photo_idx FROM photos WHERE photo_id = 1512), (SELECT tag_id FROM tags WHERE name = 'closeup'));
INSERT OR IGNORE INTO tags (name) VALUES ('landscape');
INSERT INTO photo_tags (photo_idx, tag_id) VALUES ((SELECT photo_idx FROM photos WHERE photo_id = 1512), (SELECT tag_id FROM tags WHERE name = 'landscape'));
INSERT OR IGNORE INTO tags (name) VALUES ('color');
INSERT INTO photo_tags (photo_idx, tag_id) VALUES ((SELECT photo_idx FROM photos WHERE photo_id = 1512), (SELECT tag_id FROM tags WHERE name = 'color'));
INSERT OR IGNORE INTO tags (name) VALUES ('outdoors');
INSERT INTO photo_tags (photo_idx, tag_id) VALUES ((SELECT photo_idx FROM photos WHERE photo_id = 1512), (SELECT tag_id FROM tags WHERE name = 'outdoors'));
INSERT OR IGNORE INTO tags (name) VALUES ('brown');
INSERT INTO photo_tags (photo_idx, tag_id) VALUES ((SELECT photo_idx FROM photos WHERE photo_id = 1512), (SELECT tag_id FROM tags WHERE name = 'brown'));
INSERT OR IGNORE INTO tags (name) VALUES ('tan');
INSERT INTO photo_tags (photo_idx, tag_id) VALUES ((SELECT photo_idx FROM photos WHERE photo_id = 1512), (SELECT tag_id FROM tags WHERE name = 'tan'));
INSERT OR IGNORE INTO tags (name) VALUES ('sand');
INSERT INTO photo_tags (photo_idx, tag_id) VALUES ((SELECT photo_idx FROM photos WHERE photo_id = 1512), (SELECT tag_id FROM tags WHERE name = 'sand'));
INSERT OR IGNORE INTO tags (name) VALUES ('river');
INSERT INTO photo_tags (photo_idx, tag_id) VALUES ((SELECT photo_idx FROM photos WHERE photo_id = 1512), (SELECT tag_id FROM tags WHERE name = 'river'));
INSERT OR IGNORE INTO tags (name) VALUES ('mud');
INSERT INTO photo_tags (photo_idx, tag_id) VALUES ((SELECT photo_idx FROM photos WHERE photo_id = 1512), (SELECT tag_id FROM tags WHERE name = 'mud'));

INSERT INTO photos (photo_id, photo_title, photo_collection, photo_location, photo_year, camera, film_stock, film_format) VALUES (1513, 'Brown Wall Markings', 'Southwest', 'Coyote Gulch, Utah', 1999, 'Hasselblad', 'Fujichrome Velvia', '6 x 6 cm');
INSERT INTO photos_fts (photo_idx, photo_id, photo_title, photo_collection, photo_location, photo_year, camera, film_stock, film_format, tag_names) VALUES ((SELECT photo_idx FROM photos WHERE photo_id = 1513), 1513, 'Brown Wall Markings', 'Southwest', 'Coyote Gulch, Utah', 1999, 'Hasselblad', 'Fujichrome Velvia', '6 x 6 cm', 'vertical,scenic,abstract,landscape,color,outdoors,black,brown,tan,rock,sandstone');
INSERT OR IGNORE INTO tags (name) VALUES ('vertical');
INSERT INTO photo_tags (photo_idx, tag_id) VALUES ((SELECT photo_idx FROM photos WHERE photo_id = 1513), (SELECT tag_id FROM tags WHERE name = 'vertical'));
INSERT OR IGNORE INTO tags (name) VALUES ('scenic');
INSERT INTO photo_tags (photo_idx, tag_id) VALUES ((SELECT photo_idx FROM photos WHERE photo_id = 1513), (SELECT tag_id FROM tags WHERE name = 'scenic'));
INSERT OR IGNORE INTO tags (name) VALUES ('abstract');
INSERT INTO photo_tags (photo_idx, tag_id) VALUES ((SELECT photo_idx FROM photos WHERE photo_id = 1513), (SELECT tag_id FROM tags WHERE name = 'abstract'));
INSERT OR IGNORE INTO tags (name) VALUES ('landscape');
INSERT INTO photo_tags (photo_idx, tag_id) VALUES ((SELECT photo_idx FROM photos WHERE photo_id = 1513), (SELECT tag_id FROM tags WHERE name = 'landscape'));
INSERT OR IGNORE INTO tags (name) VALUES ('color');
INSERT INTO photo_tags (photo_idx, tag_id) VALUES ((SELECT photo_idx FROM photos WHERE photo_id = 1513), (SELECT tag_id FROM tags WHERE name = 'color'));
INSERT OR IGNORE INTO tags (name) VALUES ('outdoors');
INSERT INTO photo_tags (photo_idx, tag_id) VALUES ((SELECT photo_idx FROM photos WHERE photo_id = 1513), (SELECT tag_id FROM tags WHERE name = 'outdoors'));
INSERT OR IGNORE INTO tags (name) VALUES ('black');
INSERT INTO photo_tags (photo_idx, tag_id) VALUES ((SELECT photo_idx FROM photos WHERE photo_id = 1513), (SELECT tag_id FROM tags WHERE name = 'black'));
INSERT OR IGNORE INTO tags (name) VALUES ('brown');
INSERT INTO photo_tags (photo_idx, tag_id) VALUES ((SELECT photo_idx FROM photos WHERE photo_id = 1513), (SELECT tag_id FROM tags WHERE name = 'brown'));
INSERT OR IGNORE INTO tags (name) VALUES ('tan');
INSERT INTO photo_tags (photo_idx, tag_id) VALUES ((SELECT photo_idx FROM photos WHERE photo_id = 1513), (SELECT tag_id FROM tags WHERE name = 'tan'));
INSERT OR IGNORE INTO tags (name) VALUES ('rock');
INSERT INTO photo_tags (photo_idx, tag_id) VALUES ((SELECT photo_idx FROM photos WHERE photo_id = 1513), (SELECT tag_id FROM tags WHERE name = 'rock'));
INSERT OR IGNORE INTO tags (name) VALUES ('sandstone');
INSERT INTO photo_tags (photo_idx, tag_id) VALUES ((SELECT photo_idx FROM photos WHERE photo_id = 1513), (SELECT tag_id FROM tags WHERE name = 'sandstone'));

INSERT INTO photos (photo_id, photo_title, photo_collection, photo_location, photo_year, camera, film_stock, film_format) VALUES (1514, 'Brown Wall Detail', 'Southwest', 'Coyote Gulch, Utah', 1999, 'Hasselblad', 'Fujichrome Velvia', '6 x 6 cm');
INSERT INTO photos_fts (photo_idx, photo_id, photo_title, photo_collection, photo_location, photo_year, camera, film_stock, film_format, tag_names) VALUES ((SELECT photo_idx FROM photos WHERE photo_id = 1514), 1514, 'Brown Wall Detail', 'Southwest', 'Coyote Gulch, Utah', 1999, 'Hasselblad', 'Fujichrome Velvia', '6 x 6 cm', 'vertical,scenic,landscape,color,outdoors,black,brown,tan,rock,sandstone');
INSERT OR IGNORE INTO tags (name) VALUES ('vertical');
INSERT INTO photo_tags (photo_idx, tag_id) VALUES ((SELECT photo_idx FROM photos WHERE photo_id = 1514), (SELECT tag_id FROM tags WHERE name = 'vertical'));
INSERT OR IGNORE INTO tags (name) VALUES ('scenic');
INSERT INTO photo_tags (photo_idx, tag_id) VALUES ((SELECT photo_idx FROM photos WHERE photo_id = 1514), (SELECT tag_id FROM tags WHERE name = 'scenic'));
INSERT OR IGNORE INTO tags (name) VALUES ('landscape');
INSERT INTO photo_tags (photo_idx, tag_id) VALUES ((SELECT photo_idx FROM photos WHERE photo_id = 1514), (SELECT tag_id FROM tags WHERE name = 'landscape'));
INSERT OR IGNORE INTO tags (name) VALUES ('color');
INSERT INTO photo_tags (photo_idx, tag_id) VALUES ((SELECT photo_idx FROM photos WHERE photo_id = 1514), (SELECT tag_id FROM tags WHERE name = 'color'));
INSERT OR IGNORE INTO tags (name) VALUES ('outdoors');
INSERT INTO photo_tags (photo_idx, tag_id) VALUES ((SELECT photo_idx FROM photos WHERE photo_id = 1514), (SELECT tag_id FROM tags WHERE name = 'outdoors'));
INSERT OR IGNORE INTO tags (name) VALUES ('black');
INSERT INTO photo_tags (photo_idx, tag_id) VALUES ((SELECT photo_idx FROM photos WHERE photo_id = 1514), (SELECT tag_id FROM tags WHERE name = 'black'));
INSERT OR IGNORE INTO tags (name) VALUES ('brown');
INSERT INTO photo_tags (photo_idx, tag_id) VALUES ((SELECT photo_idx FROM photos WHERE photo_id = 1514), (SELECT tag_id FROM tags WHERE name = 'brown'));
INSERT OR IGNORE INTO tags (name) VALUES ('tan');
INSERT INTO photo_tags (photo_idx, tag_id) VALUES ((SELECT photo_idx FROM photos WHERE photo_id = 1514), (SELECT tag_id FROM tags WHERE name = 'tan'));
INSERT OR IGNORE INTO tags (name) VALUES ('rock');
INSERT INTO photo_tags (photo_idx, tag_id) VALUES ((SELECT photo_idx FROM photos WHERE photo_id = 1514), (SELECT tag_id FROM tags WHERE name = 'rock'));
INSERT OR IGNORE INTO tags (name) VALUES ('sandstone');
INSERT INTO photo_tags (photo_idx, tag_id) VALUES ((SELECT photo_idx FROM photos WHERE photo_id = 1514), (SELECT tag_id FROM tags WHERE name = 'sandstone'));

INSERT INTO photos (photo_id, photo_title, photo_collection, photo_location, photo_year, camera, film_stock, film_format) VALUES (1516, 'Fresh Water Cascade', 'California', 'El Portal, California', 1999, 'Hasselblad', 'Fujichrome Velvia', '6 x 6 cm');
INSERT INTO photos_fts (photo_idx, photo_id, photo_title, photo_collection, photo_location, photo_year, camera, film_stock, film_format, tag_names) VALUES ((SELECT photo_idx FROM photos WHERE photo_id = 1516), 1516, 'Fresh Water Cascade', 'California', 'El Portal, California', 1999, 'Hasselblad', 'Fujichrome Velvia', '6 x 6 cm', 'horizontal,spring,scenic,landscape,color,outdoors,green,white,moss,rock,water,waterfall,river,stream');
INSERT OR IGNORE INTO tags (name) VALUES ('horizontal');
INSERT INTO photo_tags (photo_idx, tag_id) VALUES ((SELECT photo_idx FROM photos WHERE photo_id = 1516), (SELECT tag_id FROM tags WHERE name = 'horizontal'));
INSERT OR IGNORE INTO tags (name) VALUES ('spring');
INSERT INTO photo_tags (photo_idx, tag_id) VALUES ((SELECT photo_idx FROM photos WHERE photo_id = 1516), (SELECT tag_id FROM tags WHERE name = 'spring'));
INSERT OR IGNORE INTO tags (name) VALUES ('scenic');
INSERT INTO photo_tags (photo_idx, tag_id) VALUES ((SELECT photo_idx FROM photos WHERE photo_id = 1516), (SELECT tag_id FROM tags WHERE name = 'scenic'));
INSERT OR IGNORE INTO tags (name) VALUES ('landscape');
INSERT INTO photo_tags (photo_idx, tag_id) VALUES ((SELECT photo_idx FROM photos WHERE photo_id = 1516), (SELECT tag_id FROM tags WHERE name = 'landscape'));
INSERT OR IGNORE INTO tags (name) VALUES ('color');
INSERT INTO photo_tags (photo_idx, tag_id) VALUES ((SELECT photo_idx FROM photos WHERE photo_id = 1516), (SELECT tag_id FROM tags WHERE name = 'color'));
INSERT OR IGNORE INTO tags (name) VALUES ('outdoors');
INSERT INTO photo_tags (photo_idx, tag_id) VALUES ((SELECT photo_idx FROM photos WHERE photo_id = 1516), (SELECT tag_id FROM tags WHERE name = 'outdoors'));
INSERT OR IGNORE INTO tags (name) VALUES ('green');
INSERT INTO photo_tags (photo_idx, tag_id) VALUES ((SELECT photo_idx FROM photos WHERE photo_id = 1516), (SELECT tag_id FROM tags WHERE name = 'green'));
INSERT OR IGNORE INTO tags (name) VALUES ('white');
INSERT INTO photo_tags (photo_idx, tag_id) VALUES ((SELECT photo_idx FROM photos WHERE photo_id = 1516), (SELECT tag_id FROM tags WHERE name = 'white'));
INSERT OR IGNORE INTO tags (name) VALUES ('moss');
INSERT INTO photo_tags (photo_idx, tag_id) VALUES ((SELECT photo_idx FROM photos WHERE photo_id = 1516), (SELECT tag_id FROM tags WHERE name = 'moss'));
INSERT OR IGNORE INTO tags (name) VALUES ('rock');
INSERT INTO photo_tags (photo_idx, tag_id) VALUES ((SELECT photo_idx FROM photos WHERE photo_id = 1516), (SELECT tag_id FROM tags WHERE name = 'rock'));
INSERT OR IGNORE INTO tags (name) VALUES ('water');
INSERT INTO photo_tags (photo_idx, tag_id) VALUES ((SELECT photo_idx FROM photos WHERE photo_id = 1516), (SELECT tag_id FROM tags WHERE name = 'water'));
INSERT OR IGNORE INTO tags (name) VALUES ('waterfall');
INSERT INTO photo_tags (photo_idx, tag_id) VALUES ((SELECT photo_idx FROM photos WHERE photo_id = 1516), (SELECT tag_id FROM tags WHERE name = 'waterfall'));
INSERT OR IGNORE INTO tags (name) VALUES ('river');
INSERT INTO photo_tags (photo_idx, tag_id) VALUES ((SELECT photo_idx FROM photos WHERE photo_id = 1516), (SELECT tag_id FROM tags WHERE name = 'river'));
INSERT OR IGNORE INTO tags (name) VALUES ('stream');
INSERT INTO photo_tags (photo_idx, tag_id) VALUES ((SELECT photo_idx FROM photos WHERE photo_id = 1516), (SELECT tag_id FROM tags WHERE name = 'stream'));

INSERT INTO photos (photo_id, photo_title, photo_collection, photo_location, photo_year, camera, film_stock, film_format) VALUES (1517, 'Babbling Cascade', 'California', 'El Portal, California', 1999, 'Hasselblad', 'Fujichrome Velvia', '6 x 6 cm');
INSERT INTO photos_fts (photo_idx, photo_id, photo_title, photo_collection, photo_location, photo_year, camera, film_stock, film_format, tag_names) VALUES ((SELECT photo_idx FROM photos WHERE photo_id = 1517), 1517, 'Babbling Cascade', 'California', 'El Portal, California', 1999, 'Hasselblad', 'Fujichrome Velvia', '6 x 6 cm', 'horizontal,spring,scenic,landscape,color,outdoors,green,white,moss,rock,water,waterfall,river,stream');
INSERT OR IGNORE INTO tags (name) VALUES ('horizontal');
INSERT INTO photo_tags (photo_idx, tag_id) VALUES ((SELECT photo_idx FROM photos WHERE photo_id = 1517), (SELECT tag_id FROM tags WHERE name = 'horizontal'));
INSERT OR IGNORE INTO tags (name) VALUES ('spring');
INSERT INTO photo_tags (photo_idx, tag_id) VALUES ((SELECT photo_idx FROM photos WHERE photo_id = 1517), (SELECT tag_id FROM tags WHERE name = 'spring'));
INSERT OR IGNORE INTO tags (name) VALUES ('scenic');
INSERT INTO photo_tags (photo_idx, tag_id) VALUES ((SELECT photo_idx FROM photos WHERE photo_id = 1517), (SELECT tag_id FROM tags WHERE name = 'scenic'));
INSERT OR IGNORE INTO tags (name) VALUES ('landscape');
INSERT INTO photo_tags (photo_idx, tag_id) VALUES ((SELECT photo_idx FROM photos WHERE photo_id = 1517), (SELECT tag_id FROM tags WHERE name = 'landscape'));
INSERT OR IGNORE INTO tags (name) VALUES ('color');
INSERT INTO photo_tags (photo_idx, tag_id) VALUES ((SELECT photo_idx FROM photos WHERE photo_id = 1517), (SELECT tag_id FROM tags WHERE name = 'color'));
INSERT OR IGNORE INTO tags (name) VALUES ('outdoors');
INSERT INTO photo_tags (photo_idx, tag_id) VALUES ((SELECT photo_idx FROM photos WHERE photo_id = 1517), (SELECT tag_id FROM tags WHERE name = 'outdoors'));
INSERT OR IGNORE INTO tags (name) VALUES ('green');
INSERT INTO photo_tags (photo_idx, tag_id) VALUES ((SELECT photo_idx FROM photos WHERE photo_id = 1517), (SELECT tag_id FROM tags WHERE name = 'green'));
INSERT OR IGNORE INTO tags (name) VALUES ('white');
INSERT INTO photo_tags (photo_idx, tag_id) VALUES ((SELECT photo_idx FROM photos WHERE photo_id = 1517), (SELECT tag_id FROM tags WHERE name = 'white'));
INSERT OR IGNORE INTO tags (name) VALUES ('moss');
INSERT INTO photo_tags (photo_idx, tag_id) VALUES ((SELECT photo_idx FROM photos WHERE photo_id = 1517), (SELECT tag_id FROM tags WHERE name = 'moss'));
INSERT OR IGNORE INTO tags (name) VALUES ('rock');
INSERT INTO photo_tags (photo_idx, tag_id) VALUES ((SELECT photo_idx FROM photos WHERE photo_id = 1517), (SELECT tag_id FROM tags WHERE name = 'rock'));
INSERT OR IGNORE INTO tags (name) VALUES ('water');
INSERT INTO photo_tags (photo_idx, tag_id) VALUES ((SELECT photo_idx FROM photos WHERE photo_id = 1517), (SELECT tag_id FROM tags WHERE name = 'water'));
INSERT OR IGNORE INTO tags (name) VALUES ('waterfall');
INSERT INTO photo_tags (photo_idx, tag_id) VALUES ((SELECT photo_idx FROM photos WHERE photo_id = 1517), (SELECT tag_id FROM tags WHERE name = 'waterfall'));
INSERT OR IGNORE INTO tags (name) VALUES ('river');
INSERT INTO photo_tags (photo_idx, tag_id) VALUES ((SELECT photo_idx FROM photos WHERE photo_id = 1517), (SELECT tag_id FROM tags WHERE name = 'river'));
INSERT OR IGNORE INTO tags (name) VALUES ('stream');
INSERT INTO photo_tags (photo_idx, tag_id) VALUES ((SELECT photo_idx FROM photos WHERE photo_id = 1517), (SELECT tag_id FROM tags WHERE name = 'stream'));

INSERT INTO photos (photo_id, photo_title, photo_collection, photo_location, photo_year, camera, film_stock, film_format) VALUES (1518, 'Mossy Green Hill', 'California', 'El Portal, California', 1999, 'Hasselblad', 'Fujichrome Velvia', '6 x 6 cm');
INSERT INTO photos_fts (photo_idx, photo_id, photo_title, photo_collection, photo_location, photo_year, camera, film_stock, film_format, tag_names) VALUES ((SELECT photo_idx FROM photos WHERE photo_id = 1518), 1518, 'Mossy Green Hill', 'California', 'El Portal, California', 1999, 'Hasselblad', 'Fujichrome Velvia', '6 x 6 cm', 'vertical,spring,scenic,landscape,color,outdoors,green,moss,rock,foliage');
INSERT OR IGNORE INTO tags (name) VALUES ('vertical');
INSERT INTO photo_tags (photo_idx, tag_id) VALUES ((SELECT photo_idx FROM photos WHERE photo_id = 1518), (SELECT tag_id FROM tags WHERE name = 'vertical'));
INSERT OR IGNORE INTO tags (name) VALUES ('spring');
INSERT INTO photo_tags (photo_idx, tag_id) VALUES ((SELECT photo_idx FROM photos WHERE photo_id = 1518), (SELECT tag_id FROM tags WHERE name = 'spring'));
INSERT OR IGNORE INTO tags (name) VALUES ('scenic');
INSERT INTO photo_tags (photo_idx, tag_id) VALUES ((SELECT photo_idx FROM photos WHERE photo_id = 1518), (SELECT tag_id FROM tags WHERE name = 'scenic'));
INSERT OR IGNORE INTO tags (name) VALUES ('landscape');
INSERT INTO photo_tags (photo_idx, tag_id) VALUES ((SELECT photo_idx FROM photos WHERE photo_id = 1518), (SELECT tag_id FROM tags WHERE name = 'landscape'));
INSERT OR IGNORE INTO tags (name) VALUES ('color');
INSERT INTO photo_tags (photo_idx, tag_id) VALUES ((SELECT photo_idx FROM photos WHERE photo_id = 1518), (SELECT tag_id FROM tags WHERE name = 'color'));
INSERT OR IGNORE INTO tags (name) VALUES ('outdoors');
INSERT INTO photo_tags (photo_idx, tag_id) VALUES ((SELECT photo_idx FROM photos WHERE photo_id = 1518), (SELECT tag_id FROM tags WHERE name = 'outdoors'));
INSERT OR IGNORE INTO tags (name) VALUES ('green');
INSERT INTO photo_tags (photo_idx, tag_id) VALUES ((SELECT photo_idx FROM photos WHERE photo_id = 1518), (SELECT tag_id FROM tags WHERE name = 'green'));
INSERT OR IGNORE INTO tags (name) VALUES ('moss');
INSERT INTO photo_tags (photo_idx, tag_id) VALUES ((SELECT photo_idx FROM photos WHERE photo_id = 1518), (SELECT tag_id FROM tags WHERE name = 'moss'));
INSERT OR IGNORE INTO tags (name) VALUES ('rock');
INSERT INTO photo_tags (photo_idx, tag_id) VALUES ((SELECT photo_idx FROM photos WHERE photo_id = 1518), (SELECT tag_id FROM tags WHERE name = 'rock'));
INSERT OR IGNORE INTO tags (name) VALUES ('foliage');
INSERT INTO photo_tags (photo_idx, tag_id) VALUES ((SELECT photo_idx FROM photos WHERE photo_id = 1518), (SELECT tag_id FROM tags WHERE name = 'foliage'));

INSERT INTO photos (photo_id, photo_title, photo_collection, photo_location, photo_year, camera, film_stock, film_format) VALUES (1519, 'Moss on Rock Wall', 'California', 'El Portal, California', 1999, 'Hasselblad', 'Fujichrome Velvia', '6 x 6 cm');
INSERT INTO photos_fts (photo_idx, photo_id, photo_title, photo_collection, photo_location, photo_year, camera, film_stock, film_format, tag_names) VALUES ((SELECT photo_idx FROM photos WHERE photo_id = 1519), 1519, 'Moss on Rock Wall', 'California', 'El Portal, California', 1999, 'Hasselblad', 'Fujichrome Velvia', '6 x 6 cm', 'horizontal,scenic,landscape,color,outdoors,gray,green,moss,rock');
INSERT OR IGNORE INTO tags (name) VALUES ('horizontal');
INSERT INTO photo_tags (photo_idx, tag_id) VALUES ((SELECT photo_idx FROM photos WHERE photo_id = 1519), (SELECT tag_id FROM tags WHERE name = 'horizontal'));
INSERT OR IGNORE INTO tags (name) VALUES ('scenic');
INSERT INTO photo_tags (photo_idx, tag_id) VALUES ((SELECT photo_idx FROM photos WHERE photo_id = 1519), (SELECT tag_id FROM tags WHERE name = 'scenic'));
INSERT OR IGNORE INTO tags (name) VALUES ('landscape');
INSERT INTO photo_tags (photo_idx, tag_id) VALUES ((SELECT photo_idx FROM photos WHERE photo_id = 1519), (SELECT tag_id FROM tags WHERE name = 'landscape'));
INSERT OR IGNORE INTO tags (name) VALUES ('color');
INSERT INTO photo_tags (photo_idx, tag_id) VALUES ((SELECT photo_idx FROM photos WHERE photo_id = 1519), (SELECT tag_id FROM tags WHERE name = 'color'));
INSERT OR IGNORE INTO tags (name) VALUES ('outdoors');
INSERT INTO photo_tags (photo_idx, tag_id) VALUES ((SELECT photo_idx FROM photos WHERE photo_id = 1519), (SELECT tag_id FROM tags WHERE name = 'outdoors'));
INSERT OR IGNORE INTO tags (name) VALUES ('gray');
INSERT INTO photo_tags (photo_idx, tag_id) VALUES ((SELECT photo_idx FROM photos WHERE photo_id = 1519), (SELECT tag_id FROM tags WHERE name = 'gray'));
INSERT OR IGNORE INTO tags (name) VALUES ('green');
INSERT INTO photo_tags (photo_idx, tag_id) VALUES ((SELECT photo_idx FROM photos WHERE photo_id = 1519), (SELECT tag_id FROM tags WHERE name = 'green'));
INSERT OR IGNORE INTO tags (name) VALUES ('moss');
INSERT INTO photo_tags (photo_idx, tag_id) VALUES ((SELECT photo_idx FROM photos WHERE photo_id = 1519), (SELECT tag_id FROM tags WHERE name = 'moss'));
INSERT OR IGNORE INTO tags (name) VALUES ('rock');
INSERT INTO photo_tags (photo_idx, tag_id) VALUES ((SELECT photo_idx FROM photos WHERE photo_id = 1519), (SELECT tag_id FROM tags WHERE name = 'rock'));

INSERT INTO photos (photo_id, photo_title, photo_collection, photo_location, photo_year, camera, film_stock, film_format) VALUES (1520, 'Mossy Rocks and Brush', 'California', 'El Portal, California', 1999, 'Hasselblad', 'Fujichrome Velvia', '6 x 6 cm');
INSERT INTO photos_fts (photo_idx, photo_id, photo_title, photo_collection, photo_location, photo_year, camera, film_stock, film_format, tag_names) VALUES ((SELECT photo_idx FROM photos WHERE photo_id = 1520), 1520, 'Mossy Rocks and Brush', 'California', 'El Portal, California', 1999, 'Hasselblad', 'Fujichrome Velvia', '6 x 6 cm', 'horizontal,scenic,landscape,color,outdoors,gray,green,moss,rock');
INSERT OR IGNORE INTO tags (name) VALUES ('horizontal');
INSERT INTO photo_tags (photo_idx, tag_id) VALUES ((SELECT photo_idx FROM photos WHERE photo_id = 1520), (SELECT tag_id FROM tags WHERE name = 'horizontal'));
INSERT OR IGNORE INTO tags (name) VALUES ('scenic');
INSERT INTO photo_tags (photo_idx, tag_id) VALUES ((SELECT photo_idx FROM photos WHERE photo_id = 1520), (SELECT tag_id FROM tags WHERE name = 'scenic'));
INSERT OR IGNORE INTO tags (name) VALUES ('landscape');
INSERT INTO photo_tags (photo_idx, tag_id) VALUES ((SELECT photo_idx FROM photos WHERE photo_id = 1520), (SELECT tag_id FROM tags WHERE name = 'landscape'));
INSERT OR IGNORE INTO tags (name) VALUES ('color');
INSERT INTO photo_tags (photo_idx, tag_id) VALUES ((SELECT photo_idx FROM photos WHERE photo_id = 1520), (SELECT tag_id FROM tags WHERE name = 'color'));
INSERT OR IGNORE INTO tags (name) VALUES ('outdoors');
INSERT INTO photo_tags (photo_idx, tag_id) VALUES ((SELECT photo_idx FROM photos WHERE photo_id = 1520), (SELECT tag_id FROM tags WHERE name = 'outdoors'));
INSERT OR IGNORE INTO tags (name) VALUES ('gray');
INSERT INTO photo_tags (photo_idx, tag_id) VALUES ((SELECT photo_idx FROM photos WHERE photo_id = 1520), (SELECT tag_id FROM tags WHERE name = 'gray'));
INSERT OR IGNORE INTO tags (name) VALUES ('green');
INSERT INTO photo_tags (photo_idx, tag_id) VALUES ((SELECT photo_idx FROM photos WHERE photo_id = 1520), (SELECT tag_id FROM tags WHERE name = 'green'));
INSERT OR IGNORE INTO tags (name) VALUES ('moss');
INSERT INTO photo_tags (photo_idx, tag_id) VALUES ((SELECT photo_idx FROM photos WHERE photo_id = 1520), (SELECT tag_id FROM tags WHERE name = 'moss'));
INSERT OR IGNORE INTO tags (name) VALUES ('rock');
INSERT INTO photo_tags (photo_idx, tag_id) VALUES ((SELECT photo_idx FROM photos WHERE photo_id = 1520), (SELECT tag_id FROM tags WHERE name = 'rock'));

INSERT INTO photos (photo_id, photo_title, photo_collection, photo_location, photo_year, camera, film_stock, film_format) VALUES (1521, 'Cherry Blossoms One', 'California', 'Ripon, California', 1999, 'Hasselblad', 'Fujichrome Velvia', '6 x 6 cm');
INSERT INTO photos_fts (photo_idx, photo_id, photo_title, photo_collection, photo_location, photo_year, camera, film_stock, film_format, tag_names) VALUES ((SELECT photo_idx FROM photos WHERE photo_id = 1521), 1521, 'Cherry Blossoms One', 'California', 'Ripon, California', 1999, 'Hasselblad', 'Fujichrome Velvia', '6 x 6 cm', 'horizontal,spring,closeup,landscape,color,outdoors,blue,pink,white,flowers,sky,trees,foliage,blossoms');
INSERT OR IGNORE INTO tags (name) VALUES ('horizontal');
INSERT INTO photo_tags (photo_idx, tag_id) VALUES ((SELECT photo_idx FROM photos WHERE photo_id = 1521), (SELECT tag_id FROM tags WHERE name = 'horizontal'));
INSERT OR IGNORE INTO tags (name) VALUES ('spring');
INSERT INTO photo_tags (photo_idx, tag_id) VALUES ((SELECT photo_idx FROM photos WHERE photo_id = 1521), (SELECT tag_id FROM tags WHERE name = 'spring'));
INSERT OR IGNORE INTO tags (name) VALUES ('closeup');
INSERT INTO photo_tags (photo_idx, tag_id) VALUES ((SELECT photo_idx FROM photos WHERE photo_id = 1521), (SELECT tag_id FROM tags WHERE name = 'closeup'));
INSERT OR IGNORE INTO tags (name) VALUES ('landscape');
INSERT INTO photo_tags (photo_idx, tag_id) VALUES ((SELECT photo_idx FROM photos WHERE photo_id = 1521), (SELECT tag_id FROM tags WHERE name = 'landscape'));
INSERT OR IGNORE INTO tags (name) VALUES ('color');
INSERT INTO photo_tags (photo_idx, tag_id) VALUES ((SELECT photo_idx FROM photos WHERE photo_id = 1521), (SELECT tag_id FROM tags WHERE name = 'color'));
INSERT OR IGNORE INTO tags (name) VALUES ('outdoors');
INSERT INTO photo_tags (photo_idx, tag_id) VALUES ((SELECT photo_idx FROM photos WHERE photo_id = 1521), (SELECT tag_id FROM tags WHERE name = 'outdoors'));
INSERT OR IGNORE INTO tags (name) VALUES ('blue');
INSERT INTO photo_tags (photo_idx, tag_id) VALUES ((SELECT photo_idx FROM photos WHERE photo_id = 1521), (SELECT tag_id FROM tags WHERE name = 'blue'));
INSERT OR IGNORE INTO tags (name) VALUES ('pink');
INSERT INTO photo_tags (photo_idx, tag_id) VALUES ((SELECT photo_idx FROM photos WHERE photo_id = 1521), (SELECT tag_id FROM tags WHERE name = 'pink'));
INSERT OR IGNORE INTO tags (name) VALUES ('white');
INSERT INTO photo_tags (photo_idx, tag_id) VALUES ((SELECT photo_idx FROM photos WHERE photo_id = 1521), (SELECT tag_id FROM tags WHERE name = 'white'));
INSERT OR IGNORE INTO tags (name) VALUES ('flowers');
INSERT INTO photo_tags (photo_idx, tag_id) VALUES ((SELECT photo_idx FROM photos WHERE photo_id = 1521), (SELECT tag_id FROM tags WHERE name = 'flowers'));
INSERT OR IGNORE INTO tags (name) VALUES ('sky');
INSERT INTO photo_tags (photo_idx, tag_id) VALUES ((SELECT photo_idx FROM photos WHERE photo_id = 1521), (SELECT tag_id FROM tags WHERE name = 'sky'));
INSERT OR IGNORE INTO tags (name) VALUES ('trees');
INSERT INTO photo_tags (photo_idx, tag_id) VALUES ((SELECT photo_idx FROM photos WHERE photo_id = 1521), (SELECT tag_id FROM tags WHERE name = 'trees'));
INSERT OR IGNORE INTO tags (name) VALUES ('foliage');
INSERT INTO photo_tags (photo_idx, tag_id) VALUES ((SELECT photo_idx FROM photos WHERE photo_id = 1521), (SELECT tag_id FROM tags WHERE name = 'foliage'));
INSERT OR IGNORE INTO tags (name) VALUES ('blossoms');
INSERT INTO photo_tags (photo_idx, tag_id) VALUES ((SELECT photo_idx FROM photos WHERE photo_id = 1521), (SELECT tag_id FROM tags WHERE name = 'blossoms'));

INSERT INTO photos (photo_id, photo_title, photo_collection, photo_location, photo_year, camera, film_stock, film_format) VALUES (1522, 'Cherry Blossoms Two', 'California', 'Ripon, California', 1999, 'Hasselblad', 'Fujichrome Velvia', '6 x 6 cm');
INSERT INTO photos_fts (photo_idx, photo_id, photo_title, photo_collection, photo_location, photo_year, camera, film_stock, film_format, tag_names) VALUES ((SELECT photo_idx FROM photos WHERE photo_id = 1522), 1522, 'Cherry Blossoms Two', 'California', 'Ripon, California', 1999, 'Hasselblad', 'Fujichrome Velvia', '6 x 6 cm', 'vertical,spring,closeup,landscape,color,outdoors,blue,pink,white,flowers,sky,trees,foliage,blossoms');
INSERT OR IGNORE INTO tags (name) VALUES ('vertical');
INSERT INTO photo_tags (photo_idx, tag_id) VALUES ((SELECT photo_idx FROM photos WHERE photo_id = 1522), (SELECT tag_id FROM tags WHERE name = 'vertical'));
INSERT OR IGNORE INTO tags (name) VALUES ('spring');
INSERT INTO photo_tags (photo_idx, tag_id) VALUES ((SELECT photo_idx FROM photos WHERE photo_id = 1522), (SELECT tag_id FROM tags WHERE name = 'spring'));
INSERT OR IGNORE INTO tags (name) VALUES ('closeup');
INSERT INTO photo_tags (photo_idx, tag_id) VALUES ((SELECT photo_idx FROM photos WHERE photo_id = 1522), (SELECT tag_id FROM tags WHERE name = 'closeup'));
INSERT OR IGNORE INTO tags (name) VALUES ('landscape');
INSERT INTO photo_tags (photo_idx, tag_id) VALUES ((SELECT photo_idx FROM photos WHERE photo_id = 1522), (SELECT tag_id FROM tags WHERE name = 'landscape'));
INSERT OR IGNORE INTO tags (name) VALUES ('color');
INSERT INTO photo_tags (photo_idx, tag_id) VALUES ((SELECT photo_idx FROM photos WHERE photo_id = 1522), (SELECT tag_id FROM tags WHERE name = 'color'));
INSERT OR IGNORE INTO tags (name) VALUES ('outdoors');
INSERT INTO photo_tags (photo_idx, tag_id) VALUES ((SELECT photo_idx FROM photos WHERE photo_id = 1522), (SELECT tag_id FROM tags WHERE name = 'outdoors'));
INSERT OR IGNORE INTO tags (name) VALUES ('blue');
INSERT INTO photo_tags (photo_idx, tag_id) VALUES ((SELECT photo_idx FROM photos WHERE photo_id = 1522), (SELECT tag_id FROM tags WHERE name = 'blue'));
INSERT OR IGNORE INTO tags (name) VALUES ('pink');
INSERT INTO photo_tags (photo_idx, tag_id) VALUES ((SELECT photo_idx FROM photos WHERE photo_id = 1522), (SELECT tag_id FROM tags WHERE name = 'pink'));
INSERT OR IGNORE INTO tags (name) VALUES ('white');
INSERT INTO photo_tags (photo_idx, tag_id) VALUES ((SELECT photo_idx FROM photos WHERE photo_id = 1522), (SELECT tag_id FROM tags WHERE name = 'white'));
INSERT OR IGNORE INTO tags (name) VALUES ('flowers');
INSERT INTO photo_tags (photo_idx, tag_id) VALUES ((SELECT photo_idx FROM photos WHERE photo_id = 1522), (SELECT tag_id FROM tags WHERE name = 'flowers'));
INSERT OR IGNORE INTO tags (name) VALUES ('sky');
INSERT INTO photo_tags (photo_idx, tag_id) VALUES ((SELECT photo_idx FROM photos WHERE photo_id = 1522), (SELECT tag_id FROM tags WHERE name = 'sky'));
INSERT OR IGNORE INTO tags (name) VALUES ('trees');
INSERT INTO photo_tags (photo_idx, tag_id) VALUES ((SELECT photo_idx FROM photos WHERE photo_id = 1522), (SELECT tag_id FROM tags WHERE name = 'trees'));
INSERT OR IGNORE INTO tags (name) VALUES ('foliage');
INSERT INTO photo_tags (photo_idx, tag_id) VALUES ((SELECT photo_idx FROM photos WHERE photo_id = 1522), (SELECT tag_id FROM tags WHERE name = 'foliage'));
INSERT OR IGNORE INTO tags (name) VALUES ('blossoms');
INSERT INTO photo_tags (photo_idx, tag_id) VALUES ((SELECT photo_idx FROM photos WHERE photo_id = 1522), (SELECT tag_id FROM tags WHERE name = 'blossoms'));

INSERT INTO photos (photo_id, photo_title, photo_collection, photo_location, photo_year, camera, film_stock, film_format) VALUES (1523, 'Cherry Blossoms Three', 'California', 'Ripon, California', 1999, 'Hasselblad', 'Fujichrome Velvia', '6 x 6 cm');
INSERT INTO photos_fts (photo_idx, photo_id, photo_title, photo_collection, photo_location, photo_year, camera, film_stock, film_format, tag_names) VALUES ((SELECT photo_idx FROM photos WHERE photo_id = 1523), 1523, 'Cherry Blossoms Three', 'California', 'Ripon, California', 1999, 'Hasselblad', 'Fujichrome Velvia', '6 x 6 cm', 'horizontal,spring,closeup,landscape,color,outdoors,blue,pink,white,flowers,sky,trees,foliage,blossoms');
INSERT OR IGNORE INTO tags (name) VALUES ('horizontal');
INSERT INTO photo_tags (photo_idx, tag_id) VALUES ((SELECT photo_idx FROM photos WHERE photo_id = 1523), (SELECT tag_id FROM tags WHERE name = 'horizontal'));
INSERT OR IGNORE INTO tags (name) VALUES ('spring');
INSERT INTO photo_tags (photo_idx, tag_id) VALUES ((SELECT photo_idx FROM photos WHERE photo_id = 1523), (SELECT tag_id FROM tags WHERE name = 'spring'));
INSERT OR IGNORE INTO tags (name) VALUES ('closeup');
INSERT INTO photo_tags (photo_idx, tag_id) VALUES ((SELECT photo_idx FROM photos WHERE photo_id = 1523), (SELECT tag_id FROM tags WHERE name = 'closeup'));
INSERT OR IGNORE INTO tags (name) VALUES ('landscape');
INSERT INTO photo_tags (photo_idx, tag_id) VALUES ((SELECT photo_idx FROM photos WHERE photo_id = 1523), (SELECT tag_id FROM tags WHERE name = 'landscape'));
INSERT OR IGNORE INTO tags (name) VALUES ('color');
INSERT INTO photo_tags (photo_idx, tag_id) VALUES ((SELECT photo_idx FROM photos WHERE photo_id = 1523), (SELECT tag_id FROM tags WHERE name = 'color'));
INSERT OR IGNORE INTO tags (name) VALUES ('outdoors');
INSERT INTO photo_tags (photo_idx, tag_id) VALUES ((SELECT photo_idx FROM photos WHERE photo_id = 1523), (SELECT tag_id FROM tags WHERE name = 'outdoors'));
INSERT OR IGNORE INTO tags (name) VALUES ('blue');
INSERT INTO photo_tags (photo_idx, tag_id) VALUES ((SELECT photo_idx FROM photos WHERE photo_id = 1523), (SELECT tag_id FROM tags WHERE name = 'blue'));
INSERT OR IGNORE INTO tags (name) VALUES ('pink');
INSERT INTO photo_tags (photo_idx, tag_id) VALUES ((SELECT photo_idx FROM photos WHERE photo_id = 1523), (SELECT tag_id FROM tags WHERE name = 'pink'));
INSERT OR IGNORE INTO tags (name) VALUES ('white');
INSERT INTO photo_tags (photo_idx, tag_id) VALUES ((SELECT photo_idx FROM photos WHERE photo_id = 1523), (SELECT tag_id FROM tags WHERE name = 'white'));
INSERT OR IGNORE INTO tags (name) VALUES ('flowers');
INSERT INTO photo_tags (photo_idx, tag_id) VALUES ((SELECT photo_idx FROM photos WHERE photo_id = 1523), (SELECT tag_id FROM tags WHERE name = 'flowers'));
INSERT OR IGNORE INTO tags (name) VALUES ('sky');
INSERT INTO photo_tags (photo_idx, tag_id) VALUES ((SELECT photo_idx FROM photos WHERE photo_id = 1523), (SELECT tag_id FROM tags WHERE name = 'sky'));
INSERT OR IGNORE INTO tags (name) VALUES ('trees');
INSERT INTO photo_tags (photo_idx, tag_id) VALUES ((SELECT photo_idx FROM photos WHERE photo_id = 1523), (SELECT tag_id FROM tags WHERE name = 'trees'));
INSERT OR IGNORE INTO tags (name) VALUES ('foliage');
INSERT INTO photo_tags (photo_idx, tag_id) VALUES ((SELECT photo_idx FROM photos WHERE photo_id = 1523), (SELECT tag_id FROM tags WHERE name = 'foliage'));
INSERT OR IGNORE INTO tags (name) VALUES ('blossoms');
INSERT INTO photo_tags (photo_idx, tag_id) VALUES ((SELECT photo_idx FROM photos WHERE photo_id = 1523), (SELECT tag_id FROM tags WHERE name = 'blossoms'));

INSERT INTO photos (photo_id, photo_title, photo_collection, photo_location, photo_year, camera, film_stock, film_format) VALUES (1524, 'Cherry Blossoms Four', 'California', 'Ripon, California', 1999, 'Hasselblad', 'Fujichrome Velvia', '6 x 6 cm');
INSERT INTO photos_fts (photo_idx, photo_id, photo_title, photo_collection, photo_location, photo_year, camera, film_stock, film_format, tag_names) VALUES ((SELECT photo_idx FROM photos WHERE photo_id = 1524), 1524, 'Cherry Blossoms Four', 'California', 'Ripon, California', 1999, 'Hasselblad', 'Fujichrome Velvia', '6 x 6 cm', 'horizontal,spring,closeup,landscape,color,outdoors,blue,pink,white,flowers,sky,trees,foliage,blossoms');
INSERT OR IGNORE INTO tags (name) VALUES ('horizontal');
INSERT INTO photo_tags (photo_idx, tag_id) VALUES ((SELECT photo_idx FROM photos WHERE photo_id = 1524), (SELECT tag_id FROM tags WHERE name = 'horizontal'));
INSERT OR IGNORE INTO tags (name) VALUES ('spring');
INSERT INTO photo_tags (photo_idx, tag_id) VALUES ((SELECT photo_idx FROM photos WHERE photo_id = 1524), (SELECT tag_id FROM tags WHERE name = 'spring'));
INSERT OR IGNORE INTO tags (name) VALUES ('closeup');
INSERT INTO photo_tags (photo_idx, tag_id) VALUES ((SELECT photo_idx FROM photos WHERE photo_id = 1524), (SELECT tag_id FROM tags WHERE name = 'closeup'));
INSERT OR IGNORE INTO tags (name) VALUES ('landscape');
INSERT INTO photo_tags (photo_idx, tag_id) VALUES ((SELECT photo_idx FROM photos WHERE photo_id = 1524), (SELECT tag_id FROM tags WHERE name = 'landscape'));
INSERT OR IGNORE INTO tags (name) VALUES ('color');
INSERT INTO photo_tags (photo_idx, tag_id) VALUES ((SELECT photo_idx FROM photos WHERE photo_id = 1524), (SELECT tag_id FROM tags WHERE name = 'color'));
INSERT OR IGNORE INTO tags (name) VALUES ('outdoors');
INSERT INTO photo_tags (photo_idx, tag_id) VALUES ((SELECT photo_idx FROM photos WHERE photo_id = 1524), (SELECT tag_id FROM tags WHERE name = 'outdoors'));
INSERT OR IGNORE INTO tags (name) VALUES ('blue');
INSERT INTO photo_tags (photo_idx, tag_id) VALUES ((SELECT photo_idx FROM photos WHERE photo_id = 1524), (SELECT tag_id FROM tags WHERE name = 'blue'));
INSERT OR IGNORE INTO tags (name) VALUES ('pink');
INSERT INTO photo_tags (photo_idx, tag_id) VALUES ((SELECT photo_idx FROM photos WHERE photo_id = 1524), (SELECT tag_id FROM tags WHERE name = 'pink'));
INSERT OR IGNORE INTO tags (name) VALUES ('white');
INSERT INTO photo_tags (photo_idx, tag_id) VALUES ((SELECT photo_idx FROM photos WHERE photo_id = 1524), (SELECT tag_id FROM tags WHERE name = 'white'));
INSERT OR IGNORE INTO tags (name) VALUES ('flowers');
INSERT INTO photo_tags (photo_idx, tag_id) VALUES ((SELECT photo_idx FROM photos WHERE photo_id = 1524), (SELECT tag_id FROM tags WHERE name = 'flowers'));
INSERT OR IGNORE INTO tags (name) VALUES ('sky');
INSERT INTO photo_tags (photo_idx, tag_id) VALUES ((SELECT photo_idx FROM photos WHERE photo_id = 1524), (SELECT tag_id FROM tags WHERE name = 'sky'));
INSERT OR IGNORE INTO tags (name) VALUES ('trees');
INSERT INTO photo_tags (photo_idx, tag_id) VALUES ((SELECT photo_idx FROM photos WHERE photo_id = 1524), (SELECT tag_id FROM tags WHERE name = 'trees'));
INSERT OR IGNORE INTO tags (name) VALUES ('foliage');
INSERT INTO photo_tags (photo_idx, tag_id) VALUES ((SELECT photo_idx FROM photos WHERE photo_id = 1524), (SELECT tag_id FROM tags WHERE name = 'foliage'));
INSERT OR IGNORE INTO tags (name) VALUES ('blossoms');
INSERT INTO photo_tags (photo_idx, tag_id) VALUES ((SELECT photo_idx FROM photos WHERE photo_id = 1524), (SELECT tag_id FROM tags WHERE name = 'blossoms'));

INSERT INTO photos (photo_id, photo_title, photo_collection, photo_location, photo_year, camera, film_stock, film_format) VALUES (1525, 'Cherry Blossoms Five', 'California', 'Ripon, California', 1999, 'Hasselblad', 'Fujichrome Velvia', '6 x 6 cm');
INSERT INTO photos_fts (photo_idx, photo_id, photo_title, photo_collection, photo_location, photo_year, camera, film_stock, film_format, tag_names) VALUES ((SELECT photo_idx FROM photos WHERE photo_id = 1525), 1525, 'Cherry Blossoms Five', 'California', 'Ripon, California', 1999, 'Hasselblad', 'Fujichrome Velvia', '6 x 6 cm', 'horizontal,spring,popular,closeup,landscape,color,outdoors,blue,pink,white,flowers,sky,trees,foliage,blossoms');
INSERT OR IGNORE INTO tags (name) VALUES ('horizontal');
INSERT INTO photo_tags (photo_idx, tag_id) VALUES ((SELECT photo_idx FROM photos WHERE photo_id = 1525), (SELECT tag_id FROM tags WHERE name = 'horizontal'));
INSERT OR IGNORE INTO tags (name) VALUES ('spring');
INSERT INTO photo_tags (photo_idx, tag_id) VALUES ((SELECT photo_idx FROM photos WHERE photo_id = 1525), (SELECT tag_id FROM tags WHERE name = 'spring'));
INSERT OR IGNORE INTO tags (name) VALUES ('popular');
INSERT INTO photo_tags (photo_idx, tag_id) VALUES ((SELECT photo_idx FROM photos WHERE photo_id = 1525), (SELECT tag_id FROM tags WHERE name = 'popular'));
INSERT OR IGNORE INTO tags (name) VALUES ('closeup');
INSERT INTO photo_tags (photo_idx, tag_id) VALUES ((SELECT photo_idx FROM photos WHERE photo_id = 1525), (SELECT tag_id FROM tags WHERE name = 'closeup'));
INSERT OR IGNORE INTO tags (name) VALUES ('landscape');
INSERT INTO photo_tags (photo_idx, tag_id) VALUES ((SELECT photo_idx FROM photos WHERE photo_id = 1525), (SELECT tag_id FROM tags WHERE name = 'landscape'));
INSERT OR IGNORE INTO tags (name) VALUES ('color');
INSERT INTO photo_tags (photo_idx, tag_id) VALUES ((SELECT photo_idx FROM photos WHERE photo_id = 1525), (SELECT tag_id FROM tags WHERE name = 'color'));
INSERT OR IGNORE INTO tags (name) VALUES ('outdoors');
INSERT INTO photo_tags (photo_idx, tag_id) VALUES ((SELECT photo_idx FROM photos WHERE photo_id = 1525), (SELECT tag_id FROM tags WHERE name = 'outdoors'));
INSERT OR IGNORE INTO tags (name) VALUES ('blue');
INSERT INTO photo_tags (photo_idx, tag_id) VALUES ((SELECT photo_idx FROM photos WHERE photo_id = 1525), (SELECT tag_id FROM tags WHERE name = 'blue'));
INSERT OR IGNORE INTO tags (name) VALUES ('pink');
INSERT INTO photo_tags (photo_idx, tag_id) VALUES ((SELECT photo_idx FROM photos WHERE photo_id = 1525), (SELECT tag_id FROM tags WHERE name = 'pink'));
INSERT OR IGNORE INTO tags (name) VALUES ('white');
INSERT INTO photo_tags (photo_idx, tag_id) VALUES ((SELECT photo_idx FROM photos WHERE photo_id = 1525), (SELECT tag_id FROM tags WHERE name = 'white'));
INSERT OR IGNORE INTO tags (name) VALUES ('flowers');
INSERT INTO photo_tags (photo_idx, tag_id) VALUES ((SELECT photo_idx FROM photos WHERE photo_id = 1525), (SELECT tag_id FROM tags WHERE name = 'flowers'));
INSERT OR IGNORE INTO tags (name) VALUES ('sky');
INSERT INTO photo_tags (photo_idx, tag_id) VALUES ((SELECT photo_idx FROM photos WHERE photo_id = 1525), (SELECT tag_id FROM tags WHERE name = 'sky'));
INSERT OR IGNORE INTO tags (name) VALUES ('trees');
INSERT INTO photo_tags (photo_idx, tag_id) VALUES ((SELECT photo_idx FROM photos WHERE photo_id = 1525), (SELECT tag_id FROM tags WHERE name = 'trees'));
INSERT OR IGNORE INTO tags (name) VALUES ('foliage');
INSERT INTO photo_tags (photo_idx, tag_id) VALUES ((SELECT photo_idx FROM photos WHERE photo_id = 1525), (SELECT tag_id FROM tags WHERE name = 'foliage'));
INSERT OR IGNORE INTO tags (name) VALUES ('blossoms');
INSERT INTO photo_tags (photo_idx, tag_id) VALUES ((SELECT photo_idx FROM photos WHERE photo_id = 1525), (SELECT tag_id FROM tags WHERE name = 'blossoms'));

INSERT INTO photos (photo_id, photo_title, photo_collection, photo_location, photo_year, camera, film_stock, film_format) VALUES (1526, 'Cherry Blossoms Seven', 'California', 'Ripon, California', 1999, 'Hasselblad', 'Fujichrome Velvia', '6 x 6 cm');
INSERT INTO photos_fts (photo_idx, photo_id, photo_title, photo_collection, photo_location, photo_year, camera, film_stock, film_format, tag_names) VALUES ((SELECT photo_idx FROM photos WHERE photo_id = 1526), 1526, 'Cherry Blossoms Seven', 'California', 'Ripon, California', 1999, 'Hasselblad', 'Fujichrome Velvia', '6 x 6 cm', 'vertical,spring,closeup,landscape,color,outdoors,blue,pink,white,flowers,sky,trees,foliage,blossoms');
INSERT OR IGNORE INTO tags (name) VALUES ('vertical');
INSERT INTO photo_tags (photo_idx, tag_id) VALUES ((SELECT photo_idx FROM photos WHERE photo_id = 1526), (SELECT tag_id FROM tags WHERE name = 'vertical'));
INSERT OR IGNORE INTO tags (name) VALUES ('spring');
INSERT INTO photo_tags (photo_idx, tag_id) VALUES ((SELECT photo_idx FROM photos WHERE photo_id = 1526), (SELECT tag_id FROM tags WHERE name = 'spring'));
INSERT OR IGNORE INTO tags (name) VALUES ('closeup');
INSERT INTO photo_tags (photo_idx, tag_id) VALUES ((SELECT photo_idx FROM photos WHERE photo_id = 1526), (SELECT tag_id FROM tags WHERE name = 'closeup'));
INSERT OR IGNORE INTO tags (name) VALUES ('landscape');
INSERT INTO photo_tags (photo_idx, tag_id) VALUES ((SELECT photo_idx FROM photos WHERE photo_id = 1526), (SELECT tag_id FROM tags WHERE name = 'landscape'));
INSERT OR IGNORE INTO tags (name) VALUES ('color');
INSERT INTO photo_tags (photo_idx, tag_id) VALUES ((SELECT photo_idx FROM photos WHERE photo_id = 1526), (SELECT tag_id FROM tags WHERE name = 'color'));
INSERT OR IGNORE INTO tags (name) VALUES ('outdoors');
INSERT INTO photo_tags (photo_idx, tag_id) VALUES ((SELECT photo_idx FROM photos WHERE photo_id = 1526), (SELECT tag_id FROM tags WHERE name = 'outdoors'));
INSERT OR IGNORE INTO tags (name) VALUES ('blue');
INSERT INTO photo_tags (photo_idx, tag_id) VALUES ((SELECT photo_idx FROM photos WHERE photo_id = 1526), (SELECT tag_id FROM tags WHERE name = 'blue'));
INSERT OR IGNORE INTO tags (name) VALUES ('pink');
INSERT INTO photo_tags (photo_idx, tag_id) VALUES ((SELECT photo_idx FROM photos WHERE photo_id = 1526), (SELECT tag_id FROM tags WHERE name = 'pink'));
INSERT OR IGNORE INTO tags (name) VALUES ('white');
INSERT INTO photo_tags (photo_idx, tag_id) VALUES ((SELECT photo_idx FROM photos WHERE photo_id = 1526), (SELECT tag_id FROM tags WHERE name = 'white'));
INSERT OR IGNORE INTO tags (name) VALUES ('flowers');
INSERT INTO photo_tags (photo_idx, tag_id) VALUES ((SELECT photo_idx FROM photos WHERE photo_id = 1526), (SELECT tag_id FROM tags WHERE name = 'flowers'));
INSERT OR IGNORE INTO tags (name) VALUES ('sky');
INSERT INTO photo_tags (photo_idx, tag_id) VALUES ((SELECT photo_idx FROM photos WHERE photo_id = 1526), (SELECT tag_id FROM tags WHERE name = 'sky'));
INSERT OR IGNORE INTO tags (name) VALUES ('trees');
INSERT INTO photo_tags (photo_idx, tag_id) VALUES ((SELECT photo_idx FROM photos WHERE photo_id = 1526), (SELECT tag_id FROM tags WHERE name = 'trees'));
INSERT OR IGNORE INTO tags (name) VALUES ('foliage');
INSERT INTO photo_tags (photo_idx, tag_id) VALUES ((SELECT photo_idx FROM photos WHERE photo_id = 1526), (SELECT tag_id FROM tags WHERE name = 'foliage'));
INSERT OR IGNORE INTO tags (name) VALUES ('blossoms');
INSERT INTO photo_tags (photo_idx, tag_id) VALUES ((SELECT photo_idx FROM photos WHERE photo_id = 1526), (SELECT tag_id FROM tags WHERE name = 'blossoms'));

INSERT INTO photos (photo_id, photo_title, photo_collection, photo_location, photo_year, camera, film_stock, film_format) VALUES (1527, 'Cherry Blossoms Six', 'California', 'Ripon, California', 1999, 'Hasselblad', 'Fujichrome Velvia', '6 x 6 cm');
INSERT INTO photos_fts (photo_idx, photo_id, photo_title, photo_collection, photo_location, photo_year, camera, film_stock, film_format, tag_names) VALUES ((SELECT photo_idx FROM photos WHERE photo_id = 1527), 1527, 'Cherry Blossoms Six', 'California', 'Ripon, California', 1999, 'Hasselblad', 'Fujichrome Velvia', '6 x 6 cm', 'vertical,spring,closeup,landscape,color,outdoors,blue,pink,white,flowers,sky,trees,foliage,blossoms');
INSERT OR IGNORE INTO tags (name) VALUES ('vertical');
INSERT INTO photo_tags (photo_idx, tag_id) VALUES ((SELECT photo_idx FROM photos WHERE photo_id = 1527), (SELECT tag_id FROM tags WHERE name = 'vertical'));
INSERT OR IGNORE INTO tags (name) VALUES ('spring');
INSERT INTO photo_tags (photo_idx, tag_id) VALUES ((SELECT photo_idx FROM photos WHERE photo_id = 1527), (SELECT tag_id FROM tags WHERE name = 'spring'));
INSERT OR IGNORE INTO tags (name) VALUES ('closeup');
INSERT INTO photo_tags (photo_idx, tag_id) VALUES ((SELECT photo_idx FROM photos WHERE photo_id = 1527), (SELECT tag_id FROM tags WHERE name = 'closeup'));
INSERT OR IGNORE INTO tags (name) VALUES ('landscape');
INSERT INTO photo_tags (photo_idx, tag_id) VALUES ((SELECT photo_idx FROM photos WHERE photo_id = 1527), (SELECT tag_id FROM tags WHERE name = 'landscape'));
INSERT OR IGNORE INTO tags (name) VALUES ('color');
INSERT INTO photo_tags (photo_idx, tag_id) VALUES ((SELECT photo_idx FROM photos WHERE photo_id = 1527), (SELECT tag_id FROM tags WHERE name = 'color'));
INSERT OR IGNORE INTO tags (name) VALUES ('outdoors');
INSERT INTO photo_tags (photo_idx, tag_id) VALUES ((SELECT photo_idx FROM photos WHERE photo_id = 1527), (SELECT tag_id FROM tags WHERE name = 'outdoors'));
INSERT OR IGNORE INTO tags (name) VALUES ('blue');
INSERT INTO photo_tags (photo_idx, tag_id) VALUES ((SELECT photo_idx FROM photos WHERE photo_id = 1527), (SELECT tag_id FROM tags WHERE name = 'blue'));
INSERT OR IGNORE INTO tags (name) VALUES ('pink');
INSERT INTO photo_tags (photo_idx, tag_id) VALUES ((SELECT photo_idx FROM photos WHERE photo_id = 1527), (SELECT tag_id FROM tags WHERE name = 'pink'));
INSERT OR IGNORE INTO tags (name) VALUES ('white');
INSERT INTO photo_tags (photo_idx, tag_id) VALUES ((SELECT photo_idx FROM photos WHERE photo_id = 1527), (SELECT tag_id FROM tags WHERE name = 'white'));
INSERT OR IGNORE INTO tags (name) VALUES ('flowers');
INSERT INTO photo_tags (photo_idx, tag_id) VALUES ((SELECT photo_idx FROM photos WHERE photo_id = 1527), (SELECT tag_id FROM tags WHERE name = 'flowers'));
INSERT OR IGNORE INTO tags (name) VALUES ('sky');
INSERT INTO photo_tags (photo_idx, tag_id) VALUES ((SELECT photo_idx FROM photos WHERE photo_id = 1527), (SELECT tag_id FROM tags WHERE name = 'sky'));
INSERT OR IGNORE INTO tags (name) VALUES ('trees');
INSERT INTO photo_tags (photo_idx, tag_id) VALUES ((SELECT photo_idx FROM photos WHERE photo_id = 1527), (SELECT tag_id FROM tags WHERE name = 'trees'));
INSERT OR IGNORE INTO tags (name) VALUES ('foliage');
INSERT INTO photo_tags (photo_idx, tag_id) VALUES ((SELECT photo_idx FROM photos WHERE photo_id = 1527), (SELECT tag_id FROM tags WHERE name = 'foliage'));
INSERT OR IGNORE INTO tags (name) VALUES ('blossoms');
INSERT INTO photo_tags (photo_idx, tag_id) VALUES ((SELECT photo_idx FROM photos WHERE photo_id = 1527), (SELECT tag_id FROM tags WHERE name = 'blossoms'));

INSERT INTO photos (photo_id, photo_title, photo_collection, photo_location, photo_year, camera, film_stock, film_format) VALUES (1528, 'Easter Lily Detail', 'Flower Portraits', 'Portola Valley, California', 1999, 'Hasselblad', 'Fujichrome Velvia', '6 x 6 cm');
INSERT INTO photos_fts (photo_idx, photo_id, photo_title, photo_collection, photo_location, photo_year, camera, film_stock, film_format, tag_names) VALUES ((SELECT photo_idx FROM photos WHERE photo_id = 1528), 1528, 'Easter Lily Detail', 'Flower Portraits', 'Portola Valley, California', 1999, 'Hasselblad', 'Fujichrome Velvia', '6 x 6 cm', 'horizontal,popular,closeup,color,studio,black,green,white,yellow,flowers,lily');
INSERT OR IGNORE INTO tags (name) VALUES ('horizontal');
INSERT INTO photo_tags (photo_idx, tag_id) VALUES ((SELECT photo_idx FROM photos WHERE photo_id = 1528), (SELECT tag_id FROM tags WHERE name = 'horizontal'));
INSERT OR IGNORE INTO tags (name) VALUES ('popular');
INSERT INTO photo_tags (photo_idx, tag_id) VALUES ((SELECT photo_idx FROM photos WHERE photo_id = 1528), (SELECT tag_id FROM tags WHERE name = 'popular'));
INSERT OR IGNORE INTO tags (name) VALUES ('closeup');
INSERT INTO photo_tags (photo_idx, tag_id) VALUES ((SELECT photo_idx FROM photos WHERE photo_id = 1528), (SELECT tag_id FROM tags WHERE name = 'closeup'));
INSERT OR IGNORE INTO tags (name) VALUES ('color');
INSERT INTO photo_tags (photo_idx, tag_id) VALUES ((SELECT photo_idx FROM photos WHERE photo_id = 1528), (SELECT tag_id FROM tags WHERE name = 'color'));
INSERT OR IGNORE INTO tags (name) VALUES ('studio');
INSERT INTO photo_tags (photo_idx, tag_id) VALUES ((SELECT photo_idx FROM photos WHERE photo_id = 1528), (SELECT tag_id FROM tags WHERE name = 'studio'));
INSERT OR IGNORE INTO tags (name) VALUES ('black');
INSERT INTO photo_tags (photo_idx, tag_id) VALUES ((SELECT photo_idx FROM photos WHERE photo_id = 1528), (SELECT tag_id FROM tags WHERE name = 'black'));
INSERT OR IGNORE INTO tags (name) VALUES ('green');
INSERT INTO photo_tags (photo_idx, tag_id) VALUES ((SELECT photo_idx FROM photos WHERE photo_id = 1528), (SELECT tag_id FROM tags WHERE name = 'green'));
INSERT OR IGNORE INTO tags (name) VALUES ('white');
INSERT INTO photo_tags (photo_idx, tag_id) VALUES ((SELECT photo_idx FROM photos WHERE photo_id = 1528), (SELECT tag_id FROM tags WHERE name = 'white'));
INSERT OR IGNORE INTO tags (name) VALUES ('yellow');
INSERT INTO photo_tags (photo_idx, tag_id) VALUES ((SELECT photo_idx FROM photos WHERE photo_id = 1528), (SELECT tag_id FROM tags WHERE name = 'yellow'));
INSERT OR IGNORE INTO tags (name) VALUES ('flowers');
INSERT INTO photo_tags (photo_idx, tag_id) VALUES ((SELECT photo_idx FROM photos WHERE photo_id = 1528), (SELECT tag_id FROM tags WHERE name = 'flowers'));
INSERT OR IGNORE INTO tags (name) VALUES ('lily');
INSERT INTO photo_tags (photo_idx, tag_id) VALUES ((SELECT photo_idx FROM photos WHERE photo_id = 1528), (SELECT tag_id FROM tags WHERE name = 'lily'));

INSERT INTO photos (photo_id, photo_title, photo_collection, photo_location, photo_year, camera, film_stock, film_format) VALUES (1530, 'Sunrise at Red Sands Beach', 'Hawaii', 'Maui, Hawaii', 1999, 'Hasselblad', 'Fujichrome Provia 100F', '6 x 6 cm');
INSERT INTO photos_fts (photo_idx, photo_id, photo_title, photo_collection, photo_location, photo_year, camera, film_stock, film_format, tag_names) VALUES ((SELECT photo_idx FROM photos WHERE photo_id = 1530), 1530, 'Sunrise at Red Sands Beach', 'Hawaii', 'Maui, Hawaii', 1999, 'Hasselblad', 'Fujichrome Provia 100F', '6 x 6 cm', 'horizontal,scenic,landscape,color,outdoors,black,blue,yellow,rock,sand,sky,sunrise,water,ocean,clouds,beach,coast,waves');
INSERT OR IGNORE INTO tags (name) VALUES ('horizontal');
INSERT INTO photo_tags (photo_idx, tag_id) VALUES ((SELECT photo_idx FROM photos WHERE photo_id = 1530), (SELECT tag_id FROM tags WHERE name = 'horizontal'));
INSERT OR IGNORE INTO tags (name) VALUES ('scenic');
INSERT INTO photo_tags (photo_idx, tag_id) VALUES ((SELECT photo_idx FROM photos WHERE photo_id = 1530), (SELECT tag_id FROM tags WHERE name = 'scenic'));
INSERT OR IGNORE INTO tags (name) VALUES ('landscape');
INSERT INTO photo_tags (photo_idx, tag_id) VALUES ((SELECT photo_idx FROM photos WHERE photo_id = 1530), (SELECT tag_id FROM tags WHERE name = 'landscape'));
INSERT OR IGNORE INTO tags (name) VALUES ('color');
INSERT INTO photo_tags (photo_idx, tag_id) VALUES ((SELECT photo_idx FROM photos WHERE photo_id = 1530), (SELECT tag_id FROM tags WHERE name = 'color'));
INSERT OR IGNORE INTO tags (name) VALUES ('outdoors');
INSERT INTO photo_tags (photo_idx, tag_id) VALUES ((SELECT photo_idx FROM photos WHERE photo_id = 1530), (SELECT tag_id FROM tags WHERE name = 'outdoors'));
INSERT OR IGNORE INTO tags (name) VALUES ('black');
INSERT INTO photo_tags (photo_idx, tag_id) VALUES ((SELECT photo_idx FROM photos WHERE photo_id = 1530), (SELECT tag_id FROM tags WHERE name = 'black'));
INSERT OR IGNORE INTO tags (name) VALUES ('blue');
INSERT INTO photo_tags (photo_idx, tag_id) VALUES ((SELECT photo_idx FROM photos WHERE photo_id = 1530), (SELECT tag_id FROM tags WHERE name = 'blue'));
INSERT OR IGNORE INTO tags (name) VALUES ('yellow');
INSERT INTO photo_tags (photo_idx, tag_id) VALUES ((SELECT photo_idx FROM photos WHERE photo_id = 1530), (SELECT tag_id FROM tags WHERE name = 'yellow'));
INSERT OR IGNORE INTO tags (name) VALUES ('rock');
INSERT INTO photo_tags (photo_idx, tag_id) VALUES ((SELECT photo_idx FROM photos WHERE photo_id = 1530), (SELECT tag_id FROM tags WHERE name = 'rock'));
INSERT OR IGNORE INTO tags (name) VALUES ('sand');
INSERT INTO photo_tags (photo_idx, tag_id) VALUES ((SELECT photo_idx FROM photos WHERE photo_id = 1530), (SELECT tag_id FROM tags WHERE name = 'sand'));
INSERT OR IGNORE INTO tags (name) VALUES ('sky');
INSERT INTO photo_tags (photo_idx, tag_id) VALUES ((SELECT photo_idx FROM photos WHERE photo_id = 1530), (SELECT tag_id FROM tags WHERE name = 'sky'));
INSERT OR IGNORE INTO tags (name) VALUES ('sunrise');
INSERT INTO photo_tags (photo_idx, tag_id) VALUES ((SELECT photo_idx FROM photos WHERE photo_id = 1530), (SELECT tag_id FROM tags WHERE name = 'sunrise'));
INSERT OR IGNORE INTO tags (name) VALUES ('water');
INSERT INTO photo_tags (photo_idx, tag_id) VALUES ((SELECT photo_idx FROM photos WHERE photo_id = 1530), (SELECT tag_id FROM tags WHERE name = 'water'));
INSERT OR IGNORE INTO tags (name) VALUES ('ocean');
INSERT INTO photo_tags (photo_idx, tag_id) VALUES ((SELECT photo_idx FROM photos WHERE photo_id = 1530), (SELECT tag_id FROM tags WHERE name = 'ocean'));
INSERT OR IGNORE INTO tags (name) VALUES ('clouds');
INSERT INTO photo_tags (photo_idx, tag_id) VALUES ((SELECT photo_idx FROM photos WHERE photo_id = 1530), (SELECT tag_id FROM tags WHERE name = 'clouds'));
INSERT OR IGNORE INTO tags (name) VALUES ('beach');
INSERT INTO photo_tags (photo_idx, tag_id) VALUES ((SELECT photo_idx FROM photos WHERE photo_id = 1530), (SELECT tag_id FROM tags WHERE name = 'beach'));
INSERT OR IGNORE INTO tags (name) VALUES ('coast');
INSERT INTO photo_tags (photo_idx, tag_id) VALUES ((SELECT photo_idx FROM photos WHERE photo_id = 1530), (SELECT tag_id FROM tags WHERE name = 'coast'));
INSERT OR IGNORE INTO tags (name) VALUES ('waves');
INSERT INTO photo_tags (photo_idx, tag_id) VALUES ((SELECT photo_idx FROM photos WHERE photo_id = 1530), (SELECT tag_id FROM tags WHERE name = 'waves'));

INSERT INTO photos (photo_id, photo_title, photo_collection, photo_location, photo_year, camera, film_stock, film_format) VALUES (1531, 'Wailua Falls', 'Hawaii', 'Maui, Hawaii', 1999, 'Hasselblad', 'Fujichrome Provia 100F', '6 x 6 cm');
INSERT INTO photos_fts (photo_idx, photo_id, photo_title, photo_collection, photo_location, photo_year, camera, film_stock, film_format, tag_names) VALUES ((SELECT photo_idx FROM photos WHERE photo_id = 1531), 1531, 'Wailua Falls', 'Hawaii', 'Maui, Hawaii', 1999, 'Hasselblad', 'Fujichrome Provia 100F', '6 x 6 cm', 'vertical,scenic,landscape,color,outdoors,green,white,leaf,moss,trees,water,foliage,waterfall');
INSERT OR IGNORE INTO tags (name) VALUES ('vertical');
INSERT INTO photo_tags (photo_idx, tag_id) VALUES ((SELECT photo_idx FROM photos WHERE photo_id = 1531), (SELECT tag_id FROM tags WHERE name = 'vertical'));
INSERT OR IGNORE INTO tags (name) VALUES ('scenic');
INSERT INTO photo_tags (photo_idx, tag_id) VALUES ((SELECT photo_idx FROM photos WHERE photo_id = 1531), (SELECT tag_id FROM tags WHERE name = 'scenic'));
INSERT OR IGNORE INTO tags (name) VALUES ('landscape');
INSERT INTO photo_tags (photo_idx, tag_id) VALUES ((SELECT photo_idx FROM photos WHERE photo_id = 1531), (SELECT tag_id FROM tags WHERE name = 'landscape'));
INSERT OR IGNORE INTO tags (name) VALUES ('color');
INSERT INTO photo_tags (photo_idx, tag_id) VALUES ((SELECT photo_idx FROM photos WHERE photo_id = 1531), (SELECT tag_id FROM tags WHERE name = 'color'));
INSERT OR IGNORE INTO tags (name) VALUES ('outdoors');
INSERT INTO photo_tags (photo_idx, tag_id) VALUES ((SELECT photo_idx FROM photos WHERE photo_id = 1531), (SELECT tag_id FROM tags WHERE name = 'outdoors'));
INSERT OR IGNORE INTO tags (name) VALUES ('green');
INSERT INTO photo_tags (photo_idx, tag_id) VALUES ((SELECT photo_idx FROM photos WHERE photo_id = 1531), (SELECT tag_id FROM tags WHERE name = 'green'));
INSERT OR IGNORE INTO tags (name) VALUES ('white');
INSERT INTO photo_tags (photo_idx, tag_id) VALUES ((SELECT photo_idx FROM photos WHERE photo_id = 1531), (SELECT tag_id FROM tags WHERE name = 'white'));
INSERT OR IGNORE INTO tags (name) VALUES ('leaf');
INSERT INTO photo_tags (photo_idx, tag_id) VALUES ((SELECT photo_idx FROM photos WHERE photo_id = 1531), (SELECT tag_id FROM tags WHERE name = 'leaf'));
INSERT OR IGNORE INTO tags (name) VALUES ('moss');
INSERT INTO photo_tags (photo_idx, tag_id) VALUES ((SELECT photo_idx FROM photos WHERE photo_id = 1531), (SELECT tag_id FROM tags WHERE name = 'moss'));
INSERT OR IGNORE INTO tags (name) VALUES ('trees');
INSERT INTO photo_tags (photo_idx, tag_id) VALUES ((SELECT photo_idx FROM photos WHERE photo_id = 1531), (SELECT tag_id FROM tags WHERE name = 'trees'));
INSERT OR IGNORE INTO tags (name) VALUES ('water');
INSERT INTO photo_tags (photo_idx, tag_id) VALUES ((SELECT photo_idx FROM photos WHERE photo_id = 1531), (SELECT tag_id FROM tags WHERE name = 'water'));
INSERT OR IGNORE INTO tags (name) VALUES ('foliage');
INSERT INTO photo_tags (photo_idx, tag_id) VALUES ((SELECT photo_idx FROM photos WHERE photo_id = 1531), (SELECT tag_id FROM tags WHERE name = 'foliage'));
INSERT OR IGNORE INTO tags (name) VALUES ('waterfall');
INSERT INTO photo_tags (photo_idx, tag_id) VALUES ((SELECT photo_idx FROM photos WHERE photo_id = 1531), (SELECT tag_id FROM tags WHERE name = 'waterfall'));

INSERT INTO photos (photo_id, photo_title, photo_collection, photo_location, photo_year, camera, film_stock, film_format) VALUES (1532, 'Hawaiian Orchid One', 'Flower Portraits', 'Akatsuka Orchid Farm, Hawaii', 1999, 'Hasselblad', 'Fujichrome Provia 100F', '6 x 6 cm');
INSERT INTO photos_fts (photo_idx, photo_id, photo_title, photo_collection, photo_location, photo_year, camera, film_stock, film_format, tag_names) VALUES ((SELECT photo_idx FROM photos WHERE photo_id = 1532), 1532, 'Hawaiian Orchid One', 'Flower Portraits', 'Akatsuka Orchid Farm, Hawaii', 1999, 'Hasselblad', 'Fujichrome Provia 100F', '6 x 6 cm', 'horizontal,closeup,color,studio,pink,purple,white,yellow,flowers,orchid');
INSERT OR IGNORE INTO tags (name) VALUES ('horizontal');
INSERT INTO photo_tags (photo_idx, tag_id) VALUES ((SELECT photo_idx FROM photos WHERE photo_id = 1532), (SELECT tag_id FROM tags WHERE name = 'horizontal'));
INSERT OR IGNORE INTO tags (name) VALUES ('closeup');
INSERT INTO photo_tags (photo_idx, tag_id) VALUES ((SELECT photo_idx FROM photos WHERE photo_id = 1532), (SELECT tag_id FROM tags WHERE name = 'closeup'));
INSERT OR IGNORE INTO tags (name) VALUES ('color');
INSERT INTO photo_tags (photo_idx, tag_id) VALUES ((SELECT photo_idx FROM photos WHERE photo_id = 1532), (SELECT tag_id FROM tags WHERE name = 'color'));
INSERT OR IGNORE INTO tags (name) VALUES ('studio');
INSERT INTO photo_tags (photo_idx, tag_id) VALUES ((SELECT photo_idx FROM photos WHERE photo_id = 1532), (SELECT tag_id FROM tags WHERE name = 'studio'));
INSERT OR IGNORE INTO tags (name) VALUES ('pink');
INSERT INTO photo_tags (photo_idx, tag_id) VALUES ((SELECT photo_idx FROM photos WHERE photo_id = 1532), (SELECT tag_id FROM tags WHERE name = 'pink'));
INSERT OR IGNORE INTO tags (name) VALUES ('purple');
INSERT INTO photo_tags (photo_idx, tag_id) VALUES ((SELECT photo_idx FROM photos WHERE photo_id = 1532), (SELECT tag_id FROM tags WHERE name = 'purple'));
INSERT OR IGNORE INTO tags (name) VALUES ('white');
INSERT INTO photo_tags (photo_idx, tag_id) VALUES ((SELECT photo_idx FROM photos WHERE photo_id = 1532), (SELECT tag_id FROM tags WHERE name = 'white'));
INSERT OR IGNORE INTO tags (name) VALUES ('yellow');
INSERT INTO photo_tags (photo_idx, tag_id) VALUES ((SELECT photo_idx FROM photos WHERE photo_id = 1532), (SELECT tag_id FROM tags WHERE name = 'yellow'));
INSERT OR IGNORE INTO tags (name) VALUES ('flowers');
INSERT INTO photo_tags (photo_idx, tag_id) VALUES ((SELECT photo_idx FROM photos WHERE photo_id = 1532), (SELECT tag_id FROM tags WHERE name = 'flowers'));
INSERT OR IGNORE INTO tags (name) VALUES ('orchid');
INSERT INTO photo_tags (photo_idx, tag_id) VALUES ((SELECT photo_idx FROM photos WHERE photo_id = 1532), (SELECT tag_id FROM tags WHERE name = 'orchid'));

INSERT INTO photos (photo_id, photo_title, photo_collection, photo_location, photo_year, camera, film_stock, film_format) VALUES (1533, 'Hawaiian Orchid Two', 'Flower Portraits', 'Akatsuka Orchid Farm, Hawaii', 1999, 'Hasselblad', 'Fujichrome Provia 100F', '6 x 6 cm');
INSERT INTO photos_fts (photo_idx, photo_id, photo_title, photo_collection, photo_location, photo_year, camera, film_stock, film_format, tag_names) VALUES ((SELECT photo_idx FROM photos WHERE photo_id = 1533), 1533, 'Hawaiian Orchid Two', 'Flower Portraits', 'Akatsuka Orchid Farm, Hawaii', 1999, 'Hasselblad', 'Fujichrome Provia 100F', '6 x 6 cm', 'horizontal,closeup,color,studio,black,blue,pink,purple,white,yellow,flowers,orchid');
INSERT OR IGNORE INTO tags (name) VALUES ('horizontal');
INSERT INTO photo_tags (photo_idx, tag_id) VALUES ((SELECT photo_idx FROM photos WHERE photo_id = 1533), (SELECT tag_id FROM tags WHERE name = 'horizontal'));
INSERT OR IGNORE INTO tags (name) VALUES ('closeup');
INSERT INTO photo_tags (photo_idx, tag_id) VALUES ((SELECT photo_idx FROM photos WHERE photo_id = 1533), (SELECT tag_id FROM tags WHERE name = 'closeup'));
INSERT OR IGNORE INTO tags (name) VALUES ('color');
INSERT INTO photo_tags (photo_idx, tag_id) VALUES ((SELECT photo_idx FROM photos WHERE photo_id = 1533), (SELECT tag_id FROM tags WHERE name = 'color'));
INSERT OR IGNORE INTO tags (name) VALUES ('studio');
INSERT INTO photo_tags (photo_idx, tag_id) VALUES ((SELECT photo_idx FROM photos WHERE photo_id = 1533), (SELECT tag_id FROM tags WHERE name = 'studio'));
INSERT OR IGNORE INTO tags (name) VALUES ('black');
INSERT INTO photo_tags (photo_idx, tag_id) VALUES ((SELECT photo_idx FROM photos WHERE photo_id = 1533), (SELECT tag_id FROM tags WHERE name = 'black'));
INSERT OR IGNORE INTO tags (name) VALUES ('blue');
INSERT INTO photo_tags (photo_idx, tag_id) VALUES ((SELECT photo_idx FROM photos WHERE photo_id = 1533), (SELECT tag_id FROM tags WHERE name = 'blue'));
INSERT OR IGNORE INTO tags (name) VALUES ('pink');
INSERT INTO photo_tags (photo_idx, tag_id) VALUES ((SELECT photo_idx FROM photos WHERE photo_id = 1533), (SELECT tag_id FROM tags WHERE name = 'pink'));
INSERT OR IGNORE INTO tags (name) VALUES ('purple');
INSERT INTO photo_tags (photo_idx, tag_id) VALUES ((SELECT photo_idx FROM photos WHERE photo_id = 1533), (SELECT tag_id FROM tags WHERE name = 'purple'));
INSERT OR IGNORE INTO tags (name) VALUES ('white');
INSERT INTO photo_tags (photo_idx, tag_id) VALUES ((SELECT photo_idx FROM photos WHERE photo_id = 1533), (SELECT tag_id FROM tags WHERE name = 'white'));
INSERT OR IGNORE INTO tags (name) VALUES ('yellow');
INSERT INTO photo_tags (photo_idx, tag_id) VALUES ((SELECT photo_idx FROM photos WHERE photo_id = 1533), (SELECT tag_id FROM tags WHERE name = 'yellow'));
INSERT OR IGNORE INTO tags (name) VALUES ('flowers');
INSERT INTO photo_tags (photo_idx, tag_id) VALUES ((SELECT photo_idx FROM photos WHERE photo_id = 1533), (SELECT tag_id FROM tags WHERE name = 'flowers'));
INSERT OR IGNORE INTO tags (name) VALUES ('orchid');
INSERT INTO photo_tags (photo_idx, tag_id) VALUES ((SELECT photo_idx FROM photos WHERE photo_id = 1533), (SELECT tag_id FROM tags WHERE name = 'orchid'));

INSERT INTO photos (photo_id, photo_title, photo_collection, photo_location, photo_year, camera, film_stock, film_format) VALUES (1534, 'Rippled Lava Design', 'Hawaii', 'Kiluea Lava Fields, Hawaii', 1999, 'Hasselblad', 'Fujichrome Provia 100F', '6 x 6 cm');
INSERT INTO photos_fts (photo_idx, photo_id, photo_title, photo_collection, photo_location, photo_year, camera, film_stock, film_format, tag_names) VALUES ((SELECT photo_idx FROM photos WHERE photo_id = 1534), 1534, 'Rippled Lava Design', 'Hawaii', 'Kiluea Lava Fields, Hawaii', 1999, 'Hasselblad', 'Fujichrome Provia 100F', '6 x 6 cm', 'horizontal,scenic,landscape,color,outdoors,black,gray,rock');
INSERT OR IGNORE INTO tags (name) VALUES ('horizontal');
INSERT INTO photo_tags (photo_idx, tag_id) VALUES ((SELECT photo_idx FROM photos WHERE photo_id = 1534), (SELECT tag_id FROM tags WHERE name = 'horizontal'));
INSERT OR IGNORE INTO tags (name) VALUES ('scenic');
INSERT INTO photo_tags (photo_idx, tag_id) VALUES ((SELECT photo_idx FROM photos WHERE photo_id = 1534), (SELECT tag_id FROM tags WHERE name = 'scenic'));
INSERT OR IGNORE INTO tags (name) VALUES ('landscape');
INSERT INTO photo_tags (photo_idx, tag_id) VALUES ((SELECT photo_idx FROM photos WHERE photo_id = 1534), (SELECT tag_id FROM tags WHERE name = 'landscape'));
INSERT OR IGNORE INTO tags (name) VALUES ('color');
INSERT INTO photo_tags (photo_idx, tag_id) VALUES ((SELECT photo_idx FROM photos WHERE photo_id = 1534), (SELECT tag_id FROM tags WHERE name = 'color'));
INSERT OR IGNORE INTO tags (name) VALUES ('outdoors');
INSERT INTO photo_tags (photo_idx, tag_id) VALUES ((SELECT photo_idx FROM photos WHERE photo_id = 1534), (SELECT tag_id FROM tags WHERE name = 'outdoors'));
INSERT OR IGNORE INTO tags (name) VALUES ('black');
INSERT INTO photo_tags (photo_idx, tag_id) VALUES ((SELECT photo_idx FROM photos WHERE photo_id = 1534), (SELECT tag_id FROM tags WHERE name = 'black'));
INSERT OR IGNORE INTO tags (name) VALUES ('gray');
INSERT INTO photo_tags (photo_idx, tag_id) VALUES ((SELECT photo_idx FROM photos WHERE photo_id = 1534), (SELECT tag_id FROM tags WHERE name = 'gray'));
INSERT OR IGNORE INTO tags (name) VALUES ('rock');
INSERT INTO photo_tags (photo_idx, tag_id) VALUES ((SELECT photo_idx FROM photos WHERE photo_id = 1534), (SELECT tag_id FROM tags WHERE name = 'rock'));

INSERT INTO photos (photo_id, photo_title, photo_collection, photo_location, photo_year, camera, film_stock, film_format) VALUES (1535, 'Twisted Lava Sculpture', 'Hawaii', 'Kiluea Lava Fields, Hawaii', 1999, 'Hasselblad', 'Fujichrome Provia 100F', '6 x 6 cm');
INSERT INTO photos_fts (photo_idx, photo_id, photo_title, photo_collection, photo_location, photo_year, camera, film_stock, film_format, tag_names) VALUES ((SELECT photo_idx FROM photos WHERE photo_id = 1535), 1535, 'Twisted Lava Sculpture', 'Hawaii', 'Kiluea Lava Fields, Hawaii', 1999, 'Hasselblad', 'Fujichrome Provia 100F', '6 x 6 cm', 'vertical,scenic,landscape,color,outdoors,black,gray,rock');
INSERT OR IGNORE INTO tags (name) VALUES ('vertical');
INSERT INTO photo_tags (photo_idx, tag_id) VALUES ((SELECT photo_idx FROM photos WHERE photo_id = 1535), (SELECT tag_id FROM tags WHERE name = 'vertical'));
INSERT OR IGNORE INTO tags (name) VALUES ('scenic');
INSERT INTO photo_tags (photo_idx, tag_id) VALUES ((SELECT photo_idx FROM photos WHERE photo_id = 1535), (SELECT tag_id FROM tags WHERE name = 'scenic'));
INSERT OR IGNORE INTO tags (name) VALUES ('landscape');
INSERT INTO photo_tags (photo_idx, tag_id) VALUES ((SELECT photo_idx FROM photos WHERE photo_id = 1535), (SELECT tag_id FROM tags WHERE name = 'landscape'));
INSERT OR IGNORE INTO tags (name) VALUES ('color');
INSERT INTO photo_tags (photo_idx, tag_id) VALUES ((SELECT photo_idx FROM photos WHERE photo_id = 1535), (SELECT tag_id FROM tags WHERE name = 'color'));
INSERT OR IGNORE INTO tags (name) VALUES ('outdoors');
INSERT INTO photo_tags (photo_idx, tag_id) VALUES ((SELECT photo_idx FROM photos WHERE photo_id = 1535), (SELECT tag_id FROM tags WHERE name = 'outdoors'));
INSERT OR IGNORE INTO tags (name) VALUES ('black');
INSERT INTO photo_tags (photo_idx, tag_id) VALUES ((SELECT photo_idx FROM photos WHERE photo_id = 1535), (SELECT tag_id FROM tags WHERE name = 'black'));
INSERT OR IGNORE INTO tags (name) VALUES ('gray');
INSERT INTO photo_tags (photo_idx, tag_id) VALUES ((SELECT photo_idx FROM photos WHERE photo_id = 1535), (SELECT tag_id FROM tags WHERE name = 'gray'));
INSERT OR IGNORE INTO tags (name) VALUES ('rock');
INSERT INTO photo_tags (photo_idx, tag_id) VALUES ((SELECT photo_idx FROM photos WHERE photo_id = 1535), (SELECT tag_id FROM tags WHERE name = 'rock'));

INSERT INTO photos (photo_id, photo_title, photo_collection, photo_location, photo_year, camera, film_stock, film_format) VALUES (1536, 'Fabric of the Earth', 'Hawaii', 'Kiluea Lava Fields, Hawaii', 1999, 'Hasselblad', 'Fujichrome Provia 100F', '6 x 6 cm');
INSERT INTO photos_fts (photo_idx, photo_id, photo_title, photo_collection, photo_location, photo_year, camera, film_stock, film_format, tag_names) VALUES ((SELECT photo_idx FROM photos WHERE photo_id = 1536), 1536, 'Fabric of the Earth', 'Hawaii', 'Kiluea Lava Fields, Hawaii', 1999, 'Hasselblad', 'Fujichrome Provia 100F', '6 x 6 cm', 'horizontal,popular,scenic,landscape,color,outdoors,black,gray,rock');
INSERT OR IGNORE INTO tags (name) VALUES ('horizontal');
INSERT INTO photo_tags (photo_idx, tag_id) VALUES ((SELECT photo_idx FROM photos WHERE photo_id = 1536), (SELECT tag_id FROM tags WHERE name = 'horizontal'));
INSERT OR IGNORE INTO tags (name) VALUES ('popular');
INSERT INTO photo_tags (photo_idx, tag_id) VALUES ((SELECT photo_idx FROM photos WHERE photo_id = 1536), (SELECT tag_id FROM tags WHERE name = 'popular'));
INSERT OR IGNORE INTO tags (name) VALUES ('scenic');
INSERT INTO photo_tags (photo_idx, tag_id) VALUES ((SELECT photo_idx FROM photos WHERE photo_id = 1536), (SELECT tag_id FROM tags WHERE name = 'scenic'));
INSERT OR IGNORE INTO tags (name) VALUES ('landscape');
INSERT INTO photo_tags (photo_idx, tag_id) VALUES ((SELECT photo_idx FROM photos WHERE photo_id = 1536), (SELECT tag_id FROM tags WHERE name = 'landscape'));
INSERT OR IGNORE INTO tags (name) VALUES ('color');
INSERT INTO photo_tags (photo_idx, tag_id) VALUES ((SELECT photo_idx FROM photos WHERE photo_id = 1536), (SELECT tag_id FROM tags WHERE name = 'color'));
INSERT OR IGNORE INTO tags (name) VALUES ('outdoors');
INSERT INTO photo_tags (photo_idx, tag_id) VALUES ((SELECT photo_idx FROM photos WHERE photo_id = 1536), (SELECT tag_id FROM tags WHERE name = 'outdoors'));
INSERT OR IGNORE INTO tags (name) VALUES ('black');
INSERT INTO photo_tags (photo_idx, tag_id) VALUES ((SELECT photo_idx FROM photos WHERE photo_id = 1536), (SELECT tag_id FROM tags WHERE name = 'black'));
INSERT OR IGNORE INTO tags (name) VALUES ('gray');
INSERT INTO photo_tags (photo_idx, tag_id) VALUES ((SELECT photo_idx FROM photos WHERE photo_id = 1536), (SELECT tag_id FROM tags WHERE name = 'gray'));
INSERT OR IGNORE INTO tags (name) VALUES ('rock');
INSERT INTO photo_tags (photo_idx, tag_id) VALUES ((SELECT photo_idx FROM photos WHERE photo_id = 1536), (SELECT tag_id FROM tags WHERE name = 'rock'));

INSERT INTO photos (photo_id, photo_title, photo_collection, photo_location, photo_year, camera, film_stock, film_format) VALUES (1537, 'Gathered Folds of Lava', 'Hawaii', 'Kiluea Lava Fields, Hawaii', 1999, 'Hasselblad', 'Fujichrome Provia 100F', '6 x 6 cm');
INSERT INTO photos_fts (photo_idx, photo_id, photo_title, photo_collection, photo_location, photo_year, camera, film_stock, film_format, tag_names) VALUES ((SELECT photo_idx FROM photos WHERE photo_id = 1537), 1537, 'Gathered Folds of Lava', 'Hawaii', 'Kiluea Lava Fields, Hawaii', 1999, 'Hasselblad', 'Fujichrome Provia 100F', '6 x 6 cm', 'horizontal,scenic,landscape,color,outdoors,black,gray,rock');
INSERT OR IGNORE INTO tags (name) VALUES ('horizontal');
INSERT INTO photo_tags (photo_idx, tag_id) VALUES ((SELECT photo_idx FROM photos WHERE photo_id = 1537), (SELECT tag_id FROM tags WHERE name = 'horizontal'));
INSERT OR IGNORE INTO tags (name) VALUES ('scenic');
INSERT INTO photo_tags (photo_idx, tag_id) VALUES ((SELECT photo_idx FROM photos WHERE photo_id = 1537), (SELECT tag_id FROM tags WHERE name = 'scenic'));
INSERT OR IGNORE INTO tags (name) VALUES ('landscape');
INSERT INTO photo_tags (photo_idx, tag_id) VALUES ((SELECT photo_idx FROM photos WHERE photo_id = 1537), (SELECT tag_id FROM tags WHERE name = 'landscape'));
INSERT OR IGNORE INTO tags (name) VALUES ('color');
INSERT INTO photo_tags (photo_idx, tag_id) VALUES ((SELECT photo_idx FROM photos WHERE photo_id = 1537), (SELECT tag_id FROM tags WHERE name = 'color'));
INSERT OR IGNORE INTO tags (name) VALUES ('outdoors');
INSERT INTO photo_tags (photo_idx, tag_id) VALUES ((SELECT photo_idx FROM photos WHERE photo_id = 1537), (SELECT tag_id FROM tags WHERE name = 'outdoors'));
INSERT OR IGNORE INTO tags (name) VALUES ('black');
INSERT INTO photo_tags (photo_idx, tag_id) VALUES ((SELECT photo_idx FROM photos WHERE photo_id = 1537), (SELECT tag_id FROM tags WHERE name = 'black'));
INSERT OR IGNORE INTO tags (name) VALUES ('gray');
INSERT INTO photo_tags (photo_idx, tag_id) VALUES ((SELECT photo_idx FROM photos WHERE photo_id = 1537), (SELECT tag_id FROM tags WHERE name = 'gray'));
INSERT OR IGNORE INTO tags (name) VALUES ('rock');
INSERT INTO photo_tags (photo_idx, tag_id) VALUES ((SELECT photo_idx FROM photos WHERE photo_id = 1537), (SELECT tag_id FROM tags WHERE name = 'rock'));

INSERT INTO photos (photo_id, photo_title, photo_collection, photo_location, photo_year, camera, film_stock, film_format) VALUES (1538, 'Sunset at Anaehoomalu', 'Hawaii', 'Big Island of Hawaii', 1999, 'Hasselblad', 'Fujichrome Provia 100F', '6 x 6 cm');
INSERT INTO photos_fts (photo_idx, photo_id, photo_title, photo_collection, photo_location, photo_year, camera, film_stock, film_format, tag_names) VALUES ((SELECT photo_idx FROM photos WHERE photo_id = 1538), 1538, 'Sunset at Anaehoomalu', 'Hawaii', 'Big Island of Hawaii', 1999, 'Hasselblad', 'Fujichrome Provia 100F', '6 x 6 cm', 'horizontal,popular,scenic,landscape,color,outdoors,black,orange,red,sky,sunset,trees,water,clouds,coast');
INSERT OR IGNORE INTO tags (name) VALUES ('horizontal');
INSERT INTO photo_tags (photo_idx, tag_id) VALUES ((SELECT photo_idx FROM photos WHERE photo_id = 1538), (SELECT tag_id FROM tags WHERE name = 'horizontal'));
INSERT OR IGNORE INTO tags (name) VALUES ('popular');
INSERT INTO photo_tags (photo_idx, tag_id) VALUES ((SELECT photo_idx FROM photos WHERE photo_id = 1538), (SELECT tag_id FROM tags WHERE name = 'popular'));
INSERT OR IGNORE INTO tags (name) VALUES ('scenic');
INSERT INTO photo_tags (photo_idx, tag_id) VALUES ((SELECT photo_idx FROM photos WHERE photo_id = 1538), (SELECT tag_id FROM tags WHERE name = 'scenic'));
INSERT OR IGNORE INTO tags (name) VALUES ('landscape');
INSERT INTO photo_tags (photo_idx, tag_id) VALUES ((SELECT photo_idx FROM photos WHERE photo_id = 1538), (SELECT tag_id FROM tags WHERE name = 'landscape'));
INSERT OR IGNORE INTO tags (name) VALUES ('color');
INSERT INTO photo_tags (photo_idx, tag_id) VALUES ((SELECT photo_idx FROM photos WHERE photo_id = 1538), (SELECT tag_id FROM tags WHERE name = 'color'));
INSERT OR IGNORE INTO tags (name) VALUES ('outdoors');
INSERT INTO photo_tags (photo_idx, tag_id) VALUES ((SELECT photo_idx FROM photos WHERE photo_id = 1538), (SELECT tag_id FROM tags WHERE name = 'outdoors'));
INSERT OR IGNORE INTO tags (name) VALUES ('black');
INSERT INTO photo_tags (photo_idx, tag_id) VALUES ((SELECT photo_idx FROM photos WHERE photo_id = 1538), (SELECT tag_id FROM tags WHERE name = 'black'));
INSERT OR IGNORE INTO tags (name) VALUES ('orange');
INSERT INTO photo_tags (photo_idx, tag_id) VALUES ((SELECT photo_idx FROM photos WHERE photo_id = 1538), (SELECT tag_id FROM tags WHERE name = 'orange'));
INSERT OR IGNORE INTO tags (name) VALUES ('red');
INSERT INTO photo_tags (photo_idx, tag_id) VALUES ((SELECT photo_idx FROM photos WHERE photo_id = 1538), (SELECT tag_id FROM tags WHERE name = 'red'));
INSERT OR IGNORE INTO tags (name) VALUES ('sky');
INSERT INTO photo_tags (photo_idx, tag_id) VALUES ((SELECT photo_idx FROM photos WHERE photo_id = 1538), (SELECT tag_id FROM tags WHERE name = 'sky'));
INSERT OR IGNORE INTO tags (name) VALUES ('sunset');
INSERT INTO photo_tags (photo_idx, tag_id) VALUES ((SELECT photo_idx FROM photos WHERE photo_id = 1538), (SELECT tag_id FROM tags WHERE name = 'sunset'));
INSERT OR IGNORE INTO tags (name) VALUES ('trees');
INSERT INTO photo_tags (photo_idx, tag_id) VALUES ((SELECT photo_idx FROM photos WHERE photo_id = 1538), (SELECT tag_id FROM tags WHERE name = 'trees'));
INSERT OR IGNORE INTO tags (name) VALUES ('water');
INSERT INTO photo_tags (photo_idx, tag_id) VALUES ((SELECT photo_idx FROM photos WHERE photo_id = 1538), (SELECT tag_id FROM tags WHERE name = 'water'));
INSERT OR IGNORE INTO tags (name) VALUES ('clouds');
INSERT INTO photo_tags (photo_idx, tag_id) VALUES ((SELECT photo_idx FROM photos WHERE photo_id = 1538), (SELECT tag_id FROM tags WHERE name = 'clouds'));
INSERT OR IGNORE INTO tags (name) VALUES ('coast');
INSERT INTO photo_tags (photo_idx, tag_id) VALUES ((SELECT photo_idx FROM photos WHERE photo_id = 1538), (SELECT tag_id FROM tags WHERE name = 'coast'));

INSERT INTO photos (photo_id, photo_title, photo_collection, photo_location, photo_year, camera, film_stock, film_format) VALUES (1539, 'Monstera Deliciosa', 'Hawaii', 'Kauai, Hawaii', 1999, 'Hasselblad', 'Fujichrome Provia 100F', '6 x 6 cm');
INSERT INTO photos_fts (photo_idx, photo_id, photo_title, photo_collection, photo_location, photo_year, camera, film_stock, film_format, tag_names) VALUES ((SELECT photo_idx FROM photos WHERE photo_id = 1539), 1539, 'Monstera Deliciosa', 'Hawaii', 'Kauai, Hawaii', 1999, 'Hasselblad', 'Fujichrome Provia 100F', '6 x 6 cm', 'horizontal,closeup,landscape,color,outdoors,green,leaf,foliage,leaves');
INSERT OR IGNORE INTO tags (name) VALUES ('horizontal');
INSERT INTO photo_tags (photo_idx, tag_id) VALUES ((SELECT photo_idx FROM photos WHERE photo_id = 1539), (SELECT tag_id FROM tags WHERE name = 'horizontal'));
INSERT OR IGNORE INTO tags (name) VALUES ('closeup');
INSERT INTO photo_tags (photo_idx, tag_id) VALUES ((SELECT photo_idx FROM photos WHERE photo_id = 1539), (SELECT tag_id FROM tags WHERE name = 'closeup'));
INSERT OR IGNORE INTO tags (name) VALUES ('landscape');
INSERT INTO photo_tags (photo_idx, tag_id) VALUES ((SELECT photo_idx FROM photos WHERE photo_id = 1539), (SELECT tag_id FROM tags WHERE name = 'landscape'));
INSERT OR IGNORE INTO tags (name) VALUES ('color');
INSERT INTO photo_tags (photo_idx, tag_id) VALUES ((SELECT photo_idx FROM photos WHERE photo_id = 1539), (SELECT tag_id FROM tags WHERE name = 'color'));
INSERT OR IGNORE INTO tags (name) VALUES ('outdoors');
INSERT INTO photo_tags (photo_idx, tag_id) VALUES ((SELECT photo_idx FROM photos WHERE photo_id = 1539), (SELECT tag_id FROM tags WHERE name = 'outdoors'));
INSERT OR IGNORE INTO tags (name) VALUES ('green');
INSERT INTO photo_tags (photo_idx, tag_id) VALUES ((SELECT photo_idx FROM photos WHERE photo_id = 1539), (SELECT tag_id FROM tags WHERE name = 'green'));
INSERT OR IGNORE INTO tags (name) VALUES ('leaf');
INSERT INTO photo_tags (photo_idx, tag_id) VALUES ((SELECT photo_idx FROM photos WHERE photo_id = 1539), (SELECT tag_id FROM tags WHERE name = 'leaf'));
INSERT OR IGNORE INTO tags (name) VALUES ('foliage');
INSERT INTO photo_tags (photo_idx, tag_id) VALUES ((SELECT photo_idx FROM photos WHERE photo_id = 1539), (SELECT tag_id FROM tags WHERE name = 'foliage'));
INSERT OR IGNORE INTO tags (name) VALUES ('leaves');
INSERT INTO photo_tags (photo_idx, tag_id) VALUES ((SELECT photo_idx FROM photos WHERE photo_id = 1539), (SELECT tag_id FROM tags WHERE name = 'leaves'));

INSERT INTO photos (photo_id, photo_title, photo_collection, photo_location, photo_year, camera, film_stock, film_format) VALUES (1540, 'Quiet Palm Grove', 'Hawaii', 'Kauai, Hawaii', 1999, 'Hasselblad', 'Fujichrome Provia 100F', '6 x 6 cm');
INSERT INTO photos_fts (photo_idx, photo_id, photo_title, photo_collection, photo_location, photo_year, camera, film_stock, film_format, tag_names) VALUES ((SELECT photo_idx FROM photos WHERE photo_id = 1540), 1540, 'Quiet Palm Grove', 'Hawaii', 'Kauai, Hawaii', 1999, 'Hasselblad', 'Fujichrome Provia 100F', '6 x 6 cm', 'horizontal,scenic,landscape,color,outdoors,green,leaf,trees,foliage');
INSERT OR IGNORE INTO tags (name) VALUES ('horizontal');
INSERT INTO photo_tags (photo_idx, tag_id) VALUES ((SELECT photo_idx FROM photos WHERE photo_id = 1540), (SELECT tag_id FROM tags WHERE name = 'horizontal'));
INSERT OR IGNORE INTO tags (name) VALUES ('scenic');
INSERT INTO photo_tags (photo_idx, tag_id) VALUES ((SELECT photo_idx FROM photos WHERE photo_id = 1540), (SELECT tag_id FROM tags WHERE name = 'scenic'));
INSERT OR IGNORE INTO tags (name) VALUES ('landscape');
INSERT INTO photo_tags (photo_idx, tag_id) VALUES ((SELECT photo_idx FROM photos WHERE photo_id = 1540), (SELECT tag_id FROM tags WHERE name = 'landscape'));
INSERT OR IGNORE INTO tags (name) VALUES ('color');
INSERT INTO photo_tags (photo_idx, tag_id) VALUES ((SELECT photo_idx FROM photos WHERE photo_id = 1540), (SELECT tag_id FROM tags WHERE name = 'color'));
INSERT OR IGNORE INTO tags (name) VALUES ('outdoors');
INSERT INTO photo_tags (photo_idx, tag_id) VALUES ((SELECT photo_idx FROM photos WHERE photo_id = 1540), (SELECT tag_id FROM tags WHERE name = 'outdoors'));
INSERT OR IGNORE INTO tags (name) VALUES ('green');
INSERT INTO photo_tags (photo_idx, tag_id) VALUES ((SELECT photo_idx FROM photos WHERE photo_id = 1540), (SELECT tag_id FROM tags WHERE name = 'green'));
INSERT OR IGNORE INTO tags (name) VALUES ('leaf');
INSERT INTO photo_tags (photo_idx, tag_id) VALUES ((SELECT photo_idx FROM photos WHERE photo_id = 1540), (SELECT tag_id FROM tags WHERE name = 'leaf'));
INSERT OR IGNORE INTO tags (name) VALUES ('trees');
INSERT INTO photo_tags (photo_idx, tag_id) VALUES ((SELECT photo_idx FROM photos WHERE photo_id = 1540), (SELECT tag_id FROM tags WHERE name = 'trees'));
INSERT OR IGNORE INTO tags (name) VALUES ('foliage');
INSERT INTO photo_tags (photo_idx, tag_id) VALUES ((SELECT photo_idx FROM photos WHERE photo_id = 1540), (SELECT tag_id FROM tags WHERE name = 'foliage'));

INSERT INTO photos (photo_id, photo_title, photo_collection, photo_location, photo_year, camera, film_stock, film_format) VALUES (1541, 'Hanawi Falls', 'Hawaii', 'Maui, Hawaii', 1999, 'Hasselblad', 'Fujichrome Provia 100F', '6 x 6 cm');
INSERT INTO photos_fts (photo_idx, photo_id, photo_title, photo_collection, photo_location, photo_year, camera, film_stock, film_format, tag_names) VALUES ((SELECT photo_idx FROM photos WHERE photo_id = 1541), 1541, 'Hanawi Falls', 'Hawaii', 'Maui, Hawaii', 1999, 'Hasselblad', 'Fujichrome Provia 100F', '6 x 6 cm', 'vertical,scenic,landscape,color,outdoors,green,white,ferns,moss,water,waterfall');
INSERT OR IGNORE INTO tags (name) VALUES ('vertical');
INSERT INTO photo_tags (photo_idx, tag_id) VALUES ((SELECT photo_idx FROM photos WHERE photo_id = 1541), (SELECT tag_id FROM tags WHERE name = 'vertical'));
INSERT OR IGNORE INTO tags (name) VALUES ('scenic');
INSERT INTO photo_tags (photo_idx, tag_id) VALUES ((SELECT photo_idx FROM photos WHERE photo_id = 1541), (SELECT tag_id FROM tags WHERE name = 'scenic'));
INSERT OR IGNORE INTO tags (name) VALUES ('landscape');
INSERT INTO photo_tags (photo_idx, tag_id) VALUES ((SELECT photo_idx FROM photos WHERE photo_id = 1541), (SELECT tag_id FROM tags WHERE name = 'landscape'));
INSERT OR IGNORE INTO tags (name) VALUES ('color');
INSERT INTO photo_tags (photo_idx, tag_id) VALUES ((SELECT photo_idx FROM photos WHERE photo_id = 1541), (SELECT tag_id FROM tags WHERE name = 'color'));
INSERT OR IGNORE INTO tags (name) VALUES ('outdoors');
INSERT INTO photo_tags (photo_idx, tag_id) VALUES ((SELECT photo_idx FROM photos WHERE photo_id = 1541), (SELECT tag_id FROM tags WHERE name = 'outdoors'));
INSERT OR IGNORE INTO tags (name) VALUES ('green');
INSERT INTO photo_tags (photo_idx, tag_id) VALUES ((SELECT photo_idx FROM photos WHERE photo_id = 1541), (SELECT tag_id FROM tags WHERE name = 'green'));
INSERT OR IGNORE INTO tags (name) VALUES ('white');
INSERT INTO photo_tags (photo_idx, tag_id) VALUES ((SELECT photo_idx FROM photos WHERE photo_id = 1541), (SELECT tag_id FROM tags WHERE name = 'white'));
INSERT OR IGNORE INTO tags (name) VALUES ('ferns');
INSERT INTO photo_tags (photo_idx, tag_id) VALUES ((SELECT photo_idx FROM photos WHERE photo_id = 1541), (SELECT tag_id FROM tags WHERE name = 'ferns'));
INSERT OR IGNORE INTO tags (name) VALUES ('moss');
INSERT INTO photo_tags (photo_idx, tag_id) VALUES ((SELECT photo_idx FROM photos WHERE photo_id = 1541), (SELECT tag_id FROM tags WHERE name = 'moss'));
INSERT OR IGNORE INTO tags (name) VALUES ('water');
INSERT INTO photo_tags (photo_idx, tag_id) VALUES ((SELECT photo_idx FROM photos WHERE photo_id = 1541), (SELECT tag_id FROM tags WHERE name = 'water'));
INSERT OR IGNORE INTO tags (name) VALUES ('waterfall');
INSERT INTO photo_tags (photo_idx, tag_id) VALUES ((SELECT photo_idx FROM photos WHERE photo_id = 1541), (SELECT tag_id FROM tags WHERE name = 'waterfall'));

INSERT INTO photos (photo_id, photo_title, photo_collection, photo_location, photo_year, camera, film_stock, film_format) VALUES (1542, 'Sunset into Clouds', 'Hawaii', 'Mount Haleakala, Hawaii', 1999, 'Hasselblad', 'Fujichrome Provia 100F', '6 x 6 cm');
INSERT INTO photos_fts (photo_idx, photo_id, photo_title, photo_collection, photo_location, photo_year, camera, film_stock, film_format, tag_names) VALUES ((SELECT photo_idx FROM photos WHERE photo_id = 1542), 1542, 'Sunset into Clouds', 'Hawaii', 'Mount Haleakala, Hawaii', 1999, 'Hasselblad', 'Fujichrome Provia 100F', '6 x 6 cm', 'vertical,scenic,landscape,color,outdoors,orange,sky,sunset,clouds');
INSERT OR IGNORE INTO tags (name) VALUES ('vertical');
INSERT INTO photo_tags (photo_idx, tag_id) VALUES ((SELECT photo_idx FROM photos WHERE photo_id = 1542), (SELECT tag_id FROM tags WHERE name = 'vertical'));
INSERT OR IGNORE INTO tags (name) VALUES ('scenic');
INSERT INTO photo_tags (photo_idx, tag_id) VALUES ((SELECT photo_idx FROM photos WHERE photo_id = 1542), (SELECT tag_id FROM tags WHERE name = 'scenic'));
INSERT OR IGNORE INTO tags (name) VALUES ('landscape');
INSERT INTO photo_tags (photo_idx, tag_id) VALUES ((SELECT photo_idx FROM photos WHERE photo_id = 1542), (SELECT tag_id FROM tags WHERE name = 'landscape'));
INSERT OR IGNORE INTO tags (name) VALUES ('color');
INSERT INTO photo_tags (photo_idx, tag_id) VALUES ((SELECT photo_idx FROM photos WHERE photo_id = 1542), (SELECT tag_id FROM tags WHERE name = 'color'));
INSERT OR IGNORE INTO tags (name) VALUES ('outdoors');
INSERT INTO photo_tags (photo_idx, tag_id) VALUES ((SELECT photo_idx FROM photos WHERE photo_id = 1542), (SELECT tag_id FROM tags WHERE name = 'outdoors'));
INSERT OR IGNORE INTO tags (name) VALUES ('orange');
INSERT INTO photo_tags (photo_idx, tag_id) VALUES ((SELECT photo_idx FROM photos WHERE photo_id = 1542), (SELECT tag_id FROM tags WHERE name = 'orange'));
INSERT OR IGNORE INTO tags (name) VALUES ('sky');
INSERT INTO photo_tags (photo_idx, tag_id) VALUES ((SELECT photo_idx FROM photos WHERE photo_id = 1542), (SELECT tag_id FROM tags WHERE name = 'sky'));
INSERT OR IGNORE INTO tags (name) VALUES ('sunset');
INSERT INTO photo_tags (photo_idx, tag_id) VALUES ((SELECT photo_idx FROM photos WHERE photo_id = 1542), (SELECT tag_id FROM tags WHERE name = 'sunset'));
INSERT OR IGNORE INTO tags (name) VALUES ('clouds');
INSERT INTO photo_tags (photo_idx, tag_id) VALUES ((SELECT photo_idx FROM photos WHERE photo_id = 1542), (SELECT tag_id FROM tags WHERE name = 'clouds'));

INSERT INTO photos (photo_id, photo_title, photo_collection, photo_location, photo_year, camera, film_stock, film_format) VALUES (1543, 'Castle in the Sky', 'Hawaii', 'Mount Haleakala, Hawaii', 1999, 'Hasselblad', 'Fujichrome Provia 100F', '6 x 6 cm');
INSERT INTO photos_fts (photo_idx, photo_id, photo_title, photo_collection, photo_location, photo_year, camera, film_stock, film_format, tag_names) VALUES ((SELECT photo_idx FROM photos WHERE photo_id = 1543), 1543, 'Castle in the Sky', 'Hawaii', 'Mount Haleakala, Hawaii', 1999, 'Hasselblad', 'Fujichrome Provia 100F', '6 x 6 cm', 'vertical,popular,scenic,landscape,color,outdoors,blue,orange,sky,sunset,clouds');
INSERT OR IGNORE INTO tags (name) VALUES ('vertical');
INSERT INTO photo_tags (photo_idx, tag_id) VALUES ((SELECT photo_idx FROM photos WHERE photo_id = 1543), (SELECT tag_id FROM tags WHERE name = 'vertical'));
INSERT OR IGNORE INTO tags (name) VALUES ('popular');
INSERT INTO photo_tags (photo_idx, tag_id) VALUES ((SELECT photo_idx FROM photos WHERE photo_id = 1543), (SELECT tag_id FROM tags WHERE name = 'popular'));
INSERT OR IGNORE INTO tags (name) VALUES ('scenic');
INSERT INTO photo_tags (photo_idx, tag_id) VALUES ((SELECT photo_idx FROM photos WHERE photo_id = 1543), (SELECT tag_id FROM tags WHERE name = 'scenic'));
INSERT OR IGNORE INTO tags (name) VALUES ('landscape');
INSERT INTO photo_tags (photo_idx, tag_id) VALUES ((SELECT photo_idx FROM photos WHERE photo_id = 1543), (SELECT tag_id FROM tags WHERE name = 'landscape'));
INSERT OR IGNORE INTO tags (name) VALUES ('color');
INSERT INTO photo_tags (photo_idx, tag_id) VALUES ((SELECT photo_idx FROM photos WHERE photo_id = 1543), (SELECT tag_id FROM tags WHERE name = 'color'));
INSERT OR IGNORE INTO tags (name) VALUES ('outdoors');
INSERT INTO photo_tags (photo_idx, tag_id) VALUES ((SELECT photo_idx FROM photos WHERE photo_id = 1543), (SELECT tag_id FROM tags WHERE name = 'outdoors'));
INSERT OR IGNORE INTO tags (name) VALUES ('blue');
INSERT INTO photo_tags (photo_idx, tag_id) VALUES ((SELECT photo_idx FROM photos WHERE photo_id = 1543), (SELECT tag_id FROM tags WHERE name = 'blue'));
INSERT OR IGNORE INTO tags (name) VALUES ('orange');
INSERT INTO photo_tags (photo_idx, tag_id) VALUES ((SELECT photo_idx FROM photos WHERE photo_id = 1543), (SELECT tag_id FROM tags WHERE name = 'orange'));
INSERT OR IGNORE INTO tags (name) VALUES ('sky');
INSERT INTO photo_tags (photo_idx, tag_id) VALUES ((SELECT photo_idx FROM photos WHERE photo_id = 1543), (SELECT tag_id FROM tags WHERE name = 'sky'));
INSERT OR IGNORE INTO tags (name) VALUES ('sunset');
INSERT INTO photo_tags (photo_idx, tag_id) VALUES ((SELECT photo_idx FROM photos WHERE photo_id = 1543), (SELECT tag_id FROM tags WHERE name = 'sunset'));
INSERT OR IGNORE INTO tags (name) VALUES ('clouds');
INSERT INTO photo_tags (photo_idx, tag_id) VALUES ((SELECT photo_idx FROM photos WHERE photo_id = 1543), (SELECT tag_id FROM tags WHERE name = 'clouds'));

INSERT INTO photos (photo_id, photo_title, photo_collection, photo_location, photo_year, camera, film_stock, film_format) VALUES (1545, 'Carpet of Clouds', 'Hawaii', 'Mount Haleakala, Hawaii', 1999, 'Hasselblad', 'Fujichrome Provia 100F', '6 x 6 cm');
INSERT INTO photos_fts (photo_idx, photo_id, photo_title, photo_collection, photo_location, photo_year, camera, film_stock, film_format, tag_names) VALUES ((SELECT photo_idx FROM photos WHERE photo_id = 1545), 1545, 'Carpet of Clouds', 'Hawaii', 'Mount Haleakala, Hawaii', 1999, 'Hasselblad', 'Fujichrome Provia 100F', '6 x 6 cm', 'horizontal,scenic,landscape,color,outdoors,blue,orange,sky,sunset,clouds');
INSERT OR IGNORE INTO tags (name) VALUES ('horizontal');
INSERT INTO photo_tags (photo_idx, tag_id) VALUES ((SELECT photo_idx FROM photos WHERE photo_id = 1545), (SELECT tag_id FROM tags WHERE name = 'horizontal'));
INSERT OR IGNORE INTO tags (name) VALUES ('scenic');
INSERT INTO photo_tags (photo_idx, tag_id) VALUES ((SELECT photo_idx FROM photos WHERE photo_id = 1545), (SELECT tag_id FROM tags WHERE name = 'scenic'));
INSERT OR IGNORE INTO tags (name) VALUES ('landscape');
INSERT INTO photo_tags (photo_idx, tag_id) VALUES ((SELECT photo_idx FROM photos WHERE photo_id = 1545), (SELECT tag_id FROM tags WHERE name = 'landscape'));
INSERT OR IGNORE INTO tags (name) VALUES ('color');
INSERT INTO photo_tags (photo_idx, tag_id) VALUES ((SELECT photo_idx FROM photos WHERE photo_id = 1545), (SELECT tag_id FROM tags WHERE name = 'color'));
INSERT OR IGNORE INTO tags (name) VALUES ('outdoors');
INSERT INTO photo_tags (photo_idx, tag_id) VALUES ((SELECT photo_idx FROM photos WHERE photo_id = 1545), (SELECT tag_id FROM tags WHERE name = 'outdoors'));
INSERT OR IGNORE INTO tags (name) VALUES ('blue');
INSERT INTO photo_tags (photo_idx, tag_id) VALUES ((SELECT photo_idx FROM photos WHERE photo_id = 1545), (SELECT tag_id FROM tags WHERE name = 'blue'));
INSERT OR IGNORE INTO tags (name) VALUES ('orange');
INSERT INTO photo_tags (photo_idx, tag_id) VALUES ((SELECT photo_idx FROM photos WHERE photo_id = 1545), (SELECT tag_id FROM tags WHERE name = 'orange'));
INSERT OR IGNORE INTO tags (name) VALUES ('sky');
INSERT INTO photo_tags (photo_idx, tag_id) VALUES ((SELECT photo_idx FROM photos WHERE photo_id = 1545), (SELECT tag_id FROM tags WHERE name = 'sky'));
INSERT OR IGNORE INTO tags (name) VALUES ('sunset');
INSERT INTO photo_tags (photo_idx, tag_id) VALUES ((SELECT photo_idx FROM photos WHERE photo_id = 1545), (SELECT tag_id FROM tags WHERE name = 'sunset'));
INSERT OR IGNORE INTO tags (name) VALUES ('clouds');
INSERT INTO photo_tags (photo_idx, tag_id) VALUES ((SELECT photo_idx FROM photos WHERE photo_id = 1545), (SELECT tag_id FROM tags WHERE name = 'clouds'));

INSERT INTO photos (photo_id, photo_title, photo_collection, photo_location, photo_year, camera, film_stock, film_format) VALUES (1546, 'Sunset Cloud Shapes', 'Hawaii', 'Mount Haleakala, Hawaii', 1999, 'Hasselblad', 'Fujichrome Provia 100F', '6 x 6 cm');
INSERT INTO photos_fts (photo_idx, photo_id, photo_title, photo_collection, photo_location, photo_year, camera, film_stock, film_format, tag_names) VALUES ((SELECT photo_idx FROM photos WHERE photo_id = 1546), 1546, 'Sunset Cloud Shapes', 'Hawaii', 'Mount Haleakala, Hawaii', 1999, 'Hasselblad', 'Fujichrome Provia 100F', '6 x 6 cm', 'horizontal,scenic,landscape,color,outdoors,blue,orange,sky,sunset,clouds');
INSERT OR IGNORE INTO tags (name) VALUES ('horizontal');
INSERT INTO photo_tags (photo_idx, tag_id) VALUES ((SELECT photo_idx FROM photos WHERE photo_id = 1546), (SELECT tag_id FROM tags WHERE name = 'horizontal'));
INSERT OR IGNORE INTO tags (name) VALUES ('scenic');
INSERT INTO photo_tags (photo_idx, tag_id) VALUES ((SELECT photo_idx FROM photos WHERE photo_id = 1546), (SELECT tag_id FROM tags WHERE name = 'scenic'));
INSERT OR IGNORE INTO tags (name) VALUES ('landscape');
INSERT INTO photo_tags (photo_idx, tag_id) VALUES ((SELECT photo_idx FROM photos WHERE photo_id = 1546), (SELECT tag_id FROM tags WHERE name = 'landscape'));
INSERT OR IGNORE INTO tags (name) VALUES ('color');
INSERT INTO photo_tags (photo_idx, tag_id) VALUES ((SELECT photo_idx FROM photos WHERE photo_id = 1546), (SELECT tag_id FROM tags WHERE name = 'color'));
INSERT OR IGNORE INTO tags (name) VALUES ('outdoors');
INSERT INTO photo_tags (photo_idx, tag_id) VALUES ((SELECT photo_idx FROM photos WHERE photo_id = 1546), (SELECT tag_id FROM tags WHERE name = 'outdoors'));
INSERT OR IGNORE INTO tags (name) VALUES ('blue');
INSERT INTO photo_tags (photo_idx, tag_id) VALUES ((SELECT photo_idx FROM photos WHERE photo_id = 1546), (SELECT tag_id FROM tags WHERE name = 'blue'));
INSERT OR IGNORE INTO tags (name) VALUES ('orange');
INSERT INTO photo_tags (photo_idx, tag_id) VALUES ((SELECT photo_idx FROM photos WHERE photo_id = 1546), (SELECT tag_id FROM tags WHERE name = 'orange'));
INSERT OR IGNORE INTO tags (name) VALUES ('sky');
INSERT INTO photo_tags (photo_idx, tag_id) VALUES ((SELECT photo_idx FROM photos WHERE photo_id = 1546), (SELECT tag_id FROM tags WHERE name = 'sky'));
INSERT OR IGNORE INTO tags (name) VALUES ('sunset');
INSERT INTO photo_tags (photo_idx, tag_id) VALUES ((SELECT photo_idx FROM photos WHERE photo_id = 1546), (SELECT tag_id FROM tags WHERE name = 'sunset'));
INSERT OR IGNORE INTO tags (name) VALUES ('clouds');
INSERT INTO photo_tags (photo_idx, tag_id) VALUES ((SELECT photo_idx FROM photos WHERE photo_id = 1546), (SELECT tag_id FROM tags WHERE name = 'clouds'));

INSERT INTO photos (photo_id, photo_title, photo_collection, photo_location, photo_year, camera, film_stock, film_format) VALUES (1551, 'Hawaiian Orchid Three', 'Flower Portraits', 'Akatsuka Orchid Farm, Hawaii', 1999, 'Hasselblad', 'Fujichrome Provia 100F', '6 x 6 cm');
INSERT INTO photos_fts (photo_idx, photo_id, photo_title, photo_collection, photo_location, photo_year, camera, film_stock, film_format, tag_names) VALUES ((SELECT photo_idx FROM photos WHERE photo_id = 1551), 1551, 'Hawaiian Orchid Three', 'Flower Portraits', 'Akatsuka Orchid Farm, Hawaii', 1999, 'Hasselblad', 'Fujichrome Provia 100F', '6 x 6 cm', 'horizontal,closeup,color,studio,black,pink,purple,white,flowers,orchid');
INSERT OR IGNORE INTO tags (name) VALUES ('horizontal');
INSERT INTO photo_tags (photo_idx, tag_id) VALUES ((SELECT photo_idx FROM photos WHERE photo_id = 1551), (SELECT tag_id FROM tags WHERE name = 'horizontal'));
INSERT OR IGNORE INTO tags (name) VALUES ('closeup');
INSERT INTO photo_tags (photo_idx, tag_id) VALUES ((SELECT photo_idx FROM photos WHERE photo_id = 1551), (SELECT tag_id FROM tags WHERE name = 'closeup'));
INSERT OR IGNORE INTO tags (name) VALUES ('color');
INSERT INTO photo_tags (photo_idx, tag_id) VALUES ((SELECT photo_idx FROM photos WHERE photo_id = 1551), (SELECT tag_id FROM tags WHERE name = 'color'));
INSERT OR IGNORE INTO tags (name) VALUES ('studio');
INSERT INTO photo_tags (photo_idx, tag_id) VALUES ((SELECT photo_idx FROM photos WHERE photo_id = 1551), (SELECT tag_id FROM tags WHERE name = 'studio'));
INSERT OR IGNORE INTO tags (name) VALUES ('black');
INSERT INTO photo_tags (photo_idx, tag_id) VALUES ((SELECT photo_idx FROM photos WHERE photo_id = 1551), (SELECT tag_id FROM tags WHERE name = 'black'));
INSERT OR IGNORE INTO tags (name) VALUES ('pink');
INSERT INTO photo_tags (photo_idx, tag_id) VALUES ((SELECT photo_idx FROM photos WHERE photo_id = 1551), (SELECT tag_id FROM tags WHERE name = 'pink'));
INSERT OR IGNORE INTO tags (name) VALUES ('purple');
INSERT INTO photo_tags (photo_idx, tag_id) VALUES ((SELECT photo_idx FROM photos WHERE photo_id = 1551), (SELECT tag_id FROM tags WHERE name = 'purple'));
INSERT OR IGNORE INTO tags (name) VALUES ('white');
INSERT INTO photo_tags (photo_idx, tag_id) VALUES ((SELECT photo_idx FROM photos WHERE photo_id = 1551), (SELECT tag_id FROM tags WHERE name = 'white'));
INSERT OR IGNORE INTO tags (name) VALUES ('flowers');
INSERT INTO photo_tags (photo_idx, tag_id) VALUES ((SELECT photo_idx FROM photos WHERE photo_id = 1551), (SELECT tag_id FROM tags WHERE name = 'flowers'));
INSERT OR IGNORE INTO tags (name) VALUES ('orchid');
INSERT INTO photo_tags (photo_idx, tag_id) VALUES ((SELECT photo_idx FROM photos WHERE photo_id = 1551), (SELECT tag_id FROM tags WHERE name = 'orchid'));

INSERT INTO photos (photo_id, photo_title, photo_collection, photo_location, photo_year, camera, film_stock, film_format) VALUES (1553, 'Lava Folds at Sunset', 'Hawaii', 'Kiluea Lava Fields, Hawaii', 1999, 'Hasselblad', 'Fujichrome Provia 100F', '6 x 6 cm');
INSERT INTO photos_fts (photo_idx, photo_id, photo_title, photo_collection, photo_location, photo_year, camera, film_stock, film_format, tag_names) VALUES ((SELECT photo_idx FROM photos WHERE photo_id = 1553), 1553, 'Lava Folds at Sunset', 'Hawaii', 'Kiluea Lava Fields, Hawaii', 1999, 'Hasselblad', 'Fujichrome Provia 100F', '6 x 6 cm', 'horizontal,scenic,landscape,color,outdoors,black,gray,rock');
INSERT OR IGNORE INTO tags (name) VALUES ('horizontal');
INSERT INTO photo_tags (photo_idx, tag_id) VALUES ((SELECT photo_idx FROM photos WHERE photo_id = 1553), (SELECT tag_id FROM tags WHERE name = 'horizontal'));
INSERT OR IGNORE INTO tags (name) VALUES ('scenic');
INSERT INTO photo_tags (photo_idx, tag_id) VALUES ((SELECT photo_idx FROM photos WHERE photo_id = 1553), (SELECT tag_id FROM tags WHERE name = 'scenic'));
INSERT OR IGNORE INTO tags (name) VALUES ('landscape');
INSERT INTO photo_tags (photo_idx, tag_id) VALUES ((SELECT photo_idx FROM photos WHERE photo_id = 1553), (SELECT tag_id FROM tags WHERE name = 'landscape'));
INSERT OR IGNORE INTO tags (name) VALUES ('color');
INSERT INTO photo_tags (photo_idx, tag_id) VALUES ((SELECT photo_idx FROM photos WHERE photo_id = 1553), (SELECT tag_id FROM tags WHERE name = 'color'));
INSERT OR IGNORE INTO tags (name) VALUES ('outdoors');
INSERT INTO photo_tags (photo_idx, tag_id) VALUES ((SELECT photo_idx FROM photos WHERE photo_id = 1553), (SELECT tag_id FROM tags WHERE name = 'outdoors'));
INSERT OR IGNORE INTO tags (name) VALUES ('black');
INSERT INTO photo_tags (photo_idx, tag_id) VALUES ((SELECT photo_idx FROM photos WHERE photo_id = 1553), (SELECT tag_id FROM tags WHERE name = 'black'));
INSERT OR IGNORE INTO tags (name) VALUES ('gray');
INSERT INTO photo_tags (photo_idx, tag_id) VALUES ((SELECT photo_idx FROM photos WHERE photo_id = 1553), (SELECT tag_id FROM tags WHERE name = 'gray'));
INSERT OR IGNORE INTO tags (name) VALUES ('rock');
INSERT INTO photo_tags (photo_idx, tag_id) VALUES ((SELECT photo_idx FROM photos WHERE photo_id = 1553), (SELECT tag_id FROM tags WHERE name = 'rock'));

INSERT INTO photos (photo_id, photo_title, photo_collection, photo_location, photo_year, camera, film_stock, film_format) VALUES (1554, 'Bluish Lava Folds', 'Hawaii', 'Kiluea Lava Fields, Hawaii', 1999, 'Hasselblad', 'Fujichrome Provia 100F', '6 x 6 cm');
INSERT INTO photos_fts (photo_idx, photo_id, photo_title, photo_collection, photo_location, photo_year, camera, film_stock, film_format, tag_names) VALUES ((SELECT photo_idx FROM photos WHERE photo_id = 1554), 1554, 'Bluish Lava Folds', 'Hawaii', 'Kiluea Lava Fields, Hawaii', 1999, 'Hasselblad', 'Fujichrome Provia 100F', '6 x 6 cm', 'vertical,scenic,landscape,color,outdoors,black,gray,rock');
INSERT OR IGNORE INTO tags (name) VALUES ('vertical');
INSERT INTO photo_tags (photo_idx, tag_id) VALUES ((SELECT photo_idx FROM photos WHERE photo_id = 1554), (SELECT tag_id FROM tags WHERE name = 'vertical'));
INSERT OR IGNORE INTO tags (name) VALUES ('scenic');
INSERT INTO photo_tags (photo_idx, tag_id) VALUES ((SELECT photo_idx FROM photos WHERE photo_id = 1554), (SELECT tag_id FROM tags WHERE name = 'scenic'));
INSERT OR IGNORE INTO tags (name) VALUES ('landscape');
INSERT INTO photo_tags (photo_idx, tag_id) VALUES ((SELECT photo_idx FROM photos WHERE photo_id = 1554), (SELECT tag_id FROM tags WHERE name = 'landscape'));
INSERT OR IGNORE INTO tags (name) VALUES ('color');
INSERT INTO photo_tags (photo_idx, tag_id) VALUES ((SELECT photo_idx FROM photos WHERE photo_id = 1554), (SELECT tag_id FROM tags WHERE name = 'color'));
INSERT OR IGNORE INTO tags (name) VALUES ('outdoors');
INSERT INTO photo_tags (photo_idx, tag_id) VALUES ((SELECT photo_idx FROM photos WHERE photo_id = 1554), (SELECT tag_id FROM tags WHERE name = 'outdoors'));
INSERT OR IGNORE INTO tags (name) VALUES ('black');
INSERT INTO photo_tags (photo_idx, tag_id) VALUES ((SELECT photo_idx FROM photos WHERE photo_id = 1554), (SELECT tag_id FROM tags WHERE name = 'black'));
INSERT OR IGNORE INTO tags (name) VALUES ('gray');
INSERT INTO photo_tags (photo_idx, tag_id) VALUES ((SELECT photo_idx FROM photos WHERE photo_id = 1554), (SELECT tag_id FROM tags WHERE name = 'gray'));
INSERT OR IGNORE INTO tags (name) VALUES ('rock');
INSERT INTO photo_tags (photo_idx, tag_id) VALUES ((SELECT photo_idx FROM photos WHERE photo_id = 1554), (SELECT tag_id FROM tags WHERE name = 'rock'));

INSERT INTO photos (photo_id, photo_title, photo_collection, photo_location, photo_year, camera, film_stock, film_format) VALUES (1555, 'Pile of Folded Lava', 'Hawaii', 'Kiluea Lava Fields, Hawaii', 1999, 'Hasselblad', 'Fujichrome Provia 100F', '6 x 6 cm');
INSERT INTO photos_fts (photo_idx, photo_id, photo_title, photo_collection, photo_location, photo_year, camera, film_stock, film_format, tag_names) VALUES ((SELECT photo_idx FROM photos WHERE photo_id = 1555), 1555, 'Pile of Folded Lava', 'Hawaii', 'Kiluea Lava Fields, Hawaii', 1999, 'Hasselblad', 'Fujichrome Provia 100F', '6 x 6 cm', 'vertical,scenic,landscape,color,outdoors,black,gray,rock');
INSERT OR IGNORE INTO tags (name) VALUES ('vertical');
INSERT INTO photo_tags (photo_idx, tag_id) VALUES ((SELECT photo_idx FROM photos WHERE photo_id = 1555), (SELECT tag_id FROM tags WHERE name = 'vertical'));
INSERT OR IGNORE INTO tags (name) VALUES ('scenic');
INSERT INTO photo_tags (photo_idx, tag_id) VALUES ((SELECT photo_idx FROM photos WHERE photo_id = 1555), (SELECT tag_id FROM tags WHERE name = 'scenic'));
INSERT OR IGNORE INTO tags (name) VALUES ('landscape');
INSERT INTO photo_tags (photo_idx, tag_id) VALUES ((SELECT photo_idx FROM photos WHERE photo_id = 1555), (SELECT tag_id FROM tags WHERE name = 'landscape'));
INSERT OR IGNORE INTO tags (name) VALUES ('color');
INSERT INTO photo_tags (photo_idx, tag_id) VALUES ((SELECT photo_idx FROM photos WHERE photo_id = 1555), (SELECT tag_id FROM tags WHERE name = 'color'));
INSERT OR IGNORE INTO tags (name) VALUES ('outdoors');
INSERT INTO photo_tags (photo_idx, tag_id) VALUES ((SELECT photo_idx FROM photos WHERE photo_id = 1555), (SELECT tag_id FROM tags WHERE name = 'outdoors'));
INSERT OR IGNORE INTO tags (name) VALUES ('black');
INSERT INTO photo_tags (photo_idx, tag_id) VALUES ((SELECT photo_idx FROM photos WHERE photo_id = 1555), (SELECT tag_id FROM tags WHERE name = 'black'));
INSERT OR IGNORE INTO tags (name) VALUES ('gray');
INSERT INTO photo_tags (photo_idx, tag_id) VALUES ((SELECT photo_idx FROM photos WHERE photo_id = 1555), (SELECT tag_id FROM tags WHERE name = 'gray'));
INSERT OR IGNORE INTO tags (name) VALUES ('rock');
INSERT INTO photo_tags (photo_idx, tag_id) VALUES ((SELECT photo_idx FROM photos WHERE photo_id = 1555), (SELECT tag_id FROM tags WHERE name = 'rock'));

INSERT INTO photos (photo_id, photo_title, photo_collection, photo_location, photo_year, camera, film_stock, film_format) VALUES (1559, 'Haleakala Sunset', 'Hawaii', 'Mount Haleakala, Hawaii', 1999, 'Hasselblad', 'Fujichrome Provia 100F', '6 x 6 cm');
INSERT INTO photos_fts (photo_idx, photo_id, photo_title, photo_collection, photo_location, photo_year, camera, film_stock, film_format, tag_names) VALUES ((SELECT photo_idx FROM photos WHERE photo_id = 1559), 1559, 'Haleakala Sunset', 'Hawaii', 'Mount Haleakala, Hawaii', 1999, 'Hasselblad', 'Fujichrome Provia 100F', '6 x 6 cm', 'vertical,scenic,landscape,color,outdoors,orange,sky,sunset,clouds');
INSERT OR IGNORE INTO tags (name) VALUES ('vertical');
INSERT INTO photo_tags (photo_idx, tag_id) VALUES ((SELECT photo_idx FROM photos WHERE photo_id = 1559), (SELECT tag_id FROM tags WHERE name = 'vertical'));
INSERT OR IGNORE INTO tags (name) VALUES ('scenic');
INSERT INTO photo_tags (photo_idx, tag_id) VALUES ((SELECT photo_idx FROM photos WHERE photo_id = 1559), (SELECT tag_id FROM tags WHERE name = 'scenic'));
INSERT OR IGNORE INTO tags (name) VALUES ('landscape');
INSERT INTO photo_tags (photo_idx, tag_id) VALUES ((SELECT photo_idx FROM photos WHERE photo_id = 1559), (SELECT tag_id FROM tags WHERE name = 'landscape'));
INSERT OR IGNORE INTO tags (name) VALUES ('color');
INSERT INTO photo_tags (photo_idx, tag_id) VALUES ((SELECT photo_idx FROM photos WHERE photo_id = 1559), (SELECT tag_id FROM tags WHERE name = 'color'));
INSERT OR IGNORE INTO tags (name) VALUES ('outdoors');
INSERT INTO photo_tags (photo_idx, tag_id) VALUES ((SELECT photo_idx FROM photos WHERE photo_id = 1559), (SELECT tag_id FROM tags WHERE name = 'outdoors'));
INSERT OR IGNORE INTO tags (name) VALUES ('orange');
INSERT INTO photo_tags (photo_idx, tag_id) VALUES ((SELECT photo_idx FROM photos WHERE photo_id = 1559), (SELECT tag_id FROM tags WHERE name = 'orange'));
INSERT OR IGNORE INTO tags (name) VALUES ('sky');
INSERT INTO photo_tags (photo_idx, tag_id) VALUES ((SELECT photo_idx FROM photos WHERE photo_id = 1559), (SELECT tag_id FROM tags WHERE name = 'sky'));
INSERT OR IGNORE INTO tags (name) VALUES ('sunset');
INSERT INTO photo_tags (photo_idx, tag_id) VALUES ((SELECT photo_idx FROM photos WHERE photo_id = 1559), (SELECT tag_id FROM tags WHERE name = 'sunset'));
INSERT OR IGNORE INTO tags (name) VALUES ('clouds');
INSERT INTO photo_tags (photo_idx, tag_id) VALUES ((SELECT photo_idx FROM photos WHERE photo_id = 1559), (SELECT tag_id FROM tags WHERE name = 'clouds'));

INSERT INTO photos (photo_id, photo_title, photo_collection, photo_location, photo_year, camera, film_stock, film_format) VALUES (1560, 'Blanket of Clouds', 'Hawaii', 'Mount Haleakala, Hawaii', 1999, 'Hasselblad', 'Fujichrome Provia 100F', '6 x 6 cm');
INSERT INTO photos_fts (photo_idx, photo_id, photo_title, photo_collection, photo_location, photo_year, camera, film_stock, film_format, tag_names) VALUES ((SELECT photo_idx FROM photos WHERE photo_id = 1560), 1560, 'Blanket of Clouds', 'Hawaii', 'Mount Haleakala, Hawaii', 1999, 'Hasselblad', 'Fujichrome Provia 100F', '6 x 6 cm', 'horizontal,scenic,landscape,color,outdoors,blue,orange,sky,sunset,clouds');
INSERT OR IGNORE INTO tags (name) VALUES ('horizontal');
INSERT INTO photo_tags (photo_idx, tag_id) VALUES ((SELECT photo_idx FROM photos WHERE photo_id = 1560), (SELECT tag_id FROM tags WHERE name = 'horizontal'));
INSERT OR IGNORE INTO tags (name) VALUES ('scenic');
INSERT INTO photo_tags (photo_idx, tag_id) VALUES ((SELECT photo_idx FROM photos WHERE photo_id = 1560), (SELECT tag_id FROM tags WHERE name = 'scenic'));
INSERT OR IGNORE INTO tags (name) VALUES ('landscape');
INSERT INTO photo_tags (photo_idx, tag_id) VALUES ((SELECT photo_idx FROM photos WHERE photo_id = 1560), (SELECT tag_id FROM tags WHERE name = 'landscape'));
INSERT OR IGNORE INTO tags (name) VALUES ('color');
INSERT INTO photo_tags (photo_idx, tag_id) VALUES ((SELECT photo_idx FROM photos WHERE photo_id = 1560), (SELECT tag_id FROM tags WHERE name = 'color'));
INSERT OR IGNORE INTO tags (name) VALUES ('outdoors');
INSERT INTO photo_tags (photo_idx, tag_id) VALUES ((SELECT photo_idx FROM photos WHERE photo_id = 1560), (SELECT tag_id FROM tags WHERE name = 'outdoors'));
INSERT OR IGNORE INTO tags (name) VALUES ('blue');
INSERT INTO photo_tags (photo_idx, tag_id) VALUES ((SELECT photo_idx FROM photos WHERE photo_id = 1560), (SELECT tag_id FROM tags WHERE name = 'blue'));
INSERT OR IGNORE INTO tags (name) VALUES ('orange');
INSERT INTO photo_tags (photo_idx, tag_id) VALUES ((SELECT photo_idx FROM photos WHERE photo_id = 1560), (SELECT tag_id FROM tags WHERE name = 'orange'));
INSERT OR IGNORE INTO tags (name) VALUES ('sky');
INSERT INTO photo_tags (photo_idx, tag_id) VALUES ((SELECT photo_idx FROM photos WHERE photo_id = 1560), (SELECT tag_id FROM tags WHERE name = 'sky'));
INSERT OR IGNORE INTO tags (name) VALUES ('sunset');
INSERT INTO photo_tags (photo_idx, tag_id) VALUES ((SELECT photo_idx FROM photos WHERE photo_id = 1560), (SELECT tag_id FROM tags WHERE name = 'sunset'));
INSERT OR IGNORE INTO tags (name) VALUES ('clouds');
INSERT INTO photo_tags (photo_idx, tag_id) VALUES ((SELECT photo_idx FROM photos WHERE photo_id = 1560), (SELECT tag_id FROM tags WHERE name = 'clouds'));

INSERT INTO photos (photo_id, photo_title, photo_collection, photo_location, photo_year, camera, film_stock, film_format) VALUES (1561, 'Clouds Over the Pacific', 'Hawaii', 'Maui, Hawaii', 1999, 'Hasselblad', 'Fujichrome Provia 100F', '6 x 6 cm');
INSERT INTO photos_fts (photo_idx, photo_id, photo_title, photo_collection, photo_location, photo_year, camera, film_stock, film_format, tag_names) VALUES ((SELECT photo_idx FROM photos WHERE photo_id = 1561), 1561, 'Clouds Over the Pacific', 'Hawaii', 'Maui, Hawaii', 1999, 'Hasselblad', 'Fujichrome Provia 100F', '6 x 6 cm', 'vertical,scenic,landscape,color,outdoors,blue,sky,sunset,water,ocean,clouds,coast,waves');
INSERT OR IGNORE INTO tags (name) VALUES ('vertical');
INSERT INTO photo_tags (photo_idx, tag_id) VALUES ((SELECT photo_idx FROM photos WHERE photo_id = 1561), (SELECT tag_id FROM tags WHERE name = 'vertical'));
INSERT OR IGNORE INTO tags (name) VALUES ('scenic');
INSERT INTO photo_tags (photo_idx, tag_id) VALUES ((SELECT photo_idx FROM photos WHERE photo_id = 1561), (SELECT tag_id FROM tags WHERE name = 'scenic'));
INSERT OR IGNORE INTO tags (name) VALUES ('landscape');
INSERT INTO photo_tags (photo_idx, tag_id) VALUES ((SELECT photo_idx FROM photos WHERE photo_id = 1561), (SELECT tag_id FROM tags WHERE name = 'landscape'));
INSERT OR IGNORE INTO tags (name) VALUES ('color');
INSERT INTO photo_tags (photo_idx, tag_id) VALUES ((SELECT photo_idx FROM photos WHERE photo_id = 1561), (SELECT tag_id FROM tags WHERE name = 'color'));
INSERT OR IGNORE INTO tags (name) VALUES ('outdoors');
INSERT INTO photo_tags (photo_idx, tag_id) VALUES ((SELECT photo_idx FROM photos WHERE photo_id = 1561), (SELECT tag_id FROM tags WHERE name = 'outdoors'));
INSERT OR IGNORE INTO tags (name) VALUES ('blue');
INSERT INTO photo_tags (photo_idx, tag_id) VALUES ((SELECT photo_idx FROM photos WHERE photo_id = 1561), (SELECT tag_id FROM tags WHERE name = 'blue'));
INSERT OR IGNORE INTO tags (name) VALUES ('sky');
INSERT INTO photo_tags (photo_idx, tag_id) VALUES ((SELECT photo_idx FROM photos WHERE photo_id = 1561), (SELECT tag_id FROM tags WHERE name = 'sky'));
INSERT OR IGNORE INTO tags (name) VALUES ('sunset');
INSERT INTO photo_tags (photo_idx, tag_id) VALUES ((SELECT photo_idx FROM photos WHERE photo_id = 1561), (SELECT tag_id FROM tags WHERE name = 'sunset'));
INSERT OR IGNORE INTO tags (name) VALUES ('water');
INSERT INTO photo_tags (photo_idx, tag_id) VALUES ((SELECT photo_idx FROM photos WHERE photo_id = 1561), (SELECT tag_id FROM tags WHERE name = 'water'));
INSERT OR IGNORE INTO tags (name) VALUES ('ocean');
INSERT INTO photo_tags (photo_idx, tag_id) VALUES ((SELECT photo_idx FROM photos WHERE photo_id = 1561), (SELECT tag_id FROM tags WHERE name = 'ocean'));
INSERT OR IGNORE INTO tags (name) VALUES ('clouds');
INSERT INTO photo_tags (photo_idx, tag_id) VALUES ((SELECT photo_idx FROM photos WHERE photo_id = 1561), (SELECT tag_id FROM tags WHERE name = 'clouds'));
INSERT OR IGNORE INTO tags (name) VALUES ('coast');
INSERT INTO photo_tags (photo_idx, tag_id) VALUES ((SELECT photo_idx FROM photos WHERE photo_id = 1561), (SELECT tag_id FROM tags WHERE name = 'coast'));
INSERT OR IGNORE INTO tags (name) VALUES ('waves');
INSERT INTO photo_tags (photo_idx, tag_id) VALUES ((SELECT photo_idx FROM photos WHERE photo_id = 1561), (SELECT tag_id FROM tags WHERE name = 'waves'));

INSERT INTO photos (photo_id, photo_title, photo_collection, photo_location, photo_year, camera, film_stock, film_format) VALUES (1562, 'Giant Banyan Roots', 'Hawaii', 'Kauai, Hawaii', 1999, 'Hasselblad', 'Fujichrome Provia 100F', '6 x 6 cm');
INSERT INTO photos_fts (photo_idx, photo_id, photo_title, photo_collection, photo_location, photo_year, camera, film_stock, film_format, tag_names) VALUES ((SELECT photo_idx FROM photos WHERE photo_id = 1562), 1562, 'Giant Banyan Roots', 'Hawaii', 'Kauai, Hawaii', 1999, 'Hasselblad', 'Fujichrome Provia 100F', '6 x 6 cm', 'vertical,scenic,landscape,color,outdoors,brown,trees,foliage,forest');
INSERT OR IGNORE INTO tags (name) VALUES ('vertical');
INSERT INTO photo_tags (photo_idx, tag_id) VALUES ((SELECT photo_idx FROM photos WHERE photo_id = 1562), (SELECT tag_id FROM tags WHERE name = 'vertical'));
INSERT OR IGNORE INTO tags (name) VALUES ('scenic');
INSERT INTO photo_tags (photo_idx, tag_id) VALUES ((SELECT photo_idx FROM photos WHERE photo_id = 1562), (SELECT tag_id FROM tags WHERE name = 'scenic'));
INSERT OR IGNORE INTO tags (name) VALUES ('landscape');
INSERT INTO photo_tags (photo_idx, tag_id) VALUES ((SELECT photo_idx FROM photos WHERE photo_id = 1562), (SELECT tag_id FROM tags WHERE name = 'landscape'));
INSERT OR IGNORE INTO tags (name) VALUES ('color');
INSERT INTO photo_tags (photo_idx, tag_id) VALUES ((SELECT photo_idx FROM photos WHERE photo_id = 1562), (SELECT tag_id FROM tags WHERE name = 'color'));
INSERT OR IGNORE INTO tags (name) VALUES ('outdoors');
INSERT INTO photo_tags (photo_idx, tag_id) VALUES ((SELECT photo_idx FROM photos WHERE photo_id = 1562), (SELECT tag_id FROM tags WHERE name = 'outdoors'));
INSERT OR IGNORE INTO tags (name) VALUES ('brown');
INSERT INTO photo_tags (photo_idx, tag_id) VALUES ((SELECT photo_idx FROM photos WHERE photo_id = 1562), (SELECT tag_id FROM tags WHERE name = 'brown'));
INSERT OR IGNORE INTO tags (name) VALUES ('trees');
INSERT INTO photo_tags (photo_idx, tag_id) VALUES ((SELECT photo_idx FROM photos WHERE photo_id = 1562), (SELECT tag_id FROM tags WHERE name = 'trees'));
INSERT OR IGNORE INTO tags (name) VALUES ('foliage');
INSERT INTO photo_tags (photo_idx, tag_id) VALUES ((SELECT photo_idx FROM photos WHERE photo_id = 1562), (SELECT tag_id FROM tags WHERE name = 'foliage'));
INSERT OR IGNORE INTO tags (name) VALUES ('forest');
INSERT INTO photo_tags (photo_idx, tag_id) VALUES ((SELECT photo_idx FROM photos WHERE photo_id = 1562), (SELECT tag_id FROM tags WHERE name = 'forest'));

INSERT INTO photos (photo_id, photo_title, photo_collection, photo_location, photo_year, camera, film_stock, film_format) VALUES (1563, 'Tree and Mist at Alakai Swamp', 'Hawaii', 'Kauai, Hawaii', 1999, 'Hasselblad', 'Fujichrome Provia 100F', '6 x 6 cm');
INSERT INTO photos_fts (photo_idx, photo_id, photo_title, photo_collection, photo_location, photo_year, camera, film_stock, film_format, tag_names) VALUES ((SELECT photo_idx FROM photos WHERE photo_id = 1563), 1563, 'Tree and Mist at Alakai Swamp', 'Hawaii', 'Kauai, Hawaii', 1999, 'Hasselblad', 'Fujichrome Provia 100F', '6 x 6 cm', 'vertical,scenic,landscape,color,outdoors,gray,green,white,fog,moss,trees,clouds,mist');
INSERT OR IGNORE INTO tags (name) VALUES ('vertical');
INSERT INTO photo_tags (photo_idx, tag_id) VALUES ((SELECT photo_idx FROM photos WHERE photo_id = 1563), (SELECT tag_id FROM tags WHERE name = 'vertical'));
INSERT OR IGNORE INTO tags (name) VALUES ('scenic');
INSERT INTO photo_tags (photo_idx, tag_id) VALUES ((SELECT photo_idx FROM photos WHERE photo_id = 1563), (SELECT tag_id FROM tags WHERE name = 'scenic'));
INSERT OR IGNORE INTO tags (name) VALUES ('landscape');
INSERT INTO photo_tags (photo_idx, tag_id) VALUES ((SELECT photo_idx FROM photos WHERE photo_id = 1563), (SELECT tag_id FROM tags WHERE name = 'landscape'));
INSERT OR IGNORE INTO tags (name) VALUES ('color');
INSERT INTO photo_tags (photo_idx, tag_id) VALUES ((SELECT photo_idx FROM photos WHERE photo_id = 1563), (SELECT tag_id FROM tags WHERE name = 'color'));
INSERT OR IGNORE INTO tags (name) VALUES ('outdoors');
INSERT INTO photo_tags (photo_idx, tag_id) VALUES ((SELECT photo_idx FROM photos WHERE photo_id = 1563), (SELECT tag_id FROM tags WHERE name = 'outdoors'));
INSERT OR IGNORE INTO tags (name) VALUES ('gray');
INSERT INTO photo_tags (photo_idx, tag_id) VALUES ((SELECT photo_idx FROM photos WHERE photo_id = 1563), (SELECT tag_id FROM tags WHERE name = 'gray'));
INSERT OR IGNORE INTO tags (name) VALUES ('green');
INSERT INTO photo_tags (photo_idx, tag_id) VALUES ((SELECT photo_idx FROM photos WHERE photo_id = 1563), (SELECT tag_id FROM tags WHERE name = 'green'));
INSERT OR IGNORE INTO tags (name) VALUES ('white');
INSERT INTO photo_tags (photo_idx, tag_id) VALUES ((SELECT photo_idx FROM photos WHERE photo_id = 1563), (SELECT tag_id FROM tags WHERE name = 'white'));
INSERT OR IGNORE INTO tags (name) VALUES ('fog');
INSERT INTO photo_tags (photo_idx, tag_id) VALUES ((SELECT photo_idx FROM photos WHERE photo_id = 1563), (SELECT tag_id FROM tags WHERE name = 'fog'));
INSERT OR IGNORE INTO tags (name) VALUES ('moss');
INSERT INTO photo_tags (photo_idx, tag_id) VALUES ((SELECT photo_idx FROM photos WHERE photo_id = 1563), (SELECT tag_id FROM tags WHERE name = 'moss'));
INSERT OR IGNORE INTO tags (name) VALUES ('trees');
INSERT INTO photo_tags (photo_idx, tag_id) VALUES ((SELECT photo_idx FROM photos WHERE photo_id = 1563), (SELECT tag_id FROM tags WHERE name = 'trees'));
INSERT OR IGNORE INTO tags (name) VALUES ('clouds');
INSERT INTO photo_tags (photo_idx, tag_id) VALUES ((SELECT photo_idx FROM photos WHERE photo_id = 1563), (SELECT tag_id FROM tags WHERE name = 'clouds'));
INSERT OR IGNORE INTO tags (name) VALUES ('mist');
INSERT INTO photo_tags (photo_idx, tag_id) VALUES ((SELECT photo_idx FROM photos WHERE photo_id = 1563), (SELECT tag_id FROM tags WHERE name = 'mist'));

INSERT INTO photos (photo_id, photo_title, photo_collection, photo_location, photo_year, camera, film_stock, film_format) VALUES (1564, 'Calm Green Pond', 'Pacific Northwest', 'Olympic Peninsula, Washington', 1997, 'Hasselblad', 'Fujichrome Velvia', '6 x 6 cm');
INSERT INTO photos_fts (photo_idx, photo_id, photo_title, photo_collection, photo_location, photo_year, camera, film_stock, film_format, tag_names) VALUES ((SELECT photo_idx FROM photos WHERE photo_id = 1564), 1564, 'Calm Green Pond', 'Pacific Northwest', 'Olympic Peninsula, Washington', 1997, 'Hasselblad', 'Fujichrome Velvia', '6 x 6 cm', 'horizontal,spring,scenic,landscape,color,outdoors,black,green,ferns,grass,moss,trees,water,foliage,forest,rainforest');
INSERT OR IGNORE INTO tags (name) VALUES ('horizontal');
INSERT INTO photo_tags (photo_idx, tag_id) VALUES ((SELECT photo_idx FROM photos WHERE photo_id = 1564), (SELECT tag_id FROM tags WHERE name = 'horizontal'));
INSERT OR IGNORE INTO tags (name) VALUES ('spring');
INSERT INTO photo_tags (photo_idx, tag_id) VALUES ((SELECT photo_idx FROM photos WHERE photo_id = 1564), (SELECT tag_id FROM tags WHERE name = 'spring'));
INSERT OR IGNORE INTO tags (name) VALUES ('scenic');
INSERT INTO photo_tags (photo_idx, tag_id) VALUES ((SELECT photo_idx FROM photos WHERE photo_id = 1564), (SELECT tag_id FROM tags WHERE name = 'scenic'));
INSERT OR IGNORE INTO tags (name) VALUES ('landscape');
INSERT INTO photo_tags (photo_idx, tag_id) VALUES ((SELECT photo_idx FROM photos WHERE photo_id = 1564), (SELECT tag_id FROM tags WHERE name = 'landscape'));
INSERT OR IGNORE INTO tags (name) VALUES ('color');
INSERT INTO photo_tags (photo_idx, tag_id) VALUES ((SELECT photo_idx FROM photos WHERE photo_id = 1564), (SELECT tag_id FROM tags WHERE name = 'color'));
INSERT OR IGNORE INTO tags (name) VALUES ('outdoors');
INSERT INTO photo_tags (photo_idx, tag_id) VALUES ((SELECT photo_idx FROM photos WHERE photo_id = 1564), (SELECT tag_id FROM tags WHERE name = 'outdoors'));
INSERT OR IGNORE INTO tags (name) VALUES ('black');
INSERT INTO photo_tags (photo_idx, tag_id) VALUES ((SELECT photo_idx FROM photos WHERE photo_id = 1564), (SELECT tag_id FROM tags WHERE name = 'black'));
INSERT OR IGNORE INTO tags (name) VALUES ('green');
INSERT INTO photo_tags (photo_idx, tag_id) VALUES ((SELECT photo_idx FROM photos WHERE photo_id = 1564), (SELECT tag_id FROM tags WHERE name = 'green'));
INSERT OR IGNORE INTO tags (name) VALUES ('ferns');
INSERT INTO photo_tags (photo_idx, tag_id) VALUES ((SELECT photo_idx FROM photos WHERE photo_id = 1564), (SELECT tag_id FROM tags WHERE name = 'ferns'));
INSERT OR IGNORE INTO tags (name) VALUES ('grass');
INSERT INTO photo_tags (photo_idx, tag_id) VALUES ((SELECT photo_idx FROM photos WHERE photo_id = 1564), (SELECT tag_id FROM tags WHERE name = 'grass'));
INSERT OR IGNORE INTO tags (name) VALUES ('moss');
INSERT INTO photo_tags (photo_idx, tag_id) VALUES ((SELECT photo_idx FROM photos WHERE photo_id = 1564), (SELECT tag_id FROM tags WHERE name = 'moss'));
INSERT OR IGNORE INTO tags (name) VALUES ('trees');
INSERT INTO photo_tags (photo_idx, tag_id) VALUES ((SELECT photo_idx FROM photos WHERE photo_id = 1564), (SELECT tag_id FROM tags WHERE name = 'trees'));
INSERT OR IGNORE INTO tags (name) VALUES ('water');
INSERT INTO photo_tags (photo_idx, tag_id) VALUES ((SELECT photo_idx FROM photos WHERE photo_id = 1564), (SELECT tag_id FROM tags WHERE name = 'water'));
INSERT OR IGNORE INTO tags (name) VALUES ('foliage');
INSERT INTO photo_tags (photo_idx, tag_id) VALUES ((SELECT photo_idx FROM photos WHERE photo_id = 1564), (SELECT tag_id FROM tags WHERE name = 'foliage'));
INSERT OR IGNORE INTO tags (name) VALUES ('forest');
INSERT INTO photo_tags (photo_idx, tag_id) VALUES ((SELECT photo_idx FROM photos WHERE photo_id = 1564), (SELECT tag_id FROM tags WHERE name = 'forest'));
INSERT OR IGNORE INTO tags (name) VALUES ('rainforest');
INSERT INTO photo_tags (photo_idx, tag_id) VALUES ((SELECT photo_idx FROM photos WHERE photo_id = 1564), (SELECT tag_id FROM tags WHERE name = 'rainforest'));

INSERT INTO photos (photo_id, photo_title, photo_collection, photo_location, photo_year, camera, film_stock, film_format) VALUES (1565, 'Hawaiian Orchid Four', 'Flower Portraits', 'Akatsuka Orchid Farm, Hawaii', 1999, 'Hasselblad', 'Fujichrome Provia 100F', '6 x 6 cm');
INSERT INTO photos_fts (photo_idx, photo_id, photo_title, photo_collection, photo_location, photo_year, camera, film_stock, film_format, tag_names) VALUES ((SELECT photo_idx FROM photos WHERE photo_id = 1565), 1565, 'Hawaiian Orchid Four', 'Flower Portraits', 'Akatsuka Orchid Farm, Hawaii', 1999, 'Hasselblad', 'Fujichrome Provia 100F', '6 x 6 cm', 'vertical,closeup,color,studio,black,purple,yellow,flowers,orchid');
INSERT OR IGNORE INTO tags (name) VALUES ('vertical');
INSERT INTO photo_tags (photo_idx, tag_id) VALUES ((SELECT photo_idx FROM photos WHERE photo_id = 1565), (SELECT tag_id FROM tags WHERE name = 'vertical'));
INSERT OR IGNORE INTO tags (name) VALUES ('closeup');
INSERT INTO photo_tags (photo_idx, tag_id) VALUES ((SELECT photo_idx FROM photos WHERE photo_id = 1565), (SELECT tag_id FROM tags WHERE name = 'closeup'));
INSERT OR IGNORE INTO tags (name) VALUES ('color');
INSERT INTO photo_tags (photo_idx, tag_id) VALUES ((SELECT photo_idx FROM photos WHERE photo_id = 1565), (SELECT tag_id FROM tags WHERE name = 'color'));
INSERT OR IGNORE INTO tags (name) VALUES ('studio');
INSERT INTO photo_tags (photo_idx, tag_id) VALUES ((SELECT photo_idx FROM photos WHERE photo_id = 1565), (SELECT tag_id FROM tags WHERE name = 'studio'));
INSERT OR IGNORE INTO tags (name) VALUES ('black');
INSERT INTO photo_tags (photo_idx, tag_id) VALUES ((SELECT photo_idx FROM photos WHERE photo_id = 1565), (SELECT tag_id FROM tags WHERE name = 'black'));
INSERT OR IGNORE INTO tags (name) VALUES ('purple');
INSERT INTO photo_tags (photo_idx, tag_id) VALUES ((SELECT photo_idx FROM photos WHERE photo_id = 1565), (SELECT tag_id FROM tags WHERE name = 'purple'));
INSERT OR IGNORE INTO tags (name) VALUES ('yellow');
INSERT INTO photo_tags (photo_idx, tag_id) VALUES ((SELECT photo_idx FROM photos WHERE photo_id = 1565), (SELECT tag_id FROM tags WHERE name = 'yellow'));
INSERT OR IGNORE INTO tags (name) VALUES ('flowers');
INSERT INTO photo_tags (photo_idx, tag_id) VALUES ((SELECT photo_idx FROM photos WHERE photo_id = 1565), (SELECT tag_id FROM tags WHERE name = 'flowers'));
INSERT OR IGNORE INTO tags (name) VALUES ('orchid');
INSERT INTO photo_tags (photo_idx, tag_id) VALUES ((SELECT photo_idx FROM photos WHERE photo_id = 1565), (SELECT tag_id FROM tags WHERE name = 'orchid'));

INSERT INTO photos (photo_id, photo_title, photo_collection, photo_location, photo_year, camera, film_stock, film_format) VALUES (1566, 'Hawaiian Orchid Five', 'Flower Portraits', 'Akatsuka Orchid Farm, Hawaii', 1999, 'Hasselblad', 'Fujichrome Provia 100F', '6 x 6 cm');
INSERT INTO photos_fts (photo_idx, photo_id, photo_title, photo_collection, photo_location, photo_year, camera, film_stock, film_format, tag_names) VALUES ((SELECT photo_idx FROM photos WHERE photo_id = 1566), 1566, 'Hawaiian Orchid Five', 'Flower Portraits', 'Akatsuka Orchid Farm, Hawaii', 1999, 'Hasselblad', 'Fujichrome Provia 100F', '6 x 6 cm', 'vertical,closeup,color,studio,black,purple,red,yellow,flowers,orchid');
INSERT OR IGNORE INTO tags (name) VALUES ('vertical');
INSERT INTO photo_tags (photo_idx, tag_id) VALUES ((SELECT photo_idx FROM photos WHERE photo_id = 1566), (SELECT tag_id FROM tags WHERE name = 'vertical'));
INSERT OR IGNORE INTO tags (name) VALUES ('closeup');
INSERT INTO photo_tags (photo_idx, tag_id) VALUES ((SELECT photo_idx FROM photos WHERE photo_id = 1566), (SELECT tag_id FROM tags WHERE name = 'closeup'));
INSERT OR IGNORE INTO tags (name) VALUES ('color');
INSERT INTO photo_tags (photo_idx, tag_id) VALUES ((SELECT photo_idx FROM photos WHERE photo_id = 1566), (SELECT tag_id FROM tags WHERE name = 'color'));
INSERT OR IGNORE INTO tags (name) VALUES ('studio');
INSERT INTO photo_tags (photo_idx, tag_id) VALUES ((SELECT photo_idx FROM photos WHERE photo_id = 1566), (SELECT tag_id FROM tags WHERE name = 'studio'));
INSERT OR IGNORE INTO tags (name) VALUES ('black');
INSERT INTO photo_tags (photo_idx, tag_id) VALUES ((SELECT photo_idx FROM photos WHERE photo_id = 1566), (SELECT tag_id FROM tags WHERE name = 'black'));
INSERT OR IGNORE INTO tags (name) VALUES ('purple');
INSERT INTO photo_tags (photo_idx, tag_id) VALUES ((SELECT photo_idx FROM photos WHERE photo_id = 1566), (SELECT tag_id FROM tags WHERE name = 'purple'));
INSERT OR IGNORE INTO tags (name) VALUES ('red');
INSERT INTO photo_tags (photo_idx, tag_id) VALUES ((SELECT photo_idx FROM photos WHERE photo_id = 1566), (SELECT tag_id FROM tags WHERE name = 'red'));
INSERT OR IGNORE INTO tags (name) VALUES ('yellow');
INSERT INTO photo_tags (photo_idx, tag_id) VALUES ((SELECT photo_idx FROM photos WHERE photo_id = 1566), (SELECT tag_id FROM tags WHERE name = 'yellow'));
INSERT OR IGNORE INTO tags (name) VALUES ('flowers');
INSERT INTO photo_tags (photo_idx, tag_id) VALUES ((SELECT photo_idx FROM photos WHERE photo_id = 1566), (SELECT tag_id FROM tags WHERE name = 'flowers'));
INSERT OR IGNORE INTO tags (name) VALUES ('orchid');
INSERT INTO photo_tags (photo_idx, tag_id) VALUES ((SELECT photo_idx FROM photos WHERE photo_id = 1566), (SELECT tag_id FROM tags WHERE name = 'orchid'));

INSERT INTO photos (photo_id, photo_title, photo_collection, photo_location, photo_year, camera, film_stock, film_format) VALUES (1567, 'Hawaiian Orchid Six', 'Flower Portraits', 'Akatsuka Orchid Farm, Hawaii', 1999, 'Hasselblad', 'Fujichrome Provia 100F', '6 x 6 cm');
INSERT INTO photos_fts (photo_idx, photo_id, photo_title, photo_collection, photo_location, photo_year, camera, film_stock, film_format, tag_names) VALUES ((SELECT photo_idx FROM photos WHERE photo_id = 1567), 1567, 'Hawaiian Orchid Six', 'Flower Portraits', 'Akatsuka Orchid Farm, Hawaii', 1999, 'Hasselblad', 'Fujichrome Provia 100F', '6 x 6 cm', 'vertical,closeup,color,studio,black,purple,yellow,flowers,orchid');
INSERT OR IGNORE INTO tags (name) VALUES ('vertical');
INSERT INTO photo_tags (photo_idx, tag_id) VALUES ((SELECT photo_idx FROM photos WHERE photo_id = 1567), (SELECT tag_id FROM tags WHERE name = 'vertical'));
INSERT OR IGNORE INTO tags (name) VALUES ('closeup');
INSERT INTO photo_tags (photo_idx, tag_id) VALUES ((SELECT photo_idx FROM photos WHERE photo_id = 1567), (SELECT tag_id FROM tags WHERE name = 'closeup'));
INSERT OR IGNORE INTO tags (name) VALUES ('color');
INSERT INTO photo_tags (photo_idx, tag_id) VALUES ((SELECT photo_idx FROM photos WHERE photo_id = 1567), (SELECT tag_id FROM tags WHERE name = 'color'));
INSERT OR IGNORE INTO tags (name) VALUES ('studio');
INSERT INTO photo_tags (photo_idx, tag_id) VALUES ((SELECT photo_idx FROM photos WHERE photo_id = 1567), (SELECT tag_id FROM tags WHERE name = 'studio'));
INSERT OR IGNORE INTO tags (name) VALUES ('black');
INSERT INTO photo_tags (photo_idx, tag_id) VALUES ((SELECT photo_idx FROM photos WHERE photo_id = 1567), (SELECT tag_id FROM tags WHERE name = 'black'));
INSERT OR IGNORE INTO tags (name) VALUES ('purple');
INSERT INTO photo_tags (photo_idx, tag_id) VALUES ((SELECT photo_idx FROM photos WHERE photo_id = 1567), (SELECT tag_id FROM tags WHERE name = 'purple'));
INSERT OR IGNORE INTO tags (name) VALUES ('yellow');
INSERT INTO photo_tags (photo_idx, tag_id) VALUES ((SELECT photo_idx FROM photos WHERE photo_id = 1567), (SELECT tag_id FROM tags WHERE name = 'yellow'));
INSERT OR IGNORE INTO tags (name) VALUES ('flowers');
INSERT INTO photo_tags (photo_idx, tag_id) VALUES ((SELECT photo_idx FROM photos WHERE photo_id = 1567), (SELECT tag_id FROM tags WHERE name = 'flowers'));
INSERT OR IGNORE INTO tags (name) VALUES ('orchid');
INSERT INTO photo_tags (photo_idx, tag_id) VALUES ((SELECT photo_idx FROM photos WHERE photo_id = 1567), (SELECT tag_id FROM tags WHERE name = 'orchid'));

INSERT INTO photos (photo_id, photo_title, photo_collection, photo_location, photo_year, camera, film_stock, film_format) VALUES (1568, 'Leaves at Wailua Falls', 'Hawaii', 'Maui, Hawaii', 1999, 'Hasselblad', 'Fujichrome Provia 100F', '6 x 6 cm');
INSERT INTO photos_fts (photo_idx, photo_id, photo_title, photo_collection, photo_location, photo_year, camera, film_stock, film_format, tag_names) VALUES ((SELECT photo_idx FROM photos WHERE photo_id = 1568), 1568, 'Leaves at Wailua Falls', 'Hawaii', 'Maui, Hawaii', 1999, 'Hasselblad', 'Fujichrome Provia 100F', '6 x 6 cm', 'horizontal,closeup,landscape,color,outdoors,green,leaf,foliage');
INSERT OR IGNORE INTO tags (name) VALUES ('horizontal');
INSERT INTO photo_tags (photo_idx, tag_id) VALUES ((SELECT photo_idx FROM photos WHERE photo_id = 1568), (SELECT tag_id FROM tags WHERE name = 'horizontal'));
INSERT OR IGNORE INTO tags (name) VALUES ('closeup');
INSERT INTO photo_tags (photo_idx, tag_id) VALUES ((SELECT photo_idx FROM photos WHERE photo_id = 1568), (SELECT tag_id FROM tags WHERE name = 'closeup'));
INSERT OR IGNORE INTO tags (name) VALUES ('landscape');
INSERT INTO photo_tags (photo_idx, tag_id) VALUES ((SELECT photo_idx FROM photos WHERE photo_id = 1568), (SELECT tag_id FROM tags WHERE name = 'landscape'));
INSERT OR IGNORE INTO tags (name) VALUES ('color');
INSERT INTO photo_tags (photo_idx, tag_id) VALUES ((SELECT photo_idx FROM photos WHERE photo_id = 1568), (SELECT tag_id FROM tags WHERE name = 'color'));
INSERT OR IGNORE INTO tags (name) VALUES ('outdoors');
INSERT INTO photo_tags (photo_idx, tag_id) VALUES ((SELECT photo_idx FROM photos WHERE photo_id = 1568), (SELECT tag_id FROM tags WHERE name = 'outdoors'));
INSERT OR IGNORE INTO tags (name) VALUES ('green');
INSERT INTO photo_tags (photo_idx, tag_id) VALUES ((SELECT photo_idx FROM photos WHERE photo_id = 1568), (SELECT tag_id FROM tags WHERE name = 'green'));
INSERT OR IGNORE INTO tags (name) VALUES ('leaf');
INSERT INTO photo_tags (photo_idx, tag_id) VALUES ((SELECT photo_idx FROM photos WHERE photo_id = 1568), (SELECT tag_id FROM tags WHERE name = 'leaf'));
INSERT OR IGNORE INTO tags (name) VALUES ('foliage');
INSERT INTO photo_tags (photo_idx, tag_id) VALUES ((SELECT photo_idx FROM photos WHERE photo_id = 1568), (SELECT tag_id FROM tags WHERE name = 'foliage'));

INSERT INTO photos (photo_id, photo_title, photo_collection, photo_location, photo_year, camera, film_stock, film_format) VALUES (1569, 'Rocks at Black Sand Beach', 'Hawaii', 'Big Island of Hawaii', 1999, 'Hasselblad', 'Fujichrome Provia 100F', '6 x 6 cm');
INSERT INTO photos_fts (photo_idx, photo_id, photo_title, photo_collection, photo_location, photo_year, camera, film_stock, film_format, tag_names) VALUES ((SELECT photo_idx FROM photos WHERE photo_id = 1569), 1569, 'Rocks at Black Sand Beach', 'Hawaii', 'Big Island of Hawaii', 1999, 'Hasselblad', 'Fujichrome Provia 100F', '6 x 6 cm', 'horizontal,closeup,landscape,color,outdoors,black,rock,sand,coast');
INSERT OR IGNORE INTO tags (name) VALUES ('horizontal');
INSERT INTO photo_tags (photo_idx, tag_id) VALUES ((SELECT photo_idx FROM photos WHERE photo_id = 1569), (SELECT tag_id FROM tags WHERE name = 'horizontal'));
INSERT OR IGNORE INTO tags (name) VALUES ('closeup');
INSERT INTO photo_tags (photo_idx, tag_id) VALUES ((SELECT photo_idx FROM photos WHERE photo_id = 1569), (SELECT tag_id FROM tags WHERE name = 'closeup'));
INSERT OR IGNORE INTO tags (name) VALUES ('landscape');
INSERT INTO photo_tags (photo_idx, tag_id) VALUES ((SELECT photo_idx FROM photos WHERE photo_id = 1569), (SELECT tag_id FROM tags WHERE name = 'landscape'));
INSERT OR IGNORE INTO tags (name) VALUES ('color');
INSERT INTO photo_tags (photo_idx, tag_id) VALUES ((SELECT photo_idx FROM photos WHERE photo_id = 1569), (SELECT tag_id FROM tags WHERE name = 'color'));
INSERT OR IGNORE INTO tags (name) VALUES ('outdoors');
INSERT INTO photo_tags (photo_idx, tag_id) VALUES ((SELECT photo_idx FROM photos WHERE photo_id = 1569), (SELECT tag_id FROM tags WHERE name = 'outdoors'));
INSERT OR IGNORE INTO tags (name) VALUES ('black');
INSERT INTO photo_tags (photo_idx, tag_id) VALUES ((SELECT photo_idx FROM photos WHERE photo_id = 1569), (SELECT tag_id FROM tags WHERE name = 'black'));
INSERT OR IGNORE INTO tags (name) VALUES ('rock');
INSERT INTO photo_tags (photo_idx, tag_id) VALUES ((SELECT photo_idx FROM photos WHERE photo_id = 1569), (SELECT tag_id FROM tags WHERE name = 'rock'));
INSERT OR IGNORE INTO tags (name) VALUES ('sand');
INSERT INTO photo_tags (photo_idx, tag_id) VALUES ((SELECT photo_idx FROM photos WHERE photo_id = 1569), (SELECT tag_id FROM tags WHERE name = 'sand'));
INSERT OR IGNORE INTO tags (name) VALUES ('coast');
INSERT INTO photo_tags (photo_idx, tag_id) VALUES ((SELECT photo_idx FROM photos WHERE photo_id = 1569), (SELECT tag_id FROM tags WHERE name = 'coast'));

INSERT INTO photos (photo_id, photo_title, photo_collection, photo_location, photo_year, camera, film_stock, film_format) VALUES (1570, 'Colored Lava Shapes', 'Hawaii', 'Kiluea Lava Fields, Hawaii', 1999, 'Hasselblad', 'Fujichrome Provia 100F', '6 x 6 cm');
INSERT INTO photos_fts (photo_idx, photo_id, photo_title, photo_collection, photo_location, photo_year, camera, film_stock, film_format, tag_names) VALUES ((SELECT photo_idx FROM photos WHERE photo_id = 1570), 1570, 'Colored Lava Shapes', 'Hawaii', 'Kiluea Lava Fields, Hawaii', 1999, 'Hasselblad', 'Fujichrome Provia 100F', '6 x 6 cm', 'horizontal,closeup,landscape,color,outdoors,black,rock');
INSERT OR IGNORE INTO tags (name) VALUES ('horizontal');
INSERT INTO photo_tags (photo_idx, tag_id) VALUES ((SELECT photo_idx FROM photos WHERE photo_id = 1570), (SELECT tag_id FROM tags WHERE name = 'horizontal'));
INSERT OR IGNORE INTO tags (name) VALUES ('closeup');
INSERT INTO photo_tags (photo_idx, tag_id) VALUES ((SELECT photo_idx FROM photos WHERE photo_id = 1570), (SELECT tag_id FROM tags WHERE name = 'closeup'));
INSERT OR IGNORE INTO tags (name) VALUES ('landscape');
INSERT INTO photo_tags (photo_idx, tag_id) VALUES ((SELECT photo_idx FROM photos WHERE photo_id = 1570), (SELECT tag_id FROM tags WHERE name = 'landscape'));
INSERT OR IGNORE INTO tags (name) VALUES ('color');
INSERT INTO photo_tags (photo_idx, tag_id) VALUES ((SELECT photo_idx FROM photos WHERE photo_id = 1570), (SELECT tag_id FROM tags WHERE name = 'color'));
INSERT OR IGNORE INTO tags (name) VALUES ('outdoors');
INSERT INTO photo_tags (photo_idx, tag_id) VALUES ((SELECT photo_idx FROM photos WHERE photo_id = 1570), (SELECT tag_id FROM tags WHERE name = 'outdoors'));
INSERT OR IGNORE INTO tags (name) VALUES ('black');
INSERT INTO photo_tags (photo_idx, tag_id) VALUES ((SELECT photo_idx FROM photos WHERE photo_id = 1570), (SELECT tag_id FROM tags WHERE name = 'black'));
INSERT OR IGNORE INTO tags (name) VALUES ('rock');
INSERT INTO photo_tags (photo_idx, tag_id) VALUES ((SELECT photo_idx FROM photos WHERE photo_id = 1570), (SELECT tag_id FROM tags WHERE name = 'rock'));

INSERT INTO photos (photo_id, photo_title, photo_collection, photo_location, photo_year, camera, film_stock, film_format) VALUES (1571, 'Peaked and Cracked Lava', 'Hawaii', 'Kiluea Lava Fields, Hawaii', 1999, 'Hasselblad', 'Fujichrome Provia 100F', '6 x 6 cm');
INSERT INTO photos_fts (photo_idx, photo_id, photo_title, photo_collection, photo_location, photo_year, camera, film_stock, film_format, tag_names) VALUES ((SELECT photo_idx FROM photos WHERE photo_id = 1571), 1571, 'Peaked and Cracked Lava', 'Hawaii', 'Kiluea Lava Fields, Hawaii', 1999, 'Hasselblad', 'Fujichrome Provia 100F', '6 x 6 cm', 'vertical,closeup,landscape,color,outdoors,black,rock');
INSERT OR IGNORE INTO tags (name) VALUES ('vertical');
INSERT INTO photo_tags (photo_idx, tag_id) VALUES ((SELECT photo_idx FROM photos WHERE photo_id = 1571), (SELECT tag_id FROM tags WHERE name = 'vertical'));
INSERT OR IGNORE INTO tags (name) VALUES ('closeup');
INSERT INTO photo_tags (photo_idx, tag_id) VALUES ((SELECT photo_idx FROM photos WHERE photo_id = 1571), (SELECT tag_id FROM tags WHERE name = 'closeup'));
INSERT OR IGNORE INTO tags (name) VALUES ('landscape');
INSERT INTO photo_tags (photo_idx, tag_id) VALUES ((SELECT photo_idx FROM photos WHERE photo_id = 1571), (SELECT tag_id FROM tags WHERE name = 'landscape'));
INSERT OR IGNORE INTO tags (name) VALUES ('color');
INSERT INTO photo_tags (photo_idx, tag_id) VALUES ((SELECT photo_idx FROM photos WHERE photo_id = 1571), (SELECT tag_id FROM tags WHERE name = 'color'));
INSERT OR IGNORE INTO tags (name) VALUES ('outdoors');
INSERT INTO photo_tags (photo_idx, tag_id) VALUES ((SELECT photo_idx FROM photos WHERE photo_id = 1571), (SELECT tag_id FROM tags WHERE name = 'outdoors'));
INSERT OR IGNORE INTO tags (name) VALUES ('black');
INSERT INTO photo_tags (photo_idx, tag_id) VALUES ((SELECT photo_idx FROM photos WHERE photo_id = 1571), (SELECT tag_id FROM tags WHERE name = 'black'));
INSERT OR IGNORE INTO tags (name) VALUES ('rock');
INSERT INTO photo_tags (photo_idx, tag_id) VALUES ((SELECT photo_idx FROM photos WHERE photo_id = 1571), (SELECT tag_id FROM tags WHERE name = 'rock'));

INSERT INTO photos (photo_id, photo_title, photo_collection, photo_location, photo_year, camera, film_stock, film_format) VALUES (1572, 'Mossy Beach Rocks', 'Hawaii', 'Big Island of Hawaii', 1999, 'Hasselblad', 'Fujichrome Provia 100F', '6 x 6 cm');
INSERT INTO photos_fts (photo_idx, photo_id, photo_title, photo_collection, photo_location, photo_year, camera, film_stock, film_format, tag_names) VALUES ((SELECT photo_idx FROM photos WHERE photo_id = 1572), 1572, 'Mossy Beach Rocks', 'Hawaii', 'Big Island of Hawaii', 1999, 'Hasselblad', 'Fujichrome Provia 100F', '6 x 6 cm', 'vertical,closeup,landscape,color,outdoors,green,moss,rock,water,coast');
INSERT OR IGNORE INTO tags (name) VALUES ('vertical');
INSERT INTO photo_tags (photo_idx, tag_id) VALUES ((SELECT photo_idx FROM photos WHERE photo_id = 1572), (SELECT tag_id FROM tags WHERE name = 'vertical'));
INSERT OR IGNORE INTO tags (name) VALUES ('closeup');
INSERT INTO photo_tags (photo_idx, tag_id) VALUES ((SELECT photo_idx FROM photos WHERE photo_id = 1572), (SELECT tag_id FROM tags WHERE name = 'closeup'));
INSERT OR IGNORE INTO tags (name) VALUES ('landscape');
INSERT INTO photo_tags (photo_idx, tag_id) VALUES ((SELECT photo_idx FROM photos WHERE photo_id = 1572), (SELECT tag_id FROM tags WHERE name = 'landscape'));
INSERT OR IGNORE INTO tags (name) VALUES ('color');
INSERT INTO photo_tags (photo_idx, tag_id) VALUES ((SELECT photo_idx FROM photos WHERE photo_id = 1572), (SELECT tag_id FROM tags WHERE name = 'color'));
INSERT OR IGNORE INTO tags (name) VALUES ('outdoors');
INSERT INTO photo_tags (photo_idx, tag_id) VALUES ((SELECT photo_idx FROM photos WHERE photo_id = 1572), (SELECT tag_id FROM tags WHERE name = 'outdoors'));
INSERT OR IGNORE INTO tags (name) VALUES ('green');
INSERT INTO photo_tags (photo_idx, tag_id) VALUES ((SELECT photo_idx FROM photos WHERE photo_id = 1572), (SELECT tag_id FROM tags WHERE name = 'green'));
INSERT OR IGNORE INTO tags (name) VALUES ('moss');
INSERT INTO photo_tags (photo_idx, tag_id) VALUES ((SELECT photo_idx FROM photos WHERE photo_id = 1572), (SELECT tag_id FROM tags WHERE name = 'moss'));
INSERT OR IGNORE INTO tags (name) VALUES ('rock');
INSERT INTO photo_tags (photo_idx, tag_id) VALUES ((SELECT photo_idx FROM photos WHERE photo_id = 1572), (SELECT tag_id FROM tags WHERE name = 'rock'));
INSERT OR IGNORE INTO tags (name) VALUES ('water');
INSERT INTO photo_tags (photo_idx, tag_id) VALUES ((SELECT photo_idx FROM photos WHERE photo_id = 1572), (SELECT tag_id FROM tags WHERE name = 'water'));
INSERT OR IGNORE INTO tags (name) VALUES ('coast');
INSERT INTO photo_tags (photo_idx, tag_id) VALUES ((SELECT photo_idx FROM photos WHERE photo_id = 1572), (SELECT tag_id FROM tags WHERE name = 'coast'));

INSERT INTO photos (photo_id, photo_title, photo_collection, photo_location, photo_year, camera, film_stock, film_format) VALUES (1573, 'Dogwood at Red River Gorge', 'Kentucky', 'Red River Gorge, Kentucky', 1997, 'Nikon', 'Fujichrome Provia', '35 mm');
INSERT INTO photos_fts (photo_idx, photo_id, photo_title, photo_collection, photo_location, photo_year, camera, film_stock, film_format, tag_names) VALUES ((SELECT photo_idx FROM photos WHERE photo_id = 1573), 1573, 'Dogwood at Red River Gorge', 'Kentucky', 'Red River Gorge, Kentucky', 1997, 'Nikon', 'Fujichrome Provia', '35 mm', 'horizontal,spring,scenic,landscape,color,outdoors,gray,trees,foliage,forest,blossoms,dogwood');
INSERT OR IGNORE INTO tags (name) VALUES ('horizontal');
INSERT INTO photo_tags (photo_idx, tag_id) VALUES ((SELECT photo_idx FROM photos WHERE photo_id = 1573), (SELECT tag_id FROM tags WHERE name = 'horizontal'));
INSERT OR IGNORE INTO tags (name) VALUES ('spring');
INSERT INTO photo_tags (photo_idx, tag_id) VALUES ((SELECT photo_idx FROM photos WHERE photo_id = 1573), (SELECT tag_id FROM tags WHERE name = 'spring'));
INSERT OR IGNORE INTO tags (name) VALUES ('scenic');
INSERT INTO photo_tags (photo_idx, tag_id) VALUES ((SELECT photo_idx FROM photos WHERE photo_id = 1573), (SELECT tag_id FROM tags WHERE name = 'scenic'));
INSERT OR IGNORE INTO tags (name) VALUES ('landscape');
INSERT INTO photo_tags (photo_idx, tag_id) VALUES ((SELECT photo_idx FROM photos WHERE photo_id = 1573), (SELECT tag_id FROM tags WHERE name = 'landscape'));
INSERT OR IGNORE INTO tags (name) VALUES ('color');
INSERT INTO photo_tags (photo_idx, tag_id) VALUES ((SELECT photo_idx FROM photos WHERE photo_id = 1573), (SELECT tag_id FROM tags WHERE name = 'color'));
INSERT OR IGNORE INTO tags (name) VALUES ('outdoors');
INSERT INTO photo_tags (photo_idx, tag_id) VALUES ((SELECT photo_idx FROM photos WHERE photo_id = 1573), (SELECT tag_id FROM tags WHERE name = 'outdoors'));
INSERT OR IGNORE INTO tags (name) VALUES ('gray');
INSERT INTO photo_tags (photo_idx, tag_id) VALUES ((SELECT photo_idx FROM photos WHERE photo_id = 1573), (SELECT tag_id FROM tags WHERE name = 'gray'));
INSERT OR IGNORE INTO tags (name) VALUES ('trees');
INSERT INTO photo_tags (photo_idx, tag_id) VALUES ((SELECT photo_idx FROM photos WHERE photo_id = 1573), (SELECT tag_id FROM tags WHERE name = 'trees'));
INSERT OR IGNORE INTO tags (name) VALUES ('foliage');
INSERT INTO photo_tags (photo_idx, tag_id) VALUES ((SELECT photo_idx FROM photos WHERE photo_id = 1573), (SELECT tag_id FROM tags WHERE name = 'foliage'));
INSERT OR IGNORE INTO tags (name) VALUES ('forest');
INSERT INTO photo_tags (photo_idx, tag_id) VALUES ((SELECT photo_idx FROM photos WHERE photo_id = 1573), (SELECT tag_id FROM tags WHERE name = 'forest'));
INSERT OR IGNORE INTO tags (name) VALUES ('blossoms');
INSERT INTO photo_tags (photo_idx, tag_id) VALUES ((SELECT photo_idx FROM photos WHERE photo_id = 1573), (SELECT tag_id FROM tags WHERE name = 'blossoms'));
INSERT OR IGNORE INTO tags (name) VALUES ('dogwood');
INSERT INTO photo_tags (photo_idx, tag_id) VALUES ((SELECT photo_idx FROM photos WHERE photo_id = 1573), (SELECT tag_id FROM tags WHERE name = 'dogwood'));

INSERT INTO photos (photo_id, photo_title, photo_collection, photo_location, photo_year, camera, film_stock, film_format) VALUES (1574, 'Mossy Fallen Oak', 'California', 'Palo Alto Hills, California', 2000, 'Hasselblad', 'Fujichrome Velvia', '6 x 6 cm');
INSERT INTO photos_fts (photo_idx, photo_id, photo_title, photo_collection, photo_location, photo_year, camera, film_stock, film_format, tag_names) VALUES ((SELECT photo_idx FROM photos WHERE photo_id = 1574), 1574, 'Mossy Fallen Oak', 'California', 'Palo Alto Hills, California', 2000, 'Hasselblad', 'Fujichrome Velvia', '6 x 6 cm', 'horizontal,spring,scenic,landscape,color,outdoors,green,grass,moss,trees,foliage,forest');
INSERT OR IGNORE INTO tags (name) VALUES ('horizontal');
INSERT INTO photo_tags (photo_idx, tag_id) VALUES ((SELECT photo_idx FROM photos WHERE photo_id = 1574), (SELECT tag_id FROM tags WHERE name = 'horizontal'));
INSERT OR IGNORE INTO tags (name) VALUES ('spring');
INSERT INTO photo_tags (photo_idx, tag_id) VALUES ((SELECT photo_idx FROM photos WHERE photo_id = 1574), (SELECT tag_id FROM tags WHERE name = 'spring'));
INSERT OR IGNORE INTO tags (name) VALUES ('scenic');
INSERT INTO photo_tags (photo_idx, tag_id) VALUES ((SELECT photo_idx FROM photos WHERE photo_id = 1574), (SELECT tag_id FROM tags WHERE name = 'scenic'));
INSERT OR IGNORE INTO tags (name) VALUES ('landscape');
INSERT INTO photo_tags (photo_idx, tag_id) VALUES ((SELECT photo_idx FROM photos WHERE photo_id = 1574), (SELECT tag_id FROM tags WHERE name = 'landscape'));
INSERT OR IGNORE INTO tags (name) VALUES ('color');
INSERT INTO photo_tags (photo_idx, tag_id) VALUES ((SELECT photo_idx FROM photos WHERE photo_id = 1574), (SELECT tag_id FROM tags WHERE name = 'color'));
INSERT OR IGNORE INTO tags (name) VALUES ('outdoors');
INSERT INTO photo_tags (photo_idx, tag_id) VALUES ((SELECT photo_idx FROM photos WHERE photo_id = 1574), (SELECT tag_id FROM tags WHERE name = 'outdoors'));
INSERT OR IGNORE INTO tags (name) VALUES ('green');
INSERT INTO photo_tags (photo_idx, tag_id) VALUES ((SELECT photo_idx FROM photos WHERE photo_id = 1574), (SELECT tag_id FROM tags WHERE name = 'green'));
INSERT OR IGNORE INTO tags (name) VALUES ('grass');
INSERT INTO photo_tags (photo_idx, tag_id) VALUES ((SELECT photo_idx FROM photos WHERE photo_id = 1574), (SELECT tag_id FROM tags WHERE name = 'grass'));
INSERT OR IGNORE INTO tags (name) VALUES ('moss');
INSERT INTO photo_tags (photo_idx, tag_id) VALUES ((SELECT photo_idx FROM photos WHERE photo_id = 1574), (SELECT tag_id FROM tags WHERE name = 'moss'));
INSERT OR IGNORE INTO tags (name) VALUES ('trees');
INSERT INTO photo_tags (photo_idx, tag_id) VALUES ((SELECT photo_idx FROM photos WHERE photo_id = 1574), (SELECT tag_id FROM tags WHERE name = 'trees'));
INSERT OR IGNORE INTO tags (name) VALUES ('foliage');
INSERT INTO photo_tags (photo_idx, tag_id) VALUES ((SELECT photo_idx FROM photos WHERE photo_id = 1574), (SELECT tag_id FROM tags WHERE name = 'foliage'));
INSERT OR IGNORE INTO tags (name) VALUES ('forest');
INSERT INTO photo_tags (photo_idx, tag_id) VALUES ((SELECT photo_idx FROM photos WHERE photo_id = 1574), (SELECT tag_id FROM tags WHERE name = 'forest'));

INSERT INTO photos (photo_id, photo_title, photo_collection, photo_location, photo_year, camera, film_stock, film_format) VALUES (1575, 'Reaching Mossy Oak', 'California', 'Palo Alto Hills, California', 2000, 'Hasselblad', 'Fujichrome Velvia', '6 x 6 cm');
INSERT INTO photos_fts (photo_idx, photo_id, photo_title, photo_collection, photo_location, photo_year, camera, film_stock, film_format, tag_names) VALUES ((SELECT photo_idx FROM photos WHERE photo_id = 1575), 1575, 'Reaching Mossy Oak', 'California', 'Palo Alto Hills, California', 2000, 'Hasselblad', 'Fujichrome Velvia', '6 x 6 cm', 'horizontal,spring,scenic,landscape,color,outdoors,green,moss,trees,foliage,forest');
INSERT OR IGNORE INTO tags (name) VALUES ('horizontal');
INSERT INTO photo_tags (photo_idx, tag_id) VALUES ((SELECT photo_idx FROM photos WHERE photo_id = 1575), (SELECT tag_id FROM tags WHERE name = 'horizontal'));
INSERT OR IGNORE INTO tags (name) VALUES ('spring');
INSERT INTO photo_tags (photo_idx, tag_id) VALUES ((SELECT photo_idx FROM photos WHERE photo_id = 1575), (SELECT tag_id FROM tags WHERE name = 'spring'));
INSERT OR IGNORE INTO tags (name) VALUES ('scenic');
INSERT INTO photo_tags (photo_idx, tag_id) VALUES ((SELECT photo_idx FROM photos WHERE photo_id = 1575), (SELECT tag_id FROM tags WHERE name = 'scenic'));
INSERT OR IGNORE INTO tags (name) VALUES ('landscape');
INSERT INTO photo_tags (photo_idx, tag_id) VALUES ((SELECT photo_idx FROM photos WHERE photo_id = 1575), (SELECT tag_id FROM tags WHERE name = 'landscape'));
INSERT OR IGNORE INTO tags (name) VALUES ('color');
INSERT INTO photo_tags (photo_idx, tag_id) VALUES ((SELECT photo_idx FROM photos WHERE photo_id = 1575), (SELECT tag_id FROM tags WHERE name = 'color'));
INSERT OR IGNORE INTO tags (name) VALUES ('outdoors');
INSERT INTO photo_tags (photo_idx, tag_id) VALUES ((SELECT photo_idx FROM photos WHERE photo_id = 1575), (SELECT tag_id FROM tags WHERE name = 'outdoors'));
INSERT OR IGNORE INTO tags (name) VALUES ('green');
INSERT INTO photo_tags (photo_idx, tag_id) VALUES ((SELECT photo_idx FROM photos WHERE photo_id = 1575), (SELECT tag_id FROM tags WHERE name = 'green'));
INSERT OR IGNORE INTO tags (name) VALUES ('moss');
INSERT INTO photo_tags (photo_idx, tag_id) VALUES ((SELECT photo_idx FROM photos WHERE photo_id = 1575), (SELECT tag_id FROM tags WHERE name = 'moss'));
INSERT OR IGNORE INTO tags (name) VALUES ('trees');
INSERT INTO photo_tags (photo_idx, tag_id) VALUES ((SELECT photo_idx FROM photos WHERE photo_id = 1575), (SELECT tag_id FROM tags WHERE name = 'trees'));
INSERT OR IGNORE INTO tags (name) VALUES ('foliage');
INSERT INTO photo_tags (photo_idx, tag_id) VALUES ((SELECT photo_idx FROM photos WHERE photo_id = 1575), (SELECT tag_id FROM tags WHERE name = 'foliage'));
INSERT OR IGNORE INTO tags (name) VALUES ('forest');
INSERT INTO photo_tags (photo_idx, tag_id) VALUES ((SELECT photo_idx FROM photos WHERE photo_id = 1575), (SELECT tag_id FROM tags WHERE name = 'forest'));

INSERT INTO photos (photo_id, photo_title, photo_collection, photo_location, photo_year, camera, film_stock, film_format) VALUES (1576, 'Oak with Moss and Lichens', 'California', 'Palo Alto Hills, California', 2000, 'Hasselblad', 'Fujichrome Velvia', '6 x 6 cm');
INSERT INTO photos_fts (photo_idx, photo_id, photo_title, photo_collection, photo_location, photo_year, camera, film_stock, film_format, tag_names) VALUES ((SELECT photo_idx FROM photos WHERE photo_id = 1576), 1576, 'Oak with Moss and Lichens', 'California', 'Palo Alto Hills, California', 2000, 'Hasselblad', 'Fujichrome Velvia', '6 x 6 cm', 'vertical,spring,scenic,landscape,color,outdoors,green,moss,trees,foliage,forest');
INSERT OR IGNORE INTO tags (name) VALUES ('vertical');
INSERT INTO photo_tags (photo_idx, tag_id) VALUES ((SELECT photo_idx FROM photos WHERE photo_id = 1576), (SELECT tag_id FROM tags WHERE name = 'vertical'));
INSERT OR IGNORE INTO tags (name) VALUES ('spring');
INSERT INTO photo_tags (photo_idx, tag_id) VALUES ((SELECT photo_idx FROM photos WHERE photo_id = 1576), (SELECT tag_id FROM tags WHERE name = 'spring'));
INSERT OR IGNORE INTO tags (name) VALUES ('scenic');
INSERT INTO photo_tags (photo_idx, tag_id) VALUES ((SELECT photo_idx FROM photos WHERE photo_id = 1576), (SELECT tag_id FROM tags WHERE name = 'scenic'));
INSERT OR IGNORE INTO tags (name) VALUES ('landscape');
INSERT INTO photo_tags (photo_idx, tag_id) VALUES ((SELECT photo_idx FROM photos WHERE photo_id = 1576), (SELECT tag_id FROM tags WHERE name = 'landscape'));
INSERT OR IGNORE INTO tags (name) VALUES ('color');
INSERT INTO photo_tags (photo_idx, tag_id) VALUES ((SELECT photo_idx FROM photos WHERE photo_id = 1576), (SELECT tag_id FROM tags WHERE name = 'color'));
INSERT OR IGNORE INTO tags (name) VALUES ('outdoors');
INSERT INTO photo_tags (photo_idx, tag_id) VALUES ((SELECT photo_idx FROM photos WHERE photo_id = 1576), (SELECT tag_id FROM tags WHERE name = 'outdoors'));
INSERT OR IGNORE INTO tags (name) VALUES ('green');
INSERT INTO photo_tags (photo_idx, tag_id) VALUES ((SELECT photo_idx FROM photos WHERE photo_id = 1576), (SELECT tag_id FROM tags WHERE name = 'green'));
INSERT OR IGNORE INTO tags (name) VALUES ('moss');
INSERT INTO photo_tags (photo_idx, tag_id) VALUES ((SELECT photo_idx FROM photos WHERE photo_id = 1576), (SELECT tag_id FROM tags WHERE name = 'moss'));
INSERT OR IGNORE INTO tags (name) VALUES ('trees');
INSERT INTO photo_tags (photo_idx, tag_id) VALUES ((SELECT photo_idx FROM photos WHERE photo_id = 1576), (SELECT tag_id FROM tags WHERE name = 'trees'));
INSERT OR IGNORE INTO tags (name) VALUES ('foliage');
INSERT INTO photo_tags (photo_idx, tag_id) VALUES ((SELECT photo_idx FROM photos WHERE photo_id = 1576), (SELECT tag_id FROM tags WHERE name = 'foliage'));
INSERT OR IGNORE INTO tags (name) VALUES ('forest');
INSERT INTO photo_tags (photo_idx, tag_id) VALUES ((SELECT photo_idx FROM photos WHERE photo_id = 1576), (SELECT tag_id FROM tags WHERE name = 'forest'));

INSERT INTO photos (photo_id, photo_title, photo_collection, photo_location, photo_year, camera, film_stock, film_format) VALUES (1577, 'Green Trees at Thornewood', 'California', 'Palo Alto Hills, California', 2000, 'Hasselblad', 'Fujichrome Velvia', '6 x 6 cm');
INSERT INTO photos_fts (photo_idx, photo_id, photo_title, photo_collection, photo_location, photo_year, camera, film_stock, film_format, tag_names) VALUES ((SELECT photo_idx FROM photos WHERE photo_id = 1577), 1577, 'Green Trees at Thornewood', 'California', 'Palo Alto Hills, California', 2000, 'Hasselblad', 'Fujichrome Velvia', '6 x 6 cm', 'vertical,scenic,landscape,color,outdoors,green,moss,trees,foliage,forest');
INSERT OR IGNORE INTO tags (name) VALUES ('vertical');
INSERT INTO photo_tags (photo_idx, tag_id) VALUES ((SELECT photo_idx FROM photos WHERE photo_id = 1577), (SELECT tag_id FROM tags WHERE name = 'vertical'));
INSERT OR IGNORE INTO tags (name) VALUES ('scenic');
INSERT INTO photo_tags (photo_idx, tag_id) VALUES ((SELECT photo_idx FROM photos WHERE photo_id = 1577), (SELECT tag_id FROM tags WHERE name = 'scenic'));
INSERT OR IGNORE INTO tags (name) VALUES ('landscape');
INSERT INTO photo_tags (photo_idx, tag_id) VALUES ((SELECT photo_idx FROM photos WHERE photo_id = 1577), (SELECT tag_id FROM tags WHERE name = 'landscape'));
INSERT OR IGNORE INTO tags (name) VALUES ('color');
INSERT INTO photo_tags (photo_idx, tag_id) VALUES ((SELECT photo_idx FROM photos WHERE photo_id = 1577), (SELECT tag_id FROM tags WHERE name = 'color'));
INSERT OR IGNORE INTO tags (name) VALUES ('outdoors');
INSERT INTO photo_tags (photo_idx, tag_id) VALUES ((SELECT photo_idx FROM photos WHERE photo_id = 1577), (SELECT tag_id FROM tags WHERE name = 'outdoors'));
INSERT OR IGNORE INTO tags (name) VALUES ('green');
INSERT INTO photo_tags (photo_idx, tag_id) VALUES ((SELECT photo_idx FROM photos WHERE photo_id = 1577), (SELECT tag_id FROM tags WHERE name = 'green'));
INSERT OR IGNORE INTO tags (name) VALUES ('moss');
INSERT INTO photo_tags (photo_idx, tag_id) VALUES ((SELECT photo_idx FROM photos WHERE photo_id = 1577), (SELECT tag_id FROM tags WHERE name = 'moss'));
INSERT OR IGNORE INTO tags (name) VALUES ('trees');
INSERT INTO photo_tags (photo_idx, tag_id) VALUES ((SELECT photo_idx FROM photos WHERE photo_id = 1577), (SELECT tag_id FROM tags WHERE name = 'trees'));
INSERT OR IGNORE INTO tags (name) VALUES ('foliage');
INSERT INTO photo_tags (photo_idx, tag_id) VALUES ((SELECT photo_idx FROM photos WHERE photo_id = 1577), (SELECT tag_id FROM tags WHERE name = 'foliage'));
INSERT OR IGNORE INTO tags (name) VALUES ('forest');
INSERT INTO photo_tags (photo_idx, tag_id) VALUES ((SELECT photo_idx FROM photos WHERE photo_id = 1577), (SELECT tag_id FROM tags WHERE name = 'forest'));

INSERT INTO photos (photo_id, photo_title, photo_collection, photo_location, photo_year, camera, film_stock, film_format) VALUES (1578, 'Redwoods at Thornewood', 'California', 'Palo Alto Hills, California', 2000, 'Hasselblad', 'Fujichrome Velvia', '6 x 6 cm');
INSERT INTO photos_fts (photo_idx, photo_id, photo_title, photo_collection, photo_location, photo_year, camera, film_stock, film_format, tag_names) VALUES ((SELECT photo_idx FROM photos WHERE photo_id = 1578), 1578, 'Redwoods at Thornewood', 'California', 'Palo Alto Hills, California', 2000, 'Hasselblad', 'Fujichrome Velvia', '6 x 6 cm', 'vertical,scenic,landscape,color,outdoors,brown,green,trees,foliage,forest');
INSERT OR IGNORE INTO tags (name) VALUES ('vertical');
INSERT INTO photo_tags (photo_idx, tag_id) VALUES ((SELECT photo_idx FROM photos WHERE photo_id = 1578), (SELECT tag_id FROM tags WHERE name = 'vertical'));
INSERT OR IGNORE INTO tags (name) VALUES ('scenic');
INSERT INTO photo_tags (photo_idx, tag_id) VALUES ((SELECT photo_idx FROM photos WHERE photo_id = 1578), (SELECT tag_id FROM tags WHERE name = 'scenic'));
INSERT OR IGNORE INTO tags (name) VALUES ('landscape');
INSERT INTO photo_tags (photo_idx, tag_id) VALUES ((SELECT photo_idx FROM photos WHERE photo_id = 1578), (SELECT tag_id FROM tags WHERE name = 'landscape'));
INSERT OR IGNORE INTO tags (name) VALUES ('color');
INSERT INTO photo_tags (photo_idx, tag_id) VALUES ((SELECT photo_idx FROM photos WHERE photo_id = 1578), (SELECT tag_id FROM tags WHERE name = 'color'));
INSERT OR IGNORE INTO tags (name) VALUES ('outdoors');
INSERT INTO photo_tags (photo_idx, tag_id) VALUES ((SELECT photo_idx FROM photos WHERE photo_id = 1578), (SELECT tag_id FROM tags WHERE name = 'outdoors'));
INSERT OR IGNORE INTO tags (name) VALUES ('brown');
INSERT INTO photo_tags (photo_idx, tag_id) VALUES ((SELECT photo_idx FROM photos WHERE photo_id = 1578), (SELECT tag_id FROM tags WHERE name = 'brown'));
INSERT OR IGNORE INTO tags (name) VALUES ('green');
INSERT INTO photo_tags (photo_idx, tag_id) VALUES ((SELECT photo_idx FROM photos WHERE photo_id = 1578), (SELECT tag_id FROM tags WHERE name = 'green'));
INSERT OR IGNORE INTO tags (name) VALUES ('trees');
INSERT INTO photo_tags (photo_idx, tag_id) VALUES ((SELECT photo_idx FROM photos WHERE photo_id = 1578), (SELECT tag_id FROM tags WHERE name = 'trees'));
INSERT OR IGNORE INTO tags (name) VALUES ('foliage');
INSERT INTO photo_tags (photo_idx, tag_id) VALUES ((SELECT photo_idx FROM photos WHERE photo_id = 1578), (SELECT tag_id FROM tags WHERE name = 'foliage'));
INSERT OR IGNORE INTO tags (name) VALUES ('forest');
INSERT INTO photo_tags (photo_idx, tag_id) VALUES ((SELECT photo_idx FROM photos WHERE photo_id = 1578), (SELECT tag_id FROM tags WHERE name = 'forest'));

INSERT INTO photos (photo_id, photo_title, photo_collection, photo_location, photo_year, camera, film_stock, film_format) VALUES (1579, 'Wild Mustard Field', 'California', 'Palo Alto Hills, California', 2000, 'Hasselblad', 'Fujichrome Velvia', '6 x 6 cm');
INSERT INTO photos_fts (photo_idx, photo_id, photo_title, photo_collection, photo_location, photo_year, camera, film_stock, film_format, tag_names) VALUES ((SELECT photo_idx FROM photos WHERE photo_id = 1579), 1579, 'Wild Mustard Field', 'California', 'Palo Alto Hills, California', 2000, 'Hasselblad', 'Fujichrome Velvia', '6 x 6 cm', 'horizontal,spring,scenic,landscape,color,outdoors,green,yellow,flowers,grass,blossoms,wildflowers');
INSERT OR IGNORE INTO tags (name) VALUES ('horizontal');
INSERT INTO photo_tags (photo_idx, tag_id) VALUES ((SELECT photo_idx FROM photos WHERE photo_id = 1579), (SELECT tag_id FROM tags WHERE name = 'horizontal'));
INSERT OR IGNORE INTO tags (name) VALUES ('spring');
INSERT INTO photo_tags (photo_idx, tag_id) VALUES ((SELECT photo_idx FROM photos WHERE photo_id = 1579), (SELECT tag_id FROM tags WHERE name = 'spring'));
INSERT OR IGNORE INTO tags (name) VALUES ('scenic');
INSERT INTO photo_tags (photo_idx, tag_id) VALUES ((SELECT photo_idx FROM photos WHERE photo_id = 1579), (SELECT tag_id FROM tags WHERE name = 'scenic'));
INSERT OR IGNORE INTO tags (name) VALUES ('landscape');
INSERT INTO photo_tags (photo_idx, tag_id) VALUES ((SELECT photo_idx FROM photos WHERE photo_id = 1579), (SELECT tag_id FROM tags WHERE name = 'landscape'));
INSERT OR IGNORE INTO tags (name) VALUES ('color');
INSERT INTO photo_tags (photo_idx, tag_id) VALUES ((SELECT photo_idx FROM photos WHERE photo_id = 1579), (SELECT tag_id FROM tags WHERE name = 'color'));
INSERT OR IGNORE INTO tags (name) VALUES ('outdoors');
INSERT INTO photo_tags (photo_idx, tag_id) VALUES ((SELECT photo_idx FROM photos WHERE photo_id = 1579), (SELECT tag_id FROM tags WHERE name = 'outdoors'));
INSERT OR IGNORE INTO tags (name) VALUES ('green');
INSERT INTO photo_tags (photo_idx, tag_id) VALUES ((SELECT photo_idx FROM photos WHERE photo_id = 1579), (SELECT tag_id FROM tags WHERE name = 'green'));
INSERT OR IGNORE INTO tags (name) VALUES ('yellow');
INSERT INTO photo_tags (photo_idx, tag_id) VALUES ((SELECT photo_idx FROM photos WHERE photo_id = 1579), (SELECT tag_id FROM tags WHERE name = 'yellow'));
INSERT OR IGNORE INTO tags (name) VALUES ('flowers');
INSERT INTO photo_tags (photo_idx, tag_id) VALUES ((SELECT photo_idx FROM photos WHERE photo_id = 1579), (SELECT tag_id FROM tags WHERE name = 'flowers'));
INSERT OR IGNORE INTO tags (name) VALUES ('grass');
INSERT INTO photo_tags (photo_idx, tag_id) VALUES ((SELECT photo_idx FROM photos WHERE photo_id = 1579), (SELECT tag_id FROM tags WHERE name = 'grass'));
INSERT OR IGNORE INTO tags (name) VALUES ('blossoms');
INSERT INTO photo_tags (photo_idx, tag_id) VALUES ((SELECT photo_idx FROM photos WHERE photo_id = 1579), (SELECT tag_id FROM tags WHERE name = 'blossoms'));
INSERT OR IGNORE INTO tags (name) VALUES ('wildflowers');
INSERT INTO photo_tags (photo_idx, tag_id) VALUES ((SELECT photo_idx FROM photos WHERE photo_id = 1579), (SELECT tag_id FROM tags WHERE name = 'wildflowers'));

INSERT INTO photos (photo_id, photo_title, photo_collection, photo_location, photo_year, camera, film_stock, film_format) VALUES (1580, 'Scattered Spring Blossoms', 'California', 'Palo Alto Hills, California', 2000, 'Hasselblad', 'Fujichrome Velvia', '6 x 6 cm');
INSERT INTO photos_fts (photo_idx, photo_id, photo_title, photo_collection, photo_location, photo_year, camera, film_stock, film_format, tag_names) VALUES ((SELECT photo_idx FROM photos WHERE photo_id = 1580), 1580, 'Scattered Spring Blossoms', 'California', 'Palo Alto Hills, California', 2000, 'Hasselblad', 'Fujichrome Velvia', '6 x 6 cm', 'horizontal,spring,scenic,landscape,color,outdoors,green,white,trees,foliage,forest,blossoms');
INSERT OR IGNORE INTO tags (name) VALUES ('horizontal');
INSERT INTO photo_tags (photo_idx, tag_id) VALUES ((SELECT photo_idx FROM photos WHERE photo_id = 1580), (SELECT tag_id FROM tags WHERE name = 'horizontal'));
INSERT OR IGNORE INTO tags (name) VALUES ('spring');
INSERT INTO photo_tags (photo_idx, tag_id) VALUES ((SELECT photo_idx FROM photos WHERE photo_id = 1580), (SELECT tag_id FROM tags WHERE name = 'spring'));
INSERT OR IGNORE INTO tags (name) VALUES ('scenic');
INSERT INTO photo_tags (photo_idx, tag_id) VALUES ((SELECT photo_idx FROM photos WHERE photo_id = 1580), (SELECT tag_id FROM tags WHERE name = 'scenic'));
INSERT OR IGNORE INTO tags (name) VALUES ('landscape');
INSERT INTO photo_tags (photo_idx, tag_id) VALUES ((SELECT photo_idx FROM photos WHERE photo_id = 1580), (SELECT tag_id FROM tags WHERE name = 'landscape'));
INSERT OR IGNORE INTO tags (name) VALUES ('color');
INSERT INTO photo_tags (photo_idx, tag_id) VALUES ((SELECT photo_idx FROM photos WHERE photo_id = 1580), (SELECT tag_id FROM tags WHERE name = 'color'));
INSERT OR IGNORE INTO tags (name) VALUES ('outdoors');
INSERT INTO photo_tags (photo_idx, tag_id) VALUES ((SELECT photo_idx FROM photos WHERE photo_id = 1580), (SELECT tag_id FROM tags WHERE name = 'outdoors'));
INSERT OR IGNORE INTO tags (name) VALUES ('green');
INSERT INTO photo_tags (photo_idx, tag_id) VALUES ((SELECT photo_idx FROM photos WHERE photo_id = 1580), (SELECT tag_id FROM tags WHERE name = 'green'));
INSERT OR IGNORE INTO tags (name) VALUES ('white');
INSERT INTO photo_tags (photo_idx, tag_id) VALUES ((SELECT photo_idx FROM photos WHERE photo_id = 1580), (SELECT tag_id FROM tags WHERE name = 'white'));
INSERT OR IGNORE INTO tags (name) VALUES ('trees');
INSERT INTO photo_tags (photo_idx, tag_id) VALUES ((SELECT photo_idx FROM photos WHERE photo_id = 1580), (SELECT tag_id FROM tags WHERE name = 'trees'));
INSERT OR IGNORE INTO tags (name) VALUES ('foliage');
INSERT INTO photo_tags (photo_idx, tag_id) VALUES ((SELECT photo_idx FROM photos WHERE photo_id = 1580), (SELECT tag_id FROM tags WHERE name = 'foliage'));
INSERT OR IGNORE INTO tags (name) VALUES ('forest');
INSERT INTO photo_tags (photo_idx, tag_id) VALUES ((SELECT photo_idx FROM photos WHERE photo_id = 1580), (SELECT tag_id FROM tags WHERE name = 'forest'));
INSERT OR IGNORE INTO tags (name) VALUES ('blossoms');
INSERT INTO photo_tags (photo_idx, tag_id) VALUES ((SELECT photo_idx FROM photos WHERE photo_id = 1580), (SELECT tag_id FROM tags WHERE name = 'blossoms'));

INSERT INTO photos (photo_id, photo_title, photo_collection, photo_location, photo_year, camera, film_stock, film_format) VALUES (1581, 'Rainbow Eucalyptus Bark', 'California', 'Palo Alto Hills, California', 2000, 'Hasselblad', 'Fujichrome Velvia', '6 x 6 cm');
INSERT INTO photos_fts (photo_idx, photo_id, photo_title, photo_collection, photo_location, photo_year, camera, film_stock, film_format, tag_names) VALUES ((SELECT photo_idx FROM photos WHERE photo_id = 1581), 1581, 'Rainbow Eucalyptus Bark', 'California', 'Palo Alto Hills, California', 2000, 'Hasselblad', 'Fujichrome Velvia', '6 x 6 cm', 'horizontal,popular,closeup,abstract,landscape,color,outdoors,blue,brown,gray,tan,trees,foliage');
INSERT OR IGNORE INTO tags (name) VALUES ('horizontal');
INSERT INTO photo_tags (photo_idx, tag_id) VALUES ((SELECT photo_idx FROM photos WHERE photo_id = 1581), (SELECT tag_id FROM tags WHERE name = 'horizontal'));
INSERT OR IGNORE INTO tags (name) VALUES ('popular');
INSERT INTO photo_tags (photo_idx, tag_id) VALUES ((SELECT photo_idx FROM photos WHERE photo_id = 1581), (SELECT tag_id FROM tags WHERE name = 'popular'));
INSERT OR IGNORE INTO tags (name) VALUES ('closeup');
INSERT INTO photo_tags (photo_idx, tag_id) VALUES ((SELECT photo_idx FROM photos WHERE photo_id = 1581), (SELECT tag_id FROM tags WHERE name = 'closeup'));
INSERT OR IGNORE INTO tags (name) VALUES ('abstract');
INSERT INTO photo_tags (photo_idx, tag_id) VALUES ((SELECT photo_idx FROM photos WHERE photo_id = 1581), (SELECT tag_id FROM tags WHERE name = 'abstract'));
INSERT OR IGNORE INTO tags (name) VALUES ('landscape');
INSERT INTO photo_tags (photo_idx, tag_id) VALUES ((SELECT photo_idx FROM photos WHERE photo_id = 1581), (SELECT tag_id FROM tags WHERE name = 'landscape'));
INSERT OR IGNORE INTO tags (name) VALUES ('color');
INSERT INTO photo_tags (photo_idx, tag_id) VALUES ((SELECT photo_idx FROM photos WHERE photo_id = 1581), (SELECT tag_id FROM tags WHERE name = 'color'));
INSERT OR IGNORE INTO tags (name) VALUES ('outdoors');
INSERT INTO photo_tags (photo_idx, tag_id) VALUES ((SELECT photo_idx FROM photos WHERE photo_id = 1581), (SELECT tag_id FROM tags WHERE name = 'outdoors'));
INSERT OR IGNORE INTO tags (name) VALUES ('blue');
INSERT INTO photo_tags (photo_idx, tag_id) VALUES ((SELECT photo_idx FROM photos WHERE photo_id = 1581), (SELECT tag_id FROM tags WHERE name = 'blue'));
INSERT OR IGNORE INTO tags (name) VALUES ('brown');
INSERT INTO photo_tags (photo_idx, tag_id) VALUES ((SELECT photo_idx FROM photos WHERE photo_id = 1581), (SELECT tag_id FROM tags WHERE name = 'brown'));
INSERT OR IGNORE INTO tags (name) VALUES ('gray');
INSERT INTO photo_tags (photo_idx, tag_id) VALUES ((SELECT photo_idx FROM photos WHERE photo_id = 1581), (SELECT tag_id FROM tags WHERE name = 'gray'));
INSERT OR IGNORE INTO tags (name) VALUES ('tan');
INSERT INTO photo_tags (photo_idx, tag_id) VALUES ((SELECT photo_idx FROM photos WHERE photo_id = 1581), (SELECT tag_id FROM tags WHERE name = 'tan'));
INSERT OR IGNORE INTO tags (name) VALUES ('trees');
INSERT INTO photo_tags (photo_idx, tag_id) VALUES ((SELECT photo_idx FROM photos WHERE photo_id = 1581), (SELECT tag_id FROM tags WHERE name = 'trees'));
INSERT OR IGNORE INTO tags (name) VALUES ('foliage');
INSERT INTO photo_tags (photo_idx, tag_id) VALUES ((SELECT photo_idx FROM photos WHERE photo_id = 1581), (SELECT tag_id FROM tags WHERE name = 'foliage'));

INSERT INTO photos (photo_id, photo_title, photo_collection, photo_location, photo_year, camera, film_stock, film_format) VALUES (1582, 'Eucalyptus Bark and Leaf', 'California', 'Palo Alto Hills, California', 2000, 'Hasselblad', 'Fujichrome Velvia', '6 x 6 cm');
INSERT INTO photos_fts (photo_idx, photo_id, photo_title, photo_collection, photo_location, photo_year, camera, film_stock, film_format, tag_names) VALUES ((SELECT photo_idx FROM photos WHERE photo_id = 1582), 1582, 'Eucalyptus Bark and Leaf', 'California', 'Palo Alto Hills, California', 2000, 'Hasselblad', 'Fujichrome Velvia', '6 x 6 cm', 'horizontal,closeup,abstract,landscape,color,outdoors,popular,blue,brown,gray,tan,trees,foliage');
INSERT OR IGNORE INTO tags (name) VALUES ('horizontal');
INSERT INTO photo_tags (photo_idx, tag_id) VALUES ((SELECT photo_idx FROM photos WHERE photo_id = 1582), (SELECT tag_id FROM tags WHERE name = 'horizontal'));
INSERT OR IGNORE INTO tags (name) VALUES ('closeup');
INSERT INTO photo_tags (photo_idx, tag_id) VALUES ((SELECT photo_idx FROM photos WHERE photo_id = 1582), (SELECT tag_id FROM tags WHERE name = 'closeup'));
INSERT OR IGNORE INTO tags (name) VALUES ('abstract');
INSERT INTO photo_tags (photo_idx, tag_id) VALUES ((SELECT photo_idx FROM photos WHERE photo_id = 1582), (SELECT tag_id FROM tags WHERE name = 'abstract'));
INSERT OR IGNORE INTO tags (name) VALUES ('landscape');
INSERT INTO photo_tags (photo_idx, tag_id) VALUES ((SELECT photo_idx FROM photos WHERE photo_id = 1582), (SELECT tag_id FROM tags WHERE name = 'landscape'));
INSERT OR IGNORE INTO tags (name) VALUES ('color');
INSERT INTO photo_tags (photo_idx, tag_id) VALUES ((SELECT photo_idx FROM photos WHERE photo_id = 1582), (SELECT tag_id FROM tags WHERE name = 'color'));
INSERT OR IGNORE INTO tags (name) VALUES ('outdoors');
INSERT INTO photo_tags (photo_idx, tag_id) VALUES ((SELECT photo_idx FROM photos WHERE photo_id = 1582), (SELECT tag_id FROM tags WHERE name = 'outdoors'));
INSERT OR IGNORE INTO tags (name) VALUES ('popular');
INSERT INTO photo_tags (photo_idx, tag_id) VALUES ((SELECT photo_idx FROM photos WHERE photo_id = 1582), (SELECT tag_id FROM tags WHERE name = 'popular'));
INSERT OR IGNORE INTO tags (name) VALUES ('blue');
INSERT INTO photo_tags (photo_idx, tag_id) VALUES ((SELECT photo_idx FROM photos WHERE photo_id = 1582), (SELECT tag_id FROM tags WHERE name = 'blue'));
INSERT OR IGNORE INTO tags (name) VALUES ('brown');
INSERT INTO photo_tags (photo_idx, tag_id) VALUES ((SELECT photo_idx FROM photos WHERE photo_id = 1582), (SELECT tag_id FROM tags WHERE name = 'brown'));
INSERT OR IGNORE INTO tags (name) VALUES ('gray');
INSERT INTO photo_tags (photo_idx, tag_id) VALUES ((SELECT photo_idx FROM photos WHERE photo_id = 1582), (SELECT tag_id FROM tags WHERE name = 'gray'));
INSERT OR IGNORE INTO tags (name) VALUES ('tan');
INSERT INTO photo_tags (photo_idx, tag_id) VALUES ((SELECT photo_idx FROM photos WHERE photo_id = 1582), (SELECT tag_id FROM tags WHERE name = 'tan'));
INSERT OR IGNORE INTO tags (name) VALUES ('trees');
INSERT INTO photo_tags (photo_idx, tag_id) VALUES ((SELECT photo_idx FROM photos WHERE photo_id = 1582), (SELECT tag_id FROM tags WHERE name = 'trees'));
INSERT OR IGNORE INTO tags (name) VALUES ('foliage');
INSERT INTO photo_tags (photo_idx, tag_id) VALUES ((SELECT photo_idx FROM photos WHERE photo_id = 1582), (SELECT tag_id FROM tags WHERE name = 'foliage'));

INSERT INTO photos (photo_id, photo_title, photo_collection, photo_location, photo_year, camera, film_stock, film_format) VALUES (1584, 'Fence and Trees', 'California', 'Palo Alto Hills, California', 2000, 'Hasselblad', 'Fujichrome Velvia', '6 x 6 cm');
INSERT INTO photos_fts (photo_idx, photo_id, photo_title, photo_collection, photo_location, photo_year, camera, film_stock, film_format, tag_names) VALUES ((SELECT photo_idx FROM photos WHERE photo_id = 1584), 1584, 'Fence and Trees', 'California', 'Palo Alto Hills, California', 2000, 'Hasselblad', 'Fujichrome Velvia', '6 x 6 cm', 'vertical,spring,scenic,landscape,color,outdoors,green,grass,trees,foliage');
INSERT OR IGNORE INTO tags (name) VALUES ('vertical');
INSERT INTO photo_tags (photo_idx, tag_id) VALUES ((SELECT photo_idx FROM photos WHERE photo_id = 1584), (SELECT tag_id FROM tags WHERE name = 'vertical'));
INSERT OR IGNORE INTO tags (name) VALUES ('spring');
INSERT INTO photo_tags (photo_idx, tag_id) VALUES ((SELECT photo_idx FROM photos WHERE photo_id = 1584), (SELECT tag_id FROM tags WHERE name = 'spring'));
INSERT OR IGNORE INTO tags (name) VALUES ('scenic');
INSERT INTO photo_tags (photo_idx, tag_id) VALUES ((SELECT photo_idx FROM photos WHERE photo_id = 1584), (SELECT tag_id FROM tags WHERE name = 'scenic'));
INSERT OR IGNORE INTO tags (name) VALUES ('landscape');
INSERT INTO photo_tags (photo_idx, tag_id) VALUES ((SELECT photo_idx FROM photos WHERE photo_id = 1584), (SELECT tag_id FROM tags WHERE name = 'landscape'));
INSERT OR IGNORE INTO tags (name) VALUES ('color');
INSERT INTO photo_tags (photo_idx, tag_id) VALUES ((SELECT photo_idx FROM photos WHERE photo_id = 1584), (SELECT tag_id FROM tags WHERE name = 'color'));
INSERT OR IGNORE INTO tags (name) VALUES ('outdoors');
INSERT INTO photo_tags (photo_idx, tag_id) VALUES ((SELECT photo_idx FROM photos WHERE photo_id = 1584), (SELECT tag_id FROM tags WHERE name = 'outdoors'));
INSERT OR IGNORE INTO tags (name) VALUES ('green');
INSERT INTO photo_tags (photo_idx, tag_id) VALUES ((SELECT photo_idx FROM photos WHERE photo_id = 1584), (SELECT tag_id FROM tags WHERE name = 'green'));
INSERT OR IGNORE INTO tags (name) VALUES ('grass');
INSERT INTO photo_tags (photo_idx, tag_id) VALUES ((SELECT photo_idx FROM photos WHERE photo_id = 1584), (SELECT tag_id FROM tags WHERE name = 'grass'));
INSERT OR IGNORE INTO tags (name) VALUES ('trees');
INSERT INTO photo_tags (photo_idx, tag_id) VALUES ((SELECT photo_idx FROM photos WHERE photo_id = 1584), (SELECT tag_id FROM tags WHERE name = 'trees'));
INSERT OR IGNORE INTO tags (name) VALUES ('foliage');
INSERT INTO photo_tags (photo_idx, tag_id) VALUES ((SELECT photo_idx FROM photos WHERE photo_id = 1584), (SELECT tag_id FROM tags WHERE name = 'foliage'));

INSERT INTO photos (photo_id, photo_title, photo_collection, photo_location, photo_year, camera, film_stock, film_format) VALUES (1585, 'Miner''s Lettuce', 'California', 'Palo Alto Hills, California', 2000, 'Hasselblad', 'Fujichrome Velvia', '6 x 6 cm');
INSERT INTO photos_fts (photo_idx, photo_id, photo_title, photo_collection, photo_location, photo_year, camera, film_stock, film_format, tag_names) VALUES ((SELECT photo_idx FROM photos WHERE photo_id = 1585), 1585, 'Miner''s Lettuce', 'California', 'Palo Alto Hills, California', 2000, 'Hasselblad', 'Fujichrome Velvia', '6 x 6 cm', 'horizontal,spring,closeup,landscape,color,outdoors,green,grass,leaf,foliage,leaves');
INSERT OR IGNORE INTO tags (name) VALUES ('horizontal');
INSERT INTO photo_tags (photo_idx, tag_id) VALUES ((SELECT photo_idx FROM photos WHERE photo_id = 1585), (SELECT tag_id FROM tags WHERE name = 'horizontal'));
INSERT OR IGNORE INTO tags (name) VALUES ('spring');
INSERT INTO photo_tags (photo_idx, tag_id) VALUES ((SELECT photo_idx FROM photos WHERE photo_id = 1585), (SELECT tag_id FROM tags WHERE name = 'spring'));
INSERT OR IGNORE INTO tags (name) VALUES ('closeup');
INSERT INTO photo_tags (photo_idx, tag_id) VALUES ((SELECT photo_idx FROM photos WHERE photo_id = 1585), (SELECT tag_id FROM tags WHERE name = 'closeup'));
INSERT OR IGNORE INTO tags (name) VALUES ('landscape');
INSERT INTO photo_tags (photo_idx, tag_id) VALUES ((SELECT photo_idx FROM photos WHERE photo_id = 1585), (SELECT tag_id FROM tags WHERE name = 'landscape'));
INSERT OR IGNORE INTO tags (name) VALUES ('color');
INSERT INTO photo_tags (photo_idx, tag_id) VALUES ((SELECT photo_idx FROM photos WHERE photo_id = 1585), (SELECT tag_id FROM tags WHERE name = 'color'));
INSERT OR IGNORE INTO tags (name) VALUES ('outdoors');
INSERT INTO photo_tags (photo_idx, tag_id) VALUES ((SELECT photo_idx FROM photos WHERE photo_id = 1585), (SELECT tag_id FROM tags WHERE name = 'outdoors'));
INSERT OR IGNORE INTO tags (name) VALUES ('green');
INSERT INTO photo_tags (photo_idx, tag_id) VALUES ((SELECT photo_idx FROM photos WHERE photo_id = 1585), (SELECT tag_id FROM tags WHERE name = 'green'));
INSERT OR IGNORE INTO tags (name) VALUES ('grass');
INSERT INTO photo_tags (photo_idx, tag_id) VALUES ((SELECT photo_idx FROM photos WHERE photo_id = 1585), (SELECT tag_id FROM tags WHERE name = 'grass'));
INSERT OR IGNORE INTO tags (name) VALUES ('leaf');
INSERT INTO photo_tags (photo_idx, tag_id) VALUES ((SELECT photo_idx FROM photos WHERE photo_id = 1585), (SELECT tag_id FROM tags WHERE name = 'leaf'));
INSERT OR IGNORE INTO tags (name) VALUES ('foliage');
INSERT INTO photo_tags (photo_idx, tag_id) VALUES ((SELECT photo_idx FROM photos WHERE photo_id = 1585), (SELECT tag_id FROM tags WHERE name = 'foliage'));
INSERT OR IGNORE INTO tags (name) VALUES ('leaves');
INSERT INTO photo_tags (photo_idx, tag_id) VALUES ((SELECT photo_idx FROM photos WHERE photo_id = 1585), (SELECT tag_id FROM tags WHERE name = 'leaves'));

INSERT INTO photos (photo_id, photo_title, photo_collection, photo_location, photo_year, camera, film_stock, film_format) VALUES (1587, 'Plume Agate', 'Rocks', 'Graveyard Point, Malheur County, Oregon', 2000, 'Hasselblad', 'Fujichrome Velvia', '6 x 6 cm');
INSERT INTO photos_fts (photo_idx, photo_id, photo_title, photo_collection, photo_location, photo_year, camera, film_stock, film_format, tag_names) VALUES ((SELECT photo_idx FROM photos WHERE photo_id = 1587), 1587, 'Plume Agate', 'Rocks', 'Graveyard Point, Malheur County, Oregon', 2000, 'Hasselblad', 'Fujichrome Velvia', '6 x 6 cm', 'vertical,closeup,abstract,color,studio,blue,white,rock');
INSERT OR IGNORE INTO tags (name) VALUES ('vertical');
INSERT INTO photo_tags (photo_idx, tag_id) VALUES ((SELECT photo_idx FROM photos WHERE photo_id = 1587), (SELECT tag_id FROM tags WHERE name = 'vertical'));
INSERT OR IGNORE INTO tags (name) VALUES ('closeup');
INSERT INTO photo_tags (photo_idx, tag_id) VALUES ((SELECT photo_idx FROM photos WHERE photo_id = 1587), (SELECT tag_id FROM tags WHERE name = 'closeup'));
INSERT OR IGNORE INTO tags (name) VALUES ('abstract');
INSERT INTO photo_tags (photo_idx, tag_id) VALUES ((SELECT photo_idx FROM photos WHERE photo_id = 1587), (SELECT tag_id FROM tags WHERE name = 'abstract'));
INSERT OR IGNORE INTO tags (name) VALUES ('color');
INSERT INTO photo_tags (photo_idx, tag_id) VALUES ((SELECT photo_idx FROM photos WHERE photo_id = 1587), (SELECT tag_id FROM tags WHERE name = 'color'));
INSERT OR IGNORE INTO tags (name) VALUES ('studio');
INSERT INTO photo_tags (photo_idx, tag_id) VALUES ((SELECT photo_idx FROM photos WHERE photo_id = 1587), (SELECT tag_id FROM tags WHERE name = 'studio'));
INSERT OR IGNORE INTO tags (name) VALUES ('blue');
INSERT INTO photo_tags (photo_idx, tag_id) VALUES ((SELECT photo_idx FROM photos WHERE photo_id = 1587), (SELECT tag_id FROM tags WHERE name = 'blue'));
INSERT OR IGNORE INTO tags (name) VALUES ('white');
INSERT INTO photo_tags (photo_idx, tag_id) VALUES ((SELECT photo_idx FROM photos WHERE photo_id = 1587), (SELECT tag_id FROM tags WHERE name = 'white'));
INSERT OR IGNORE INTO tags (name) VALUES ('rock');
INSERT INTO photo_tags (photo_idx, tag_id) VALUES ((SELECT photo_idx FROM photos WHERE photo_id = 1587), (SELECT tag_id FROM tags WHERE name = 'rock'));

INSERT INTO photos (photo_id, photo_title, photo_collection, photo_location, photo_year, camera, film_stock, film_format) VALUES (1588, 'Pietersite', 'Rocks', 'Outjo District, Kunene Region, Namibia', 2000, 'Hasselblad', 'Fujichrome Velvia', '6 x 6 cm');
INSERT INTO photos_fts (photo_idx, photo_id, photo_title, photo_collection, photo_location, photo_year, camera, film_stock, film_format, tag_names) VALUES ((SELECT photo_idx FROM photos WHERE photo_id = 1588), 1588, 'Pietersite', 'Rocks', 'Outjo District, Kunene Region, Namibia', 2000, 'Hasselblad', 'Fujichrome Velvia', '6 x 6 cm', 'vertical,popular,closeup,abstract,color,studio,black,blue,orange,red,yellow,rock');
INSERT OR IGNORE INTO tags (name) VALUES ('vertical');
INSERT INTO photo_tags (photo_idx, tag_id) VALUES ((SELECT photo_idx FROM photos WHERE photo_id = 1588), (SELECT tag_id FROM tags WHERE name = 'vertical'));
INSERT OR IGNORE INTO tags (name) VALUES ('popular');
INSERT INTO photo_tags (photo_idx, tag_id) VALUES ((SELECT photo_idx FROM photos WHERE photo_id = 1588), (SELECT tag_id FROM tags WHERE name = 'popular'));
INSERT OR IGNORE INTO tags (name) VALUES ('closeup');
INSERT INTO photo_tags (photo_idx, tag_id) VALUES ((SELECT photo_idx FROM photos WHERE photo_id = 1588), (SELECT tag_id FROM tags WHERE name = 'closeup'));
INSERT OR IGNORE INTO tags (name) VALUES ('abstract');
INSERT INTO photo_tags (photo_idx, tag_id) VALUES ((SELECT photo_idx FROM photos WHERE photo_id = 1588), (SELECT tag_id FROM tags WHERE name = 'abstract'));
INSERT OR IGNORE INTO tags (name) VALUES ('color');
INSERT INTO photo_tags (photo_idx, tag_id) VALUES ((SELECT photo_idx FROM photos WHERE photo_id = 1588), (SELECT tag_id FROM tags WHERE name = 'color'));
INSERT OR IGNORE INTO tags (name) VALUES ('studio');
INSERT INTO photo_tags (photo_idx, tag_id) VALUES ((SELECT photo_idx FROM photos WHERE photo_id = 1588), (SELECT tag_id FROM tags WHERE name = 'studio'));
INSERT OR IGNORE INTO tags (name) VALUES ('black');
INSERT INTO photo_tags (photo_idx, tag_id) VALUES ((SELECT photo_idx FROM photos WHERE photo_id = 1588), (SELECT tag_id FROM tags WHERE name = 'black'));
INSERT OR IGNORE INTO tags (name) VALUES ('blue');
INSERT INTO photo_tags (photo_idx, tag_id) VALUES ((SELECT photo_idx FROM photos WHERE photo_id = 1588), (SELECT tag_id FROM tags WHERE name = 'blue'));
INSERT OR IGNORE INTO tags (name) VALUES ('orange');
INSERT INTO photo_tags (photo_idx, tag_id) VALUES ((SELECT photo_idx FROM photos WHERE photo_id = 1588), (SELECT tag_id FROM tags WHERE name = 'orange'));
INSERT OR IGNORE INTO tags (name) VALUES ('red');
INSERT INTO photo_tags (photo_idx, tag_id) VALUES ((SELECT photo_idx FROM photos WHERE photo_id = 1588), (SELECT tag_id FROM tags WHERE name = 'red'));
INSERT OR IGNORE INTO tags (name) VALUES ('yellow');
INSERT INTO photo_tags (photo_idx, tag_id) VALUES ((SELECT photo_idx FROM photos WHERE photo_id = 1588), (SELECT tag_id FROM tags WHERE name = 'yellow'));
INSERT OR IGNORE INTO tags (name) VALUES ('rock');
INSERT INTO photo_tags (photo_idx, tag_id) VALUES ((SELECT photo_idx FROM photos WHERE photo_id = 1588), (SELECT tag_id FROM tags WHERE name = 'rock'));

INSERT INTO photos (photo_id, photo_title, photo_collection, photo_location, photo_year, camera, film_stock, film_format) VALUES (1591, 'Poppy Jasper', 'Rocks', 'Morgan Hill, Santa Clara County, California', 2000, 'Hasselblad', 'Fujichrome Velvia', '6 x 6 cm');
INSERT INTO photos_fts (photo_idx, photo_id, photo_title, photo_collection, photo_location, photo_year, camera, film_stock, film_format, tag_names) VALUES ((SELECT photo_idx FROM photos WHERE photo_id = 1591), 1591, 'Poppy Jasper', 'Rocks', 'Morgan Hill, Santa Clara County, California', 2000, 'Hasselblad', 'Fujichrome Velvia', '6 x 6 cm', 'horizontal,popular,closeup,abstract,color,studio,orange,red,rock');
INSERT OR IGNORE INTO tags (name) VALUES ('horizontal');
INSERT INTO photo_tags (photo_idx, tag_id) VALUES ((SELECT photo_idx FROM photos WHERE photo_id = 1591), (SELECT tag_id FROM tags WHERE name = 'horizontal'));
INSERT OR IGNORE INTO tags (name) VALUES ('popular');
INSERT INTO photo_tags (photo_idx, tag_id) VALUES ((SELECT photo_idx FROM photos WHERE photo_id = 1591), (SELECT tag_id FROM tags WHERE name = 'popular'));
INSERT OR IGNORE INTO tags (name) VALUES ('closeup');
INSERT INTO photo_tags (photo_idx, tag_id) VALUES ((SELECT photo_idx FROM photos WHERE photo_id = 1591), (SELECT tag_id FROM tags WHERE name = 'closeup'));
INSERT OR IGNORE INTO tags (name) VALUES ('abstract');
INSERT INTO photo_tags (photo_idx, tag_id) VALUES ((SELECT photo_idx FROM photos WHERE photo_id = 1591), (SELECT tag_id FROM tags WHERE name = 'abstract'));
INSERT OR IGNORE INTO tags (name) VALUES ('color');
INSERT INTO photo_tags (photo_idx, tag_id) VALUES ((SELECT photo_idx FROM photos WHERE photo_id = 1591), (SELECT tag_id FROM tags WHERE name = 'color'));
INSERT OR IGNORE INTO tags (name) VALUES ('studio');
INSERT INTO photo_tags (photo_idx, tag_id) VALUES ((SELECT photo_idx FROM photos WHERE photo_id = 1591), (SELECT tag_id FROM tags WHERE name = 'studio'));
INSERT OR IGNORE INTO tags (name) VALUES ('orange');
INSERT INTO photo_tags (photo_idx, tag_id) VALUES ((SELECT photo_idx FROM photos WHERE photo_id = 1591), (SELECT tag_id FROM tags WHERE name = 'orange'));
INSERT OR IGNORE INTO tags (name) VALUES ('red');
INSERT INTO photo_tags (photo_idx, tag_id) VALUES ((SELECT photo_idx FROM photos WHERE photo_id = 1591), (SELECT tag_id FROM tags WHERE name = 'red'));
INSERT OR IGNORE INTO tags (name) VALUES ('rock');
INSERT INTO photo_tags (photo_idx, tag_id) VALUES ((SELECT photo_idx FROM photos WHERE photo_id = 1591), (SELECT tag_id FROM tags WHERE name = 'rock'));

INSERT INTO photos (photo_id, photo_title, photo_collection, photo_location, photo_year, camera, film_stock, film_format) VALUES (1593, 'Botswana Agate', 'Rocks', 'Bobonong area, Central District, Botswana', 2000, 'Hasselblad', 'Fujichrome Velvia', '6 x 6 cm');
INSERT INTO photos_fts (photo_idx, photo_id, photo_title, photo_collection, photo_location, photo_year, camera, film_stock, film_format, tag_names) VALUES ((SELECT photo_idx FROM photos WHERE photo_id = 1593), 1593, 'Botswana Agate', 'Rocks', 'Bobonong area, Central District, Botswana', 2000, 'Hasselblad', 'Fujichrome Velvia', '6 x 6 cm', 'horizontal,popular,closeup,abstract,color,studio,green,white,rock');
INSERT OR IGNORE INTO tags (name) VALUES ('horizontal');
INSERT INTO photo_tags (photo_idx, tag_id) VALUES ((SELECT photo_idx FROM photos WHERE photo_id = 1593), (SELECT tag_id FROM tags WHERE name = 'horizontal'));
INSERT OR IGNORE INTO tags (name) VALUES ('popular');
INSERT INTO photo_tags (photo_idx, tag_id) VALUES ((SELECT photo_idx FROM photos WHERE photo_id = 1593), (SELECT tag_id FROM tags WHERE name = 'popular'));
INSERT OR IGNORE INTO tags (name) VALUES ('closeup');
INSERT INTO photo_tags (photo_idx, tag_id) VALUES ((SELECT photo_idx FROM photos WHERE photo_id = 1593), (SELECT tag_id FROM tags WHERE name = 'closeup'));
INSERT OR IGNORE INTO tags (name) VALUES ('abstract');
INSERT INTO photo_tags (photo_idx, tag_id) VALUES ((SELECT photo_idx FROM photos WHERE photo_id = 1593), (SELECT tag_id FROM tags WHERE name = 'abstract'));
INSERT OR IGNORE INTO tags (name) VALUES ('color');
INSERT INTO photo_tags (photo_idx, tag_id) VALUES ((SELECT photo_idx FROM photos WHERE photo_id = 1593), (SELECT tag_id FROM tags WHERE name = 'color'));
INSERT OR IGNORE INTO tags (name) VALUES ('studio');
INSERT INTO photo_tags (photo_idx, tag_id) VALUES ((SELECT photo_idx FROM photos WHERE photo_id = 1593), (SELECT tag_id FROM tags WHERE name = 'studio'));
INSERT OR IGNORE INTO tags (name) VALUES ('green');
INSERT INTO photo_tags (photo_idx, tag_id) VALUES ((SELECT photo_idx FROM photos WHERE photo_id = 1593), (SELECT tag_id FROM tags WHERE name = 'green'));
INSERT OR IGNORE INTO tags (name) VALUES ('white');
INSERT INTO photo_tags (photo_idx, tag_id) VALUES ((SELECT photo_idx FROM photos WHERE photo_id = 1593), (SELECT tag_id FROM tags WHERE name = 'white'));
INSERT OR IGNORE INTO tags (name) VALUES ('rock');
INSERT INTO photo_tags (photo_idx, tag_id) VALUES ((SELECT photo_idx FROM photos WHERE photo_id = 1593), (SELECT tag_id FROM tags WHERE name = 'rock'));

INSERT INTO photos (photo_id, photo_title, photo_collection, photo_location, photo_year, camera, film_stock, film_format) VALUES (1595, 'Green Fluorite', 'Rocks', 'China', 2000, 'Hasselblad', 'Fujichrome Velvia', '6 x 6 cm');
INSERT INTO photos_fts (photo_idx, photo_id, photo_title, photo_collection, photo_location, photo_year, camera, film_stock, film_format, tag_names) VALUES ((SELECT photo_idx FROM photos WHERE photo_id = 1595), 1595, 'Green Fluorite', 'Rocks', 'China', 2000, 'Hasselblad', 'Fujichrome Velvia', '6 x 6 cm', 'horizontal,closeup,abstract,color,studio,green,rock');
INSERT OR IGNORE INTO tags (name) VALUES ('horizontal');
INSERT INTO photo_tags (photo_idx, tag_id) VALUES ((SELECT photo_idx FROM photos WHERE photo_id = 1595), (SELECT tag_id FROM tags WHERE name = 'horizontal'));
INSERT OR IGNORE INTO tags (name) VALUES ('closeup');
INSERT INTO photo_tags (photo_idx, tag_id) VALUES ((SELECT photo_idx FROM photos WHERE photo_id = 1595), (SELECT tag_id FROM tags WHERE name = 'closeup'));
INSERT OR IGNORE INTO tags (name) VALUES ('abstract');
INSERT INTO photo_tags (photo_idx, tag_id) VALUES ((SELECT photo_idx FROM photos WHERE photo_id = 1595), (SELECT tag_id FROM tags WHERE name = 'abstract'));
INSERT OR IGNORE INTO tags (name) VALUES ('color');
INSERT INTO photo_tags (photo_idx, tag_id) VALUES ((SELECT photo_idx FROM photos WHERE photo_id = 1595), (SELECT tag_id FROM tags WHERE name = 'color'));
INSERT OR IGNORE INTO tags (name) VALUES ('studio');
INSERT INTO photo_tags (photo_idx, tag_id) VALUES ((SELECT photo_idx FROM photos WHERE photo_id = 1595), (SELECT tag_id FROM tags WHERE name = 'studio'));
INSERT OR IGNORE INTO tags (name) VALUES ('green');
INSERT INTO photo_tags (photo_idx, tag_id) VALUES ((SELECT photo_idx FROM photos WHERE photo_id = 1595), (SELECT tag_id FROM tags WHERE name = 'green'));
INSERT OR IGNORE INTO tags (name) VALUES ('rock');
INSERT INTO photo_tags (photo_idx, tag_id) VALUES ((SELECT photo_idx FROM photos WHERE photo_id = 1595), (SELECT tag_id FROM tags WHERE name = 'rock'));

INSERT INTO photos (photo_id, photo_title, photo_collection, photo_location, photo_year, camera, film_stock, film_format) VALUES (1598, 'Picasso Marble', 'Rocks', 'Minersville area, Mineral Mountains, Beaver County, Utah', 2000, 'Hasselblad', 'Fujichrome Velvia', '6 x 6 cm');
INSERT INTO photos_fts (photo_idx, photo_id, photo_title, photo_collection, photo_location, photo_year, camera, film_stock, film_format, tag_names) VALUES ((SELECT photo_idx FROM photos WHERE photo_id = 1598), 1598, 'Picasso Marble', 'Rocks', 'Minersville area, Mineral Mountains, Beaver County, Utah', 2000, 'Hasselblad', 'Fujichrome Velvia', '6 x 6 cm', 'vertical,popular,closeup,abstract,color,studio,black,gray,pink,rock');
INSERT OR IGNORE INTO tags (name) VALUES ('vertical');
INSERT INTO photo_tags (photo_idx, tag_id) VALUES ((SELECT photo_idx FROM photos WHERE photo_id = 1598), (SELECT tag_id FROM tags WHERE name = 'vertical'));
INSERT OR IGNORE INTO tags (name) VALUES ('popular');
INSERT INTO photo_tags (photo_idx, tag_id) VALUES ((SELECT photo_idx FROM photos WHERE photo_id = 1598), (SELECT tag_id FROM tags WHERE name = 'popular'));
INSERT OR IGNORE INTO tags (name) VALUES ('closeup');
INSERT INTO photo_tags (photo_idx, tag_id) VALUES ((SELECT photo_idx FROM photos WHERE photo_id = 1598), (SELECT tag_id FROM tags WHERE name = 'closeup'));
INSERT OR IGNORE INTO tags (name) VALUES ('abstract');
INSERT INTO photo_tags (photo_idx, tag_id) VALUES ((SELECT photo_idx FROM photos WHERE photo_id = 1598), (SELECT tag_id FROM tags WHERE name = 'abstract'));
INSERT OR IGNORE INTO tags (name) VALUES ('color');
INSERT INTO photo_tags (photo_idx, tag_id) VALUES ((SELECT photo_idx FROM photos WHERE photo_id = 1598), (SELECT tag_id FROM tags WHERE name = 'color'));
INSERT OR IGNORE INTO tags (name) VALUES ('studio');
INSERT INTO photo_tags (photo_idx, tag_id) VALUES ((SELECT photo_idx FROM photos WHERE photo_id = 1598), (SELECT tag_id FROM tags WHERE name = 'studio'));
INSERT OR IGNORE INTO tags (name) VALUES ('black');
INSERT INTO photo_tags (photo_idx, tag_id) VALUES ((SELECT photo_idx FROM photos WHERE photo_id = 1598), (SELECT tag_id FROM tags WHERE name = 'black'));
INSERT OR IGNORE INTO tags (name) VALUES ('gray');
INSERT INTO photo_tags (photo_idx, tag_id) VALUES ((SELECT photo_idx FROM photos WHERE photo_id = 1598), (SELECT tag_id FROM tags WHERE name = 'gray'));
INSERT OR IGNORE INTO tags (name) VALUES ('pink');
INSERT INTO photo_tags (photo_idx, tag_id) VALUES ((SELECT photo_idx FROM photos WHERE photo_id = 1598), (SELECT tag_id FROM tags WHERE name = 'pink'));
INSERT OR IGNORE INTO tags (name) VALUES ('rock');
INSERT INTO photo_tags (photo_idx, tag_id) VALUES ((SELECT photo_idx FROM photos WHERE photo_id = 1598), (SELECT tag_id FROM tags WHERE name = 'rock'));

INSERT INTO photos (photo_id, photo_title, photo_collection, photo_location, photo_year, camera, film_stock, film_format) VALUES (1599, 'Morrisonite', 'Rocks', 'Morrison Ranch, Owyhee River Canyon, Malheur County, Oregon', 2000, 'Hasselblad', 'Fujichrome Velvia', '6 x 6 cm');
INSERT INTO photos_fts (photo_idx, photo_id, photo_title, photo_collection, photo_location, photo_year, camera, film_stock, film_format, tag_names) VALUES ((SELECT photo_idx FROM photos WHERE photo_id = 1599), 1599, 'Morrisonite', 'Rocks', 'Morrison Ranch, Owyhee River Canyon, Malheur County, Oregon', 2000, 'Hasselblad', 'Fujichrome Velvia', '6 x 6 cm', 'vertical,closeup,abstract,color,studio,black,green,orange,rock');
INSERT OR IGNORE INTO tags (name) VALUES ('vertical');
INSERT INTO photo_tags (photo_idx, tag_id) VALUES ((SELECT photo_idx FROM photos WHERE photo_id = 1599), (SELECT tag_id FROM tags WHERE name = 'vertical'));
INSERT OR IGNORE INTO tags (name) VALUES ('closeup');
INSERT INTO photo_tags (photo_idx, tag_id) VALUES ((SELECT photo_idx FROM photos WHERE photo_id = 1599), (SELECT tag_id FROM tags WHERE name = 'closeup'));
INSERT OR IGNORE INTO tags (name) VALUES ('abstract');
INSERT INTO photo_tags (photo_idx, tag_id) VALUES ((SELECT photo_idx FROM photos WHERE photo_id = 1599), (SELECT tag_id FROM tags WHERE name = 'abstract'));
INSERT OR IGNORE INTO tags (name) VALUES ('color');
INSERT INTO photo_tags (photo_idx, tag_id) VALUES ((SELECT photo_idx FROM photos WHERE photo_id = 1599), (SELECT tag_id FROM tags WHERE name = 'color'));
INSERT OR IGNORE INTO tags (name) VALUES ('studio');
INSERT INTO photo_tags (photo_idx, tag_id) VALUES ((SELECT photo_idx FROM photos WHERE photo_id = 1599), (SELECT tag_id FROM tags WHERE name = 'studio'));
INSERT OR IGNORE INTO tags (name) VALUES ('black');
INSERT INTO photo_tags (photo_idx, tag_id) VALUES ((SELECT photo_idx FROM photos WHERE photo_id = 1599), (SELECT tag_id FROM tags WHERE name = 'black'));
INSERT OR IGNORE INTO tags (name) VALUES ('green');
INSERT INTO photo_tags (photo_idx, tag_id) VALUES ((SELECT photo_idx FROM photos WHERE photo_id = 1599), (SELECT tag_id FROM tags WHERE name = 'green'));
INSERT OR IGNORE INTO tags (name) VALUES ('orange');
INSERT INTO photo_tags (photo_idx, tag_id) VALUES ((SELECT photo_idx FROM photos WHERE photo_id = 1599), (SELECT tag_id FROM tags WHERE name = 'orange'));
INSERT OR IGNORE INTO tags (name) VALUES ('rock');
INSERT INTO photo_tags (photo_idx, tag_id) VALUES ((SELECT photo_idx FROM photos WHERE photo_id = 1599), (SELECT tag_id FROM tags WHERE name = 'rock'));

INSERT INTO photos (photo_id, photo_title, photo_collection, photo_location, photo_year, camera, film_stock, film_format) VALUES (1600, 'Morrisonite', 'Rocks', 'Morrison Ranch, Owyhee River Canyon, Malheur County, Oregon', 2000, 'Hasselblad', 'Fujichrome Velvia', '6 x 6 cm');
INSERT INTO photos_fts (photo_idx, photo_id, photo_title, photo_collection, photo_location, photo_year, camera, film_stock, film_format, tag_names) VALUES ((SELECT photo_idx FROM photos WHERE photo_id = 1600), 1600, 'Morrisonite', 'Rocks', 'Morrison Ranch, Owyhee River Canyon, Malheur County, Oregon', 2000, 'Hasselblad', 'Fujichrome Velvia', '6 x 6 cm', 'horizontal,closeup,abstract,color,studio,brown,orange,rock');
INSERT OR IGNORE INTO tags (name) VALUES ('horizontal');
INSERT INTO photo_tags (photo_idx, tag_id) VALUES ((SELECT photo_idx FROM photos WHERE photo_id = 1600), (SELECT tag_id FROM tags WHERE name = 'horizontal'));
INSERT OR IGNORE INTO tags (name) VALUES ('closeup');
INSERT INTO photo_tags (photo_idx, tag_id) VALUES ((SELECT photo_idx FROM photos WHERE photo_id = 1600), (SELECT tag_id FROM tags WHERE name = 'closeup'));
INSERT OR IGNORE INTO tags (name) VALUES ('abstract');
INSERT INTO photo_tags (photo_idx, tag_id) VALUES ((SELECT photo_idx FROM photos WHERE photo_id = 1600), (SELECT tag_id FROM tags WHERE name = 'abstract'));
INSERT OR IGNORE INTO tags (name) VALUES ('color');
INSERT INTO photo_tags (photo_idx, tag_id) VALUES ((SELECT photo_idx FROM photos WHERE photo_id = 1600), (SELECT tag_id FROM tags WHERE name = 'color'));
INSERT OR IGNORE INTO tags (name) VALUES ('studio');
INSERT INTO photo_tags (photo_idx, tag_id) VALUES ((SELECT photo_idx FROM photos WHERE photo_id = 1600), (SELECT tag_id FROM tags WHERE name = 'studio'));
INSERT OR IGNORE INTO tags (name) VALUES ('brown');
INSERT INTO photo_tags (photo_idx, tag_id) VALUES ((SELECT photo_idx FROM photos WHERE photo_id = 1600), (SELECT tag_id FROM tags WHERE name = 'brown'));
INSERT OR IGNORE INTO tags (name) VALUES ('orange');
INSERT INTO photo_tags (photo_idx, tag_id) VALUES ((SELECT photo_idx FROM photos WHERE photo_id = 1600), (SELECT tag_id FROM tags WHERE name = 'orange'));
INSERT OR IGNORE INTO tags (name) VALUES ('rock');
INSERT INTO photo_tags (photo_idx, tag_id) VALUES ((SELECT photo_idx FROM photos WHERE photo_id = 1600), (SELECT tag_id FROM tags WHERE name = 'rock'));

INSERT INTO photos (photo_id, photo_title, photo_collection, photo_location, photo_year, camera, film_stock, film_format) VALUES (1601, 'Crazy Lace Agate', 'Rocks', 'Sierra Santa Lucia, Chihuahua, Mexico', 2000, 'Hasselblad', 'Fujichrome Velvia', '6 x 6 cm');
INSERT INTO photos_fts (photo_idx, photo_id, photo_title, photo_collection, photo_location, photo_year, camera, film_stock, film_format, tag_names) VALUES ((SELECT photo_idx FROM photos WHERE photo_id = 1601), 1601, 'Crazy Lace Agate', 'Rocks', 'Sierra Santa Lucia, Chihuahua, Mexico', 2000, 'Hasselblad', 'Fujichrome Velvia', '6 x 6 cm', 'horizontal,closeup,abstract,color,studio,orange,rock');
INSERT OR IGNORE INTO tags (name) VALUES ('horizontal');
INSERT INTO photo_tags (photo_idx, tag_id) VALUES ((SELECT photo_idx FROM photos WHERE photo_id = 1601), (SELECT tag_id FROM tags WHERE name = 'horizontal'));
INSERT OR IGNORE INTO tags (name) VALUES ('closeup');
INSERT INTO photo_tags (photo_idx, tag_id) VALUES ((SELECT photo_idx FROM photos WHERE photo_id = 1601), (SELECT tag_id FROM tags WHERE name = 'closeup'));
INSERT OR IGNORE INTO tags (name) VALUES ('abstract');
INSERT INTO photo_tags (photo_idx, tag_id) VALUES ((SELECT photo_idx FROM photos WHERE photo_id = 1601), (SELECT tag_id FROM tags WHERE name = 'abstract'));
INSERT OR IGNORE INTO tags (name) VALUES ('color');
INSERT INTO photo_tags (photo_idx, tag_id) VALUES ((SELECT photo_idx FROM photos WHERE photo_id = 1601), (SELECT tag_id FROM tags WHERE name = 'color'));
INSERT OR IGNORE INTO tags (name) VALUES ('studio');
INSERT INTO photo_tags (photo_idx, tag_id) VALUES ((SELECT photo_idx FROM photos WHERE photo_id = 1601), (SELECT tag_id FROM tags WHERE name = 'studio'));
INSERT OR IGNORE INTO tags (name) VALUES ('orange');
INSERT INTO photo_tags (photo_idx, tag_id) VALUES ((SELECT photo_idx FROM photos WHERE photo_id = 1601), (SELECT tag_id FROM tags WHERE name = 'orange'));
INSERT OR IGNORE INTO tags (name) VALUES ('rock');
INSERT INTO photo_tags (photo_idx, tag_id) VALUES ((SELECT photo_idx FROM photos WHERE photo_id = 1601), (SELECT tag_id FROM tags WHERE name = 'rock'));

INSERT INTO photos (photo_id, photo_title, photo_collection, photo_location, photo_year, camera, film_stock, film_format) VALUES (1602, 'Petrified Wood', 'Rocks', 'Oregon', 2000, 'Hasselblad', 'Fujichrome Velvia', '6 x 6 cm');
INSERT INTO photos_fts (photo_idx, photo_id, photo_title, photo_collection, photo_location, photo_year, camera, film_stock, film_format, tag_names) VALUES ((SELECT photo_idx FROM photos WHERE photo_id = 1602), 1602, 'Petrified Wood', 'Rocks', 'Oregon', 2000, 'Hasselblad', 'Fujichrome Velvia', '6 x 6 cm', 'horizontal,closeup,abstract,color,studio,brown,rock');
INSERT OR IGNORE INTO tags (name) VALUES ('horizontal');
INSERT INTO photo_tags (photo_idx, tag_id) VALUES ((SELECT photo_idx FROM photos WHERE photo_id = 1602), (SELECT tag_id FROM tags WHERE name = 'horizontal'));
INSERT OR IGNORE INTO tags (name) VALUES ('closeup');
INSERT INTO photo_tags (photo_idx, tag_id) VALUES ((SELECT photo_idx FROM photos WHERE photo_id = 1602), (SELECT tag_id FROM tags WHERE name = 'closeup'));
INSERT OR IGNORE INTO tags (name) VALUES ('abstract');
INSERT INTO photo_tags (photo_idx, tag_id) VALUES ((SELECT photo_idx FROM photos WHERE photo_id = 1602), (SELECT tag_id FROM tags WHERE name = 'abstract'));
INSERT OR IGNORE INTO tags (name) VALUES ('color');
INSERT INTO photo_tags (photo_idx, tag_id) VALUES ((SELECT photo_idx FROM photos WHERE photo_id = 1602), (SELECT tag_id FROM tags WHERE name = 'color'));
INSERT OR IGNORE INTO tags (name) VALUES ('studio');
INSERT INTO photo_tags (photo_idx, tag_id) VALUES ((SELECT photo_idx FROM photos WHERE photo_id = 1602), (SELECT tag_id FROM tags WHERE name = 'studio'));
INSERT OR IGNORE INTO tags (name) VALUES ('brown');
INSERT INTO photo_tags (photo_idx, tag_id) VALUES ((SELECT photo_idx FROM photos WHERE photo_id = 1602), (SELECT tag_id FROM tags WHERE name = 'brown'));
INSERT OR IGNORE INTO tags (name) VALUES ('rock');
INSERT INTO photo_tags (photo_idx, tag_id) VALUES ((SELECT photo_idx FROM photos WHERE photo_id = 1602), (SELECT tag_id FROM tags WHERE name = 'rock'));

INSERT INTO photos (photo_id, photo_title, photo_collection, photo_location, photo_year, camera, film_stock, film_format) VALUES (1603, 'Fuchsite', 'Rocks', 'Spanish Peaks, Madison County, Montana', 2000, 'Hasselblad', 'Fujichrome Velvia', '6 x 6 cm');
INSERT INTO photos_fts (photo_idx, photo_id, photo_title, photo_collection, photo_location, photo_year, camera, film_stock, film_format, tag_names) VALUES ((SELECT photo_idx FROM photos WHERE photo_id = 1603), 1603, 'Fuchsite', 'Rocks', 'Spanish Peaks, Madison County, Montana', 2000, 'Hasselblad', 'Fujichrome Velvia', '6 x 6 cm', 'horizontal,popular,closeup,abstract,color,studio,green,rock');
INSERT OR IGNORE INTO tags (name) VALUES ('horizontal');
INSERT INTO photo_tags (photo_idx, tag_id) VALUES ((SELECT photo_idx FROM photos WHERE photo_id = 1603), (SELECT tag_id FROM tags WHERE name = 'horizontal'));
INSERT OR IGNORE INTO tags (name) VALUES ('popular');
INSERT INTO photo_tags (photo_idx, tag_id) VALUES ((SELECT photo_idx FROM photos WHERE photo_id = 1603), (SELECT tag_id FROM tags WHERE name = 'popular'));
INSERT OR IGNORE INTO tags (name) VALUES ('closeup');
INSERT INTO photo_tags (photo_idx, tag_id) VALUES ((SELECT photo_idx FROM photos WHERE photo_id = 1603), (SELECT tag_id FROM tags WHERE name = 'closeup'));
INSERT OR IGNORE INTO tags (name) VALUES ('abstract');
INSERT INTO photo_tags (photo_idx, tag_id) VALUES ((SELECT photo_idx FROM photos WHERE photo_id = 1603), (SELECT tag_id FROM tags WHERE name = 'abstract'));
INSERT OR IGNORE INTO tags (name) VALUES ('color');
INSERT INTO photo_tags (photo_idx, tag_id) VALUES ((SELECT photo_idx FROM photos WHERE photo_id = 1603), (SELECT tag_id FROM tags WHERE name = 'color'));
INSERT OR IGNORE INTO tags (name) VALUES ('studio');
INSERT INTO photo_tags (photo_idx, tag_id) VALUES ((SELECT photo_idx FROM photos WHERE photo_id = 1603), (SELECT tag_id FROM tags WHERE name = 'studio'));
INSERT OR IGNORE INTO tags (name) VALUES ('green');
INSERT INTO photo_tags (photo_idx, tag_id) VALUES ((SELECT photo_idx FROM photos WHERE photo_id = 1603), (SELECT tag_id FROM tags WHERE name = 'green'));
INSERT OR IGNORE INTO tags (name) VALUES ('rock');
INSERT INTO photo_tags (photo_idx, tag_id) VALUES ((SELECT photo_idx FROM photos WHERE photo_id = 1603), (SELECT tag_id FROM tags WHERE name = 'rock'));

INSERT INTO photos (photo_id, photo_title, photo_collection, photo_location, photo_year, camera, film_stock, film_format) VALUES (1604, 'Owyhee Picture Jasper', 'Rocks', 'Owyhee Upland, Malheur County, Oregon', 2000, 'Hasselblad', 'Fujichrome Velvia', '6 x 6 cm');
INSERT INTO photos_fts (photo_idx, photo_id, photo_title, photo_collection, photo_location, photo_year, camera, film_stock, film_format, tag_names) VALUES ((SELECT photo_idx FROM photos WHERE photo_id = 1604), 1604, 'Owyhee Picture Jasper', 'Rocks', 'Owyhee Upland, Malheur County, Oregon', 2000, 'Hasselblad', 'Fujichrome Velvia', '6 x 6 cm', 'horizontal,closeup,abstract,color,studio,brown,orange,red,rock');
INSERT OR IGNORE INTO tags (name) VALUES ('horizontal');
INSERT INTO photo_tags (photo_idx, tag_id) VALUES ((SELECT photo_idx FROM photos WHERE photo_id = 1604), (SELECT tag_id FROM tags WHERE name = 'horizontal'));
INSERT OR IGNORE INTO tags (name) VALUES ('closeup');
INSERT INTO photo_tags (photo_idx, tag_id) VALUES ((SELECT photo_idx FROM photos WHERE photo_id = 1604), (SELECT tag_id FROM tags WHERE name = 'closeup'));
INSERT OR IGNORE INTO tags (name) VALUES ('abstract');
INSERT INTO photo_tags (photo_idx, tag_id) VALUES ((SELECT photo_idx FROM photos WHERE photo_id = 1604), (SELECT tag_id FROM tags WHERE name = 'abstract'));
INSERT OR IGNORE INTO tags (name) VALUES ('color');
INSERT INTO photo_tags (photo_idx, tag_id) VALUES ((SELECT photo_idx FROM photos WHERE photo_id = 1604), (SELECT tag_id FROM tags WHERE name = 'color'));
INSERT OR IGNORE INTO tags (name) VALUES ('studio');
INSERT INTO photo_tags (photo_idx, tag_id) VALUES ((SELECT photo_idx FROM photos WHERE photo_id = 1604), (SELECT tag_id FROM tags WHERE name = 'studio'));
INSERT OR IGNORE INTO tags (name) VALUES ('brown');
INSERT INTO photo_tags (photo_idx, tag_id) VALUES ((SELECT photo_idx FROM photos WHERE photo_id = 1604), (SELECT tag_id FROM tags WHERE name = 'brown'));
INSERT OR IGNORE INTO tags (name) VALUES ('orange');
INSERT INTO photo_tags (photo_idx, tag_id) VALUES ((SELECT photo_idx FROM photos WHERE photo_id = 1604), (SELECT tag_id FROM tags WHERE name = 'orange'));
INSERT OR IGNORE INTO tags (name) VALUES ('red');
INSERT INTO photo_tags (photo_idx, tag_id) VALUES ((SELECT photo_idx FROM photos WHERE photo_id = 1604), (SELECT tag_id FROM tags WHERE name = 'red'));
INSERT OR IGNORE INTO tags (name) VALUES ('rock');
INSERT INTO photo_tags (photo_idx, tag_id) VALUES ((SELECT photo_idx FROM photos WHERE photo_id = 1604), (SELECT tag_id FROM tags WHERE name = 'rock'));

INSERT INTO photos (photo_id, photo_title, photo_collection, photo_location, photo_year, camera, film_stock, film_format) VALUES (1605, 'Poppy Jasper', 'Rocks', 'Morgan Hill, Santa Clara County, California', 2000, 'Hasselblad', 'Fujichrome Velvia', '6 x 6 cm');
INSERT INTO photos_fts (photo_idx, photo_id, photo_title, photo_collection, photo_location, photo_year, camera, film_stock, film_format, tag_names) VALUES ((SELECT photo_idx FROM photos WHERE photo_id = 1605), 1605, 'Poppy Jasper', 'Rocks', 'Morgan Hill, Santa Clara County, California', 2000, 'Hasselblad', 'Fujichrome Velvia', '6 x 6 cm', 'horizontal,closeup,abstract,color,studio,orange,red,rock');
INSERT OR IGNORE INTO tags (name) VALUES ('horizontal');
INSERT INTO photo_tags (photo_idx, tag_id) VALUES ((SELECT photo_idx FROM photos WHERE photo_id = 1605), (SELECT tag_id FROM tags WHERE name = 'horizontal'));
INSERT OR IGNORE INTO tags (name) VALUES ('closeup');
INSERT INTO photo_tags (photo_idx, tag_id) VALUES ((SELECT photo_idx FROM photos WHERE photo_id = 1605), (SELECT tag_id FROM tags WHERE name = 'closeup'));
INSERT OR IGNORE INTO tags (name) VALUES ('abstract');
INSERT INTO photo_tags (photo_idx, tag_id) VALUES ((SELECT photo_idx FROM photos WHERE photo_id = 1605), (SELECT tag_id FROM tags WHERE name = 'abstract'));
INSERT OR IGNORE INTO tags (name) VALUES ('color');
INSERT INTO photo_tags (photo_idx, tag_id) VALUES ((SELECT photo_idx FROM photos WHERE photo_id = 1605), (SELECT tag_id FROM tags WHERE name = 'color'));
INSERT OR IGNORE INTO tags (name) VALUES ('studio');
INSERT INTO photo_tags (photo_idx, tag_id) VALUES ((SELECT photo_idx FROM photos WHERE photo_id = 1605), (SELECT tag_id FROM tags WHERE name = 'studio'));
INSERT OR IGNORE INTO tags (name) VALUES ('orange');
INSERT INTO photo_tags (photo_idx, tag_id) VALUES ((SELECT photo_idx FROM photos WHERE photo_id = 1605), (SELECT tag_id FROM tags WHERE name = 'orange'));
INSERT OR IGNORE INTO tags (name) VALUES ('red');
INSERT INTO photo_tags (photo_idx, tag_id) VALUES ((SELECT photo_idx FROM photos WHERE photo_id = 1605), (SELECT tag_id FROM tags WHERE name = 'red'));
INSERT OR IGNORE INTO tags (name) VALUES ('rock');
INSERT INTO photo_tags (photo_idx, tag_id) VALUES ((SELECT photo_idx FROM photos WHERE photo_id = 1605), (SELECT tag_id FROM tags WHERE name = 'rock'));

INSERT INTO photos (photo_id, photo_title, photo_collection, photo_location, photo_year, camera, film_stock, film_format) VALUES (1606, 'Dendritic Soapstone', 'Rocks', 'Near Cameron, Madison County, Montana', 2000, 'Hasselblad', 'Fujichrome Velvia', '6 x 6 cm');
INSERT INTO photos_fts (photo_idx, photo_id, photo_title, photo_collection, photo_location, photo_year, camera, film_stock, film_format, tag_names) VALUES ((SELECT photo_idx FROM photos WHERE photo_id = 1606), 1606, 'Dendritic Soapstone', 'Rocks', 'Near Cameron, Madison County, Montana', 2000, 'Hasselblad', 'Fujichrome Velvia', '6 x 6 cm', 'horizontal,closeup,abstract,color,studio,white,rock');
INSERT OR IGNORE INTO tags (name) VALUES ('horizontal');
INSERT INTO photo_tags (photo_idx, tag_id) VALUES ((SELECT photo_idx FROM photos WHERE photo_id = 1606), (SELECT tag_id FROM tags WHERE name = 'horizontal'));
INSERT OR IGNORE INTO tags (name) VALUES ('closeup');
INSERT INTO photo_tags (photo_idx, tag_id) VALUES ((SELECT photo_idx FROM photos WHERE photo_id = 1606), (SELECT tag_id FROM tags WHERE name = 'closeup'));
INSERT OR IGNORE INTO tags (name) VALUES ('abstract');
INSERT INTO photo_tags (photo_idx, tag_id) VALUES ((SELECT photo_idx FROM photos WHERE photo_id = 1606), (SELECT tag_id FROM tags WHERE name = 'abstract'));
INSERT OR IGNORE INTO tags (name) VALUES ('color');
INSERT INTO photo_tags (photo_idx, tag_id) VALUES ((SELECT photo_idx FROM photos WHERE photo_id = 1606), (SELECT tag_id FROM tags WHERE name = 'color'));
INSERT OR IGNORE INTO tags (name) VALUES ('studio');
INSERT INTO photo_tags (photo_idx, tag_id) VALUES ((SELECT photo_idx FROM photos WHERE photo_id = 1606), (SELECT tag_id FROM tags WHERE name = 'studio'));
INSERT OR IGNORE INTO tags (name) VALUES ('white');
INSERT INTO photo_tags (photo_idx, tag_id) VALUES ((SELECT photo_idx FROM photos WHERE photo_id = 1606), (SELECT tag_id FROM tags WHERE name = 'white'));
INSERT OR IGNORE INTO tags (name) VALUES ('rock');
INSERT INTO photo_tags (photo_idx, tag_id) VALUES ((SELECT photo_idx FROM photos WHERE photo_id = 1606), (SELECT tag_id FROM tags WHERE name = 'rock'));

INSERT INTO photos (photo_id, photo_title, photo_collection, photo_location, photo_year, camera, film_stock, film_format) VALUES (1607, 'Goldenstone', 'Rocks', 'Kanab, Utah', 2000, 'Hasselblad', 'Fujichrome Velvia', '6 x 6 cm');
INSERT INTO photos_fts (photo_idx, photo_id, photo_title, photo_collection, photo_location, photo_year, camera, film_stock, film_format, tag_names) VALUES ((SELECT photo_idx FROM photos WHERE photo_id = 1607), 1607, 'Goldenstone', 'Rocks', 'Kanab, Utah', 2000, 'Hasselblad', 'Fujichrome Velvia', '6 x 6 cm', 'horizontal,closeup,abstract,landscape,color,studio,tan,rock,sandstone');
INSERT OR IGNORE INTO tags (name) VALUES ('horizontal');
INSERT INTO photo_tags (photo_idx, tag_id) VALUES ((SELECT photo_idx FROM photos WHERE photo_id = 1607), (SELECT tag_id FROM tags WHERE name = 'horizontal'));
INSERT OR IGNORE INTO tags (name) VALUES ('closeup');
INSERT INTO photo_tags (photo_idx, tag_id) VALUES ((SELECT photo_idx FROM photos WHERE photo_id = 1607), (SELECT tag_id FROM tags WHERE name = 'closeup'));
INSERT OR IGNORE INTO tags (name) VALUES ('abstract');
INSERT INTO photo_tags (photo_idx, tag_id) VALUES ((SELECT photo_idx FROM photos WHERE photo_id = 1607), (SELECT tag_id FROM tags WHERE name = 'abstract'));
INSERT OR IGNORE INTO tags (name) VALUES ('landscape');
INSERT INTO photo_tags (photo_idx, tag_id) VALUES ((SELECT photo_idx FROM photos WHERE photo_id = 1607), (SELECT tag_id FROM tags WHERE name = 'landscape'));
INSERT OR IGNORE INTO tags (name) VALUES ('color');
INSERT INTO photo_tags (photo_idx, tag_id) VALUES ((SELECT photo_idx FROM photos WHERE photo_id = 1607), (SELECT tag_id FROM tags WHERE name = 'color'));
INSERT OR IGNORE INTO tags (name) VALUES ('studio');
INSERT INTO photo_tags (photo_idx, tag_id) VALUES ((SELECT photo_idx FROM photos WHERE photo_id = 1607), (SELECT tag_id FROM tags WHERE name = 'studio'));
INSERT OR IGNORE INTO tags (name) VALUES ('tan');
INSERT INTO photo_tags (photo_idx, tag_id) VALUES ((SELECT photo_idx FROM photos WHERE photo_id = 1607), (SELECT tag_id FROM tags WHERE name = 'tan'));
INSERT OR IGNORE INTO tags (name) VALUES ('rock');
INSERT INTO photo_tags (photo_idx, tag_id) VALUES ((SELECT photo_idx FROM photos WHERE photo_id = 1607), (SELECT tag_id FROM tags WHERE name = 'rock'));
INSERT OR IGNORE INTO tags (name) VALUES ('sandstone');
INSERT INTO photo_tags (photo_idx, tag_id) VALUES ((SELECT photo_idx FROM photos WHERE photo_id = 1607), (SELECT tag_id FROM tags WHERE name = 'sandstone'));

INSERT INTO photos (photo_id, photo_title, photo_collection, photo_location, photo_year, camera, film_stock, film_format) VALUES (1610, 'Petrified Wood', 'Rocks', 'Stinking Water Mountain, Oregon', 2000, 'Hasselblad', 'Fujichrome Velvia', '6 x 6 cm');
INSERT INTO photos_fts (photo_idx, photo_id, photo_title, photo_collection, photo_location, photo_year, camera, film_stock, film_format, tag_names) VALUES ((SELECT photo_idx FROM photos WHERE photo_id = 1610), 1610, 'Petrified Wood', 'Rocks', 'Stinking Water Mountain, Oregon', 2000, 'Hasselblad', 'Fujichrome Velvia', '6 x 6 cm', 'horizontal,closeup,abstract,color,studio,brown,tan,rock');
INSERT OR IGNORE INTO tags (name) VALUES ('horizontal');
INSERT INTO photo_tags (photo_idx, tag_id) VALUES ((SELECT photo_idx FROM photos WHERE photo_id = 1610), (SELECT tag_id FROM tags WHERE name = 'horizontal'));
INSERT OR IGNORE INTO tags (name) VALUES ('closeup');
INSERT INTO photo_tags (photo_idx, tag_id) VALUES ((SELECT photo_idx FROM photos WHERE photo_id = 1610), (SELECT tag_id FROM tags WHERE name = 'closeup'));
INSERT OR IGNORE INTO tags (name) VALUES ('abstract');
INSERT INTO photo_tags (photo_idx, tag_id) VALUES ((SELECT photo_idx FROM photos WHERE photo_id = 1610), (SELECT tag_id FROM tags WHERE name = 'abstract'));
INSERT OR IGNORE INTO tags (name) VALUES ('color');
INSERT INTO photo_tags (photo_idx, tag_id) VALUES ((SELECT photo_idx FROM photos WHERE photo_id = 1610), (SELECT tag_id FROM tags WHERE name = 'color'));
INSERT OR IGNORE INTO tags (name) VALUES ('studio');
INSERT INTO photo_tags (photo_idx, tag_id) VALUES ((SELECT photo_idx FROM photos WHERE photo_id = 1610), (SELECT tag_id FROM tags WHERE name = 'studio'));
INSERT OR IGNORE INTO tags (name) VALUES ('brown');
INSERT INTO photo_tags (photo_idx, tag_id) VALUES ((SELECT photo_idx FROM photos WHERE photo_id = 1610), (SELECT tag_id FROM tags WHERE name = 'brown'));
INSERT OR IGNORE INTO tags (name) VALUES ('tan');
INSERT INTO photo_tags (photo_idx, tag_id) VALUES ((SELECT photo_idx FROM photos WHERE photo_id = 1610), (SELECT tag_id FROM tags WHERE name = 'tan'));
INSERT OR IGNORE INTO tags (name) VALUES ('rock');
INSERT INTO photo_tags (photo_idx, tag_id) VALUES ((SELECT photo_idx FROM photos WHERE photo_id = 1610), (SELECT tag_id FROM tags WHERE name = 'rock'));

INSERT INTO photos (photo_id, photo_title, photo_collection, photo_location, photo_year, camera, film_stock, film_format) VALUES (1611, 'Petrified Wood', 'Rocks', 'Stinking Water Mountain, Oregon', 2000, 'Hasselblad', 'Fujichrome Velvia', '6 x 6 cm');
INSERT INTO photos_fts (photo_idx, photo_id, photo_title, photo_collection, photo_location, photo_year, camera, film_stock, film_format, tag_names) VALUES ((SELECT photo_idx FROM photos WHERE photo_id = 1611), 1611, 'Petrified Wood', 'Rocks', 'Stinking Water Mountain, Oregon', 2000, 'Hasselblad', 'Fujichrome Velvia', '6 x 6 cm', 'horizontal,closeup,abstract,color,studio,brown,tan,rock');
INSERT OR IGNORE INTO tags (name) VALUES ('horizontal');
INSERT INTO photo_tags (photo_idx, tag_id) VALUES ((SELECT photo_idx FROM photos WHERE photo_id = 1611), (SELECT tag_id FROM tags WHERE name = 'horizontal'));
INSERT OR IGNORE INTO tags (name) VALUES ('closeup');
INSERT INTO photo_tags (photo_idx, tag_id) VALUES ((SELECT photo_idx FROM photos WHERE photo_id = 1611), (SELECT tag_id FROM tags WHERE name = 'closeup'));
INSERT OR IGNORE INTO tags (name) VALUES ('abstract');
INSERT INTO photo_tags (photo_idx, tag_id) VALUES ((SELECT photo_idx FROM photos WHERE photo_id = 1611), (SELECT tag_id FROM tags WHERE name = 'abstract'));
INSERT OR IGNORE INTO tags (name) VALUES ('color');
INSERT INTO photo_tags (photo_idx, tag_id) VALUES ((SELECT photo_idx FROM photos WHERE photo_id = 1611), (SELECT tag_id FROM tags WHERE name = 'color'));
INSERT OR IGNORE INTO tags (name) VALUES ('studio');
INSERT INTO photo_tags (photo_idx, tag_id) VALUES ((SELECT photo_idx FROM photos WHERE photo_id = 1611), (SELECT tag_id FROM tags WHERE name = 'studio'));
INSERT OR IGNORE INTO tags (name) VALUES ('brown');
INSERT INTO photo_tags (photo_idx, tag_id) VALUES ((SELECT photo_idx FROM photos WHERE photo_id = 1611), (SELECT tag_id FROM tags WHERE name = 'brown'));
INSERT OR IGNORE INTO tags (name) VALUES ('tan');
INSERT INTO photo_tags (photo_idx, tag_id) VALUES ((SELECT photo_idx FROM photos WHERE photo_id = 1611), (SELECT tag_id FROM tags WHERE name = 'tan'));
INSERT OR IGNORE INTO tags (name) VALUES ('rock');
INSERT INTO photo_tags (photo_idx, tag_id) VALUES ((SELECT photo_idx FROM photos WHERE photo_id = 1611), (SELECT tag_id FROM tags WHERE name = 'rock'));

INSERT INTO photos (photo_id, photo_title, photo_collection, photo_location, photo_year, camera, film_stock, film_format) VALUES (1612, 'Petrified Wood', 'Rocks', 'Stinking Water Mountain, Oregon', 2000, 'Hasselblad', 'Fujichrome Velvia', '6 x 6 cm');
INSERT INTO photos_fts (photo_idx, photo_id, photo_title, photo_collection, photo_location, photo_year, camera, film_stock, film_format, tag_names) VALUES ((SELECT photo_idx FROM photos WHERE photo_id = 1612), 1612, 'Petrified Wood', 'Rocks', 'Stinking Water Mountain, Oregon', 2000, 'Hasselblad', 'Fujichrome Velvia', '6 x 6 cm', 'horizontal,closeup,abstract,color,studio,brown,tan,rock');
INSERT OR IGNORE INTO tags (name) VALUES ('horizontal');
INSERT INTO photo_tags (photo_idx, tag_id) VALUES ((SELECT photo_idx FROM photos WHERE photo_id = 1612), (SELECT tag_id FROM tags WHERE name = 'horizontal'));
INSERT OR IGNORE INTO tags (name) VALUES ('closeup');
INSERT INTO photo_tags (photo_idx, tag_id) VALUES ((SELECT photo_idx FROM photos WHERE photo_id = 1612), (SELECT tag_id FROM tags WHERE name = 'closeup'));
INSERT OR IGNORE INTO tags (name) VALUES ('abstract');
INSERT INTO photo_tags (photo_idx, tag_id) VALUES ((SELECT photo_idx FROM photos WHERE photo_id = 1612), (SELECT tag_id FROM tags WHERE name = 'abstract'));
INSERT OR IGNORE INTO tags (name) VALUES ('color');
INSERT INTO photo_tags (photo_idx, tag_id) VALUES ((SELECT photo_idx FROM photos WHERE photo_id = 1612), (SELECT tag_id FROM tags WHERE name = 'color'));
INSERT OR IGNORE INTO tags (name) VALUES ('studio');
INSERT INTO photo_tags (photo_idx, tag_id) VALUES ((SELECT photo_idx FROM photos WHERE photo_id = 1612), (SELECT tag_id FROM tags WHERE name = 'studio'));
INSERT OR IGNORE INTO tags (name) VALUES ('brown');
INSERT INTO photo_tags (photo_idx, tag_id) VALUES ((SELECT photo_idx FROM photos WHERE photo_id = 1612), (SELECT tag_id FROM tags WHERE name = 'brown'));
INSERT OR IGNORE INTO tags (name) VALUES ('tan');
INSERT INTO photo_tags (photo_idx, tag_id) VALUES ((SELECT photo_idx FROM photos WHERE photo_id = 1612), (SELECT tag_id FROM tags WHERE name = 'tan'));
INSERT OR IGNORE INTO tags (name) VALUES ('rock');
INSERT INTO photo_tags (photo_idx, tag_id) VALUES ((SELECT photo_idx FROM photos WHERE photo_id = 1612), (SELECT tag_id FROM tags WHERE name = 'rock'));

INSERT INTO photos (photo_id, photo_title, photo_collection, photo_location, photo_year, camera, film_stock, film_format) VALUES (1613, 'Charoite', 'Rocks', 'Maly Murun Massif, Sakha Republic, Russia', 2000, 'Hasselblad', 'Fujichrome Velvia', '6 x 6 cm');
INSERT INTO photos_fts (photo_idx, photo_id, photo_title, photo_collection, photo_location, photo_year, camera, film_stock, film_format, tag_names) VALUES ((SELECT photo_idx FROM photos WHERE photo_id = 1613), 1613, 'Charoite', 'Rocks', 'Maly Murun Massif, Sakha Republic, Russia', 2000, 'Hasselblad', 'Fujichrome Velvia', '6 x 6 cm', 'vertical,closeup,abstract,color,studio,purple,rock');
INSERT OR IGNORE INTO tags (name) VALUES ('vertical');
INSERT INTO photo_tags (photo_idx, tag_id) VALUES ((SELECT photo_idx FROM photos WHERE photo_id = 1613), (SELECT tag_id FROM tags WHERE name = 'vertical'));
INSERT OR IGNORE INTO tags (name) VALUES ('closeup');
INSERT INTO photo_tags (photo_idx, tag_id) VALUES ((SELECT photo_idx FROM photos WHERE photo_id = 1613), (SELECT tag_id FROM tags WHERE name = 'closeup'));
INSERT OR IGNORE INTO tags (name) VALUES ('abstract');
INSERT INTO photo_tags (photo_idx, tag_id) VALUES ((SELECT photo_idx FROM photos WHERE photo_id = 1613), (SELECT tag_id FROM tags WHERE name = 'abstract'));
INSERT OR IGNORE INTO tags (name) VALUES ('color');
INSERT INTO photo_tags (photo_idx, tag_id) VALUES ((SELECT photo_idx FROM photos WHERE photo_id = 1613), (SELECT tag_id FROM tags WHERE name = 'color'));
INSERT OR IGNORE INTO tags (name) VALUES ('studio');
INSERT INTO photo_tags (photo_idx, tag_id) VALUES ((SELECT photo_idx FROM photos WHERE photo_id = 1613), (SELECT tag_id FROM tags WHERE name = 'studio'));
INSERT OR IGNORE INTO tags (name) VALUES ('purple');
INSERT INTO photo_tags (photo_idx, tag_id) VALUES ((SELECT photo_idx FROM photos WHERE photo_id = 1613), (SELECT tag_id FROM tags WHERE name = 'purple'));
INSERT OR IGNORE INTO tags (name) VALUES ('rock');
INSERT INTO photo_tags (photo_idx, tag_id) VALUES ((SELECT photo_idx FROM photos WHERE photo_id = 1613), (SELECT tag_id FROM tags WHERE name = 'rock'));

INSERT INTO photos (photo_id, photo_title, photo_collection, photo_location, photo_year, camera, film_stock, film_format) VALUES (1615, 'Rhodonite', 'Rocks', 'Northern California', 2000, 'Hasselblad', 'Fujichrome Velvia', '6 x 6 cm');
INSERT INTO photos_fts (photo_idx, photo_id, photo_title, photo_collection, photo_location, photo_year, camera, film_stock, film_format, tag_names) VALUES ((SELECT photo_idx FROM photos WHERE photo_id = 1615), 1615, 'Rhodonite', 'Rocks', 'Northern California', 2000, 'Hasselblad', 'Fujichrome Velvia', '6 x 6 cm', 'vertical,popular,closeup,abstract,color,studio,pink,rock');
INSERT OR IGNORE INTO tags (name) VALUES ('vertical');
INSERT INTO photo_tags (photo_idx, tag_id) VALUES ((SELECT photo_idx FROM photos WHERE photo_id = 1615), (SELECT tag_id FROM tags WHERE name = 'vertical'));
INSERT OR IGNORE INTO tags (name) VALUES ('popular');
INSERT INTO photo_tags (photo_idx, tag_id) VALUES ((SELECT photo_idx FROM photos WHERE photo_id = 1615), (SELECT tag_id FROM tags WHERE name = 'popular'));
INSERT OR IGNORE INTO tags (name) VALUES ('closeup');
INSERT INTO photo_tags (photo_idx, tag_id) VALUES ((SELECT photo_idx FROM photos WHERE photo_id = 1615), (SELECT tag_id FROM tags WHERE name = 'closeup'));
INSERT OR IGNORE INTO tags (name) VALUES ('abstract');
INSERT INTO photo_tags (photo_idx, tag_id) VALUES ((SELECT photo_idx FROM photos WHERE photo_id = 1615), (SELECT tag_id FROM tags WHERE name = 'abstract'));
INSERT OR IGNORE INTO tags (name) VALUES ('color');
INSERT INTO photo_tags (photo_idx, tag_id) VALUES ((SELECT photo_idx FROM photos WHERE photo_id = 1615), (SELECT tag_id FROM tags WHERE name = 'color'));
INSERT OR IGNORE INTO tags (name) VALUES ('studio');
INSERT INTO photo_tags (photo_idx, tag_id) VALUES ((SELECT photo_idx FROM photos WHERE photo_id = 1615), (SELECT tag_id FROM tags WHERE name = 'studio'));
INSERT OR IGNORE INTO tags (name) VALUES ('pink');
INSERT INTO photo_tags (photo_idx, tag_id) VALUES ((SELECT photo_idx FROM photos WHERE photo_id = 1615), (SELECT tag_id FROM tags WHERE name = 'pink'));
INSERT OR IGNORE INTO tags (name) VALUES ('rock');
INSERT INTO photo_tags (photo_idx, tag_id) VALUES ((SELECT photo_idx FROM photos WHERE photo_id = 1615), (SELECT tag_id FROM tags WHERE name = 'rock'));

INSERT INTO photos (photo_id, photo_title, photo_collection, photo_location, photo_year, camera, film_stock, film_format) VALUES (1616, 'Stone Canyon Jasper', 'Rocks', 'Stone Canyon, California', 2000, 'Hasselblad', 'Fujichrome Velvia', '6 x 6 cm');
INSERT INTO photos_fts (photo_idx, photo_id, photo_title, photo_collection, photo_location, photo_year, camera, film_stock, film_format, tag_names) VALUES ((SELECT photo_idx FROM photos WHERE photo_id = 1616), 1616, 'Stone Canyon Jasper', 'Rocks', 'Stone Canyon, California', 2000, 'Hasselblad', 'Fujichrome Velvia', '6 x 6 cm', 'horizontal,closeup,abstract,color,studio,orange,rock');
INSERT OR IGNORE INTO tags (name) VALUES ('horizontal');
INSERT INTO photo_tags (photo_idx, tag_id) VALUES ((SELECT photo_idx FROM photos WHERE photo_id = 1616), (SELECT tag_id FROM tags WHERE name = 'horizontal'));
INSERT OR IGNORE INTO tags (name) VALUES ('closeup');
INSERT INTO photo_tags (photo_idx, tag_id) VALUES ((SELECT photo_idx FROM photos WHERE photo_id = 1616), (SELECT tag_id FROM tags WHERE name = 'closeup'));
INSERT OR IGNORE INTO tags (name) VALUES ('abstract');
INSERT INTO photo_tags (photo_idx, tag_id) VALUES ((SELECT photo_idx FROM photos WHERE photo_id = 1616), (SELECT tag_id FROM tags WHERE name = 'abstract'));
INSERT OR IGNORE INTO tags (name) VALUES ('color');
INSERT INTO photo_tags (photo_idx, tag_id) VALUES ((SELECT photo_idx FROM photos WHERE photo_id = 1616), (SELECT tag_id FROM tags WHERE name = 'color'));
INSERT OR IGNORE INTO tags (name) VALUES ('studio');
INSERT INTO photo_tags (photo_idx, tag_id) VALUES ((SELECT photo_idx FROM photos WHERE photo_id = 1616), (SELECT tag_id FROM tags WHERE name = 'studio'));
INSERT OR IGNORE INTO tags (name) VALUES ('orange');
INSERT INTO photo_tags (photo_idx, tag_id) VALUES ((SELECT photo_idx FROM photos WHERE photo_id = 1616), (SELECT tag_id FROM tags WHERE name = 'orange'));
INSERT OR IGNORE INTO tags (name) VALUES ('rock');
INSERT INTO photo_tags (photo_idx, tag_id) VALUES ((SELECT photo_idx FROM photos WHERE photo_id = 1616), (SELECT tag_id FROM tags WHERE name = 'rock'));

INSERT INTO photos (photo_id, photo_title, photo_collection, photo_location, photo_year, camera, film_stock, film_format) VALUES (1621, 'Plume Agate', 'Rocks', 'Graveyard Point, Malheur County, Oregon', 2000, 'Hasselblad', 'Fujichrome Velvia', '6 x 6 cm');
INSERT INTO photos_fts (photo_idx, photo_id, photo_title, photo_collection, photo_location, photo_year, camera, film_stock, film_format, tag_names) VALUES ((SELECT photo_idx FROM photos WHERE photo_id = 1621), 1621, 'Plume Agate', 'Rocks', 'Graveyard Point, Malheur County, Oregon', 2000, 'Hasselblad', 'Fujichrome Velvia', '6 x 6 cm', 'vertical,closeup,abstract,color,studio,blue,orange,pink,rock');
INSERT OR IGNORE INTO tags (name) VALUES ('vertical');
INSERT INTO photo_tags (photo_idx, tag_id) VALUES ((SELECT photo_idx FROM photos WHERE photo_id = 1621), (SELECT tag_id FROM tags WHERE name = 'vertical'));
INSERT OR IGNORE INTO tags (name) VALUES ('closeup');
INSERT INTO photo_tags (photo_idx, tag_id) VALUES ((SELECT photo_idx FROM photos WHERE photo_id = 1621), (SELECT tag_id FROM tags WHERE name = 'closeup'));
INSERT OR IGNORE INTO tags (name) VALUES ('abstract');
INSERT INTO photo_tags (photo_idx, tag_id) VALUES ((SELECT photo_idx FROM photos WHERE photo_id = 1621), (SELECT tag_id FROM tags WHERE name = 'abstract'));
INSERT OR IGNORE INTO tags (name) VALUES ('color');
INSERT INTO photo_tags (photo_idx, tag_id) VALUES ((SELECT photo_idx FROM photos WHERE photo_id = 1621), (SELECT tag_id FROM tags WHERE name = 'color'));
INSERT OR IGNORE INTO tags (name) VALUES ('studio');
INSERT INTO photo_tags (photo_idx, tag_id) VALUES ((SELECT photo_idx FROM photos WHERE photo_id = 1621), (SELECT tag_id FROM tags WHERE name = 'studio'));
INSERT OR IGNORE INTO tags (name) VALUES ('blue');
INSERT INTO photo_tags (photo_idx, tag_id) VALUES ((SELECT photo_idx FROM photos WHERE photo_id = 1621), (SELECT tag_id FROM tags WHERE name = 'blue'));
INSERT OR IGNORE INTO tags (name) VALUES ('orange');
INSERT INTO photo_tags (photo_idx, tag_id) VALUES ((SELECT photo_idx FROM photos WHERE photo_id = 1621), (SELECT tag_id FROM tags WHERE name = 'orange'));
INSERT OR IGNORE INTO tags (name) VALUES ('pink');
INSERT INTO photo_tags (photo_idx, tag_id) VALUES ((SELECT photo_idx FROM photos WHERE photo_id = 1621), (SELECT tag_id FROM tags WHERE name = 'pink'));
INSERT OR IGNORE INTO tags (name) VALUES ('rock');
INSERT INTO photo_tags (photo_idx, tag_id) VALUES ((SELECT photo_idx FROM photos WHERE photo_id = 1621), (SELECT tag_id FROM tags WHERE name = 'rock'));

INSERT INTO photos (photo_id, photo_title, photo_collection, photo_location, photo_year, camera, film_stock, film_format) VALUES (1623, 'Orange Jasper', 'Rocks', 'Stone Canyon, California', 2000, 'Hasselblad', 'Fujichrome Velvia', '6 x 6 cm');
INSERT INTO photos_fts (photo_idx, photo_id, photo_title, photo_collection, photo_location, photo_year, camera, film_stock, film_format, tag_names) VALUES ((SELECT photo_idx FROM photos WHERE photo_id = 1623), 1623, 'Orange Jasper', 'Rocks', 'Stone Canyon, California', 2000, 'Hasselblad', 'Fujichrome Velvia', '6 x 6 cm', 'horizontal,closeup,abstract,color,studio,black,orange,rock');
INSERT OR IGNORE INTO tags (name) VALUES ('horizontal');
INSERT INTO photo_tags (photo_idx, tag_id) VALUES ((SELECT photo_idx FROM photos WHERE photo_id = 1623), (SELECT tag_id FROM tags WHERE name = 'horizontal'));
INSERT OR IGNORE INTO tags (name) VALUES ('closeup');
INSERT INTO photo_tags (photo_idx, tag_id) VALUES ((SELECT photo_idx FROM photos WHERE photo_id = 1623), (SELECT tag_id FROM tags WHERE name = 'closeup'));
INSERT OR IGNORE INTO tags (name) VALUES ('abstract');
INSERT INTO photo_tags (photo_idx, tag_id) VALUES ((SELECT photo_idx FROM photos WHERE photo_id = 1623), (SELECT tag_id FROM tags WHERE name = 'abstract'));
INSERT OR IGNORE INTO tags (name) VALUES ('color');
INSERT INTO photo_tags (photo_idx, tag_id) VALUES ((SELECT photo_idx FROM photos WHERE photo_id = 1623), (SELECT tag_id FROM tags WHERE name = 'color'));
INSERT OR IGNORE INTO tags (name) VALUES ('studio');
INSERT INTO photo_tags (photo_idx, tag_id) VALUES ((SELECT photo_idx FROM photos WHERE photo_id = 1623), (SELECT tag_id FROM tags WHERE name = 'studio'));
INSERT OR IGNORE INTO tags (name) VALUES ('black');
INSERT INTO photo_tags (photo_idx, tag_id) VALUES ((SELECT photo_idx FROM photos WHERE photo_id = 1623), (SELECT tag_id FROM tags WHERE name = 'black'));
INSERT OR IGNORE INTO tags (name) VALUES ('orange');
INSERT INTO photo_tags (photo_idx, tag_id) VALUES ((SELECT photo_idx FROM photos WHERE photo_id = 1623), (SELECT tag_id FROM tags WHERE name = 'orange'));
INSERT OR IGNORE INTO tags (name) VALUES ('rock');
INSERT INTO photo_tags (photo_idx, tag_id) VALUES ((SELECT photo_idx FROM photos WHERE photo_id = 1623), (SELECT tag_id FROM tags WHERE name = 'rock'));

INSERT INTO photos (photo_id, photo_title, photo_collection, photo_location, photo_year, camera, film_stock, film_format) VALUES (1628, 'Indian Paint Rock', 'Rocks', 'Death Valley National Park, San Bernadino County, California', 2000, 'Hasselblad', 'Fujichrome Velvia', '6 x 6 cm');
INSERT INTO photos_fts (photo_idx, photo_id, photo_title, photo_collection, photo_location, photo_year, camera, film_stock, film_format, tag_names) VALUES ((SELECT photo_idx FROM photos WHERE photo_id = 1628), 1628, 'Indian Paint Rock', 'Rocks', 'Death Valley National Park, San Bernadino County, California', 2000, 'Hasselblad', 'Fujichrome Velvia', '6 x 6 cm', 'vertical,closeup,abstract,color,studio,red,rock');
INSERT OR IGNORE INTO tags (name) VALUES ('vertical');
INSERT INTO photo_tags (photo_idx, tag_id) VALUES ((SELECT photo_idx FROM photos WHERE photo_id = 1628), (SELECT tag_id FROM tags WHERE name = 'vertical'));
INSERT OR IGNORE INTO tags (name) VALUES ('closeup');
INSERT INTO photo_tags (photo_idx, tag_id) VALUES ((SELECT photo_idx FROM photos WHERE photo_id = 1628), (SELECT tag_id FROM tags WHERE name = 'closeup'));
INSERT OR IGNORE INTO tags (name) VALUES ('abstract');
INSERT INTO photo_tags (photo_idx, tag_id) VALUES ((SELECT photo_idx FROM photos WHERE photo_id = 1628), (SELECT tag_id FROM tags WHERE name = 'abstract'));
INSERT OR IGNORE INTO tags (name) VALUES ('color');
INSERT INTO photo_tags (photo_idx, tag_id) VALUES ((SELECT photo_idx FROM photos WHERE photo_id = 1628), (SELECT tag_id FROM tags WHERE name = 'color'));
INSERT OR IGNORE INTO tags (name) VALUES ('studio');
INSERT INTO photo_tags (photo_idx, tag_id) VALUES ((SELECT photo_idx FROM photos WHERE photo_id = 1628), (SELECT tag_id FROM tags WHERE name = 'studio'));
INSERT OR IGNORE INTO tags (name) VALUES ('red');
INSERT INTO photo_tags (photo_idx, tag_id) VALUES ((SELECT photo_idx FROM photos WHERE photo_id = 1628), (SELECT tag_id FROM tags WHERE name = 'red'));
INSERT OR IGNORE INTO tags (name) VALUES ('rock');
INSERT INTO photo_tags (photo_idx, tag_id) VALUES ((SELECT photo_idx FROM photos WHERE photo_id = 1628), (SELECT tag_id FROM tags WHERE name = 'rock'));

INSERT INTO photos (photo_id, photo_title, photo_collection, photo_location, photo_year, camera, film_stock, film_format) VALUES (1630, 'Fluorite-Opal Nodule', 'Rocks', 'Brush Wellman Beryllium Mine, Juab County, Utah', 2000, 'Hasselblad', 'Fujichrome Velvia', '6 x 6 cm');
INSERT INTO photos_fts (photo_idx, photo_id, photo_title, photo_collection, photo_location, photo_year, camera, film_stock, film_format, tag_names) VALUES ((SELECT photo_idx FROM photos WHERE photo_id = 1630), 1630, 'Fluorite-Opal Nodule', 'Rocks', 'Brush Wellman Beryllium Mine, Juab County, Utah', 2000, 'Hasselblad', 'Fujichrome Velvia', '6 x 6 cm', 'horizontal,popular,closeup,abstract,color,studio,pink,purple,rock');
INSERT OR IGNORE INTO tags (name) VALUES ('horizontal');
INSERT INTO photo_tags (photo_idx, tag_id) VALUES ((SELECT photo_idx FROM photos WHERE photo_id = 1630), (SELECT tag_id FROM tags WHERE name = 'horizontal'));
INSERT OR IGNORE INTO tags (name) VALUES ('popular');
INSERT INTO photo_tags (photo_idx, tag_id) VALUES ((SELECT photo_idx FROM photos WHERE photo_id = 1630), (SELECT tag_id FROM tags WHERE name = 'popular'));
INSERT OR IGNORE INTO tags (name) VALUES ('closeup');
INSERT INTO photo_tags (photo_idx, tag_id) VALUES ((SELECT photo_idx FROM photos WHERE photo_id = 1630), (SELECT tag_id FROM tags WHERE name = 'closeup'));
INSERT OR IGNORE INTO tags (name) VALUES ('abstract');
INSERT INTO photo_tags (photo_idx, tag_id) VALUES ((SELECT photo_idx FROM photos WHERE photo_id = 1630), (SELECT tag_id FROM tags WHERE name = 'abstract'));
INSERT OR IGNORE INTO tags (name) VALUES ('color');
INSERT INTO photo_tags (photo_idx, tag_id) VALUES ((SELECT photo_idx FROM photos WHERE photo_id = 1630), (SELECT tag_id FROM tags WHERE name = 'color'));
INSERT OR IGNORE INTO tags (name) VALUES ('studio');
INSERT INTO photo_tags (photo_idx, tag_id) VALUES ((SELECT photo_idx FROM photos WHERE photo_id = 1630), (SELECT tag_id FROM tags WHERE name = 'studio'));
INSERT OR IGNORE INTO tags (name) VALUES ('pink');
INSERT INTO photo_tags (photo_idx, tag_id) VALUES ((SELECT photo_idx FROM photos WHERE photo_id = 1630), (SELECT tag_id FROM tags WHERE name = 'pink'));
INSERT OR IGNORE INTO tags (name) VALUES ('purple');
INSERT INTO photo_tags (photo_idx, tag_id) VALUES ((SELECT photo_idx FROM photos WHERE photo_id = 1630), (SELECT tag_id FROM tags WHERE name = 'purple'));
INSERT OR IGNORE INTO tags (name) VALUES ('rock');
INSERT INTO photo_tags (photo_idx, tag_id) VALUES ((SELECT photo_idx FROM photos WHERE photo_id = 1630), (SELECT tag_id FROM tags WHERE name = 'rock'));

INSERT INTO photos (photo_id, photo_title, photo_collection, photo_location, photo_year, camera, film_stock, film_format) VALUES (1632, 'Peruvian Chrysocolla', 'Rocks', 'Peru', 2000, 'Hasselblad', 'Fujichrome Velvia', '6 x 6 cm');
INSERT INTO photos_fts (photo_idx, photo_id, photo_title, photo_collection, photo_location, photo_year, camera, film_stock, film_format, tag_names) VALUES ((SELECT photo_idx FROM photos WHERE photo_id = 1632), 1632, 'Peruvian Chrysocolla', 'Rocks', 'Peru', 2000, 'Hasselblad', 'Fujichrome Velvia', '6 x 6 cm', 'vertical,closeup,abstract,color,studio,black,blue,rock');
INSERT OR IGNORE INTO tags (name) VALUES ('vertical');
INSERT INTO photo_tags (photo_idx, tag_id) VALUES ((SELECT photo_idx FROM photos WHERE photo_id = 1632), (SELECT tag_id FROM tags WHERE name = 'vertical'));
INSERT OR IGNORE INTO tags (name) VALUES ('closeup');
INSERT INTO photo_tags (photo_idx, tag_id) VALUES ((SELECT photo_idx FROM photos WHERE photo_id = 1632), (SELECT tag_id FROM tags WHERE name = 'closeup'));
INSERT OR IGNORE INTO tags (name) VALUES ('abstract');
INSERT INTO photo_tags (photo_idx, tag_id) VALUES ((SELECT photo_idx FROM photos WHERE photo_id = 1632), (SELECT tag_id FROM tags WHERE name = 'abstract'));
INSERT OR IGNORE INTO tags (name) VALUES ('color');
INSERT INTO photo_tags (photo_idx, tag_id) VALUES ((SELECT photo_idx FROM photos WHERE photo_id = 1632), (SELECT tag_id FROM tags WHERE name = 'color'));
INSERT OR IGNORE INTO tags (name) VALUES ('studio');
INSERT INTO photo_tags (photo_idx, tag_id) VALUES ((SELECT photo_idx FROM photos WHERE photo_id = 1632), (SELECT tag_id FROM tags WHERE name = 'studio'));
INSERT OR IGNORE INTO tags (name) VALUES ('black');
INSERT INTO photo_tags (photo_idx, tag_id) VALUES ((SELECT photo_idx FROM photos WHERE photo_id = 1632), (SELECT tag_id FROM tags WHERE name = 'black'));
INSERT OR IGNORE INTO tags (name) VALUES ('blue');
INSERT INTO photo_tags (photo_idx, tag_id) VALUES ((SELECT photo_idx FROM photos WHERE photo_id = 1632), (SELECT tag_id FROM tags WHERE name = 'blue'));
INSERT OR IGNORE INTO tags (name) VALUES ('rock');
INSERT INTO photo_tags (photo_idx, tag_id) VALUES ((SELECT photo_idx FROM photos WHERE photo_id = 1632), (SELECT tag_id FROM tags WHERE name = 'rock'));

INSERT INTO photos (photo_id, photo_title, photo_collection, photo_location, photo_year, camera, film_stock, film_format) VALUES (1633, 'Sodalite', 'Rocks', 'Swartbooisdrift area, Kunene Region, Namibia', 2000, 'Hasselblad', 'Fujichrome Velvia', '6 x 6 cm');
INSERT INTO photos_fts (photo_idx, photo_id, photo_title, photo_collection, photo_location, photo_year, camera, film_stock, film_format, tag_names) VALUES ((SELECT photo_idx FROM photos WHERE photo_id = 1633), 1633, 'Sodalite', 'Rocks', 'Swartbooisdrift area, Kunene Region, Namibia', 2000, 'Hasselblad', 'Fujichrome Velvia', '6 x 6 cm', 'horizontal,closeup,abstract,color,studio,black,blue,rock');
INSERT OR IGNORE INTO tags (name) VALUES ('horizontal');
INSERT INTO photo_tags (photo_idx, tag_id) VALUES ((SELECT photo_idx FROM photos WHERE photo_id = 1633), (SELECT tag_id FROM tags WHERE name = 'horizontal'));
INSERT OR IGNORE INTO tags (name) VALUES ('closeup');
INSERT INTO photo_tags (photo_idx, tag_id) VALUES ((SELECT photo_idx FROM photos WHERE photo_id = 1633), (SELECT tag_id FROM tags WHERE name = 'closeup'));
INSERT OR IGNORE INTO tags (name) VALUES ('abstract');
INSERT INTO photo_tags (photo_idx, tag_id) VALUES ((SELECT photo_idx FROM photos WHERE photo_id = 1633), (SELECT tag_id FROM tags WHERE name = 'abstract'));
INSERT OR IGNORE INTO tags (name) VALUES ('color');
INSERT INTO photo_tags (photo_idx, tag_id) VALUES ((SELECT photo_idx FROM photos WHERE photo_id = 1633), (SELECT tag_id FROM tags WHERE name = 'color'));
INSERT OR IGNORE INTO tags (name) VALUES ('studio');
INSERT INTO photo_tags (photo_idx, tag_id) VALUES ((SELECT photo_idx FROM photos WHERE photo_id = 1633), (SELECT tag_id FROM tags WHERE name = 'studio'));
INSERT OR IGNORE INTO tags (name) VALUES ('black');
INSERT INTO photo_tags (photo_idx, tag_id) VALUES ((SELECT photo_idx FROM photos WHERE photo_id = 1633), (SELECT tag_id FROM tags WHERE name = 'black'));
INSERT OR IGNORE INTO tags (name) VALUES ('blue');
INSERT INTO photo_tags (photo_idx, tag_id) VALUES ((SELECT photo_idx FROM photos WHERE photo_id = 1633), (SELECT tag_id FROM tags WHERE name = 'blue'));
INSERT OR IGNORE INTO tags (name) VALUES ('rock');
INSERT INTO photo_tags (photo_idx, tag_id) VALUES ((SELECT photo_idx FROM photos WHERE photo_id = 1633), (SELECT tag_id FROM tags WHERE name = 'rock'));

INSERT INTO photos (photo_id, photo_title, photo_collection, photo_location, photo_year, camera, film_stock, film_format) VALUES (1634, 'Malachite', 'Rocks', 'Katanga Copper Belt, Democratic Republic of the Congo', 2000, 'Hasselblad', 'Fujichrome Velvia', '6 x 6 cm');
INSERT INTO photos_fts (photo_idx, photo_id, photo_title, photo_collection, photo_location, photo_year, camera, film_stock, film_format, tag_names) VALUES ((SELECT photo_idx FROM photos WHERE photo_id = 1634), 1634, 'Malachite', 'Rocks', 'Katanga Copper Belt, Democratic Republic of the Congo', 2000, 'Hasselblad', 'Fujichrome Velvia', '6 x 6 cm', 'vertical,closeup,abstract,color,studio,black,green,rock');
INSERT OR IGNORE INTO tags (name) VALUES ('vertical');
INSERT INTO photo_tags (photo_idx, tag_id) VALUES ((SELECT photo_idx FROM photos WHERE photo_id = 1634), (SELECT tag_id FROM tags WHERE name = 'vertical'));
INSERT OR IGNORE INTO tags (name) VALUES ('closeup');
INSERT INTO photo_tags (photo_idx, tag_id) VALUES ((SELECT photo_idx FROM photos WHERE photo_id = 1634), (SELECT tag_id FROM tags WHERE name = 'closeup'));
INSERT OR IGNORE INTO tags (name) VALUES ('abstract');
INSERT INTO photo_tags (photo_idx, tag_id) VALUES ((SELECT photo_idx FROM photos WHERE photo_id = 1634), (SELECT tag_id FROM tags WHERE name = 'abstract'));
INSERT OR IGNORE INTO tags (name) VALUES ('color');
INSERT INTO photo_tags (photo_idx, tag_id) VALUES ((SELECT photo_idx FROM photos WHERE photo_id = 1634), (SELECT tag_id FROM tags WHERE name = 'color'));
INSERT OR IGNORE INTO tags (name) VALUES ('studio');
INSERT INTO photo_tags (photo_idx, tag_id) VALUES ((SELECT photo_idx FROM photos WHERE photo_id = 1634), (SELECT tag_id FROM tags WHERE name = 'studio'));
INSERT OR IGNORE INTO tags (name) VALUES ('black');
INSERT INTO photo_tags (photo_idx, tag_id) VALUES ((SELECT photo_idx FROM photos WHERE photo_id = 1634), (SELECT tag_id FROM tags WHERE name = 'black'));
INSERT OR IGNORE INTO tags (name) VALUES ('green');
INSERT INTO photo_tags (photo_idx, tag_id) VALUES ((SELECT photo_idx FROM photos WHERE photo_id = 1634), (SELECT tag_id FROM tags WHERE name = 'green'));
INSERT OR IGNORE INTO tags (name) VALUES ('rock');
INSERT INTO photo_tags (photo_idx, tag_id) VALUES ((SELECT photo_idx FROM photos WHERE photo_id = 1634), (SELECT tag_id FROM tags WHERE name = 'rock'));

INSERT INTO photos (photo_id, photo_title, photo_collection, photo_location, photo_year, camera, film_stock, film_format) VALUES (1635, 'Plume Agate', 'Rocks', 'Graveyard Point, Malheur County, Oregon', 2000, 'Hasselblad', 'Fujichrome Velvia', '6 x 6 cm');
INSERT INTO photos_fts (photo_idx, photo_id, photo_title, photo_collection, photo_location, photo_year, camera, film_stock, film_format, tag_names) VALUES ((SELECT photo_idx FROM photos WHERE photo_id = 1635), 1635, 'Plume Agate', 'Rocks', 'Graveyard Point, Malheur County, Oregon', 2000, 'Hasselblad', 'Fujichrome Velvia', '6 x 6 cm', 'horizontal,closeup,abstract,color,studio,blue,orange,pink,rock');
INSERT OR IGNORE INTO tags (name) VALUES ('horizontal');
INSERT INTO photo_tags (photo_idx, tag_id) VALUES ((SELECT photo_idx FROM photos WHERE photo_id = 1635), (SELECT tag_id FROM tags WHERE name = 'horizontal'));
INSERT OR IGNORE INTO tags (name) VALUES ('closeup');
INSERT INTO photo_tags (photo_idx, tag_id) VALUES ((SELECT photo_idx FROM photos WHERE photo_id = 1635), (SELECT tag_id FROM tags WHERE name = 'closeup'));
INSERT OR IGNORE INTO tags (name) VALUES ('abstract');
INSERT INTO photo_tags (photo_idx, tag_id) VALUES ((SELECT photo_idx FROM photos WHERE photo_id = 1635), (SELECT tag_id FROM tags WHERE name = 'abstract'));
INSERT OR IGNORE INTO tags (name) VALUES ('color');
INSERT INTO photo_tags (photo_idx, tag_id) VALUES ((SELECT photo_idx FROM photos WHERE photo_id = 1635), (SELECT tag_id FROM tags WHERE name = 'color'));
INSERT OR IGNORE INTO tags (name) VALUES ('studio');
INSERT INTO photo_tags (photo_idx, tag_id) VALUES ((SELECT photo_idx FROM photos WHERE photo_id = 1635), (SELECT tag_id FROM tags WHERE name = 'studio'));
INSERT OR IGNORE INTO tags (name) VALUES ('blue');
INSERT INTO photo_tags (photo_idx, tag_id) VALUES ((SELECT photo_idx FROM photos WHERE photo_id = 1635), (SELECT tag_id FROM tags WHERE name = 'blue'));
INSERT OR IGNORE INTO tags (name) VALUES ('orange');
INSERT INTO photo_tags (photo_idx, tag_id) VALUES ((SELECT photo_idx FROM photos WHERE photo_id = 1635), (SELECT tag_id FROM tags WHERE name = 'orange'));
INSERT OR IGNORE INTO tags (name) VALUES ('pink');
INSERT INTO photo_tags (photo_idx, tag_id) VALUES ((SELECT photo_idx FROM photos WHERE photo_id = 1635), (SELECT tag_id FROM tags WHERE name = 'pink'));
INSERT OR IGNORE INTO tags (name) VALUES ('rock');
INSERT INTO photo_tags (photo_idx, tag_id) VALUES ((SELECT photo_idx FROM photos WHERE photo_id = 1635), (SELECT tag_id FROM tags WHERE name = 'rock'));

INSERT INTO photos (photo_id, photo_title, photo_collection, photo_location, photo_year, camera, film_stock, film_format) VALUES (1636, 'Abalone Interior', 'California', 'Portola Valley, California', 2000, 'Hasselblad', 'Fujichrome Velvia', '6 x 6 cm');
INSERT INTO photos_fts (photo_idx, photo_id, photo_title, photo_collection, photo_location, photo_year, camera, film_stock, film_format, tag_names) VALUES ((SELECT photo_idx FROM photos WHERE photo_id = 1636), 1636, 'Abalone Interior', 'California', 'Portola Valley, California', 2000, 'Hasselblad', 'Fujichrome Velvia', '6 x 6 cm', 'horizontal,closeup,abstract,color,studio,silver,shell,abalone');
INSERT OR IGNORE INTO tags (name) VALUES ('horizontal');
INSERT INTO photo_tags (photo_idx, tag_id) VALUES ((SELECT photo_idx FROM photos WHERE photo_id = 1636), (SELECT tag_id FROM tags WHERE name = 'horizontal'));
INSERT OR IGNORE INTO tags (name) VALUES ('closeup');
INSERT INTO photo_tags (photo_idx, tag_id) VALUES ((SELECT photo_idx FROM photos WHERE photo_id = 1636), (SELECT tag_id FROM tags WHERE name = 'closeup'));
INSERT OR IGNORE INTO tags (name) VALUES ('abstract');
INSERT INTO photo_tags (photo_idx, tag_id) VALUES ((SELECT photo_idx FROM photos WHERE photo_id = 1636), (SELECT tag_id FROM tags WHERE name = 'abstract'));
INSERT OR IGNORE INTO tags (name) VALUES ('color');
INSERT INTO photo_tags (photo_idx, tag_id) VALUES ((SELECT photo_idx FROM photos WHERE photo_id = 1636), (SELECT tag_id FROM tags WHERE name = 'color'));
INSERT OR IGNORE INTO tags (name) VALUES ('studio');
INSERT INTO photo_tags (photo_idx, tag_id) VALUES ((SELECT photo_idx FROM photos WHERE photo_id = 1636), (SELECT tag_id FROM tags WHERE name = 'studio'));
INSERT OR IGNORE INTO tags (name) VALUES ('silver');
INSERT INTO photo_tags (photo_idx, tag_id) VALUES ((SELECT photo_idx FROM photos WHERE photo_id = 1636), (SELECT tag_id FROM tags WHERE name = 'silver'));
INSERT OR IGNORE INTO tags (name) VALUES ('shell');
INSERT INTO photo_tags (photo_idx, tag_id) VALUES ((SELECT photo_idx FROM photos WHERE photo_id = 1636), (SELECT tag_id FROM tags WHERE name = 'shell'));
INSERT OR IGNORE INTO tags (name) VALUES ('abalone');
INSERT INTO photo_tags (photo_idx, tag_id) VALUES ((SELECT photo_idx FROM photos WHERE photo_id = 1636), (SELECT tag_id FROM tags WHERE name = 'abalone'));

INSERT INTO photos (photo_id, photo_title, photo_collection, photo_location, photo_year, camera, film_stock, film_format) VALUES (1637, 'Pearly Paua Shell', 'California', 'Portola Valley, California', 2000, 'Hasselblad', 'Fujichrome Velvia', '6 x 6 cm');
INSERT INTO photos_fts (photo_idx, photo_id, photo_title, photo_collection, photo_location, photo_year, camera, film_stock, film_format, tag_names) VALUES ((SELECT photo_idx FROM photos WHERE photo_id = 1637), 1637, 'Pearly Paua Shell', 'California', 'Portola Valley, California', 2000, 'Hasselblad', 'Fujichrome Velvia', '6 x 6 cm', 'vertical,popular,closeup,abstract,color,studio,blue,silver,shell,abalone');
INSERT OR IGNORE INTO tags (name) VALUES ('vertical');
INSERT INTO photo_tags (photo_idx, tag_id) VALUES ((SELECT photo_idx FROM photos WHERE photo_id = 1637), (SELECT tag_id FROM tags WHERE name = 'vertical'));
INSERT OR IGNORE INTO tags (name) VALUES ('popular');
INSERT INTO photo_tags (photo_idx, tag_id) VALUES ((SELECT photo_idx FROM photos WHERE photo_id = 1637), (SELECT tag_id FROM tags WHERE name = 'popular'));
INSERT OR IGNORE INTO tags (name) VALUES ('closeup');
INSERT INTO photo_tags (photo_idx, tag_id) VALUES ((SELECT photo_idx FROM photos WHERE photo_id = 1637), (SELECT tag_id FROM tags WHERE name = 'closeup'));
INSERT OR IGNORE INTO tags (name) VALUES ('abstract');
INSERT INTO photo_tags (photo_idx, tag_id) VALUES ((SELECT photo_idx FROM photos WHERE photo_id = 1637), (SELECT tag_id FROM tags WHERE name = 'abstract'));
INSERT OR IGNORE INTO tags (name) VALUES ('color');
INSERT INTO photo_tags (photo_idx, tag_id) VALUES ((SELECT photo_idx FROM photos WHERE photo_id = 1637), (SELECT tag_id FROM tags WHERE name = 'color'));
INSERT OR IGNORE INTO tags (name) VALUES ('studio');
INSERT INTO photo_tags (photo_idx, tag_id) VALUES ((SELECT photo_idx FROM photos WHERE photo_id = 1637), (SELECT tag_id FROM tags WHERE name = 'studio'));
INSERT OR IGNORE INTO tags (name) VALUES ('blue');
INSERT INTO photo_tags (photo_idx, tag_id) VALUES ((SELECT photo_idx FROM photos WHERE photo_id = 1637), (SELECT tag_id FROM tags WHERE name = 'blue'));
INSERT OR IGNORE INTO tags (name) VALUES ('silver');
INSERT INTO photo_tags (photo_idx, tag_id) VALUES ((SELECT photo_idx FROM photos WHERE photo_id = 1637), (SELECT tag_id FROM tags WHERE name = 'silver'));
INSERT OR IGNORE INTO tags (name) VALUES ('shell');
INSERT INTO photo_tags (photo_idx, tag_id) VALUES ((SELECT photo_idx FROM photos WHERE photo_id = 1637), (SELECT tag_id FROM tags WHERE name = 'shell'));
INSERT OR IGNORE INTO tags (name) VALUES ('abalone');
INSERT INTO photo_tags (photo_idx, tag_id) VALUES ((SELECT photo_idx FROM photos WHERE photo_id = 1637), (SELECT tag_id FROM tags WHERE name = 'abalone'));